building_id,building_name,building_type,floor_area_sqft,floor_count,timestamp,hour,day_of_week,month,is_weekend,temperature_c,humidity_pct,occupancy_pct,occupancy_level,hvac_usage_pct,lighting_usage_pct,temperature_level,energy_consumption_kwh,energy_category,estimated_cost_inr,co2_kg,anomaly_flag
B03,Library,Library,22000,3,2025-01-01 00:00:00,0,2,1,0,24.4,66.3,9.1,Low,35.6,45.6,Moderate,19.41,Low,164.98,13.78,0
B03,Library,Library,22000,3,2025-01-01 01:00:00,1,2,1,0,21.3,69.3,14.6,Low,22.3,55.3,Cool,19.16,Low,162.86,13.6,0
B05,Administration,Office,18000,3,2025-01-01 04:00:00,4,2,1,0,19.6,58.0,25.2,Low,29.5,54.3,Cool,17.05,Low,144.93,12.11,0
B05,Administration,Office,18000,3,2025-01-01 05:00:00,5,2,1,0,19.0,72.2,11.4,Low,17.3,38.6,Cool,16.22,Low,137.87,11.52,0
B02,Computer Lab,Laboratory,28000,3,2025-01-01 05:00:00,5,2,1,0,22.3,65.4,16.6,Low,24.2,54.9,Cool,27.05,Medium,229.92,19.21,0
B04,Hostel,Dormitory,60000,6,2025-01-01 08:00:00,8,2,1,0,18.9,79.7,58.9,Medium,46.7,57.9,Cool,33.05,High,280.92,23.47,0
B01,Academic Block,Classroom,45000,4,2025-01-01 11:00:00,11,2,1,0,22.2,75.4,77.0,High,49.6,54.8,Cool,34.26,High,291.21,24.32,0
B01,Academic Block,Classroom,45000,4,2025-01-01 11:00:00,11,2,1,0,20.9,62.3,74.5,High,41.6,73.4,Cool,27.13,Medium,230.6,19.26,0
B05,Administration,Office,18000,3,2025-01-01 11:00:00,11,2,1,0,22.3,76.3,57.5,Medium,29.4,62.8,Cool,16.39,Low,139.32,11.64,0
B02,Computer Lab,Laboratory,28000,3,2025-01-01 12:00:00,12,2,1,0,19.5,73.2,48.6,Medium,41.1,57.5,Cool,28.83,Medium,245.05,20.47,0
B04,Hostel,Dormitory,60000,6,2025-01-01 14:00:00,14,2,1,0,21.2,66.5,46.6,Medium,33.8,45.4,Cool,32.84,High,279.14,23.32,0
B05,Administration,Office,18000,3,2025-01-01 15:00:00,15,2,1,0,23.3,62.8,63.9,Medium,45.8,65.5,Cool,25.04,Medium,212.84,17.78,0
B02,Computer Lab,Laboratory,28000,3,2025-01-01 15:00:00,15,2,1,0,22.0,59.4,53.6,Medium,37.9,58.1,Cool,28.28,Medium,240.38,20.08,0
B01,Academic Block,Classroom,45000,4,2025-01-01 16:00:00,16,2,1,0,19.4,61.0,55.2,Medium,36.8,59.5,Cool,32.27,High,274.3,22.91,0
B02,Computer Lab,Laboratory,28000,3,2025-01-01 18:00:00,18,2,1,0,21.8,54.8,50.3,Medium,41.3,49.7,Cool,29.37,Medium,249.64,20.85,0
B02,Computer Lab,Laboratory,28000,3,2025-01-01 18:00:00,18,2,1,0,22.2,67.4,79.8,High,43.1,76.6,Cool,33.46,High,284.41,23.76,0
B04,Hostel,Dormitory,60000,6,2025-01-01 19:00:00,19,2,1,0,22.5,52.6,30.5,Low,32.5,63.5,Cool,37.33,High,317.3,26.5,0
B03,Library,Library,22000,3,2025-01-01 20:00:00,20,2,1,0,25.1,58.9,24.6,Low,36.7,44.1,Moderate,23.31,Low,198.14,16.55,0
B06,Research Lab,Laboratory,35000,4,2025-01-01 20:00:00,20,2,1,0,24.6,69.9,10.4,Low,36.4,42.7,Moderate,47.98,High,407.83,34.07,1
B02,Computer Lab,Laboratory,28000,3,2025-01-01 22:00:00,22,2,1,0,24.1,76.2,17.5,Low,30.2,53.1,Moderate,27.33,Medium,232.3,19.4,0
B02,Computer Lab,Laboratory,28000,3,2025-01-01 23:00:00,23,2,1,0,26.5,55.8,11.0,Low,24.8,51.3,Moderate,21.95,Low,186.58,15.58,0
B04,Hostel,Dormitory,60000,6,2025-01-02 00:00:00,0,3,1,0,24.9,69.3,12.1,Low,33.5,51.8,Moderate,29.48,Medium,250.58,20.93,0
B02,Computer Lab,Laboratory,28000,3,2025-01-02 01:00:00,1,3,1,0,23.8,63.8,17.4,Low,24.0,52.8,Cool,27.59,Medium,234.52,19.59,0
B03,Library,Library,22000,3,2025-01-02 01:00:00,1,3,1,0,20.4,65.1,9.2,Low,19.2,51.2,Cool,16.51,Low,140.34,11.72,0
B06,Research Lab,Laboratory,35000,4,2025-01-02 02:00:00,2,3,1,0,22.2,68.3,3.6,Low,18.6,42.6,Cool,24.09,Low,204.76,17.1,0
B03,Library,Library,22000,3,2025-01-02 03:00:00,3,3,1,0,22.1,62.7,6.4,Low,21.3,28.2,Cool,17.23,Low,146.46,12.23,0
B01,Academic Block,Classroom,45000,4,2025-01-02 03:00:00,3,3,1,0,21.0,67.6,6.3,Low,30.0,37.5,Cool,23.17,Low,196.95,16.45,0
B04,Hostel,Dormitory,60000,6,2025-01-02 03:00:00,3,3,1,0,24.2,66.1,12.6,Low,32.3,51.6,Moderate,36.51,High,310.33,25.92,0
B01,Academic Block,Classroom,45000,4,2025-01-02 03:00:00,3,3,1,0,21.7,75.8,0.0,Low,13.4,32.5,Cool,19.7,Low,167.45,13.99,0
B01,Academic Block,Classroom,45000,4,2025-01-02 07:00:00,7,3,1,0,18.4,79.9,14.1,Low,34.0,32.1,Cool,29.64,Medium,251.94,21.04,0
B01,Academic Block,Classroom,45000,4,2025-01-02 07:00:00,7,3,1,0,18.7,65.9,20.9,Low,33.7,34.5,Cool,20.38,Low,173.23,14.47,0
B03,Library,Library,22000,3,2025-01-02 08:00:00,8,3,1,0,23.6,64.2,51.3,Medium,43.3,62.9,Cool,36.91,High,313.73,26.21,1
B01,Academic Block,Classroom,45000,4,2025-01-02 09:00:00,9,3,1,0,19.6,74.9,62.0,Medium,27.8,59.3,Cool,27.78,Medium,236.13,19.72,0
B02,Computer Lab,Laboratory,28000,3,2025-01-02 12:00:00,12,3,1,0,18.0,69.3,72.6,High,40.3,60.3,Cool,32.71,High,278.04,23.22,0
B01,Academic Block,Classroom,45000,4,2025-01-02 13:00:00,13,3,1,0,20.7,73.4,76.9,High,47.0,71.6,Cool,27.81,Medium,236.38,19.75,0
B03,Library,Library,22000,3,2025-01-02 14:00:00,14,3,1,0,19.4,75.8,57.9,Medium,50.2,51.3,Cool,26.13,Medium,222.1,18.55,0
B02,Computer Lab,Laboratory,28000,3,2025-01-02 14:00:00,14,3,1,0,23.5,73.3,53.6,Medium,49.4,52.9,Cool,32.03,High,272.26,22.74,0
B01,Academic Block,Classroom,45000,4,2025-01-02 15:00:00,15,3,1,0,19.7,69.9,70.7,High,39.0,54.1,Cool,29.09,Medium,247.26,20.65,0
B01,Academic Block,Classroom,45000,4,2025-01-02 16:00:00,16,3,1,0,21.0,60.1,59.5,Medium,30.7,59.7,Cool,26.53,Medium,225.5,18.84,0
B02,Computer Lab,Laboratory,28000,3,2025-01-02 17:00:00,17,3,1,0,23.5,65.0,49.5,Medium,38.9,54.3,Cool,41.35,High,351.48,29.36,1
B01,Academic Block,Classroom,45000,4,2025-01-02 18:00:00,18,3,1,0,25.5,61.0,69.8,Medium,51.6,69.8,Moderate,34.19,High,290.62,24.27,0
B03,Library,Library,22000,3,2025-01-02 19:00:00,19,3,1,0,24.0,71.2,8.7,Low,19.2,46.5,Cool,11.45,Low,97.32,8.13,0
B04,Hostel,Dormitory,60000,6,2025-01-02 21:00:00,21,3,1,0,22.2,77.9,17.8,Low,21.4,50.0,Cool,24.91,Medium,211.74,17.69,0
B01,Academic Block,Classroom,45000,4,2025-01-02 21:00:00,21,3,1,0,24.3,76.4,16.1,Low,42.5,43.8,Moderate,25.41,Medium,215.98,18.04,0
B02,Computer Lab,Laboratory,28000,3,2025-01-02 23:00:00,23,3,1,0,22.8,73.0,22.2,Low,27.0,57.9,Cool,26.05,Medium,221.42,18.5,0
B06,Research Lab,Laboratory,35000,4,2025-01-03 00:00:00,0,4,1,0,24.8,58.6,16.6,Low,29.0,51.0,Moderate,26.36,Medium,224.06,18.72,0
B05,Administration,Office,18000,3,2025-01-03 01:00:00,1,4,1,0,23.9,75.7,8.5,Low,43.4,41.0,Cool,20.16,Low,171.36,14.31,0
B01,Academic Block,Classroom,45000,4,2025-01-03 02:00:00,2,4,1,0,21.3,70.9,0.0,Low,18.0,34.5,Cool,17.03,Low,144.76,12.09,0
B02,Computer Lab,Laboratory,28000,3,2025-01-03 02:00:00,2,4,1,0,23.3,60.6,13.0,Low,20.8,41.6,Cool,15.54,Low,132.09,11.03,0
B04,Hostel,Dormitory,60000,6,2025-01-03 02:00:00,2,4,1,0,22.6,73.0,7.4,Low,19.4,47.0,Cool,31.28,High,265.88,22.21,0
B01,Academic Block,Classroom,45000,4,2025-01-03 03:00:00,3,4,1,0,23.7,64.5,5.7,Low,26.8,39.5,Cool,17.93,Low,152.4,12.73,0
B02,Computer Lab,Laboratory,28000,3,2025-01-03 03:00:00,3,4,1,0,22.7,53.2,0.0,Low,18.4,39.4,Cool,21.93,Low,186.4,15.57,0
B03,Library,Library,22000,3,2025-01-03 07:00:00,7,4,1,0,21.0,61.3,25.1,Low,28.0,23.8,Cool,11.71,Low,99.54,8.31,0
B01,Academic Block,Classroom,45000,4,2025-01-03 08:00:00,8,4,1,0,22.1,66.9,58.9,Medium,40.5,59.9,Cool,32.01,High,272.08,22.73,0
B02,Computer Lab,Laboratory,28000,3,2025-01-03 08:00:00,8,4,1,0,20.2,68.1,46.0,Medium,55.0,50.9,Cool,28.55,Medium,242.68,20.27,0
B02,Computer Lab,Laboratory,28000,3,2025-01-03 10:00:00,10,4,1,0,19.3,62.1,70.7,High,49.0,62.2,Cool,34.45,High,292.83,24.46,0
B04,Hostel,Dormitory,60000,6,2025-01-03 10:00:00,10,4,1,0,20.7,73.7,51.2,Medium,32.2,49.7,Cool,36.33,High,308.8,25.79,0
B02,Computer Lab,Laboratory,28000,3,2025-01-03 11:00:00,11,4,1,0,20.2,72.5,57.9,Medium,39.2,62.2,Cool,27.46,Medium,233.41,19.5,0
B02,Computer Lab,Laboratory,28000,3,2025-01-03 12:00:00,12,4,1,0,22.1,57.3,61.0,Medium,46.3,63.8,Cool,27.83,Medium,236.55,19.76,0
B06,Research Lab,Laboratory,35000,4,2025-01-03 12:00:00,12,4,1,0,21.2,86.5,61.8,Medium,48.1,62.8,Cool,33.08,High,281.18,23.49,0
B04,Hostel,Dormitory,60000,6,2025-01-03 13:00:00,13,4,1,0,22.2,58.7,52.5,Medium,29.1,60.9,Cool,32.23,High,273.96,22.88,0
B05,Administration,Office,18000,3,2025-01-03 13:00:00,13,4,1,0,19.8,66.0,52.2,Medium,29.8,57.0,Cool,17.17,Low,145.95,12.19,1
B01,Academic Block,Classroom,45000,4,2025-01-03 13:00:00,13,4,1,0,22.4,69.7,55.5,Medium,43.0,63.7,Cool,28.82,Medium,244.97,20.46,0
B02,Computer Lab,Laboratory,28000,3,2025-01-03 14:00:00,14,4,1,0,20.2,65.7,53.7,Medium,35.0,50.7,Cool,24.23,Low,205.96,17.2,0
B05,Administration,Office,18000,3,2025-01-03 14:00:00,14,4,1,0,23.6,76.3,59.1,Medium,38.9,60.5,Cool,21.36,Low,181.56,15.17,0
B03,Library,Library,22000,3,2025-01-03 15:00:00,15,4,1,0,24.1,64.5,52.4,Medium,43.2,54.8,Moderate,24.83,Medium,211.05,17.63,0
B02,Computer Lab,Laboratory,28000,3,2025-01-03 15:00:00,15,4,1,0,23.2,60.0,60.4,Medium,48.0,54.2,Cool,33.68,High,286.28,23.91,0
B03,Library,Library,22000,3,2025-01-03 15:00:00,15,4,1,0,23.1,70.8,52.9,Medium,39.1,63.6,Cool,30.34,Medium,257.89,21.54,0
B04,Hostel,Dormitory,60000,6,2025-01-03 16:00:00,16,4,1,0,22.8,46.5,46.2,Medium,26.0,47.4,Cool,34.08,High,289.68,24.2,0
B06,Research Lab,Laboratory,35000,4,2025-01-03 16:00:00,16,4,1,0,22.2,71.0,61.6,Medium,38.7,63.2,Cool,45.11,High,383.44,32.03,1
B05,Administration,Office,18000,3,2025-01-03 16:00:00,16,4,1,0,23.1,75.5,67.7,Medium,38.7,63.3,Cool,27.54,Medium,234.09,19.55,0
B03,Library,Library,22000,3,2025-01-03 17:00:00,17,4,1,0,26.5,47.7,49.2,Medium,48.7,57.6,Moderate,19.42,Low,165.07,13.79,0
B01,Academic Block,Classroom,45000,4,2025-01-03 17:00:00,17,4,1,0,23.9,63.1,57.0,Medium,55.7,56.5,Cool,28.39,Medium,241.32,20.16,0
B03,Library,Library,22000,3,2025-01-03 17:00:00,17,4,1,0,21.5,56.3,56.2,Medium,41.4,55.8,Cool,23.2,Low,197.2,16.47,0
B04,Hostel,Dormitory,60000,6,2025-01-03 18:00:00,18,4,1,0,21.3,68.1,48.1,Medium,39.5,51.2,Cool,27.36,Medium,232.56,19.43,0
B05,Administration,Office,18000,3,2025-01-03 20:00:00,20,4,1,0,22.0,83.1,17.9,Low,31.1,48.8,Cool,18.97,Low,161.24,13.47,0
B02,Computer Lab,Laboratory,28000,3,2025-01-03 20:00:00,20,4,1,0,23.6,67.7,5.1,Low,32.8,36.1,Cool,18.97,Low,161.24,13.47,0
B05,Administration,Office,18000,3,2025-01-03 20:00:00,20,4,1,0,26.0,62.7,3.6,Low,25.0,33.8,Moderate,16.56,Low,140.76,11.76,0
B02,Computer Lab,Laboratory,28000,3,2025-01-03 22:00:00,22,4,1,0,22.3,47.4,7.6,Low,22.9,38.0,Cool,20.25,Low,172.12,14.38,0
B04,Hostel,Dormitory,60000,6,2025-01-03 23:00:00,23,4,1,0,25.7,56.7,35.6,Medium,44.8,60.9,Moderate,31.32,High,266.22,22.24,0
B04,Hostel,Dormitory,60000,6,2025-01-03 23:00:00,23,4,1,0,23.8,65.0,29.5,Low,27.9,58.5,Cool,28.17,Medium,239.45,20.0,0
B04,Hostel,Dormitory,60000,6,2025-01-03 23:00:00,23,4,1,0,24.3,66.2,31.4,Low,26.1,56.5,Moderate,31.38,High,266.73,22.28,0
B01,Academic Block,Classroom,45000,4,2025-01-04 00:00:00,0,5,1,1,23.9,68.3,8.5,Low,23.6,35.7,Cool,24.63,Medium,209.36,17.49,0
B01,Academic Block,Classroom,45000,4,2025-01-04 01:00:00,1,5,1,1,23.6,71.5,19.1,Low,37.1,43.3,Cool,27.24,Medium,231.54,19.34,0
B06,Research Lab,Laboratory,35000,4,2025-01-04 01:00:00,1,5,1,1,22.1,61.0,15.4,Low,26.4,42.0,Cool,25.51,Medium,216.84,18.11,0
B01,Academic Block,Classroom,45000,4,2025-01-04 04:00:00,4,5,1,1,17.7,71.1,1.3,Low,17.7,37.6,Cool,22.96,Low,195.16,16.3,0
B04,Hostel,Dormitory,60000,6,2025-01-04 06:00:00,6,5,1,1,19.6,65.8,18.3,Low,32.5,53.1,Cool,31.08,High,264.18,22.07,0
B02,Computer Lab,Laboratory,28000,3,2025-01-04 06:00:00,6,5,1,1,19.1,63.2,16.1,Low,29.0,41.6,Cool,20.45,Low,173.82,14.52,0
B03,Library,Library,22000,3,2025-01-04 07:00:00,7,5,1,1,20.7,62.3,19.6,Low,22.2,31.8,Cool,22.39,Low,190.32,15.9,0
B01,Academic Block,Classroom,45000,4,2025-01-04 07:00:00,7,5,1,1,20.6,72.3,8.3,Low,21.8,23.1,Cool,18.9,Low,160.65,13.42,0
B03,Library,Library,22000,3,2025-01-04 07:00:00,7,5,1,1,19.8,51.2,5.4,Low,15.7,28.2,Cool,20.86,Low,177.31,14.81,0
B03,Library,Library,22000,3,2025-01-04 09:00:00,9,5,1,1,22.9,53.7,11.4,Low,26.5,35.2,Cool,19.58,Low,166.43,13.9,0
B03,Library,Library,22000,3,2025-01-04 09:00:00,9,5,1,1,19.3,91.7,13.1,Low,28.4,30.1,Cool,16.53,Low,140.5,11.74,0
B04,Hostel,Dormitory,60000,6,2025-01-04 12:00:00,12,5,1,1,17.8,66.1,20.3,Low,12.4,33.7,Cool,23.42,Low,199.07,16.63,0
B04,Hostel,Dormitory,60000,6,2025-01-04 13:00:00,13,5,1,1,21.8,77.8,16.5,Low,19.7,30.0,Cool,29.28,Medium,248.88,20.79,0
B04,Hostel,Dormitory,60000,6,2025-01-04 15:00:00,15,5,1,1,24.5,64.9,13.0,Low,39.1,21.1,Moderate,29.09,Medium,247.26,20.65,0
B04,Hostel,Dormitory,60000,6,2025-01-04 17:00:00,17,5,1,1,24.0,61.9,11.1,Low,25.5,17.6,Cool,31.76,High,269.96,22.55,0
B02,Computer Lab,Laboratory,28000,3,2025-01-04 18:00:00,18,5,1,1,23.4,70.9,12.1,Low,36.7,16.3,Cool,18.14,Low,154.19,12.88,0
B01,Academic Block,Classroom,45000,4,2025-01-04 20:00:00,20,5,1,1,24.5,66.0,9.2,Low,20.1,42.7,Moderate,25.91,Medium,220.24,18.4,0
B02,Computer Lab,Laboratory,28000,3,2025-01-04 20:00:00,20,5,1,1,26.9,62.2,16.8,Low,31.5,43.8,Moderate,29.03,Medium,246.76,20.61,0
B04,Hostel,Dormitory,60000,6,2025-01-04 22:00:00,22,5,1,1,22.6,66.6,21.8,Low,30.0,55.3,Cool,28.49,Medium,242.16,20.23,0
B01,Academic Block,Classroom,45000,4,2025-01-04 23:00:00,23,5,1,1,23.6,68.9,12.1,Low,25.2,38.5,Cool,25.31,Medium,215.14,17.97,0
B01,Academic Block,Classroom,45000,4,2025-01-04 23:00:00,23,5,1,1,24.6,60.5,19.3,Low,39.0,50.7,Moderate,30.37,Medium,258.14,21.56,0
B03,Library,Library,22000,3,2025-01-05 01:00:00,1,6,1,1,23.1,63.1,4.1,Low,22.7,34.3,Cool,36.76,High,312.46,26.1,1
B06,Research Lab,Laboratory,35000,4,2025-01-05 02:00:00,2,6,1,1,21.8,60.7,25.6,Low,33.2,47.3,Cool,30.06,Medium,255.51,21.34,0
B03,Library,Library,22000,3,2025-01-05 02:00:00,2,6,1,1,21.6,59.3,4.5,Low,15.0,34.3,Cool,21.55,Low,183.18,15.3,0
B06,Research Lab,Laboratory,35000,4,2025-01-05 02:00:00,2,6,1,1,21.8,80.5,8.5,Low,24.6,38.1,Cool,23.7,Low,201.45,16.83,0
B01,Academic Block,Classroom,45000,4,2025-01-05 04:00:00,4,6,1,1,22.0,61.1,19.2,Low,24.8,49.3,Cool,23.76,Low,201.96,16.87,0
B05,Administration,Office,18000,3,2025-01-05 04:00:00,4,6,1,1,21.9,74.5,22.2,Low,21.8,48.6,Cool,23.04,Low,195.84,16.36,0
B01,Academic Block,Classroom,45000,4,2025-01-05 05:00:00,5,6,1,1,23.9,63.4,14.5,Low,31.3,41.2,Cool,15.44,Low,131.24,10.96,0
B02,Computer Lab,Laboratory,28000,3,2025-01-05 08:00:00,8,6,1,1,17.9,74.5,14.3,Low,33.2,21.7,Cool,20.92,Low,177.82,14.85,0
B01,Academic Block,Classroom,45000,4,2025-01-05 09:00:00,9,6,1,1,22.9,66.7,24.5,Low,26.6,14.7,Cool,19.82,Low,168.47,14.07,0
B06,Research Lab,Laboratory,35000,4,2025-01-05 09:00:00,9,6,1,1,20.0,56.5,2.4,Low,23.4,14.9,Cool,21.67,Low,184.2,15.39,0
B04,Hostel,Dormitory,60000,6,2025-01-05 09:00:00,9,6,1,1,20.1,69.1,0.0,Low,18.7,15.2,Cool,27.17,Medium,230.95,19.29,0
B04,Hostel,Dormitory,60000,6,2025-01-05 10:00:00,10,6,1,1,21.8,71.8,0.0,Low,20.6,12.9,Cool,27.82,Medium,236.47,19.75,0
B04,Hostel,Dormitory,60000,6,2025-01-05 10:00:00,10,6,1,1,21.7,61.0,6.0,Low,27.1,20.5,Cool,27.65,Medium,235.02,19.63,0
B06,Research Lab,Laboratory,35000,4,2025-01-05 10:00:00,10,6,1,1,22.2,83.5,7.0,Low,31.5,25.1,Cool,23.91,Low,203.24,16.98,0
B05,Administration,Office,18000,3,2025-01-05 10:00:00,10,6,1,1,22.5,72.7,14.7,Low,33.5,31.3,Cool,20.49,Low,174.16,14.55,0
B06,Research Lab,Laboratory,35000,4,2025-01-05 10:00:00,10,6,1,1,20.4,74.4,19.1,Low,22.2,34.2,Cool,21.97,Low,186.74,15.6,0
B06,Research Lab,Laboratory,35000,4,2025-01-05 11:00:00,11,6,1,1,22.9,73.2,18.4,Low,20.0,25.7,Cool,22.01,Low,187.08,15.63,0
B01,Academic Block,Classroom,45000,4,2025-01-05 11:00:00,11,6,1,1,19.8,52.8,18.2,Low,14.3,24.0,Cool,18.18,Low,154.53,12.91,0
B06,Research Lab,Laboratory,35000,4,2025-01-05 11:00:00,11,6,1,1,20.3,73.7,5.3,Low,25.7,16.2,Cool,22.04,Low,187.34,15.65,0
B03,Library,Library,22000,3,2025-01-05 13:00:00,13,6,1,1,21.4,83.8,14.7,Low,22.0,29.0,Cool,11.18,Low,95.03,7.94,0
B05,Administration,Office,18000,3,2025-01-05 14:00:00,14,6,1,1,21.4,73.2,6.9,Low,28.8,21.7,Cool,19.94,Low,169.49,14.16,0
B03,Library,Library,22000,3,2025-01-05 14:00:00,14,6,1,1,22.3,65.3,16.2,Low,20.0,23.3,Cool,19.26,Low,163.71,13.67,0
B02,Computer Lab,Laboratory,28000,3,2025-01-05 14:00:00,14,6,1,1,23.5,58.4,12.3,Low,29.7,29.6,Cool,18.39,Low,156.32,13.06,0
B03,Library,Library,22000,3,2025-01-05 15:00:00,15,6,1,1,23.7,57.6,18.2,Low,18.8,23.1,Cool,20.85,Low,177.23,14.8,0
B05,Administration,Office,18000,3,2025-01-05 15:00:00,15,6,1,1,21.8,58.2,28.6,Low,33.0,33.8,Cool,17.5,Low,148.75,12.42,0
B05,Administration,Office,18000,3,2025-01-05 16:00:00,16,6,1,1,22.2,64.4,11.8,Low,26.8,24.9,Cool,13.36,Low,113.56,9.49,0
B03,Library,Library,22000,3,2025-01-05 16:00:00,16,6,1,1,21.9,60.0,4.3,Low,14.9,22.4,Cool,16.16,Low,137.36,11.47,0
B04,Hostel,Dormitory,60000,6,2025-01-05 17:00:00,17,6,1,1,23.7,65.0,0.6,Low,24.4,21.2,Cool,20.88,Low,177.48,14.82,0
B02,Computer Lab,Laboratory,28000,3,2025-01-05 18:00:00,18,6,1,1,21.6,69.1,5.7,Low,34.4,20.8,Cool,20.0,Low,170.0,14.2,0
B05,Administration,Office,18000,3,2025-01-05 18:00:00,18,6,1,1,22.6,54.9,19.5,Low,32.0,23.4,Cool,18.25,Low,155.12,12.96,0
B03,Library,Library,22000,3,2025-01-05 20:00:00,20,6,1,1,23.5,60.8,15.4,Low,45.8,51.8,Cool,26.79,Medium,227.72,19.02,0
B01,Academic Block,Classroom,45000,4,2025-01-05 22:00:00,22,6,1,1,25.5,60.5,13.6,Low,32.0,40.0,Moderate,19.35,Low,164.48,13.74,0
B05,Administration,Office,18000,3,2025-01-06 00:00:00,0,0,1,0,23.0,62.3,14.7,Low,30.4,43.6,Cool,13.29,Low,112.96,9.44,0
B03,Library,Library,22000,3,2025-01-06 02:00:00,2,0,1,0,23.7,66.2,17.0,Low,26.2,42.8,Cool,17.4,Low,147.9,12.35,0
B02,Computer Lab,Laboratory,28000,3,2025-01-06 03:00:00,3,0,1,0,22.0,68.3,1.1,Low,21.9,35.4,Cool,19.22,Low,163.37,13.65,0
B04,Hostel,Dormitory,60000,6,2025-01-06 04:00:00,4,0,1,0,20.5,65.6,18.9,Low,20.8,44.1,Cool,31.95,High,271.58,22.68,0
B06,Research Lab,Laboratory,35000,4,2025-01-06 05:00:00,5,0,1,0,20.2,64.1,14.7,Low,30.6,48.4,Cool,30.53,Medium,259.5,21.68,0
B02,Computer Lab,Laboratory,28000,3,2025-01-06 05:00:00,5,0,1,0,19.1,69.6,1.9,Low,15.8,38.5,Cool,23.58,Low,200.43,16.74,0
B05,Administration,Office,18000,3,2025-01-06 08:00:00,8,0,1,0,23.8,76.1,65.0,Medium,56.0,67.5,Cool,24.32,Low,206.72,17.27,0
B06,Research Lab,Laboratory,35000,4,2025-01-06 09:00:00,9,0,1,0,22.0,57.2,49.7,Medium,29.3,53.7,Cool,33.59,High,285.52,23.85,0
B04,Hostel,Dormitory,60000,6,2025-01-06 10:00:00,10,0,1,0,21.4,75.8,54.6,Medium,37.3,57.1,Cool,34.52,High,293.42,24.51,0
B04,Hostel,Dormitory,60000,6,2025-01-06 10:00:00,10,0,1,0,18.5,58.8,51.8,Medium,36.6,48.9,Cool,35.83,High,304.56,25.44,0
B01,Academic Block,Classroom,45000,4,2025-01-06 11:00:00,11,0,1,0,20.1,71.5,59.5,Medium,34.1,56.2,Cool,30.32,Medium,257.72,21.53,0
B01,Academic Block,Classroom,45000,4,2025-01-06 11:00:00,11,0,1,0,19.3,76.9,69.5,Medium,45.7,66.6,Cool,33.05,High,280.92,23.47,0
B01,Academic Block,Classroom,45000,4,2025-01-06 11:00:00,11,0,1,0,21.0,58.9,72.3,High,42.1,69.1,Cool,34.58,High,293.93,24.55,0
B01,Academic Block,Classroom,45000,4,2025-01-06 15:00:00,15,0,1,0,21.3,70.4,62.6,Medium,50.3,60.3,Cool,33.8,High,287.3,24.0,0
B05,Administration,Office,18000,3,2025-01-06 15:00:00,15,0,1,0,21.7,60.3,68.2,Medium,39.0,68.9,Cool,27.07,Medium,230.1,19.22,0
B02,Computer Lab,Laboratory,28000,3,2025-01-06 17:00:00,17,0,1,0,22.3,75.4,56.9,Medium,43.0,69.3,Cool,27.52,Medium,233.92,19.54,0
B01,Academic Block,Classroom,45000,4,2025-01-06 20:00:00,20,0,1,0,23.9,54.7,18.1,Low,29.2,50.6,Cool,21.29,Low,180.96,15.12,0
B04,Hostel,Dormitory,60000,6,2025-01-06 20:00:00,20,0,1,0,24.3,59.3,31.3,Low,33.8,55.1,Moderate,34.84,High,296.14,24.74,0
B01,Academic Block,Classroom,45000,4,2025-01-06 21:00:00,21,0,1,0,23.8,66.9,20.2,Low,30.9,54.1,Cool,26.06,Medium,221.51,18.5,0
B04,Hostel,Dormitory,60000,6,2025-01-06 22:00:00,22,0,1,0,26.3,68.9,25.6,Low,40.9,51.1,Moderate,35.7,High,303.45,25.35,0
B03,Library,Library,22000,3,2025-01-06 22:00:00,22,0,1,0,25.2,65.5,5.8,Low,16.5,41.1,Moderate,14.67,Low,124.7,10.42,0
B01,Academic Block,Classroom,45000,4,2025-01-06 23:00:00,23,0,1,0,22.5,70.5,6.5,Low,23.5,42.2,Cool,24.85,Medium,211.23,17.64,0
B04,Hostel,Dormitory,60000,6,2025-01-07 00:00:00,0,1,1,0,23.7,62.2,12.9,Low,22.6,45.8,Cool,27.88,Medium,236.98,19.79,0
B04,Hostel,Dormitory,60000,6,2025-01-07 04:00:00,4,1,1,0,20.2,61.2,10.9,Low,19.3,40.2,Cool,26.84,Medium,228.14,19.06,0
B02,Computer Lab,Laboratory,28000,3,2025-01-07 04:00:00,4,1,1,0,20.7,78.7,14.0,Low,26.4,45.9,Cool,26.65,Medium,226.52,18.92,0
B04,Hostel,Dormitory,60000,6,2025-01-07 05:00:00,5,1,1,0,21.5,71.3,3.9,Low,28.0,35.4,Cool,31.95,High,271.58,22.68,0
B01,Academic Block,Classroom,45000,4,2025-01-07 05:00:00,5,1,1,0,21.8,64.1,7.0,Low,31.8,37.7,Cool,23.65,Low,201.02,16.79,0
B02,Computer Lab,Laboratory,28000,3,2025-01-07 05:00:00,5,1,1,0,19.9,57.5,20.9,Low,23.8,42.4,Cool,38.42,High,326.57,27.28,1
B01,Academic Block,Classroom,45000,4,2025-01-07 07:00:00,7,1,1,0,18.7,78.6,14.6,Low,8.0,25.3,Cool,20.21,Low,171.78,14.35,0
B05,Administration,Office,18000,3,2025-01-07 08:00:00,8,1,1,0,20.4,77.5,67.1,Medium,43.9,76.2,Cool,25.84,Medium,219.64,18.35,0
B04,Hostel,Dormitory,60000,6,2025-01-07 13:00:00,13,1,1,0,22.4,65.6,49.2,Medium,27.0,39.4,Cool,30.94,High,262.99,21.97,0
B02,Computer Lab,Laboratory,28000,3,2025-01-07 14:00:00,14,1,1,0,21.3,63.3,60.9,Medium,44.0,49.6,Cool,29.86,Medium,253.81,21.2,0
B02,Computer Lab,Laboratory,28000,3,2025-01-07 15:00:00,15,1,1,0,24.0,64.0,55.5,Medium,37.6,56.9,Cool,26.23,Medium,222.96,18.62,0
B01,Academic Block,Classroom,45000,4,2025-01-07 15:00:00,15,1,1,0,23.7,64.6,53.6,Medium,43.9,59.0,Cool,34.9,High,296.65,24.78,0
B03,Library,Library,22000,3,2025-01-07 15:00:00,15,1,1,0,21.8,72.9,62.1,Medium,36.6,54.9,Cool,17.07,Low,145.1,12.12,0
B06,Research Lab,Laboratory,35000,4,2025-01-07 16:00:00,16,1,1,0,24.9,57.1,60.1,Medium,39.3,61.2,Moderate,28.7,Medium,243.95,20.38,0
B03,Library,Library,22000,3,2025-01-07 16:00:00,16,1,1,0,25.0,60.9,49.8,Medium,36.0,51.5,Moderate,25.44,Medium,216.24,18.06,0
B02,Computer Lab,Laboratory,28000,3,2025-01-07 18:00:00,18,1,1,0,27.1,62.0,58.8,Medium,52.1,56.1,Moderate,36.0,High,306.0,25.56,0
B04,Hostel,Dormitory,60000,6,2025-01-07 19:00:00,19,1,1,0,26.7,65.4,28.7,Low,30.6,58.4,Moderate,30.34,Medium,257.89,21.54,0
B02,Computer Lab,Laboratory,28000,3,2025-01-07 20:00:00,20,1,1,0,22.9,72.7,22.5,Low,32.8,46.8,Cool,23.19,Low,197.12,16.46,0
B01,Academic Block,Classroom,45000,4,2025-01-08 01:00:00,1,2,1,0,24.2,67.8,16.7,Low,40.5,52.6,Moderate,27.06,Medium,230.01,19.21,0
B02,Computer Lab,Laboratory,28000,3,2025-01-08 01:00:00,1,2,1,0,24.1,78.0,4.0,Low,35.2,28.4,Moderate,23.31,Low,198.14,16.55,0
B03,Library,Library,22000,3,2025-01-08 02:00:00,2,2,1,0,21.7,60.7,3.0,Low,11.5,36.8,Cool,15.66,Low,133.11,11.12,0
B02,Computer Lab,Laboratory,28000,3,2025-01-08 03:00:00,3,2,1,0,22.4,77.3,13.8,Low,17.5,45.9,Cool,24.37,Low,207.14,17.3,0
B04,Hostel,Dormitory,60000,6,2025-01-08 03:00:00,3,2,1,0,18.9,63.2,12.9,Low,27.4,43.8,Cool,30.35,Medium,257.98,21.55,0
B06,Research Lab,Laboratory,35000,4,2025-01-08 03:00:00,3,2,1,0,18.9,67.1,15.6,Low,19.1,44.1,Cool,25.0,Medium,212.5,17.75,0
B05,Administration,Office,18000,3,2025-01-08 04:00:00,4,2,1,0,18.7,72.8,11.0,Low,27.6,46.4,Cool,22.49,Low,191.16,15.97,0
B01,Academic Block,Classroom,45000,4,2025-01-08 05:00:00,5,2,1,0,21.4,76.1,7.5,Low,12.4,38.6,Cool,20.46,Low,173.91,14.53,0
B04,Hostel,Dormitory,60000,6,2025-01-08 06:00:00,6,2,1,0,21.2,65.3,15.6,Low,25.0,39.1,Cool,28.21,Medium,239.78,20.03,0
B03,Library,Library,22000,3,2025-01-08 08:00:00,8,2,1,0,19.9,71.8,59.1,Medium,46.3,55.9,Cool,23.7,Low,201.45,16.83,0
B01,Academic Block,Classroom,45000,4,2025-01-08 09:00:00,9,2,1,0,22.9,64.5,75.4,High,38.7,72.0,Cool,29.55,Medium,251.18,20.98,0
B01,Academic Block,Classroom,45000,4,2025-01-08 10:00:00,10,2,1,0,22.0,51.3,71.7,High,44.4,66.0,Cool,31.12,High,264.52,22.1,0
B01,Academic Block,Classroom,45000,4,2025-01-08 10:00:00,10,2,1,0,18.1,70.3,60.7,Medium,40.5,58.9,Cool,27.6,Medium,234.6,19.6,0
B05,Administration,Office,18000,3,2025-01-08 11:00:00,11,2,1,0,20.6,59.8,64.5,Medium,46.2,67.2,Cool,26.44,Medium,224.74,18.77,0
B02,Computer Lab,Laboratory,28000,3,2025-01-08 13:00:00,13,2,1,0,20.3,77.7,56.8,Medium,35.9,54.6,Cool,29.49,Medium,250.66,20.94,0
B04,Hostel,Dormitory,60000,6,2025-01-08 14:00:00,14,2,1,0,22.9,75.6,44.4,Medium,28.6,47.8,Cool,33.33,High,283.3,23.66,0
B01,Academic Block,Classroom,45000,4,2025-01-08 15:00:00,15,2,1,0,22.7,61.0,54.1,Medium,25.0,54.6,Cool,28.77,Medium,244.54,20.43,0
B06,Research Lab,Laboratory,35000,4,2025-01-08 16:00:00,16,2,1,0,21.9,60.6,74.5,High,54.0,76.2,Cool,37.29,High,316.96,26.48,0
B01,Academic Block,Classroom,45000,4,2025-01-08 16:00:00,16,2,1,0,25.8,60.0,62.7,Medium,53.8,62.3,Moderate,28.12,Medium,239.02,19.97,0
B02,Computer Lab,Laboratory,28000,3,2025-01-08 16:00:00,16,2,1,0,23.4,70.0,57.9,Medium,42.6,62.4,Cool,29.98,Medium,254.83,21.29,0
B02,Computer Lab,Laboratory,28000,3,2025-01-08 16:00:00,16,2,1,0,22.6,70.7,60.3,Medium,41.9,56.6,Cool,34.47,High,293.0,24.47,0
B01,Academic Block,Classroom,45000,4,2025-01-08 17:00:00,17,2,1,0,23.3,90.2,67.4,Medium,48.5,74.3,Cool,30.14,Medium,256.19,21.4,0
B02,Computer Lab,Laboratory,28000,3,2025-01-08 17:00:00,17,2,1,0,26.1,62.0,41.1,Medium,47.6,50.0,Moderate,36.45,High,309.83,25.88,0
B02,Computer Lab,Laboratory,28000,3,2025-01-08 21:00:00,21,2,1,0,25.6,65.2,10.8,Low,18.2,51.4,Moderate,20.88,Low,177.48,14.82,0
B02,Computer Lab,Laboratory,28000,3,2025-01-08 23:00:00,23,2,1,0,23.4,79.8,24.4,Low,20.4,54.3,Cool,24.21,Low,205.78,17.19,0
B05,Administration,Office,18000,3,2025-01-08 23:00:00,23,2,1,0,22.2,69.2,10.5,Low,12.5,39.8,Cool,16.11,Low,136.94,11.44,0
B01,Academic Block,Classroom,45000,4,2025-01-09 01:00:00,1,3,1,0,21.6,60.1,23.4,Low,26.1,51.4,Cool,19.53,Low,166.0,13.87,0
B02,Computer Lab,Laboratory,28000,3,2025-01-09 03:00:00,3,3,1,0,21.1,70.5,12.2,Low,25.4,45.2,Cool,19.45,Low,165.32,13.81,0
B04,Hostel,Dormitory,60000,6,2025-01-09 03:00:00,3,3,1,0,22.5,71.9,9.5,Low,30.3,43.1,Cool,31.57,High,268.35,22.41,0
B01,Academic Block,Classroom,45000,4,2025-01-09 05:00:00,5,3,1,0,22.0,65.0,13.0,Low,7.1,42.7,Cool,20.42,Low,173.57,14.5,0
B02,Computer Lab,Laboratory,28000,3,2025-01-09 06:00:00,6,3,1,0,19.5,75.0,12.3,Low,16.3,44.2,Cool,32.68,High,277.78,23.2,1
B05,Administration,Office,18000,3,2025-01-09 09:00:00,9,3,1,0,21.6,72.7,62.8,Medium,42.8,63.4,Cool,28.37,Medium,241.14,20.14,0
B03,Library,Library,22000,3,2025-01-09 12:00:00,12,3,1,0,19.9,65.9,50.8,Medium,39.3,49.0,Cool,24.02,Low,204.17,17.05,0
B01,Academic Block,Classroom,45000,4,2025-01-09 13:00:00,13,3,1,0,20.9,79.1,57.1,Medium,38.8,56.0,Cool,28.6,Medium,243.1,20.31,0
B01,Academic Block,Classroom,45000,4,2025-01-09 14:00:00,14,3,1,0,20.1,63.4,70.5,High,37.9,74.6,Cool,39.23,High,333.46,27.85,0
B03,Library,Library,22000,3,2025-01-09 17:00:00,17,3,1,0,21.5,70.9,55.6,Medium,35.3,62.7,Cool,20.22,Low,171.87,14.36,0
B06,Research Lab,Laboratory,35000,4,2025-01-09 17:00:00,17,3,1,0,22.3,62.9,70.5,High,44.4,63.9,Cool,28.83,Medium,245.05,20.47,0
B04,Hostel,Dormitory,60000,6,2025-01-09 19:00:00,19,3,1,0,24.2,53.8,31.8,Low,24.8,68.3,Moderate,30.71,Medium,261.04,21.8,0
B04,Hostel,Dormitory,60000,6,2025-01-09 22:00:00,22,3,1,0,22.5,69.5,21.4,Low,23.3,47.1,Cool,30.82,Medium,261.97,21.88,0
B06,Research Lab,Laboratory,35000,4,2025-01-10 00:00:00,0,4,1,0,25.6,78.0,14.3,Low,23.2,47.8,Moderate,26.17,Medium,222.45,18.58,0
B06,Research Lab,Laboratory,35000,4,2025-01-10 03:00:00,3,4,1,0,20.4,68.3,12.5,Low,27.4,51.0,Cool,22.27,Low,189.3,15.81,0
B06,Research Lab,Laboratory,35000,4,2025-01-10 08:00:00,8,4,1,0,20.6,58.1,55.8,Medium,34.0,52.9,Cool,24.61,Medium,209.18,17.47,0
B03,Library,Library,22000,3,2025-01-10 09:00:00,9,4,1,0,22.4,68.6,59.2,Medium,33.6,53.8,Cool,25.43,Medium,216.16,18.06,0
B03,Library,Library,22000,3,2025-01-10 10:00:00,10,4,1,0,20.7,62.7,58.4,Medium,37.3,61.3,Cool,22.55,Low,191.68,16.01,0
B01,Academic Block,Classroom,45000,4,2025-01-10 17:00:00,17,4,1,0,23.2,73.8,58.2,Medium,47.0,58.3,Cool,30.17,Medium,256.44,21.42,0
B05,Administration,Office,18000,3,2025-01-10 18:00:00,18,4,1,0,24.3,64.0,59.4,Medium,44.8,57.8,Moderate,24.01,Low,204.08,17.05,0
B03,Library,Library,22000,3,2025-01-10 20:00:00,20,4,1,0,23.5,53.8,19.7,Low,36.2,43.0,Cool,22.85,Low,194.23,16.22,0
B02,Computer Lab,Laboratory,28000,3,2025-01-10 21:00:00,21,4,1,0,22.8,70.3,5.1,Low,28.9,45.4,Cool,20.17,Low,171.45,14.32,0
B06,Research Lab,Laboratory,35000,4,2025-01-10 22:00:00,22,4,1,0,25.0,66.5,10.8,Low,24.7,44.4,Moderate,52.66,High,447.61,37.39,1
B01,Academic Block,Classroom,45000,4,2025-01-10 22:00:00,22,4,1,0,23.2,64.3,13.6,Low,27.7,48.6,Cool,23.15,Low,196.77,16.44,0
B02,Computer Lab,Laboratory,28000,3,2025-01-11 01:00:00,1,5,1,1,24.3,58.3,3.9,Low,32.1,43.8,Moderate,17.4,Low,147.9,12.35,0
B05,Administration,Office,18000,3,2025-01-11 02:00:00,2,5,1,1,23.6,78.6,11.3,Low,23.9,34.8,Cool,12.49,Low,106.16,8.87,0
B01,Academic Block,Classroom,45000,4,2025-01-11 04:00:00,4,5,1,1,21.6,64.6,11.1,Low,25.3,44.2,Cool,19.27,Low,163.79,13.68,0
B02,Computer Lab,Laboratory,28000,3,2025-01-11 04:00:00,4,5,1,1,22.8,73.0,9.7,Low,19.4,34.7,Cool,18.29,Low,155.46,12.99,0
B06,Research Lab,Laboratory,35000,4,2025-01-11 04:00:00,4,5,1,1,20.5,65.4,1.3,Low,19.1,39.7,Cool,23.26,Low,197.71,16.51,0
B01,Academic Block,Classroom,45000,4,2025-01-11 04:00:00,4,5,1,1,22.5,71.8,12.0,Low,23.6,50.7,Cool,26.75,Medium,227.38,18.99,0
B03,Library,Library,22000,3,2025-01-11 05:00:00,5,5,1,1,22.1,67.7,7.7,Low,26.6,40.3,Cool,9.53,Low,81.0,6.77,0
B05,Administration,Office,18000,3,2025-01-11 06:00:00,6,5,1,1,20.2,69.0,19.5,Low,24.5,49.3,Cool,20.75,Low,176.38,14.73,0
B02,Computer Lab,Laboratory,28000,3,2025-01-11 06:00:00,6,5,1,1,20.0,63.2,14.9,Low,26.5,49.0,Cool,27.75,Medium,235.88,19.7,0
B06,Research Lab,Laboratory,35000,4,2025-01-11 08:00:00,8,5,1,1,20.9,72.0,6.6,Low,24.6,22.3,Cool,29.61,Medium,251.68,21.02,0
B02,Computer Lab,Laboratory,28000,3,2025-01-11 08:00:00,8,5,1,1,23.3,76.2,9.2,Low,20.8,20.8,Cool,21.64,Low,183.94,15.36,0
B01,Academic Block,Classroom,45000,4,2025-01-11 12:00:00,12,5,1,1,21.0,61.0,12.9,Low,22.1,28.2,Cool,15.7,Low,133.45,11.15,0
B03,Library,Library,22000,3,2025-01-11 12:00:00,12,5,1,1,20.7,62.6,9.2,Low,26.0,20.7,Cool,11.6,Low,98.6,8.24,0
B02,Computer Lab,Laboratory,28000,3,2025-01-11 14:00:00,14,5,1,1,24.1,86.3,1.4,Low,35.3,17.6,Moderate,23.87,Low,202.9,16.95,0
B02,Computer Lab,Laboratory,28000,3,2025-01-11 15:00:00,15,5,1,1,23.0,59.6,14.0,Low,19.2,19.2,Cool,20.68,Low,175.78,14.68,0
B02,Computer Lab,Laboratory,28000,3,2025-01-11 15:00:00,15,5,1,1,24.2,61.8,15.7,Low,32.6,32.5,Moderate,20.38,Low,173.23,14.47,0
B02,Computer Lab,Laboratory,28000,3,2025-01-11 16:00:00,16,5,1,1,25.6,74.2,17.2,Low,39.8,23.5,Moderate,17.92,Low,152.32,12.72,0
B01,Academic Block,Classroom,45000,4,2025-01-11 16:00:00,16,5,1,1,20.5,78.5,18.6,Low,27.1,30.5,Cool,19.29,Low,163.96,13.7,0
B01,Academic Block,Classroom,45000,4,2025-01-11 16:00:00,16,5,1,1,23.3,49.4,6.2,Low,19.1,14.0,Cool,22.08,Low,187.68,15.68,0
B01,Academic Block,Classroom,45000,4,2025-01-11 18:00:00,18,5,1,1,23.7,71.4,17.5,Low,28.9,25.9,Cool,24.57,Medium,208.84,17.44,0
B06,Research Lab,Laboratory,35000,4,2025-01-11 20:00:00,20,5,1,1,22.9,65.3,4.0,Low,17.2,35.4,Cool,25.56,Medium,217.26,18.15,0
B06,Research Lab,Laboratory,35000,4,2025-01-12 00:00:00,0,6,1,1,20.5,67.6,14.5,Low,22.1,48.5,Cool,28.95,Medium,246.08,20.55,0
B05,Administration,Office,18000,3,2025-01-12 02:00:00,2,6,1,1,20.0,77.2,7.0,Low,24.8,47.6,Cool,13.36,Low,113.56,9.49,0
B01,Academic Block,Classroom,45000,4,2025-01-12 03:00:00,3,6,1,1,22.0,65.0,14.9,Low,24.9,42.4,Cool,26.39,Medium,224.32,18.74,0
B02,Computer Lab,Laboratory,28000,3,2025-01-12 03:00:00,3,6,1,1,21.1,64.5,1.4,Low,21.7,31.5,Cool,17.55,Low,149.18,12.46,0
B05,Administration,Office,18000,3,2025-01-12 04:00:00,4,6,1,1,20.2,66.6,15.8,Low,18.5,52.0,Cool,16.39,Low,139.32,11.64,0
B02,Computer Lab,Laboratory,28000,3,2025-01-12 06:00:00,6,6,1,1,20.8,65.9,6.5,Low,18.6,36.3,Cool,18.0,Low,153.0,12.78,0
B04,Hostel,Dormitory,60000,6,2025-01-12 07:00:00,7,6,1,1,19.4,71.9,15.4,Low,29.1,38.2,Cool,32.09,High,272.77,22.78,0
B02,Computer Lab,Laboratory,28000,3,2025-01-12 11:00:00,11,6,1,1,22.9,75.9,14.6,Low,16.7,20.6,Cool,18.21,Low,154.78,12.93,0
B03,Library,Library,22000,3,2025-01-12 11:00:00,11,6,1,1,20.0,72.0,14.7,Low,17.2,29.7,Cool,18.68,Low,158.78,13.26,0
B02,Computer Lab,Laboratory,28000,3,2025-01-12 12:00:00,12,6,1,1,23.7,65.9,12.3,Low,25.5,16.5,Cool,22.36,Low,190.06,15.88,0
B05,Administration,Office,18000,3,2025-01-12 12:00:00,12,6,1,1,21.4,71.7,3.8,Low,18.2,12.8,Cool,17.55,Low,149.18,12.46,0
B02,Computer Lab,Laboratory,28000,3,2025-01-12 13:00:00,13,6,1,1,20.9,73.7,22.4,Low,32.5,26.9,Cool,24.91,Medium,211.74,17.69,0
B03,Library,Library,22000,3,2025-01-12 13:00:00,13,6,1,1,20.8,72.4,11.1,Low,9.5,20.3,Cool,21.35,Low,181.48,15.16,0
B01,Academic Block,Classroom,45000,4,2025-01-12 15:00:00,15,6,1,1,25.2,60.2,11.1,Low,29.2,27.5,Moderate,20.3,Low,172.55,14.41,0
B02,Computer Lab,Laboratory,28000,3,2025-01-12 17:00:00,17,6,1,1,24.9,68.1,21.7,Low,41.0,31.1,Moderate,26.73,Medium,227.2,18.98,0
B06,Research Lab,Laboratory,35000,4,2025-01-12 18:00:00,18,6,1,1,23.0,51.8,5.8,Low,25.8,25.1,Cool,24.04,Low,204.34,17.07,0
B04,Hostel,Dormitory,60000,6,2025-01-12 20:00:00,20,6,1,1,24.6,76.1,31.7,Low,26.6,62.8,Moderate,29.35,Medium,249.48,20.84,0
B04,Hostel,Dormitory,60000,6,2025-01-12 21:00:00,21,6,1,1,20.8,79.1,33.2,Low,46.2,54.9,Cool,36.98,High,314.33,26.26,0
B03,Library,Library,22000,3,2025-01-12 22:00:00,22,6,1,1,22.1,73.5,10.4,Low,20.5,42.3,Cool,20.03,Low,170.26,14.22,0
B04,Hostel,Dormitory,60000,6,2025-01-12 23:00:00,23,6,1,1,22.7,75.6,33.9,Low,18.5,66.5,Cool,29.3,Medium,249.05,20.8,0
B06,Research Lab,Laboratory,35000,4,2025-01-13 00:00:00,0,0,1,0,22.3,66.6,7.9,Low,28.2,36.7,Cool,17.85,Low,151.73,12.67,0
B01,Academic Block,Classroom,45000,4,2025-01-13 01:00:00,1,0,1,0,24.8,59.9,11.5,Low,24.2,46.5,Moderate,22.7,Low,192.95,16.12,0
B01,Academic Block,Classroom,45000,4,2025-01-13 01:00:00,1,0,1,0,20.1,60.1,12.9,Low,35.7,41.0,Cool,21.59,Low,183.52,15.33,0
B06,Research Lab,Laboratory,35000,4,2025-01-13 04:00:00,4,0,1,0,19.3,76.6,21.6,Low,31.9,46.4,Cool,26.41,Medium,224.48,18.75,0
B02,Computer Lab,Laboratory,28000,3,2025-01-13 04:00:00,4,0,1,0,22.1,62.1,23.6,Low,41.2,51.2,Cool,25.22,Medium,214.37,17.91,0
B02,Computer Lab,Laboratory,28000,3,2025-01-13 04:00:00,4,0,1,0,21.8,64.9,13.2,Low,18.3,39.4,Cool,27.54,Medium,234.09,19.55,0
B05,Administration,Office,18000,3,2025-01-13 05:00:00,5,0,1,0,20.5,70.2,20.4,Low,34.8,56.5,Cool,16.54,Low,140.59,11.74,0
B01,Academic Block,Classroom,45000,4,2025-01-13 05:00:00,5,0,1,0,24.1,65.5,6.9,Low,21.3,26.0,Moderate,23.25,Low,197.62,16.51,0
B03,Library,Library,22000,3,2025-01-13 06:00:00,6,0,1,0,21.6,69.6,27.8,Low,31.8,58.5,Cool,15.91,Low,135.24,11.3,0
B04,Hostel,Dormitory,60000,6,2025-01-13 06:00:00,6,0,1,0,22.5,54.3,10.3,Low,25.5,45.3,Cool,45.69,High,388.36,32.44,1
B06,Research Lab,Laboratory,35000,4,2025-01-13 07:00:00,7,0,1,0,20.4,67.0,11.8,Low,32.5,21.6,Cool,22.1,Low,187.85,15.69,0
B01,Academic Block,Classroom,45000,4,2025-01-13 07:00:00,7,0,1,0,19.7,75.0,15.7,Low,30.4,16.8,Cool,19.42,Low,165.07,13.79,0
B06,Research Lab,Laboratory,35000,4,2025-01-13 08:00:00,8,0,1,0,19.6,66.3,64.8,Medium,39.9,65.9,Cool,33.12,High,281.52,23.52,0
B03,Library,Library,22000,3,2025-01-13 11:00:00,11,0,1,0,22.4,61.0,53.7,Medium,46.0,53.0,Cool,23.99,Low,203.92,17.03,0
B03,Library,Library,22000,3,2025-01-13 12:00:00,12,0,1,0,22.6,73.6,40.8,Medium,34.8,42.5,Cool,24.12,Low,205.02,17.13,0
B02,Computer Lab,Laboratory,28000,3,2025-01-13 13:00:00,13,0,1,0,21.6,64.8,63.4,Medium,46.4,68.5,Cool,26.64,Medium,226.44,18.91,0
B06,Research Lab,Laboratory,35000,4,2025-01-13 14:00:00,14,0,1,0,23.1,67.8,52.4,Medium,42.1,61.6,Cool,31.09,High,264.26,22.07,0
B04,Hostel,Dormitory,60000,6,2025-01-13 15:00:00,15,0,1,0,24.4,64.0,56.4,Medium,42.8,54.8,Moderate,32.78,High,278.63,23.27,0
B01,Academic Block,Classroom,45000,4,2025-01-13 15:00:00,15,0,1,0,22.1,67.3,71.9,High,37.4,65.1,Cool,35.24,High,299.54,25.02,0
B04,Hostel,Dormitory,60000,6,2025-01-13 15:00:00,15,0,1,0,22.4,77.8,52.3,Medium,40.2,40.5,Cool,30.36,Medium,258.06,21.56,0
B01,Academic Block,Classroom,45000,4,2025-01-13 16:00:00,16,0,1,0,24.1,69.7,72.9,High,45.2,61.7,Moderate,25.32,Medium,215.22,17.98,0
B02,Computer Lab,Laboratory,28000,3,2025-01-13 17:00:00,17,0,1,0,21.2,59.5,55.4,Medium,32.0,52.6,Cool,25.15,Medium,213.77,17.86,0
B03,Library,Library,22000,3,2025-01-13 17:00:00,17,0,1,0,24.5,62.8,64.5,Medium,52.1,68.8,Moderate,22.63,Low,192.36,16.07,0
B05,Administration,Office,18000,3,2025-01-13 18:00:00,18,0,1,0,22.5,64.1,63.8,Medium,39.4,65.1,Cool,24.46,Medium,207.91,17.37,0
B02,Computer Lab,Laboratory,28000,3,2025-01-13 18:00:00,18,0,1,0,25.6,66.0,57.5,Medium,35.8,63.4,Moderate,30.6,Medium,260.1,21.73,0
B03,Library,Library,22000,3,2025-01-13 19:00:00,19,0,1,0,27.6,69.3,20.0,Low,37.1,53.5,Moderate,23.78,Low,202.13,16.88,0
B04,Hostel,Dormitory,60000,6,2025-01-13 20:00:00,20,0,1,0,23.4,66.5,27.3,Low,31.2,55.5,Cool,24.16,Low,205.36,17.15,0
B02,Computer Lab,Laboratory,28000,3,2025-01-13 21:00:00,21,0,1,0,22.3,67.2,0.0,Low,20.2,35.5,Cool,22.62,Low,192.27,16.06,0
B03,Library,Library,22000,3,2025-01-13 21:00:00,21,0,1,0,24.1,50.1,3.3,Low,24.6,40.2,Moderate,17.5,Low,148.75,12.42,0
B02,Computer Lab,Laboratory,28000,3,2025-01-14 06:00:00,6,1,1,0,20.3,78.0,22.0,Low,21.7,50.4,Cool,25.5,Medium,216.75,18.1,0
B06,Research Lab,Laboratory,35000,4,2025-01-14 06:00:00,6,1,1,0,21.7,66.5,13.7,Low,22.4,46.9,Cool,27.28,Medium,231.88,19.37,0
B01,Academic Block,Classroom,45000,4,2025-01-14 06:00:00,6,1,1,0,21.1,69.9,13.2,Low,30.9,46.7,Cool,21.69,Low,184.36,15.4,0
B04,Hostel,Dormitory,60000,6,2025-01-14 07:00:00,7,1,1,0,20.1,70.7,18.4,Low,31.6,30.0,Cool,26.3,Medium,223.55,18.67,0
B02,Computer Lab,Laboratory,28000,3,2025-01-14 07:00:00,7,1,1,0,20.7,63.1,14.1,Low,22.8,22.7,Cool,22.06,Low,187.51,15.66,0
B03,Library,Library,22000,3,2025-01-14 09:00:00,9,1,1,0,18.8,68.3,53.0,Medium,42.1,61.4,Cool,27.47,Medium,233.5,19.5,0
B05,Administration,Office,18000,3,2025-01-14 12:00:00,12,1,1,0,22.7,61.4,59.6,Medium,42.7,66.3,Cool,19.6,Low,166.6,13.92,0
B01,Academic Block,Classroom,45000,4,2025-01-14 12:00:00,12,1,1,0,23.9,75.6,58.4,Medium,41.9,52.5,Cool,29.55,Medium,251.18,20.98,0
B06,Research Lab,Laboratory,35000,4,2025-01-14 13:00:00,13,1,1,0,20.2,53.3,51.3,Medium,45.4,43.4,Cool,27.88,Medium,236.98,19.79,0
B06,Research Lab,Laboratory,35000,4,2025-01-14 13:00:00,13,1,1,0,19.6,62.6,60.0,Medium,35.6,57.8,Cool,28.46,Medium,241.91,20.21,0
B04,Hostel,Dormitory,60000,6,2025-01-14 13:00:00,13,1,1,0,21.3,65.7,49.9,Medium,39.3,48.4,Cool,32.72,High,278.12,23.23,0
B05,Administration,Office,18000,3,2025-01-14 16:00:00,16,1,1,0,21.6,78.2,66.1,Medium,33.2,56.3,Cool,25.36,Medium,215.56,18.01,0
B02,Computer Lab,Laboratory,28000,3,2025-01-14 16:00:00,16,1,1,0,21.6,72.7,58.2,Medium,42.5,56.8,Cool,30.76,Medium,261.46,21.84,0
B05,Administration,Office,18000,3,2025-01-14 17:00:00,17,1,1,0,21.8,56.1,55.3,Medium,35.4,63.6,Cool,19.61,Low,166.68,13.92,0
B01,Academic Block,Classroom,45000,4,2025-01-14 17:00:00,17,1,1,0,23.6,65.3,68.3,Medium,44.5,68.5,Cool,48.94,High,415.99,34.75,1
B03,Library,Library,22000,3,2025-01-14 17:00:00,17,1,1,0,23.3,71.4,56.2,Medium,40.3,61.2,Cool,27.95,Medium,237.58,19.84,0
B02,Computer Lab,Laboratory,28000,3,2025-01-14 18:00:00,18,1,1,0,24.8,80.7,58.9,Medium,32.3,65.8,Moderate,31.13,High,264.6,22.1,0
B04,Hostel,Dormitory,60000,6,2025-01-14 19:00:00,19,1,1,0,23.6,63.7,33.1,Low,24.8,63.7,Cool,36.3,High,308.55,25.77,0
B01,Academic Block,Classroom,45000,4,2025-01-14 19:00:00,19,1,1,0,22.6,58.6,25.8,Low,35.1,53.5,Cool,27.69,Medium,235.36,19.66,0
B01,Academic Block,Classroom,45000,4,2025-01-14 20:00:00,20,1,1,0,24.4,67.7,3.7,Low,26.2,43.6,Moderate,27.03,Medium,229.76,19.19,0
B06,Research Lab,Laboratory,35000,4,2025-01-14 21:00:00,21,1,1,0,22.8,66.5,5.3,Low,32.0,35.0,Cool,15.65,Low,133.02,11.11,0
B05,Administration,Office,18000,3,2025-01-14 21:00:00,21,1,1,0,25.2,68.1,0.1,Low,17.6,27.5,Moderate,13.69,Low,116.36,9.72,0
B01,Academic Block,Classroom,45000,4,2025-01-15 00:00:00,0,2,1,0,21.0,73.0,12.6,Low,29.5,51.4,Cool,21.48,Low,182.58,15.25,0
B01,Academic Block,Classroom,45000,4,2025-01-15 01:00:00,1,2,1,0,19.8,71.4,0.0,Low,22.8,42.7,Cool,28.58,Medium,242.93,20.29,0
B03,Library,Library,22000,3,2025-01-15 02:00:00,2,2,1,0,20.1,72.6,13.6,Low,31.7,43.2,Cool,14.31,Low,121.64,10.16,0
B02,Computer Lab,Laboratory,28000,3,2025-01-15 03:00:00,3,2,1,0,21.4,79.3,11.6,Low,23.4,41.0,Cool,17.06,Low,145.01,12.11,0
B02,Computer Lab,Laboratory,28000,3,2025-01-15 04:00:00,4,2,1,0,21.1,66.1,8.0,Low,23.5,43.8,Cool,19.4,Low,164.9,13.77,0
B04,Hostel,Dormitory,60000,6,2025-01-15 07:00:00,7,2,1,0,20.8,59.8,15.3,Low,20.1,21.0,Cool,25.7,Medium,218.45,18.25,0
B05,Administration,Office,18000,3,2025-01-15 11:00:00,11,2,1,0,20.2,71.0,64.8,Medium,41.1,62.4,Cool,22.76,Low,193.46,16.16,0
B01,Academic Block,Classroom,45000,4,2025-01-15 11:00:00,11,2,1,0,19.8,60.2,77.8,High,44.3,74.5,Cool,35.69,High,303.36,25.34,0
B04,Hostel,Dormitory,60000,6,2025-01-15 11:00:00,11,2,1,0,23.2,58.6,55.3,Medium,33.6,53.0,Cool,39.44,High,335.24,28.0,0
B06,Research Lab,Laboratory,35000,4,2025-01-15 12:00:00,12,2,1,0,23.3,60.6,58.4,Medium,43.6,64.3,Cool,34.7,High,294.95,24.64,0
B02,Computer Lab,Laboratory,28000,3,2025-01-15 12:00:00,12,2,1,0,23.0,57.8,42.8,Medium,42.4,48.4,Cool,35.55,High,302.17,25.24,0
B04,Hostel,Dormitory,60000,6,2025-01-15 16:00:00,16,2,1,0,24.0,74.0,57.5,Medium,50.8,57.4,Cool,40.91,High,347.73,29.05,0
B05,Administration,Office,18000,3,2025-01-15 17:00:00,17,2,1,0,24.5,65.7,69.3,Medium,43.9,71.9,Moderate,23.09,Low,196.26,16.39,0
B06,Research Lab,Laboratory,35000,4,2025-01-15 18:00:00,18,2,1,0,23.0,71.5,68.1,Medium,45.4,66.8,Cool,32.1,High,272.85,22.79,0
B01,Academic Block,Classroom,45000,4,2025-01-15 18:00:00,18,2,1,0,24.5,69.0,50.6,Medium,41.4,49.4,Moderate,31.2,High,265.2,22.15,0
B03,Library,Library,22000,3,2025-01-15 18:00:00,18,2,1,0,22.8,65.3,56.3,Medium,50.0,63.5,Cool,21.25,Low,180.62,15.09,0
B06,Research Lab,Laboratory,35000,4,2025-01-15 20:00:00,20,2,1,0,22.9,73.4,16.6,Low,38.1,47.3,Cool,24.96,Medium,212.16,17.72,0
B04,Hostel,Dormitory,60000,6,2025-01-15 21:00:00,21,2,1,0,22.0,64.0,40.4,Medium,26.3,48.7,Cool,34.22,High,290.87,24.3,0
B02,Computer Lab,Laboratory,28000,3,2025-01-16 00:00:00,0,3,1,0,24.1,64.5,16.2,Low,32.4,48.6,Moderate,30.18,Medium,256.53,21.43,0
B01,Academic Block,Classroom,45000,4,2025-01-16 00:00:00,0,3,1,0,23.8,61.0,12.4,Low,30.8,34.7,Cool,23.22,Low,197.37,16.49,0
B01,Academic Block,Classroom,45000,4,2025-01-16 01:00:00,1,3,1,0,22.6,76.7,4.9,Low,21.6,49.1,Cool,22.98,Low,195.33,16.32,0
B03,Library,Library,22000,3,2025-01-16 02:00:00,2,3,1,0,21.9,66.7,11.2,Low,16.3,45.2,Cool,18.67,Low,158.7,13.26,0
B01,Academic Block,Classroom,45000,4,2025-01-16 02:00:00,2,3,1,0,19.8,73.3,14.7,Low,29.4,47.8,Cool,17.82,Low,151.47,12.65,0
B01,Academic Block,Classroom,45000,4,2025-01-16 03:00:00,3,3,1,0,22.4,63.0,17.5,Low,34.1,51.9,Cool,23.58,Low,200.43,16.74,0
B01,Academic Block,Classroom,45000,4,2025-01-16 06:00:00,6,3,1,0,20.3,74.7,0.9,Low,17.0,26.8,Cool,17.26,Low,146.71,12.25,0
B03,Library,Library,22000,3,2025-01-16 10:00:00,10,3,1,0,22.2,72.6,57.0,Medium,47.5,59.7,Cool,27.62,Medium,234.77,19.61,0
B01,Academic Block,Classroom,45000,4,2025-01-16 11:00:00,11,3,1,0,21.3,56.6,56.3,Medium,39.7,52.2,Cool,27.37,Medium,232.64,19.43,0
B01,Academic Block,Classroom,45000,4,2025-01-16 12:00:00,12,3,1,0,22.6,66.9,68.5,Medium,53.6,64.3,Cool,36.32,High,308.72,25.79,0
B01,Academic Block,Classroom,45000,4,2025-01-16 12:00:00,12,3,1,0,21.5,68.6,58.6,Medium,49.0,61.1,Cool,32.06,High,272.51,22.76,0
B06,Research Lab,Laboratory,35000,4,2025-01-16 15:00:00,15,3,1,0,23.3,64.3,48.7,Medium,39.2,48.8,Cool,28.58,Medium,242.93,20.29,0
B03,Library,Library,22000,3,2025-01-16 15:00:00,15,3,1,0,24.5,75.1,67.6,Medium,50.7,56.1,Moderate,24.03,Low,204.26,17.06,0
B01,Academic Block,Classroom,45000,4,2025-01-16 15:00:00,15,3,1,0,22.8,58.2,56.9,Medium,37.1,60.1,Cool,26.64,Medium,226.44,18.91,0
B04,Hostel,Dormitory,60000,6,2025-01-16 15:00:00,15,3,1,0,23.8,62.8,46.5,Medium,29.8,53.4,Cool,38.74,High,329.29,27.51,0
B03,Library,Library,22000,3,2025-01-16 16:00:00,16,3,1,0,22.9,60.7,54.8,Medium,42.3,50.6,Cool,16.56,Low,140.76,11.76,0
B03,Library,Library,22000,3,2025-01-16 17:00:00,17,3,1,0,23.8,73.2,40.3,Medium,28.5,41.3,Cool,20.2,Low,171.7,14.34,0
B04,Hostel,Dormitory,60000,6,2025-01-16 18:00:00,18,3,1,0,26.7,56.4,56.5,Medium,60.8,56.4,Moderate,38.15,High,324.27,27.09,0
B03,Library,Library,22000,3,2025-01-16 19:00:00,19,3,1,0,25.4,51.9,7.1,Low,35.4,49.9,Moderate,10.91,Low,92.74,7.75,0
B02,Computer Lab,Laboratory,28000,3,2025-01-16 21:00:00,21,3,1,0,23.7,69.1,4.9,Low,23.9,47.3,Cool,26.13,Medium,222.1,18.55,0
B06,Research Lab,Laboratory,35000,4,2025-01-16 21:00:00,21,3,1,0,25.1,63.9,18.5,Low,48.1,54.3,Moderate,28.45,Medium,241.82,20.2,0
B04,Hostel,Dormitory,60000,6,2025-01-17 02:00:00,2,4,1,0,20.7,75.7,2.6,Low,17.1,47.3,Cool,30.1,Medium,255.85,21.37,0
B04,Hostel,Dormitory,60000,6,2025-01-17 02:00:00,2,4,1,0,22.2,72.9,15.1,Low,23.3,51.7,Cool,32.14,High,273.19,22.82,0
B01,Academic Block,Classroom,45000,4,2025-01-17 02:00:00,2,4,1,0,21.1,67.8,12.2,Low,21.8,45.5,Cool,25.97,Medium,220.74,18.44,0
B03,Library,Library,22000,3,2025-01-17 03:00:00,3,4,1,0,22.7,56.7,12.4,Low,25.2,38.8,Cool,20.34,Low,172.89,14.44,0
B01,Academic Block,Classroom,45000,4,2025-01-17 04:00:00,4,4,1,0,21.3,59.6,11.6,Low,22.2,35.1,Cool,25.03,Medium,212.76,17.77,0
B02,Computer Lab,Laboratory,28000,3,2025-01-17 06:00:00,6,4,1,0,21.3,55.5,12.9,Low,27.3,42.2,Cool,23.7,Low,201.45,16.83,0
B06,Research Lab,Laboratory,35000,4,2025-01-17 06:00:00,6,4,1,0,22.0,66.4,0.0,Low,14.0,36.0,Cool,24.99,Medium,212.42,17.74,0
B02,Computer Lab,Laboratory,28000,3,2025-01-17 07:00:00,7,4,1,0,20.0,64.4,5.9,Low,22.8,30.9,Cool,30.17,Medium,256.44,21.42,0
B04,Hostel,Dormitory,60000,6,2025-01-17 09:00:00,9,4,1,0,20.0,67.7,44.6,Medium,32.4,47.3,Cool,29.87,Medium,253.9,21.21,0
B02,Computer Lab,Laboratory,28000,3,2025-01-17 10:00:00,10,4,1,0,20.8,69.6,66.6,Medium,43.7,65.7,Cool,31.9,High,271.15,22.65,0
B04,Hostel,Dormitory,60000,6,2025-01-17 10:00:00,10,4,1,0,19.6,82.6,52.1,Medium,31.7,55.8,Cool,36.86,High,313.31,26.17,0
B06,Research Lab,Laboratory,35000,4,2025-01-17 11:00:00,11,4,1,0,21.1,72.2,58.9,Medium,35.4,60.2,Cool,24.92,Medium,211.82,17.69,0
B05,Administration,Office,18000,3,2025-01-17 14:00:00,14,4,1,0,22.6,67.4,75.7,High,60.3,80.7,Cool,34.61,High,294.18,24.57,0
B03,Library,Library,22000,3,2025-01-17 14:00:00,14,4,1,0,22.9,55.7,40.7,Medium,30.3,52.2,Cool,23.58,Low,200.43,16.74,0
B03,Library,Library,22000,3,2025-01-17 15:00:00,15,4,1,0,23.7,66.2,64.8,Medium,48.9,63.6,Cool,27.05,Medium,229.92,19.21,0
B02,Computer Lab,Laboratory,28000,3,2025-01-17 15:00:00,15,4,1,0,20.7,74.6,58.9,Medium,37.4,56.1,Cool,26.99,Medium,229.42,19.16,0
B05,Administration,Office,18000,3,2025-01-17 16:00:00,16,4,1,0,21.7,70.4,57.4,Medium,34.0,55.2,Cool,25.26,Medium,214.71,17.93,0
B05,Administration,Office,18000,3,2025-01-17 16:00:00,16,4,1,0,21.8,60.2,59.0,Medium,41.0,59.4,Cool,19.47,Low,165.5,13.82,0
B01,Academic Block,Classroom,45000,4,2025-01-17 18:00:00,18,4,1,0,24.5,62.8,63.1,Medium,41.4,58.8,Moderate,36.13,High,307.1,25.65,0
B06,Research Lab,Laboratory,35000,4,2025-01-17 18:00:00,18,4,1,0,23.9,66.4,69.3,Medium,50.8,71.5,Cool,37.07,High,315.1,26.32,0
B02,Computer Lab,Laboratory,28000,3,2025-01-17 18:00:00,18,4,1,0,20.9,65.4,60.5,Medium,40.4,57.0,Cool,28.31,Medium,240.64,20.1,0
B04,Hostel,Dormitory,60000,6,2025-01-17 20:00:00,20,4,1,0,27.5,58.7,36.8,Medium,50.8,70.4,Moderate,41.29,High,350.96,29.32,0
B03,Library,Library,22000,3,2025-01-17 21:00:00,21,4,1,0,21.5,52.8,6.8,Low,14.5,43.6,Cool,10.11,Low,85.94,7.18,0
B04,Hostel,Dormitory,60000,6,2025-01-17 23:00:00,23,4,1,0,24.0,60.4,32.8,Low,36.7,53.1,Cool,29.02,Medium,246.67,20.6,0
B03,Library,Library,22000,3,2025-01-18 02:00:00,2,5,1,1,23.5,68.0,18.4,Low,31.4,56.2,Cool,19.85,Low,168.73,14.09,0
B05,Administration,Office,18000,3,2025-01-18 05:00:00,5,5,1,1,20.1,75.0,19.9,Low,21.0,43.3,Cool,17.34,Low,147.39,12.31,0
B01,Academic Block,Classroom,45000,4,2025-01-18 05:00:00,5,5,1,1,22.2,67.8,2.6,Low,17.3,45.0,Cool,23.03,Low,195.76,16.35,0
B04,Hostel,Dormitory,60000,6,2025-01-18 06:00:00,6,5,1,1,19.4,76.9,17.7,Low,17.7,52.0,Cool,29.96,Medium,254.66,21.27,0
B01,Academic Block,Classroom,45000,4,2025-01-18 06:00:00,6,5,1,1,21.1,67.6,11.0,Low,14.5,54.5,Cool,26.81,Medium,227.88,19.04,0
B03,Library,Library,22000,3,2025-01-18 07:00:00,7,5,1,1,17.4,64.9,14.6,Low,24.4,13.3,Cool,11.14,Low,94.69,7.91,0
B01,Academic Block,Classroom,45000,4,2025-01-18 08:00:00,8,5,1,1,22.4,63.8,8.3,Low,28.5,21.9,Cool,15.12,Low,128.52,10.74,0
B04,Hostel,Dormitory,60000,6,2025-01-18 10:00:00,10,5,1,1,20.9,71.8,22.7,Low,27.2,31.9,Cool,24.64,Medium,209.44,17.49,0
B02,Computer Lab,Laboratory,28000,3,2025-01-18 11:00:00,11,5,1,1,18.8,68.1,13.8,Low,24.3,22.3,Cool,16.49,Low,140.16,11.71,0
B04,Hostel,Dormitory,60000,6,2025-01-18 12:00:00,12,5,1,1,22.6,62.4,7.9,Low,16.1,25.9,Cool,26.91,Medium,228.74,19.11,0
B04,Hostel,Dormitory,60000,6,2025-01-18 12:00:00,12,5,1,1,24.1,54.8,8.6,Low,14.2,19.8,Moderate,25.83,Medium,219.55,18.34,0
B01,Academic Block,Classroom,45000,4,2025-01-18 14:00:00,14,5,1,1,21.2,61.8,18.0,Low,28.4,35.7,Cool,24.6,Medium,209.1,17.47,0
B06,Research Lab,Laboratory,35000,4,2025-01-18 14:00:00,14,5,1,1,22.3,64.4,17.1,Low,22.6,23.2,Cool,24.55,Medium,208.68,17.43,0
B01,Academic Block,Classroom,45000,4,2025-01-18 17:00:00,17,5,1,1,23.3,62.3,12.6,Low,15.9,14.9,Cool,21.57,Low,183.34,15.31,0
B01,Academic Block,Classroom,45000,4,2025-01-18 17:00:00,17,5,1,1,22.9,59.9,9.3,Low,21.6,18.2,Cool,15.69,Low,133.36,11.14,0
B04,Hostel,Dormitory,60000,6,2025-01-18 18:00:00,18,5,1,1,23.0,77.5,18.7,Low,29.8,31.9,Cool,28.74,Medium,244.29,20.41,0
B01,Academic Block,Classroom,45000,4,2025-01-18 21:00:00,21,5,1,1,23.6,70.3,8.3,Low,28.2,46.2,Cool,39.3,High,334.05,27.9,1
B02,Computer Lab,Laboratory,28000,3,2025-01-19 00:00:00,0,6,1,1,22.8,82.1,8.0,Low,25.4,36.2,Cool,25.75,Medium,218.88,18.28,0
B03,Library,Library,22000,3,2025-01-19 01:00:00,1,6,1,1,22.6,55.7,29.7,Low,27.3,59.9,Cool,21.76,Low,184.96,15.45,0
B01,Academic Block,Classroom,45000,4,2025-01-19 02:00:00,2,6,1,1,22.0,69.6,14.7,Low,28.7,47.8,Cool,30.44,Medium,258.74,21.61,0
B06,Research Lab,Laboratory,35000,4,2025-01-19 03:00:00,3,6,1,1,23.3,63.3,11.4,Low,26.2,44.6,Cool,20.9,Low,177.65,14.84,0
B04,Hostel,Dormitory,60000,6,2025-01-19 04:00:00,4,6,1,1,22.7,67.0,8.9,Low,19.1,50.4,Cool,27.55,Medium,234.18,19.56,0
B05,Administration,Office,18000,3,2025-01-19 07:00:00,7,6,1,1,18.4,83.2,10.5,Low,17.0,21.4,Cool,17.84,Low,151.64,12.67,0
B03,Library,Library,22000,3,2025-01-19 08:00:00,8,6,1,1,19.8,57.0,20.7,Low,28.4,25.8,Cool,16.24,Low,138.04,11.53,0
B02,Computer Lab,Laboratory,28000,3,2025-01-19 08:00:00,8,6,1,1,22.5,63.0,17.8,Low,32.3,28.7,Cool,23.96,Low,203.66,17.01,0
B06,Research Lab,Laboratory,35000,4,2025-01-19 10:00:00,10,6,1,1,21.4,62.6,7.5,Low,26.2,19.8,Cool,20.52,Low,174.42,14.57,0
B02,Computer Lab,Laboratory,28000,3,2025-01-19 10:00:00,10,6,1,1,21.4,63.9,9.7,Low,24.4,26.8,Cool,25.1,Medium,213.35,17.82,0
B01,Academic Block,Classroom,45000,4,2025-01-19 11:00:00,11,6,1,1,21.6,52.9,2.8,Low,24.8,17.1,Cool,15.87,Low,134.89,11.27,0
B01,Academic Block,Classroom,45000,4,2025-01-19 11:00:00,11,6,1,1,20.9,77.3,13.8,Low,39.1,26.6,Cool,30.44,Medium,258.74,21.61,0
B05,Administration,Office,18000,3,2025-01-19 11:00:00,11,6,1,1,21.2,77.3,0.0,Low,21.7,13.6,Cool,16.43,Low,139.66,11.67,0
B02,Computer Lab,Laboratory,28000,3,2025-01-19 13:00:00,13,6,1,1,21.5,71.9,1.2,Low,21.4,4.5,Cool,20.48,Low,174.08,14.54,0
B02,Computer Lab,Laboratory,28000,3,2025-01-19 13:00:00,13,6,1,1,23.4,56.9,12.6,Low,30.2,25.4,Cool,23.17,Low,196.95,16.45,0
B06,Research Lab,Laboratory,35000,4,2025-01-19 14:00:00,14,6,1,1,22.1,69.3,0.0,Low,24.7,20.9,Cool,19.46,Low,165.41,13.82,0
B04,Hostel,Dormitory,60000,6,2025-01-19 16:00:00,16,6,1,1,23.5,72.3,28.0,Low,24.5,38.9,Cool,32.71,High,278.04,23.22,0
B06,Research Lab,Laboratory,35000,4,2025-01-19 16:00:00,16,6,1,1,24.8,67.9,5.8,Low,28.1,11.8,Moderate,20.5,Low,174.25,14.56,0
B04,Hostel,Dormitory,60000,6,2025-01-19 16:00:00,16,6,1,1,23.2,66.1,15.4,Low,33.6,24.9,Cool,21.88,Low,185.98,15.53,0
B03,Library,Library,22000,3,2025-01-19 16:00:00,16,6,1,1,23.6,76.0,20.9,Low,40.7,29.4,Cool,19.76,Low,167.96,14.03,0
B04,Hostel,Dormitory,60000,6,2025-01-19 17:00:00,17,6,1,1,23.5,61.2,13.9,Low,27.7,28.2,Cool,26.1,Medium,221.85,18.53,0
B04,Hostel,Dormitory,60000,6,2025-01-19 17:00:00,17,6,1,1,23.9,64.7,12.0,Low,24.9,24.7,Cool,28.57,Medium,242.84,20.28,0
B06,Research Lab,Laboratory,35000,4,2025-01-19 17:00:00,17,6,1,1,23.6,70.5,8.0,Low,26.7,5.9,Cool,21.94,Low,186.49,15.58,0
B04,Hostel,Dormitory,60000,6,2025-01-19 20:00:00,20,6,1,1,23.9,68.1,22.8,Low,27.5,47.0,Cool,25.56,Medium,217.26,18.15,0
B01,Academic Block,Classroom,45000,4,2025-01-19 22:00:00,22,6,1,1,23.3,70.3,8.7,Low,34.8,39.7,Cool,29.18,Medium,248.03,20.72,0
B02,Computer Lab,Laboratory,28000,3,2025-01-19 23:00:00,23,6,1,1,23.8,69.7,12.7,Low,30.6,41.3,Cool,20.4,Low,173.4,14.48,0
B06,Research Lab,Laboratory,35000,4,2025-01-19 23:00:00,23,6,1,1,25.6,68.2,11.8,Low,30.3,42.8,Moderate,28.67,Medium,243.7,20.36,0
B03,Library,Library,22000,3,2025-01-20 02:00:00,2,0,1,0,23.6,63.6,5.3,Low,31.4,36.6,Cool,15.0,Low,127.5,10.65,0
B05,Administration,Office,18000,3,2025-01-20 04:00:00,4,0,1,0,19.3,64.7,19.4,Low,19.9,48.4,Cool,17.27,Low,146.79,12.26,0
B05,Administration,Office,18000,3,2025-01-20 05:00:00,5,0,1,0,20.6,69.5,2.0,Low,8.3,40.4,Cool,15.04,Low,127.84,10.68,0
B05,Administration,Office,18000,3,2025-01-20 05:00:00,5,0,1,0,20.3,79.3,16.2,Low,28.2,53.0,Cool,18.86,Low,160.31,13.39,1
B03,Library,Library,22000,3,2025-01-20 08:00:00,8,0,1,0,18.4,70.1,60.9,Medium,47.8,59.9,Cool,23.25,Low,197.62,16.51,0
B03,Library,Library,22000,3,2025-01-20 09:00:00,9,0,1,0,21.2,72.2,56.6,Medium,39.0,60.4,Cool,25.09,Medium,213.26,17.81,0
B05,Administration,Office,18000,3,2025-01-20 11:00:00,11,0,1,0,21.1,68.9,74.3,High,41.9,72.8,Cool,25.89,Medium,220.06,18.38,0
B04,Hostel,Dormitory,60000,6,2025-01-20 12:00:00,12,0,1,0,24.7,79.5,53.8,Medium,37.9,62.2,Moderate,35.33,High,300.3,25.08,0
B02,Computer Lab,Laboratory,28000,3,2025-01-20 14:00:00,14,0,1,0,22.2,66.3,68.5,Medium,36.9,69.7,Cool,33.11,High,281.44,23.51,0
B03,Library,Library,22000,3,2025-01-20 15:00:00,15,0,1,0,22.1,71.5,36.2,Medium,36.8,52.5,Cool,18.84,Low,160.14,13.38,0
B03,Library,Library,22000,3,2025-01-20 16:00:00,16,0,1,0,22.4,62.0,61.5,Medium,47.2,64.6,Cool,25.89,Medium,220.06,18.38,0
B02,Computer Lab,Laboratory,28000,3,2025-01-20 17:00:00,17,0,1,0,23.4,58.4,62.9,Medium,50.0,54.1,Cool,25.1,Medium,213.35,17.82,0
B04,Hostel,Dormitory,60000,6,2025-01-20 17:00:00,17,0,1,0,25.0,65.0,54.7,Medium,44.6,62.7,Moderate,34.24,High,291.04,24.31,0
B02,Computer Lab,Laboratory,28000,3,2025-01-20 17:00:00,17,0,1,0,25.2,73.1,63.1,Medium,40.9,66.9,Moderate,34.08,High,289.68,24.2,0
B05,Administration,Office,18000,3,2025-01-20 21:00:00,21,0,1,0,29.0,66.2,8.6,Low,31.3,45.9,Moderate,19.26,Low,163.71,13.67,0
B02,Computer Lab,Laboratory,28000,3,2025-01-20 23:00:00,23,0,1,0,22.3,52.6,17.3,Low,30.2,41.4,Cool,21.41,Low,181.98,15.2,0
B04,Hostel,Dormitory,60000,6,2025-01-20 23:00:00,23,0,1,0,24.2,70.8,44.5,Medium,33.3,73.8,Moderate,31.63,High,268.86,22.46,0
B02,Computer Lab,Laboratory,28000,3,2025-01-21 01:00:00,1,1,1,0,22.2,56.5,0.0,Low,19.7,39.9,Cool,15.53,Low,132.0,11.03,0
B01,Academic Block,Classroom,45000,4,2025-01-21 03:00:00,3,1,1,0,22.8,72.6,20.3,Low,22.4,43.2,Cool,26.85,Medium,228.23,19.06,0
B04,Hostel,Dormitory,60000,6,2025-01-21 04:00:00,4,1,1,0,23.8,69.8,11.1,Low,22.9,46.9,Cool,36.35,High,308.98,25.81,0
B06,Research Lab,Laboratory,35000,4,2025-01-21 12:00:00,12,1,1,0,23.0,65.6,54.2,Medium,33.9,57.1,Cool,28.12,Medium,239.02,19.97,0
B01,Academic Block,Classroom,45000,4,2025-01-21 13:00:00,13,1,1,0,20.4,73.8,58.1,Medium,40.4,58.6,Cool,23.19,Low,197.12,16.46,0
B02,Computer Lab,Laboratory,28000,3,2025-01-21 14:00:00,14,1,1,0,23.8,64.1,61.5,Medium,36.0,60.7,Cool,34.02,High,289.17,24.15,0
B01,Academic Block,Classroom,45000,4,2025-01-21 14:00:00,14,1,1,0,19.6,70.4,77.7,High,42.6,63.8,Cool,28.65,Medium,243.52,20.34,0
B01,Academic Block,Classroom,45000,4,2025-01-21 16:00:00,16,1,1,0,20.2,58.8,63.9,Medium,47.5,62.6,Cool,32.3,High,274.55,22.93,0
B06,Research Lab,Laboratory,35000,4,2025-01-21 17:00:00,17,1,1,0,23.8,64.2,63.5,Medium,51.8,66.5,Cool,34.56,High,293.76,24.54,0
B04,Hostel,Dormitory,60000,6,2025-01-21 17:00:00,17,1,1,0,25.1,71.4,50.9,Medium,47.4,49.1,Moderate,39.07,High,332.1,27.74,0
B01,Academic Block,Classroom,45000,4,2025-01-21 18:00:00,18,1,1,0,25.0,55.7,55.1,Medium,53.2,56.0,Moderate,29.65,Medium,252.02,21.05,0
B01,Academic Block,Classroom,45000,4,2025-01-21 18:00:00,18,1,1,0,27.3,68.9,65.3,Medium,44.5,61.4,Moderate,33.21,High,282.29,23.58,0
B02,Computer Lab,Laboratory,28000,3,2025-01-21 20:00:00,20,1,1,0,24.9,50.9,7.3,Low,27.2,38.3,Moderate,20.54,Low,174.59,14.58,0
B01,Academic Block,Classroom,45000,4,2025-01-21 20:00:00,20,1,1,0,24.6,57.0,4.9,Low,26.8,29.5,Moderate,14.8,Low,125.8,10.51,0
B06,Research Lab,Laboratory,35000,4,2025-01-22 00:00:00,0,2,1,0,25.5,62.4,9.0,Low,41.2,45.1,Moderate,24.29,Low,206.46,17.25,0
B04,Hostel,Dormitory,60000,6,2025-01-22 02:00:00,2,2,1,0,22.2,68.3,9.8,Low,22.4,42.4,Cool,29.76,Medium,252.96,21.13,0
B04,Hostel,Dormitory,60000,6,2025-01-22 03:00:00,3,2,1,0,22.9,62.7,19.0,Low,33.1,45.2,Cool,27.01,Medium,229.58,19.18,0
B02,Computer Lab,Laboratory,28000,3,2025-01-22 04:00:00,4,2,1,0,22.5,62.8,12.2,Low,35.3,50.1,Cool,23.83,Low,202.55,16.92,0
B06,Research Lab,Laboratory,35000,4,2025-01-22 04:00:00,4,2,1,0,20.3,76.5,2.2,Low,21.6,40.9,Cool,23.7,Low,201.45,16.83,0
B05,Administration,Office,18000,3,2025-01-22 05:00:00,5,2,1,0,22.0,75.7,20.4,Low,24.3,50.0,Cool,22.41,Low,190.48,15.91,0
B01,Academic Block,Classroom,45000,4,2025-01-22 06:00:00,6,2,1,0,24.3,62.6,14.7,Low,27.0,52.3,Moderate,20.67,Low,175.7,14.68,0
B04,Hostel,Dormitory,60000,6,2025-01-22 06:00:00,6,2,1,0,22.8,64.0,14.0,Low,16.1,53.4,Cool,29.66,Medium,252.11,21.06,0
B05,Administration,Office,18000,3,2025-01-22 07:00:00,7,2,1,0,19.6,67.3,18.1,Low,23.6,23.9,Cool,12.18,Low,103.53,8.65,0
B01,Academic Block,Classroom,45000,4,2025-01-22 07:00:00,7,2,1,0,24.4,81.0,11.8,Low,19.9,18.3,Moderate,13.43,Low,114.16,9.54,0
B01,Academic Block,Classroom,45000,4,2025-01-22 09:00:00,9,2,1,0,21.9,67.6,62.8,Medium,46.7,50.9,Cool,28.45,Medium,241.82,20.2,0
B06,Research Lab,Laboratory,35000,4,2025-01-22 10:00:00,10,2,1,0,21.7,78.6,61.2,Medium,32.0,57.4,Cool,28.1,Medium,238.85,19.95,0
B02,Computer Lab,Laboratory,28000,3,2025-01-22 10:00:00,10,2,1,0,20.9,73.4,63.2,Medium,44.5,60.5,Cool,30.79,Medium,261.71,21.86,0
B01,Academic Block,Classroom,45000,4,2025-01-22 13:00:00,13,2,1,0,23.3,65.6,69.3,Medium,53.4,58.8,Cool,35.87,High,304.9,25.47,0
B04,Hostel,Dormitory,60000,6,2025-01-22 14:00:00,14,2,1,0,23.0,62.1,56.7,Medium,46.0,53.3,Cool,36.01,High,306.08,25.57,0
B06,Research Lab,Laboratory,35000,4,2025-01-22 15:00:00,15,2,1,0,23.3,71.8,59.5,Medium,40.3,63.3,Cool,28.74,Medium,244.29,20.41,0
B02,Computer Lab,Laboratory,28000,3,2025-01-22 17:00:00,17,2,1,0,24.0,60.3,51.8,Medium,46.3,55.2,Cool,25.57,Medium,217.34,18.15,0
B04,Hostel,Dormitory,60000,6,2025-01-22 17:00:00,17,2,1,0,25.7,61.7,46.6,Medium,43.0,46.1,Moderate,38.34,High,325.89,27.22,0
B02,Computer Lab,Laboratory,28000,3,2025-01-22 17:00:00,17,2,1,0,25.5,69.2,68.4,Medium,47.5,72.5,Moderate,33.6,High,285.6,23.86,0
B04,Hostel,Dormitory,60000,6,2025-01-22 18:00:00,18,2,1,0,24.3,63.9,51.2,Medium,39.9,46.7,Moderate,31.08,High,264.18,22.07,0
B01,Academic Block,Classroom,45000,4,2025-01-22 21:00:00,21,2,1,0,22.5,64.2,4.1,Low,25.0,40.6,Cool,17.32,Low,147.22,12.3,0
B03,Library,Library,22000,3,2025-01-22 22:00:00,22,2,1,0,24.6,63.2,3.4,Low,16.5,36.4,Moderate,12.63,Low,107.36,8.97,0
B02,Computer Lab,Laboratory,28000,3,2025-01-22 22:00:00,22,2,1,0,23.5,61.4,2.6,Low,20.6,37.4,Cool,23.93,Low,203.4,16.99,0
B05,Administration,Office,18000,3,2025-01-22 23:00:00,23,2,1,0,23.5,69.3,17.8,Low,31.2,49.9,Cool,14.86,Low,126.31,10.55,0
B01,Academic Block,Classroom,45000,4,2025-01-22 23:00:00,23,2,1,0,24.0,66.1,14.2,Low,25.5,51.6,Cool,25.28,Medium,214.88,17.95,0
B02,Computer Lab,Laboratory,28000,3,2025-01-22 23:00:00,23,2,1,0,22.6,57.4,24.9,Low,22.0,57.2,Cool,29.63,Medium,251.86,21.04,0
B03,Library,Library,22000,3,2025-01-23 00:00:00,0,3,1,0,21.4,64.5,16.0,Low,20.3,52.5,Cool,15.31,Low,130.14,10.87,0
B06,Research Lab,Laboratory,35000,4,2025-01-23 01:00:00,1,3,1,0,23.8,63.4,16.5,Low,30.0,42.3,Cool,23.64,Low,200.94,16.78,0
B01,Academic Block,Classroom,45000,4,2025-01-23 01:00:00,1,3,1,0,23.4,63.7,25.9,Low,34.5,53.0,Cool,25.59,Medium,217.52,18.17,0
B01,Academic Block,Classroom,45000,4,2025-01-23 02:00:00,2,3,1,0,22.8,71.0,5.2,Low,29.8,34.2,Cool,16.71,Low,142.04,11.86,0
B03,Library,Library,22000,3,2025-01-23 04:00:00,4,3,1,0,22.6,62.0,1.5,Low,26.3,29.6,Cool,13.65,Low,116.02,9.69,0
B02,Computer Lab,Laboratory,28000,3,2025-01-23 05:00:00,5,3,1,0,20.4,87.6,15.9,Low,30.2,51.4,Cool,24.02,Low,204.17,17.05,0
B02,Computer Lab,Laboratory,28000,3,2025-01-23 05:00:00,5,3,1,0,21.9,77.2,10.3,Low,12.1,32.9,Cool,16.66,Low,141.61,11.83,0
B04,Hostel,Dormitory,60000,6,2025-01-23 07:00:00,7,3,1,0,22.9,76.3,14.1,Low,31.1,22.7,Cool,36.11,High,306.94,25.64,0
B01,Academic Block,Classroom,45000,4,2025-01-23 09:00:00,9,3,1,0,20.5,61.4,75.2,High,43.2,68.7,Cool,30.14,Medium,256.19,21.4,0
B01,Academic Block,Classroom,45000,4,2025-01-23 11:00:00,11,3,1,0,24.3,51.3,71.9,High,40.7,67.9,Moderate,30.66,Medium,260.61,21.77,0
B04,Hostel,Dormitory,60000,6,2025-01-23 11:00:00,11,3,1,0,21.5,65.4,61.6,Medium,44.9,55.5,Cool,34.08,High,289.68,24.2,0
B02,Computer Lab,Laboratory,28000,3,2025-01-23 12:00:00,12,3,1,0,20.6,70.6,52.4,Medium,39.4,50.6,Cool,26.71,Medium,227.04,18.96,0
B05,Administration,Office,18000,3,2025-01-23 12:00:00,12,3,1,0,23.1,65.4,69.0,Medium,51.4,76.1,Cool,23.71,Low,201.54,16.83,0
B06,Research Lab,Laboratory,35000,4,2025-01-23 12:00:00,12,3,1,0,21.7,63.9,53.4,Medium,35.5,53.7,Cool,22.2,Low,188.7,15.76,0
B05,Administration,Office,18000,3,2025-01-23 13:00:00,13,3,1,0,23.9,53.7,74.4,High,49.4,66.4,Cool,24.73,Medium,210.2,17.56,0
B06,Research Lab,Laboratory,35000,4,2025-01-23 15:00:00,15,3,1,0,24.0,61.1,61.9,Medium,34.5,62.6,Cool,36.94,High,313.99,26.23,0
B06,Research Lab,Laboratory,35000,4,2025-01-23 15:00:00,15,3,1,0,22.9,65.0,62.3,Medium,55.2,62.1,Cool,38.39,High,326.32,27.26,0
B06,Research Lab,Laboratory,35000,4,2025-01-23 20:00:00,20,3,1,0,27.1,59.9,7.9,Low,23.9,50.5,Moderate,21.11,Low,179.44,14.99,0
B04,Hostel,Dormitory,60000,6,2025-01-23 21:00:00,21,3,1,0,24.0,62.3,28.3,Low,28.6,54.9,Cool,25.84,Medium,219.64,18.35,0
B04,Hostel,Dormitory,60000,6,2025-01-23 23:00:00,23,3,1,0,21.0,62.6,34.8,Low,26.0,63.5,Cool,25.04,Medium,212.84,17.78,0
B06,Research Lab,Laboratory,35000,4,2025-01-23 23:00:00,23,3,1,0,25.6,76.1,24.2,Low,36.2,47.2,Moderate,23.34,Low,198.39,16.57,0
B03,Library,Library,22000,3,2025-01-24 00:00:00,0,4,1,0,24.4,70.4,23.1,Low,27.3,48.7,Moderate,17.3,Low,147.05,12.28,0
B02,Computer Lab,Laboratory,28000,3,2025-01-24 01:00:00,1,4,1,0,25.3,71.5,14.5,Low,37.5,42.8,Moderate,25.07,Medium,213.1,17.8,0
B02,Computer Lab,Laboratory,28000,3,2025-01-24 05:00:00,5,4,1,0,20.2,70.7,9.1,Low,25.1,34.4,Cool,19.89,Low,169.06,14.12,0
B05,Administration,Office,18000,3,2025-01-24 05:00:00,5,4,1,0,21.1,58.8,16.0,Low,16.7,47.2,Cool,19.48,Low,165.58,13.83,0
B03,Library,Library,22000,3,2025-01-24 06:00:00,6,4,1,0,20.6,73.7,20.8,Low,32.0,51.9,Cool,21.74,Low,184.79,15.44,0
B01,Academic Block,Classroom,45000,4,2025-01-24 07:00:00,7,4,1,0,22.4,76.5,13.5,Low,30.9,25.8,Cool,23.94,Low,203.49,17.0,0
B05,Administration,Office,18000,3,2025-01-24 07:00:00,7,4,1,0,21.9,77.9,9.3,Low,18.9,13.9,Cool,13.77,Low,117.04,9.78,0
B02,Computer Lab,Laboratory,28000,3,2025-01-24 07:00:00,7,4,1,0,21.3,72.3,16.8,Low,19.0,22.8,Cool,24.24,Low,206.04,17.21,0
B02,Computer Lab,Laboratory,28000,3,2025-01-24 07:00:00,7,4,1,0,21.3,68.0,10.3,Low,26.0,20.8,Cool,23.01,Low,195.58,16.34,0
B06,Research Lab,Laboratory,35000,4,2025-01-24 08:00:00,8,4,1,0,19.2,69.6,56.3,Medium,43.7,51.4,Cool,25.3,Medium,215.05,17.96,0
B04,Hostel,Dormitory,60000,6,2025-01-24 09:00:00,9,4,1,0,22.1,71.0,50.6,Medium,31.9,42.7,Cool,34.94,High,296.99,24.81,0
B04,Hostel,Dormitory,60000,6,2025-01-24 09:00:00,9,4,1,0,22.1,55.8,55.7,Medium,45.2,61.6,Cool,33.91,High,288.23,24.08,0
B01,Academic Block,Classroom,45000,4,2025-01-24 09:00:00,9,4,1,0,24.4,70.0,65.0,Medium,43.6,71.3,Moderate,34.36,High,292.06,24.4,0
B06,Research Lab,Laboratory,35000,4,2025-01-24 10:00:00,10,4,1,0,21.9,64.1,58.5,Medium,47.6,64.6,Cool,34.03,High,289.26,24.16,0
B02,Computer Lab,Laboratory,28000,3,2025-01-24 10:00:00,10,4,1,0,22.1,82.8,59.8,Medium,31.6,61.3,Cool,34.05,High,289.42,24.18,0
B01,Academic Block,Classroom,45000,4,2025-01-24 13:00:00,13,4,1,0,23.1,64.4,63.9,Medium,39.9,60.0,Cool,23.05,Low,195.92,16.37,0
B03,Library,Library,22000,3,2025-01-24 13:00:00,13,4,1,0,21.3,69.3,65.7,Medium,41.7,75.1,Cool,27.03,Medium,229.76,19.19,0
B05,Administration,Office,18000,3,2025-01-24 14:00:00,14,4,1,0,24.8,66.2,75.6,High,45.6,77.1,Moderate,24.08,Low,204.68,17.1,0
B02,Computer Lab,Laboratory,28000,3,2025-01-24 15:00:00,15,4,1,0,23.3,61.5,56.7,Medium,42.0,53.4,Cool,35.82,High,304.47,25.43,0
B01,Academic Block,Classroom,45000,4,2025-01-24 15:00:00,15,4,1,0,23.1,69.7,61.0,Medium,41.2,68.3,Cool,19.74,Low,167.79,14.02,0
B04,Hostel,Dormitory,60000,6,2025-01-24 16:00:00,16,4,1,0,23.7,68.4,47.8,Medium,38.5,51.7,Cool,35.53,High,302.0,25.23,0
B03,Library,Library,22000,3,2025-01-24 16:00:00,16,4,1,0,23.8,73.1,58.0,Medium,41.1,65.1,Cool,26.6,Medium,226.1,18.89,0
B04,Hostel,Dormitory,60000,6,2025-01-24 17:00:00,17,4,1,0,23.6,71.2,50.4,Medium,32.8,60.8,Cool,26.68,Medium,226.78,18.94,0
B01,Academic Block,Classroom,45000,4,2025-01-24 17:00:00,17,4,1,0,24.6,66.6,57.6,Medium,44.7,54.9,Moderate,31.52,High,267.92,22.38,0
B04,Hostel,Dormitory,60000,6,2025-01-24 18:00:00,18,4,1,0,24.5,59.7,49.9,Medium,41.2,51.8,Moderate,27.42,Medium,233.07,19.47,0
B06,Research Lab,Laboratory,35000,4,2025-01-24 19:00:00,19,4,1,0,24.6,59.8,14.8,Low,23.8,47.3,Moderate,21.96,Low,186.66,15.59,0
B02,Computer Lab,Laboratory,28000,3,2025-01-24 19:00:00,19,4,1,0,25.6,76.1,18.9,Low,40.6,49.6,Moderate,26.25,Medium,223.12,18.64,0
B04,Hostel,Dormitory,60000,6,2025-01-24 21:00:00,21,4,1,0,24.9,65.7,44.3,Medium,42.6,63.1,Moderate,31.36,High,266.56,22.27,0
B04,Hostel,Dormitory,60000,6,2025-01-24 22:00:00,22,4,1,0,23.8,80.5,28.9,Low,37.7,57.2,Cool,32.79,High,278.71,23.28,0
B02,Computer Lab,Laboratory,28000,3,2025-01-24 23:00:00,23,4,1,0,23.2,60.7,7.6,Low,20.0,39.2,Cool,20.94,Low,177.99,14.87,0
B03,Library,Library,22000,3,2025-01-25 00:00:00,0,5,1,1,24.1,81.1,10.2,Low,13.5,41.3,Moderate,18.15,Low,154.27,12.89,0
B04,Hostel,Dormitory,60000,6,2025-01-25 01:00:00,1,5,1,1,22.3,60.6,5.4,Low,32.9,31.2,Cool,24.75,Medium,210.38,17.57,0
B02,Computer Lab,Laboratory,28000,3,2025-01-25 02:00:00,2,5,1,1,21.7,64.6,7.1,Low,23.5,39.2,Cool,24.5,Medium,208.25,17.4,0
B04,Hostel,Dormitory,60000,6,2025-01-25 02:00:00,2,5,1,1,21.7,70.7,7.1,Low,24.7,51.0,Cool,34.33,High,291.8,24.37,1
B01,Academic Block,Classroom,45000,4,2025-01-25 04:00:00,4,5,1,1,22.3,74.1,14.3,Low,27.5,48.0,Cool,28.99,Medium,246.42,20.58,0
B01,Academic Block,Classroom,45000,4,2025-01-25 05:00:00,5,5,1,1,23.3,71.1,6.2,Low,26.9,38.1,Cool,21.44,Low,182.24,15.22,0
B01,Academic Block,Classroom,45000,4,2025-01-25 06:00:00,6,5,1,1,21.7,54.2,17.8,Low,19.8,51.0,Cool,22.84,Low,194.14,16.22,0
B02,Computer Lab,Laboratory,28000,3,2025-01-25 08:00:00,8,5,1,1,22.3,63.2,20.0,Low,21.4,37.0,Cool,23.17,Low,196.95,16.45,0
B04,Hostel,Dormitory,60000,6,2025-01-25 10:00:00,10,5,1,1,21.1,60.1,4.1,Low,15.3,14.5,Cool,26.36,Medium,224.06,18.72,0
B04,Hostel,Dormitory,60000,6,2025-01-25 12:00:00,12,5,1,1,22.2,57.6,2.9,Low,24.7,25.6,Cool,27.13,Medium,230.6,19.26,0
B01,Academic Block,Classroom,45000,4,2025-01-25 12:00:00,12,5,1,1,24.4,65.4,8.2,Low,19.9,15.8,Moderate,24.98,Medium,212.33,17.74,0
B03,Library,Library,22000,3,2025-01-25 13:00:00,13,5,1,1,23.7,51.3,9.2,Low,17.1,19.9,Cool,10.03,Low,85.26,7.12,0
B06,Research Lab,Laboratory,35000,4,2025-01-25 13:00:00,13,5,1,1,23.8,73.0,20.9,Low,26.7,28.3,Cool,20.92,Low,177.82,14.85,0
B04,Hostel,Dormitory,60000,6,2025-01-25 13:00:00,13,5,1,1,22.0,72.6,11.6,Low,22.4,29.8,Cool,29.44,Medium,250.24,20.9,0
B06,Research Lab,Laboratory,35000,4,2025-01-25 14:00:00,14,5,1,1,22.9,78.0,14.9,Low,26.5,20.6,Cool,21.99,Low,186.92,15.61,0
B05,Administration,Office,18000,3,2025-01-25 14:00:00,14,5,1,1,23.6,58.7,14.9,Low,25.2,31.5,Cool,20.81,Low,176.88,14.78,0
B02,Computer Lab,Laboratory,28000,3,2025-01-25 15:00:00,15,5,1,1,22.6,60.1,5.8,Low,26.0,18.4,Cool,28.09,Medium,238.76,19.94,0
B05,Administration,Office,18000,3,2025-01-25 16:00:00,16,5,1,1,20.4,76.0,10.2,Low,30.6,23.3,Cool,15.98,Low,135.83,11.35,0
B04,Hostel,Dormitory,60000,6,2025-01-25 18:00:00,18,5,1,1,25.3,72.7,11.9,Low,30.4,29.9,Moderate,22.87,Low,194.4,16.24,0
B06,Research Lab,Laboratory,35000,4,2025-01-25 18:00:00,18,5,1,1,26.1,73.6,14.6,Low,39.5,28.4,Moderate,22.25,Low,189.12,15.8,0
B06,Research Lab,Laboratory,35000,4,2025-01-25 18:00:00,18,5,1,1,24.8,73.2,2.0,Low,29.0,22.9,Moderate,15.39,Low,130.82,10.93,0
B06,Research Lab,Laboratory,35000,4,2025-01-25 18:00:00,18,5,1,1,23.8,67.5,7.8,Low,20.2,26.1,Cool,24.47,Medium,208.0,17.37,0
B01,Academic Block,Classroom,45000,4,2025-01-25 18:00:00,18,5,1,1,24.2,62.4,12.1,Low,23.1,37.2,Moderate,19.13,Low,162.6,13.58,0
B04,Hostel,Dormitory,60000,6,2025-01-25 19:00:00,19,5,1,1,21.8,72.7,28.9,Low,24.7,62.4,Cool,30.95,High,263.08,21.97,0
B05,Administration,Office,18000,3,2025-01-25 20:00:00,20,5,1,1,24.4,62.4,2.2,Low,23.9,37.3,Moderate,14.34,Low,121.89,10.18,0
B01,Academic Block,Classroom,45000,4,2025-01-25 21:00:00,21,5,1,1,23.2,67.2,6.9,Low,22.9,40.5,Cool,26.09,Medium,221.76,18.52,0
B04,Hostel,Dormitory,60000,6,2025-01-25 23:00:00,23,5,1,1,23.3,63.7,22.3,Low,33.7,60.4,Cool,31.89,High,271.06,22.64,0
B04,Hostel,Dormitory,60000,6,2025-01-25 23:00:00,23,5,1,1,22.6,68.8,41.7,Medium,34.7,67.9,Cool,33.01,High,280.58,23.44,0
B01,Academic Block,Classroom,45000,4,2025-01-25 23:00:00,23,5,1,1,22.4,75.8,9.8,Low,25.6,45.0,Cool,19.7,Low,167.45,13.99,0
B01,Academic Block,Classroom,45000,4,2025-01-26 00:00:00,0,6,1,1,22.5,64.6,11.5,Low,17.9,49.7,Cool,24.67,Medium,209.7,17.52,0
B02,Computer Lab,Laboratory,28000,3,2025-01-26 02:00:00,2,6,1,1,23.9,62.4,5.1,Low,26.7,37.3,Cool,17.45,Low,148.32,12.39,0
B04,Hostel,Dormitory,60000,6,2025-01-26 04:00:00,4,6,1,1,21.2,67.3,13.6,Low,21.9,41.0,Cool,24.28,Low,206.38,17.24,0
B06,Research Lab,Laboratory,35000,4,2025-01-26 05:00:00,5,6,1,1,19.9,60.8,16.9,Low,22.6,50.8,Cool,22.65,Low,192.52,16.08,0
B04,Hostel,Dormitory,60000,6,2025-01-26 05:00:00,5,6,1,1,22.7,71.5,5.6,Low,19.3,37.0,Cool,34.76,High,295.46,24.68,0
B01,Academic Block,Classroom,45000,4,2025-01-26 05:00:00,5,6,1,1,21.8,68.4,5.7,Low,31.1,47.1,Cool,22.87,Low,194.4,16.24,0
B03,Library,Library,22000,3,2025-01-26 07:00:00,7,6,1,1,17.5,70.8,8.5,Low,15.9,9.4,Cool,14.43,Low,122.66,10.25,0
B01,Academic Block,Classroom,45000,4,2025-01-26 08:00:00,8,6,1,1,22.5,69.3,2.2,Low,25.7,14.4,Cool,21.67,Low,184.2,15.39,0
B06,Research Lab,Laboratory,35000,4,2025-01-26 10:00:00,10,6,1,1,21.4,57.6,14.7,Low,24.9,27.8,Cool,24.31,Low,206.64,17.26,0
B02,Computer Lab,Laboratory,28000,3,2025-01-26 11:00:00,11,6,1,1,22.7,76.6,17.3,Low,19.2,25.1,Cool,20.22,Low,171.87,14.36,0
B01,Academic Block,Classroom,45000,4,2025-01-26 13:00:00,13,6,1,1,22.1,63.7,2.0,Low,19.1,24.2,Cool,17.03,Low,144.76,12.09,0
B01,Academic Block,Classroom,45000,4,2025-01-26 13:00:00,13,6,1,1,24.9,62.5,18.2,Low,17.6,30.4,Moderate,20.6,Low,175.1,14.63,0
B04,Hostel,Dormitory,60000,6,2025-01-26 13:00:00,13,6,1,1,21.9,73.5,18.2,Low,36.7,25.9,Cool,29.01,Medium,246.58,20.6,0
B05,Administration,Office,18000,3,2025-01-26 13:00:00,13,6,1,1,18.5,74.5,0.0,Low,17.8,16.9,Cool,8.46,Low,71.91,6.01,0
B01,Academic Block,Classroom,45000,4,2025-01-26 14:00:00,14,6,1,1,21.7,81.6,4.3,Low,28.2,11.8,Cool,20.1,Low,170.85,14.27,0
B05,Administration,Office,18000,3,2025-01-26 15:00:00,15,6,1,1,24.3,58.8,7.8,Low,34.9,24.1,Moderate,16.91,Low,143.74,12.01,0
B04,Hostel,Dormitory,60000,6,2025-01-26 15:00:00,15,6,1,1,23.7,59.5,16.0,Low,25.3,34.3,Cool,26.98,Medium,229.33,19.16,0
B04,Hostel,Dormitory,60000,6,2025-01-26 17:00:00,17,6,1,1,24.2,57.3,15.1,Low,29.4,26.2,Moderate,33.08,High,281.18,23.49,0
B06,Research Lab,Laboratory,35000,4,2025-01-26 19:00:00,19,6,1,1,23.4,67.2,5.5,Low,25.6,39.8,Cool,24.36,Low,207.06,17.3,0
B03,Library,Library,22000,3,2025-01-26 19:00:00,19,6,1,1,25.0,63.1,23.4,Low,45.0,47.6,Moderate,18.38,Low,156.23,13.05,0
B05,Administration,Office,18000,3,2025-01-26 20:00:00,20,6,1,1,25.0,60.1,7.1,Low,26.7,37.2,Moderate,14.69,Low,124.86,10.43,0
B01,Academic Block,Classroom,45000,4,2025-01-26 22:00:00,22,6,1,1,24.7,64.8,6.2,Low,26.7,45.6,Moderate,27.07,Medium,230.1,19.22,0
B01,Academic Block,Classroom,45000,4,2025-01-26 22:00:00,22,6,1,1,25.5,57.4,3.9,Low,19.3,38.0,Moderate,19.39,Low,164.82,13.77,0
B01,Academic Block,Classroom,45000,4,2025-01-26 23:00:00,23,6,1,1,24.7,76.1,10.7,Low,23.2,54.8,Moderate,20.53,Low,174.5,14.58,0
B01,Academic Block,Classroom,45000,4,2025-01-27 01:00:00,1,0,1,0,23.2,61.5,18.3,Low,25.6,52.2,Cool,21.12,Low,179.52,15.0,0
B03,Library,Library,22000,3,2025-01-27 01:00:00,1,0,1,0,22.1,63.3,5.7,Low,30.0,34.2,Cool,17.39,Low,147.82,12.35,0
B01,Academic Block,Classroom,45000,4,2025-01-27 04:00:00,4,0,1,0,24.1,49.0,13.5,Low,39.9,57.3,Moderate,26.13,Medium,222.1,18.55,0
B01,Academic Block,Classroom,45000,4,2025-01-27 05:00:00,5,0,1,0,24.6,53.8,13.4,Low,32.4,38.5,Moderate,25.97,Medium,220.74,18.44,0
B03,Library,Library,22000,3,2025-01-27 07:00:00,7,0,1,0,23.7,61.9,11.8,Low,29.3,22.5,Cool,14.43,Low,122.66,10.25,0
B01,Academic Block,Classroom,45000,4,2025-01-27 08:00:00,8,0,1,0,22.1,65.2,68.9,Medium,48.4,68.1,Cool,37.1,High,315.35,26.34,0
B01,Academic Block,Classroom,45000,4,2025-01-27 09:00:00,9,0,1,0,18.6,75.2,72.9,High,41.4,71.8,Cool,33.44,High,284.24,23.74,0
B03,Library,Library,22000,3,2025-01-27 10:00:00,10,0,1,0,18.6,59.7,56.8,Medium,48.2,55.1,Cool,23.24,Low,197.54,16.5,0
B01,Academic Block,Classroom,45000,4,2025-01-27 10:00:00,10,0,1,0,20.5,71.8,73.9,High,37.3,71.1,Cool,34.19,High,290.62,24.27,0
B04,Hostel,Dormitory,60000,6,2025-01-27 13:00:00,13,0,1,0,22.4,71.4,43.3,Medium,33.1,54.7,Cool,39.88,High,338.98,28.31,0
B02,Computer Lab,Laboratory,28000,3,2025-01-27 13:00:00,13,0,1,0,22.4,71.8,55.7,Medium,44.1,64.1,Cool,30.77,Medium,261.54,21.85,0
B04,Hostel,Dormitory,60000,6,2025-01-27 15:00:00,15,0,1,0,23.9,73.1,43.3,Medium,35.7,57.2,Cool,39.77,High,338.04,28.24,0
B03,Library,Library,22000,3,2025-01-27 17:00:00,17,0,1,0,22.4,58.9,58.7,Medium,56.1,55.3,Cool,22.14,Low,188.19,15.72,0
B01,Academic Block,Classroom,45000,4,2025-01-27 18:00:00,18,0,1,0,27.2,67.0,75.2,High,59.7,73.5,Moderate,27.85,Medium,236.73,19.77,0
B04,Hostel,Dormitory,60000,6,2025-01-27 19:00:00,19,0,1,0,27.2,75.6,29.8,Low,45.7,60.2,Moderate,36.25,High,308.12,25.74,0
B04,Hostel,Dormitory,60000,6,2025-01-28 00:00:00,0,1,1,0,22.1,77.1,14.0,Low,20.5,37.0,Cool,32.32,High,274.72,22.95,0
B03,Library,Library,22000,3,2025-01-28 05:00:00,5,1,1,0,18.9,83.1,1.5,Low,26.3,35.2,Cool,11.8,Low,100.3,8.38,0
B06,Research Lab,Laboratory,35000,4,2025-01-28 05:00:00,5,1,1,0,21.5,69.5,12.2,Low,29.1,47.5,Cool,29.12,Medium,247.52,20.68,0
B02,Computer Lab,Laboratory,28000,3,2025-01-28 06:00:00,6,1,1,0,23.3,62.2,0.3,Low,31.8,35.1,Cool,19.73,Low,167.7,14.01,0
B05,Administration,Office,18000,3,2025-01-28 10:00:00,10,1,1,0,21.3,50.2,63.1,Medium,28.9,59.5,Cool,24.67,Medium,209.7,17.52,0
B02,Computer Lab,Laboratory,28000,3,2025-01-28 11:00:00,11,1,1,0,22.1,58.6,45.3,Medium,31.4,51.4,Cool,27.09,Medium,230.26,19.23,0
B01,Academic Block,Classroom,45000,4,2025-01-28 11:00:00,11,1,1,0,21.0,64.5,78.5,High,49.5,80.5,Cool,35.07,High,298.1,24.9,0
B01,Academic Block,Classroom,45000,4,2025-01-28 12:00:00,12,1,1,0,22.3,64.7,66.2,Medium,45.9,66.2,Cool,33.17,High,281.94,23.55,0
B05,Administration,Office,18000,3,2025-01-28 13:00:00,13,1,1,0,24.0,60.3,62.1,Medium,45.1,51.3,Cool,23.32,Low,198.22,16.56,0
B04,Hostel,Dormitory,60000,6,2025-01-28 14:00:00,14,1,1,0,23.7,68.4,64.4,Medium,36.4,69.8,Cool,34.76,High,295.46,24.68,0
B06,Research Lab,Laboratory,35000,4,2025-01-28 14:00:00,14,1,1,0,24.0,67.2,59.3,Medium,45.5,53.6,Cool,32.19,High,273.62,22.85,0
B06,Research Lab,Laboratory,35000,4,2025-01-28 14:00:00,14,1,1,0,20.6,68.8,47.5,Medium,38.5,45.2,Cool,27.79,Medium,236.22,19.73,0
B03,Library,Library,22000,3,2025-01-28 15:00:00,15,1,1,0,26.8,69.1,51.9,Medium,46.8,55.7,Moderate,22.36,Low,190.06,15.88,0
B01,Academic Block,Classroom,45000,4,2025-01-28 15:00:00,15,1,1,0,21.1,64.8,80.2,High,47.8,77.0,Cool,34.35,High,291.98,24.39,0
B02,Computer Lab,Laboratory,28000,3,2025-01-28 15:00:00,15,1,1,0,23.9,73.6,52.5,Medium,47.4,51.6,Cool,26.33,Medium,223.8,18.69,0
B05,Administration,Office,18000,3,2025-01-28 17:00:00,17,1,1,0,24.3,57.1,59.6,Medium,44.1,63.8,Moderate,23.31,Low,198.14,16.55,0
B04,Hostel,Dormitory,60000,6,2025-01-28 18:00:00,18,1,1,0,24.7,63.1,61.8,Medium,39.0,61.7,Moderate,34.04,High,289.34,24.17,0
B01,Academic Block,Classroom,45000,4,2025-01-28 18:00:00,18,1,1,0,26.1,66.3,61.2,Medium,57.2,53.6,Moderate,36.99,High,314.42,26.26,0
B02,Computer Lab,Laboratory,28000,3,2025-01-29 01:00:00,1,2,1,0,22.6,53.5,11.3,Low,33.1,38.9,Cool,22.96,Low,195.16,16.3,0
B05,Administration,Office,18000,3,2025-01-29 03:00:00,3,2,1,0,22.0,63.9,21.5,Low,27.3,50.0,Cool,12.57,Low,106.84,8.92,0
B02,Computer Lab,Laboratory,28000,3,2025-01-29 03:00:00,3,2,1,0,20.9,73.3,8.0,Low,28.1,41.6,Cool,26.3,Medium,223.55,18.67,0
B01,Academic Block,Classroom,45000,4,2025-01-29 04:00:00,4,2,1,0,23.8,63.0,6.4,Low,16.3,37.4,Cool,14.92,Low,126.82,10.59,0
B05,Administration,Office,18000,3,2025-01-29 05:00:00,5,2,1,0,22.1,54.6,0.0,Low,19.3,26.1,Cool,21.55,Low,183.18,15.3,0
B06,Research Lab,Laboratory,35000,4,2025-01-29 06:00:00,6,2,1,0,22.4,60.9,4.3,Low,11.9,35.0,Cool,21.79,Low,185.22,15.47,0
B03,Library,Library,22000,3,2025-01-29 07:00:00,7,2,1,0,22.4,57.7,5.8,Low,29.5,23.0,Cool,14.29,Low,121.46,10.15,0
B04,Hostel,Dormitory,60000,6,2025-01-29 07:00:00,7,2,1,0,24.2,69.1,9.5,Low,18.3,22.8,Moderate,25.67,Medium,218.2,18.23,0
B06,Research Lab,Laboratory,35000,4,2025-01-29 07:00:00,7,2,1,0,23.9,66.7,14.5,Low,26.0,30.8,Cool,18.18,Low,154.53,12.91,0
B02,Computer Lab,Laboratory,28000,3,2025-01-29 10:00:00,10,2,1,0,21.9,56.5,58.5,Medium,41.8,63.1,Cool,28.67,Medium,243.7,20.36,0
B02,Computer Lab,Laboratory,28000,3,2025-01-29 12:00:00,12,2,1,0,22.4,55.6,50.2,Medium,43.2,44.3,Cool,25.83,Medium,219.55,18.34,0
B03,Library,Library,22000,3,2025-01-29 14:00:00,14,2,1,0,22.4,62.0,64.4,Medium,46.4,60.3,Cool,25.27,Medium,214.8,17.94,0
B01,Academic Block,Classroom,45000,4,2025-01-29 15:00:00,15,2,1,0,24.8,65.4,58.9,Medium,52.5,62.9,Moderate,34.21,High,290.79,24.29,0
B04,Hostel,Dormitory,60000,6,2025-01-29 15:00:00,15,2,1,0,24.7,60.5,63.6,Medium,51.9,65.5,Moderate,38.62,High,328.27,27.42,0
B01,Academic Block,Classroom,45000,4,2025-01-29 17:00:00,17,2,1,0,23.5,68.7,67.7,Medium,54.2,68.5,Cool,28.23,Medium,239.96,20.04,0
B06,Research Lab,Laboratory,35000,4,2025-01-29 21:00:00,21,2,1,0,26.2,66.2,19.3,Low,23.8,54.8,Moderate,22.2,Low,188.7,15.76,0
B05,Administration,Office,18000,3,2025-01-29 21:00:00,21,2,1,0,26.6,67.4,15.7,Low,30.9,53.4,Moderate,19.56,Low,166.26,13.89,0
B05,Administration,Office,18000,3,2025-01-29 23:00:00,23,2,1,0,22.9,56.8,22.5,Low,32.2,43.5,Cool,20.05,Low,170.42,14.24,0
B01,Academic Block,Classroom,45000,4,2025-01-30 01:00:00,1,3,1,0,24.0,63.9,11.7,Low,37.1,42.0,Cool,23.82,Low,202.47,16.91,0
B03,Library,Library,22000,3,2025-01-30 04:00:00,4,3,1,0,22.1,74.8,10.1,Low,20.7,46.1,Cool,19.2,Low,163.2,13.63,0
B06,Research Lab,Laboratory,35000,4,2025-01-30 04:00:00,4,3,1,0,22.2,62.5,14.1,Low,37.1,49.8,Cool,26.37,Medium,224.14,18.72,0
B04,Hostel,Dormitory,60000,6,2025-01-30 04:00:00,4,3,1,0,20.8,62.7,10.1,Low,25.7,51.6,Cool,29.92,Medium,254.32,21.24,0
B03,Library,Library,22000,3,2025-01-30 06:00:00,6,3,1,0,18.7,66.6,15.2,Low,21.1,54.1,Cool,21.13,Low,179.6,15.0,0
B01,Academic Block,Classroom,45000,4,2025-01-30 07:00:00,7,3,1,0,20.1,65.3,22.8,Low,21.1,38.1,Cool,29.99,Medium,254.92,21.29,0
B04,Hostel,Dormitory,60000,6,2025-01-30 07:00:00,7,3,1,0,19.9,69.9,0.2,Low,24.5,13.1,Cool,27.23,Medium,231.46,19.33,0
B05,Administration,Office,18000,3,2025-01-30 07:00:00,7,3,1,0,21.8,63.5,11.5,Low,20.2,28.2,Cool,26.1,Medium,221.85,18.53,0
B01,Academic Block,Classroom,45000,4,2025-01-30 07:00:00,7,3,1,0,21.8,53.4,27.4,Low,28.0,45.8,Cool,25.29,Medium,214.96,17.96,0
B05,Administration,Office,18000,3,2025-01-30 08:00:00,8,3,1,0,21.7,75.9,60.0,Medium,42.0,67.8,Cool,24.48,Medium,208.08,17.38,0
B01,Academic Block,Classroom,45000,4,2025-01-30 08:00:00,8,3,1,0,19.1,73.3,73.7,High,47.0,72.5,Cool,39.16,High,332.86,27.8,0
B04,Hostel,Dormitory,60000,6,2025-01-30 11:00:00,11,3,1,0,20.1,70.0,57.1,Medium,51.5,65.4,Cool,36.31,High,308.64,25.78,0
B02,Computer Lab,Laboratory,28000,3,2025-01-30 11:00:00,11,3,1,0,20.9,67.6,48.7,Medium,39.4,53.0,Cool,21.02,Low,178.67,14.92,0
B01,Academic Block,Classroom,45000,4,2025-01-30 13:00:00,13,3,1,0,22.7,64.6,68.7,Medium,41.7,68.0,Cool,27.26,Medium,231.71,19.35,0
B01,Academic Block,Classroom,45000,4,2025-01-30 14:00:00,14,3,1,0,22.7,61.2,68.1,Medium,40.6,65.3,Cool,33.95,High,288.58,24.1,0
B01,Academic Block,Classroom,45000,4,2025-01-30 15:00:00,15,3,1,0,24.2,52.5,88.9,High,65.1,75.1,Moderate,37.35,High,317.48,26.52,0
B01,Academic Block,Classroom,45000,4,2025-01-30 16:00:00,16,3,1,0,25.7,75.8,48.2,Medium,40.4,56.3,Moderate,25.45,Medium,216.32,18.07,0
B04,Hostel,Dormitory,60000,6,2025-01-30 17:00:00,17,3,1,0,23.1,66.7,39.7,Medium,39.4,44.6,Cool,26.11,Medium,221.94,18.54,0
B03,Library,Library,22000,3,2025-01-30 17:00:00,17,3,1,0,23.2,55.2,53.3,Medium,42.0,56.0,Cool,22.49,Low,191.16,15.97,0
B05,Administration,Office,18000,3,2025-01-30 20:00:00,20,3,1,0,25.4,57.5,9.5,Low,32.0,45.0,Moderate,21.58,Low,183.43,15.32,0
B02,Computer Lab,Laboratory,28000,3,2025-01-30 20:00:00,20,3,1,0,25.1,67.1,5.8,Low,36.0,36.8,Moderate,21.97,Low,186.74,15.6,0
B03,Library,Library,22000,3,2025-01-30 21:00:00,21,3,1,0,26.3,66.0,6.3,Low,31.6,44.5,Moderate,17.09,Low,145.26,12.13,0
B04,Hostel,Dormitory,60000,6,2025-01-30 23:00:00,23,3,1,0,24.6,60.1,36.8,Medium,42.5,62.2,Moderate,30.16,Medium,256.36,21.41,0
B06,Research Lab,Laboratory,35000,4,2025-01-30 23:00:00,23,3,1,0,27.2,55.7,6.1,Low,33.3,39.4,Moderate,23.88,Low,202.98,16.95,0
B01,Academic Block,Classroom,45000,4,2025-01-31 01:00:00,1,4,1,0,21.4,63.9,8.2,Low,20.1,25.6,Cool,23.02,Low,195.67,16.34,0
B03,Library,Library,22000,3,2025-01-31 01:00:00,1,4,1,0,25.0,51.5,19.0,Low,35.0,50.4,Moderate,19.13,Low,162.6,13.58,0
B02,Computer Lab,Laboratory,28000,3,2025-01-31 02:00:00,2,4,1,0,23.6,62.8,17.9,Low,25.2,44.1,Cool,22.08,Low,187.68,15.68,0
B03,Library,Library,22000,3,2025-01-31 02:00:00,2,4,1,0,21.2,64.8,8.7,Low,16.1,40.1,Cool,20.26,Low,172.21,14.38,0
B01,Academic Block,Classroom,45000,4,2025-01-31 02:00:00,2,4,1,0,20.2,79.5,1.7,Low,24.1,32.8,Cool,18.64,Low,158.44,13.23,0
B03,Library,Library,22000,3,2025-01-31 02:00:00,2,4,1,0,21.6,64.6,18.2,Low,29.2,45.5,Cool,34.36,High,292.06,24.4,1
B01,Academic Block,Classroom,45000,4,2025-01-31 03:00:00,3,4,1,0,24.6,67.1,5.4,Low,28.7,38.3,Moderate,21.94,Low,186.49,15.58,0
B04,Hostel,Dormitory,60000,6,2025-01-31 03:00:00,3,4,1,0,24.4,76.7,21.0,Low,31.5,53.6,Moderate,36.74,High,312.29,26.09,0
B01,Academic Block,Classroom,45000,4,2025-01-31 03:00:00,3,4,1,0,22.6,59.4,14.9,Low,25.9,54.0,Cool,26.93,Medium,228.9,19.12,0
B04,Hostel,Dormitory,60000,6,2025-01-31 04:00:00,4,4,1,0,21.7,63.3,10.6,Low,17.2,44.1,Cool,32.78,High,278.63,23.27,0
B02,Computer Lab,Laboratory,28000,3,2025-01-31 06:00:00,6,4,1,0,20.2,65.1,15.1,Low,14.1,44.4,Cool,23.48,Low,199.58,16.67,0
B05,Administration,Office,18000,3,2025-01-31 06:00:00,6,4,1,0,21.3,56.2,0.0,Low,25.3,33.8,Cool,13.37,Low,113.64,9.49,0
B02,Computer Lab,Laboratory,28000,3,2025-01-31 07:00:00,7,4,1,0,20.6,66.7,22.4,Low,33.1,36.9,Cool,28.43,Medium,241.66,20.19,0
B01,Academic Block,Classroom,45000,4,2025-01-31 10:00:00,10,4,1,0,24.1,73.9,65.1,Medium,45.1,66.3,Moderate,32.28,High,274.38,22.92,0
B01,Academic Block,Classroom,45000,4,2025-01-31 10:00:00,10,4,1,0,19.7,75.2,67.8,Medium,52.6,59.9,Cool,32.44,High,275.74,23.03,0
B03,Library,Library,22000,3,2025-01-31 12:00:00,12,4,1,0,22.9,75.0,50.9,Medium,42.4,50.0,Cool,20.54,Low,174.59,14.58,0
B03,Library,Library,22000,3,2025-01-31 12:00:00,12,4,1,0,24.9,60.6,53.7,Medium,46.0,55.7,Moderate,26.89,Medium,228.56,19.09,0
B01,Academic Block,Classroom,45000,4,2025-01-31 17:00:00,17,4,1,0,25.8,56.5,77.8,High,66.2,72.6,Moderate,33.38,High,283.73,23.7,0
B02,Computer Lab,Laboratory,28000,3,2025-01-31 19:00:00,19,4,1,0,23.5,82.0,10.1,Low,18.7,39.9,Cool,19.24,Low,163.54,13.66,0
B01,Academic Block,Classroom,45000,4,2025-01-31 20:00:00,20,4,1,0,23.0,68.1,9.1,Low,24.7,41.0,Cool,23.59,Low,200.52,16.75,0
B04,Hostel,Dormitory,60000,6,2025-01-31 20:00:00,20,4,1,0,25.7,53.2,36.8,Medium,34.4,64.1,Moderate,31.34,High,266.39,22.25,0
B02,Computer Lab,Laboratory,28000,3,2025-01-31 23:00:00,23,4,1,0,24.9,83.0,14.2,Low,28.0,47.7,Moderate,20.23,Low,171.96,14.36,0
B04,Hostel,Dormitory,60000,6,2025-01-31 23:00:00,23,4,1,0,26.5,63.2,42.9,Medium,42.7,67.5,Moderate,32.06,High,272.51,22.76,0
B01,Academic Block,Classroom,45000,4,2025-02-01 02:00:00,2,5,2,1,24.1,45.1,0.0,Low,23.5,39.7,Moderate,25.14,Medium,213.69,17.85,0
B04,Hostel,Dormitory,60000,6,2025-02-01 02:00:00,2,5,2,1,22.6,77.1,8.8,Low,17.7,43.9,Cool,32.99,High,280.42,23.42,0
B05,Administration,Office,18000,3,2025-02-01 03:00:00,3,5,2,1,22.0,51.2,2.0,Low,21.1,31.5,Cool,21.42,Low,182.07,15.21,0
B02,Computer Lab,Laboratory,28000,3,2025-02-01 03:00:00,3,5,2,1,20.8,70.4,20.6,Low,22.3,48.8,Cool,26.16,Medium,222.36,18.57,0
B05,Administration,Office,18000,3,2025-02-01 05:00:00,5,5,2,1,22.1,73.2,3.0,Low,28.4,36.6,Cool,7.73,Low,65.7,5.49,0
B06,Research Lab,Laboratory,35000,4,2025-02-01 05:00:00,5,5,2,1,19.8,73.9,14.3,Low,29.6,45.0,Cool,25.99,Medium,220.92,18.45,0
B05,Administration,Office,18000,3,2025-02-01 06:00:00,6,5,2,1,23.0,77.5,2.9,Low,24.9,33.3,Cool,14.42,Low,122.57,10.24,0
B02,Computer Lab,Laboratory,28000,3,2025-02-01 07:00:00,7,5,2,1,22.3,74.3,8.5,Low,20.7,18.7,Cool,28.35,Medium,240.98,20.13,0
B04,Hostel,Dormitory,60000,6,2025-02-01 09:00:00,9,5,2,1,22.2,80.2,5.0,Low,23.0,23.3,Cool,28.41,Medium,241.48,20.17,0
B04,Hostel,Dormitory,60000,6,2025-02-01 09:00:00,9,5,2,1,19.4,68.8,12.0,Low,28.4,19.1,Cool,25.06,Medium,213.01,17.79,0
B06,Research Lab,Laboratory,35000,4,2025-02-01 10:00:00,10,5,2,1,21.4,65.0,26.2,Low,27.1,33.3,Cool,22.51,Low,191.34,15.98,0
B04,Hostel,Dormitory,60000,6,2025-02-01 10:00:00,10,5,2,1,21.0,65.8,2.0,Low,11.2,22.8,Cool,19.44,Low,165.24,13.8,0
B03,Library,Library,22000,3,2025-02-01 11:00:00,11,5,2,1,22.1,76.9,4.0,Low,25.9,17.7,Cool,15.42,Low,131.07,10.95,0
B06,Research Lab,Laboratory,35000,4,2025-02-01 12:00:00,12,5,2,1,23.1,62.0,16.2,Low,30.8,39.2,Cool,19.35,Low,164.48,13.74,0
B03,Library,Library,22000,3,2025-02-01 13:00:00,13,5,2,1,22.0,73.3,10.9,Low,25.7,31.3,Cool,9.94,Low,84.49,7.06,0
B01,Academic Block,Classroom,45000,4,2025-02-01 13:00:00,13,5,2,1,22.1,61.3,3.1,Low,16.7,6.5,Cool,16.05,Low,136.43,11.4,0
B02,Computer Lab,Laboratory,28000,3,2025-02-01 14:00:00,14,5,2,1,24.3,59.7,8.7,Low,32.9,16.2,Moderate,17.51,Low,148.84,12.43,0
B04,Hostel,Dormitory,60000,6,2025-02-01 15:00:00,15,5,2,1,22.1,75.6,1.4,Low,27.6,16.4,Cool,27.04,Medium,229.84,19.2,0
B04,Hostel,Dormitory,60000,6,2025-02-01 16:00:00,16,5,2,1,23.2,69.5,8.6,Low,26.9,19.9,Cool,28.92,Medium,245.82,20.53,0
B03,Library,Library,22000,3,2025-02-01 17:00:00,17,5,2,1,24.7,50.1,5.2,Low,24.3,22.5,Moderate,15.93,Low,135.4,11.31,0
B02,Computer Lab,Laboratory,28000,3,2025-02-01 17:00:00,17,5,2,1,26.1,58.1,14.2,Low,30.1,29.0,Moderate,21.96,Low,186.66,15.59,0
B01,Academic Block,Classroom,45000,4,2025-02-01 17:00:00,17,5,2,1,23.3,48.4,16.5,Low,25.7,19.9,Cool,23.52,Low,199.92,16.7,0
B01,Academic Block,Classroom,45000,4,2025-02-01 18:00:00,18,5,2,1,27.7,60.2,0.0,Low,27.6,20.9,Moderate,26.04,Medium,221.34,18.49,0
B02,Computer Lab,Laboratory,28000,3,2025-02-01 19:00:00,19,5,2,1,23.2,64.5,12.7,Low,24.5,54.2,Cool,19.21,Low,163.28,13.64,0
B01,Academic Block,Classroom,45000,4,2025-02-01 20:00:00,20,5,2,1,27.6,59.6,0.0,Low,32.0,28.2,Moderate,23.94,Low,203.49,17.0,0
B01,Academic Block,Classroom,45000,4,2025-02-01 21:00:00,21,5,2,1,27.1,71.8,12.0,Low,38.8,42.1,Moderate,25.13,Medium,213.6,17.84,0
B05,Administration,Office,18000,3,2025-02-01 22:00:00,22,5,2,1,22.9,69.6,23.1,Low,38.4,50.7,Cool,20.84,Low,177.14,14.8,0
B03,Library,Library,22000,3,2025-02-02 01:00:00,1,6,2,1,21.5,85.1,9.6,Low,17.9,48.5,Cool,28.34,Medium,240.89,20.12,1
B03,Library,Library,22000,3,2025-02-02 02:00:00,2,6,2,1,24.5,69.1,13.8,Low,24.8,52.9,Moderate,15.28,Low,129.88,10.85,0
B03,Library,Library,22000,3,2025-02-02 02:00:00,2,6,2,1,22.8,70.6,17.2,Low,32.5,45.7,Cool,18.56,Low,157.76,13.18,0
B05,Administration,Office,18000,3,2025-02-02 03:00:00,3,6,2,1,21.4,69.8,17.4,Low,20.6,45.8,Cool,14.3,Low,121.55,10.15,0
B03,Library,Library,22000,3,2025-02-02 03:00:00,3,6,2,1,25.6,62.6,17.8,Low,25.8,53.4,Moderate,15.6,Low,132.6,11.08,0
B04,Hostel,Dormitory,60000,6,2025-02-02 04:00:00,4,6,2,1,20.6,64.0,15.0,Low,19.6,45.2,Cool,32.95,High,280.08,23.39,0
B02,Computer Lab,Laboratory,28000,3,2025-02-02 05:00:00,5,6,2,1,20.9,66.6,6.7,Low,21.3,41.2,Cool,21.65,Low,184.02,15.37,0
B04,Hostel,Dormitory,60000,6,2025-02-02 06:00:00,6,6,2,1,20.7,67.1,16.5,Low,35.6,52.2,Cool,24.0,Low,204.0,17.04,0
B06,Research Lab,Laboratory,35000,4,2025-02-02 06:00:00,6,6,2,1,17.5,70.3,22.4,Low,27.1,55.5,Cool,14.39,Low,122.32,10.22,0
B02,Computer Lab,Laboratory,28000,3,2025-02-02 09:00:00,9,6,2,1,21.6,72.2,15.4,Low,27.0,28.0,Cool,21.21,Low,180.28,15.06,0
B05,Administration,Office,18000,3,2025-02-02 14:00:00,14,6,2,1,22.0,69.5,13.3,Low,17.5,18.4,Cool,12.45,Low,105.82,8.84,0
B04,Hostel,Dormitory,60000,6,2025-02-02 14:00:00,14,6,2,1,24.6,61.7,0.3,Low,31.2,18.2,Moderate,27.26,Medium,231.71,19.35,0
B01,Academic Block,Classroom,45000,4,2025-02-02 15:00:00,15,6,2,1,25.3,59.6,4.6,Low,32.8,23.4,Moderate,22.96,Low,195.16,16.3,0
B03,Library,Library,22000,3,2025-02-02 16:00:00,16,6,2,1,24.7,66.8,7.0,Low,24.5,24.0,Moderate,16.13,Low,137.1,11.45,0
B03,Library,Library,22000,3,2025-02-02 16:00:00,16,6,2,1,24.7,58.8,4.3,Low,22.2,11.4,Moderate,12.28,Low,104.38,8.72,0
B01,Academic Block,Classroom,45000,4,2025-02-02 17:00:00,17,6,2,1,25.0,62.0,10.8,Low,34.9,27.2,Moderate,26.44,Medium,224.74,18.77,0
B05,Administration,Office,18000,3,2025-02-02 18:00:00,18,6,2,1,24.1,62.0,5.5,Low,24.4,15.6,Moderate,10.42,Low,88.57,7.4,0
B02,Computer Lab,Laboratory,28000,3,2025-02-02 19:00:00,19,6,2,1,24.4,82.5,18.1,Low,26.7,36.6,Moderate,26.7,Medium,226.95,18.96,0
B01,Academic Block,Classroom,45000,4,2025-02-02 20:00:00,20,6,2,1,27.4,54.2,9.2,Low,30.7,41.1,Moderate,26.12,Medium,222.02,18.55,0
B02,Computer Lab,Laboratory,28000,3,2025-02-02 21:00:00,21,6,2,1,26.4,58.3,4.2,Low,30.8,32.4,Moderate,19.52,Low,165.92,13.86,0
B02,Computer Lab,Laboratory,28000,3,2025-02-02 23:00:00,23,6,2,1,25.1,61.0,5.5,Low,31.9,39.1,Moderate,23.59,Low,200.52,16.75,0
B05,Administration,Office,18000,3,2025-02-03 00:00:00,0,0,2,0,25.3,61.6,12.5,Low,32.3,38.1,Moderate,16.04,Low,136.34,11.39,0
B03,Library,Library,22000,3,2025-02-03 01:00:00,1,0,2,0,23.9,72.9,10.0,Low,28.5,41.4,Cool,22.55,Low,191.68,16.01,0
B04,Hostel,Dormitory,60000,6,2025-02-03 01:00:00,1,0,2,0,24.2,63.9,12.3,Low,26.8,36.1,Moderate,26.55,Medium,225.68,18.85,0
B03,Library,Library,22000,3,2025-02-03 01:00:00,1,0,2,0,24.9,55.8,10.3,Low,29.7,39.3,Moderate,20.68,Low,175.78,14.68,0
B04,Hostel,Dormitory,60000,6,2025-02-03 02:00:00,2,0,2,0,20.3,78.8,24.0,Low,26.1,54.7,Cool,26.35,Medium,223.98,18.71,0
B04,Hostel,Dormitory,60000,6,2025-02-03 04:00:00,4,0,2,0,23.8,67.8,18.0,Low,27.9,57.3,Cool,31.74,High,269.79,22.54,0
B05,Administration,Office,18000,3,2025-02-03 04:00:00,4,0,2,0,23.7,69.0,6.0,Low,33.7,38.1,Cool,17.75,Low,150.88,12.6,0
B04,Hostel,Dormitory,60000,6,2025-02-03 05:00:00,5,0,2,0,20.9,72.8,0.0,Low,20.3,34.9,Cool,29.17,Medium,247.95,20.71,0
B01,Academic Block,Classroom,45000,4,2025-02-03 06:00:00,6,0,2,0,23.6,57.5,9.5,Low,24.0,46.1,Cool,24.52,Medium,208.42,17.41,0
B02,Computer Lab,Laboratory,28000,3,2025-02-03 07:00:00,7,0,2,0,18.2,70.4,4.0,Low,17.4,20.0,Cool,18.25,Low,155.12,12.96,0
B03,Library,Library,22000,3,2025-02-03 08:00:00,8,0,2,0,22.0,73.1,42.8,Medium,21.8,49.4,Cool,13.7,Low,116.45,9.73,0
B01,Academic Block,Classroom,45000,4,2025-02-03 08:00:00,8,0,2,0,21.5,63.3,71.1,High,57.4,71.8,Cool,28.39,Medium,241.32,20.16,0
B02,Computer Lab,Laboratory,28000,3,2025-02-03 10:00:00,10,0,2,0,21.2,70.2,58.7,Medium,53.7,57.1,Cool,22.69,Low,192.86,16.11,0
B04,Hostel,Dormitory,60000,6,2025-02-03 11:00:00,11,0,2,0,22.1,71.1,58.9,Medium,44.6,55.2,Cool,34.86,High,296.31,24.75,0
B04,Hostel,Dormitory,60000,6,2025-02-03 12:00:00,12,0,2,0,23.3,56.1,50.5,Medium,33.8,54.3,Cool,37.88,High,321.98,26.89,0
B01,Academic Block,Classroom,45000,4,2025-02-03 13:00:00,13,0,2,0,20.2,61.6,65.1,Medium,59.2,52.2,Cool,29.06,Medium,247.01,20.63,0
B05,Administration,Office,18000,3,2025-02-03 15:00:00,15,0,2,0,25.5,48.6,53.8,Medium,36.7,45.1,Moderate,20.49,Low,174.16,14.55,0
B01,Academic Block,Classroom,45000,4,2025-02-03 18:00:00,18,0,2,0,24.6,66.9,62.2,Medium,48.8,69.1,Moderate,29.24,Medium,248.54,20.76,0
B01,Academic Block,Classroom,45000,4,2025-02-03 19:00:00,19,0,2,0,26.9,76.7,0.0,Low,18.5,40.7,Moderate,22.63,Low,192.36,16.07,0
B04,Hostel,Dormitory,60000,6,2025-02-03 21:00:00,21,0,2,0,26.3,59.1,39.3,Medium,28.5,61.1,Moderate,33.78,High,287.13,23.98,0
B05,Administration,Office,18000,3,2025-02-03 22:00:00,22,0,2,0,24.5,64.1,2.8,Low,26.9,30.9,Moderate,13.89,Low,118.06,9.86,0
B04,Hostel,Dormitory,60000,6,2025-02-03 22:00:00,22,0,2,0,25.1,72.0,33.5,Low,39.5,62.8,Moderate,30.12,Medium,256.02,21.39,0
B05,Administration,Office,18000,3,2025-02-03 23:00:00,23,0,2,0,24.8,67.0,10.3,Low,29.4,46.2,Moderate,19.35,Low,164.48,13.74,0
B03,Library,Library,22000,3,2025-02-03 23:00:00,23,0,2,0,27.3,56.3,14.7,Low,43.6,41.6,Moderate,24.42,Low,207.57,17.34,0
B01,Academic Block,Classroom,45000,4,2025-02-03 23:00:00,23,0,2,0,23.1,77.2,12.2,Low,26.0,43.5,Cool,25.9,Medium,220.15,18.39,0
B01,Academic Block,Classroom,45000,4,2025-02-03 23:00:00,23,0,2,0,24.2,67.0,2.7,Low,29.8,28.0,Moderate,17.76,Low,150.96,12.61,0
B06,Research Lab,Laboratory,35000,4,2025-02-04 01:00:00,1,1,2,0,21.6,66.1,9.7,Low,18.7,40.1,Cool,15.13,Low,128.61,10.74,0
B02,Computer Lab,Laboratory,28000,3,2025-02-04 02:00:00,2,1,2,0,23.7,65.0,20.9,Low,38.1,49.5,Cool,23.7,Low,201.45,16.83,0
B02,Computer Lab,Laboratory,28000,3,2025-02-04 06:00:00,6,1,2,0,20.8,72.5,6.2,Low,30.5,40.5,Cool,26.77,Medium,227.54,19.01,0
B04,Hostel,Dormitory,60000,6,2025-02-04 07:00:00,7,1,2,0,20.8,64.1,20.1,Low,25.5,41.2,Cool,22.66,Low,192.61,16.09,0
B05,Administration,Office,18000,3,2025-02-04 08:00:00,8,1,2,0,23.7,77.0,67.3,Medium,48.9,59.6,Cool,23.48,Low,199.58,16.67,0
B01,Academic Block,Classroom,45000,4,2025-02-04 09:00:00,9,1,2,0,20.3,77.6,67.6,Medium,39.5,73.2,Cool,36.69,High,311.86,26.05,0
B03,Library,Library,22000,3,2025-02-04 09:00:00,9,1,2,0,21.3,68.0,49.7,Medium,36.1,49.4,Cool,25.97,Medium,220.74,18.44,0
B05,Administration,Office,18000,3,2025-02-04 09:00:00,9,1,2,0,20.9,68.7,64.6,Medium,47.0,60.0,Cool,25.32,Medium,215.22,17.98,0
B04,Hostel,Dormitory,60000,6,2025-02-04 11:00:00,11,1,2,0,21.5,61.9,47.4,Medium,39.5,55.8,Cool,30.11,Medium,255.94,21.38,0
B04,Hostel,Dormitory,60000,6,2025-02-04 11:00:00,11,1,2,0,26.2,59.6,58.7,Medium,37.7,55.5,Moderate,40.72,High,346.12,28.91,0
B03,Library,Library,22000,3,2025-02-04 13:00:00,13,1,2,0,20.4,60.7,45.9,Medium,29.2,45.0,Cool,20.62,Low,175.27,14.64,0
B02,Computer Lab,Laboratory,28000,3,2025-02-04 14:00:00,14,1,2,0,24.5,64.0,61.0,Medium,42.3,63.8,Moderate,21.5,Low,182.75,15.26,0
B06,Research Lab,Laboratory,35000,4,2025-02-04 15:00:00,15,1,2,0,27.7,63.3,59.0,Medium,52.2,61.6,Moderate,38.22,High,324.87,27.14,0
B04,Hostel,Dormitory,60000,6,2025-02-04 16:00:00,16,1,2,0,26.1,53.0,53.3,Medium,40.5,52.3,Moderate,31.45,High,267.32,22.33,0
B03,Library,Library,22000,3,2025-02-04 18:00:00,18,1,2,0,25.3,69.6,59.9,Medium,38.4,68.9,Moderate,36.03,High,306.26,25.58,0
B01,Academic Block,Classroom,45000,4,2025-02-04 19:00:00,19,1,2,0,23.7,59.9,5.8,Low,9.3,36.8,Cool,19.84,Low,168.64,14.09,0
B04,Hostel,Dormitory,60000,6,2025-02-04 21:00:00,21,1,2,0,27.4,66.0,25.8,Low,51.3,46.4,Moderate,35.41,High,300.98,25.14,0
B02,Computer Lab,Laboratory,28000,3,2025-02-04 21:00:00,21,1,2,0,26.8,69.2,13.5,Low,34.6,39.3,Moderate,23.91,Low,203.24,16.98,0
B05,Administration,Office,18000,3,2025-02-04 22:00:00,22,1,2,0,22.9,75.8,18.8,Low,19.5,43.1,Cool,15.78,Low,134.13,11.2,0
B01,Academic Block,Classroom,45000,4,2025-02-04 23:00:00,23,1,2,0,24.4,73.2,10.3,Low,34.1,40.8,Moderate,26.37,Medium,224.14,18.72,0
B02,Computer Lab,Laboratory,28000,3,2025-02-04 23:00:00,23,1,2,0,23.1,78.1,22.1,Low,38.7,58.7,Cool,25.91,Medium,220.24,18.4,0
B03,Library,Library,22000,3,2025-02-05 01:00:00,1,2,2,0,19.8,74.9,9.9,Low,24.7,33.3,Cool,17.15,Low,145.77,12.18,0
B02,Computer Lab,Laboratory,28000,3,2025-02-05 02:00:00,2,2,2,0,21.7,68.8,7.0,Low,26.2,48.8,Cool,18.45,Low,156.82,13.1,0
B01,Academic Block,Classroom,45000,4,2025-02-05 02:00:00,2,2,2,0,23.7,62.7,15.2,Low,36.2,42.8,Cool,23.82,Low,202.47,16.91,0
B03,Library,Library,22000,3,2025-02-05 05:00:00,5,2,2,0,23.0,65.8,8.2,Low,28.3,38.2,Cool,13.3,Low,113.05,9.44,0
B03,Library,Library,22000,3,2025-02-05 05:00:00,5,2,2,0,21.7,79.0,8.3,Low,26.7,37.2,Cool,18.62,Low,158.27,13.22,0
B06,Research Lab,Laboratory,35000,4,2025-02-05 05:00:00,5,2,2,0,24.2,64.3,13.8,Low,19.6,42.7,Moderate,24.89,Medium,211.56,17.67,0
B03,Library,Library,22000,3,2025-02-05 06:00:00,6,2,2,0,23.4,66.2,18.5,Low,12.6,47.5,Cool,17.9,Low,152.15,12.71,0
B01,Academic Block,Classroom,45000,4,2025-02-05 07:00:00,7,2,2,0,21.4,78.2,14.1,Low,30.1,24.8,Cool,26.99,Medium,229.42,19.16,0
B04,Hostel,Dormitory,60000,6,2025-02-05 07:00:00,7,2,2,0,21.3,66.3,12.8,Low,23.1,25.9,Cool,30.7,Medium,260.95,21.8,0
B01,Academic Block,Classroom,45000,4,2025-02-05 08:00:00,8,2,2,0,22.1,61.8,80.1,High,45.5,64.5,Cool,39.6,High,336.6,28.12,0
B01,Academic Block,Classroom,45000,4,2025-02-05 10:00:00,10,2,2,0,21.8,75.5,71.5,High,50.9,67.8,Cool,35.7,High,303.45,25.35,0
B05,Administration,Office,18000,3,2025-02-05 14:00:00,14,2,2,0,21.4,62.1,60.3,Medium,35.4,62.6,Cool,23.66,Low,201.11,16.8,0
B03,Library,Library,22000,3,2025-02-05 15:00:00,15,2,2,0,23.6,68.9,62.6,Medium,44.6,61.5,Cool,24.18,Low,205.53,17.17,0
B03,Library,Library,22000,3,2025-02-05 17:00:00,17,2,2,0,26.0,65.8,53.2,Medium,46.2,53.5,Moderate,19.47,Low,165.5,13.82,0
B04,Hostel,Dormitory,60000,6,2025-02-05 18:00:00,18,2,2,0,27.3,65.4,55.2,Medium,53.0,53.8,Moderate,41.91,High,356.23,29.76,0
B04,Hostel,Dormitory,60000,6,2025-02-05 18:00:00,18,2,2,0,26.7,46.7,54.8,Medium,49.7,61.3,Moderate,38.85,High,330.22,27.58,0
B05,Administration,Office,18000,3,2025-02-05 21:00:00,21,2,2,0,26.0,69.7,12.0,Low,33.5,46.3,Moderate,16.41,Low,139.49,11.65,0
B02,Computer Lab,Laboratory,28000,3,2025-02-05 22:00:00,22,2,2,0,27.5,62.6,6.9,Low,29.9,39.0,Moderate,23.94,Low,203.49,17.0,0
B03,Library,Library,22000,3,2025-02-05 23:00:00,23,2,2,0,25.6,68.8,11.8,Low,28.3,46.4,Moderate,18.86,Low,160.31,13.39,0
B01,Academic Block,Classroom,45000,4,2025-02-05 23:00:00,23,2,2,0,24.8,68.7,8.7,Low,30.1,46.1,Moderate,23.06,Low,196.01,16.37,0
B03,Library,Library,22000,3,2025-02-06 03:00:00,3,3,2,0,25.3,67.0,13.8,Low,27.8,38.4,Moderate,21.25,Low,180.62,15.09,0
B02,Computer Lab,Laboratory,28000,3,2025-02-06 03:00:00,3,3,2,0,24.2,62.9,15.0,Low,24.2,48.7,Moderate,17.15,Low,145.77,12.18,0
B04,Hostel,Dormitory,60000,6,2025-02-06 04:00:00,4,3,2,0,24.6,62.6,0.0,Low,32.4,30.7,Moderate,30.94,High,262.99,21.97,0
B03,Library,Library,22000,3,2025-02-06 04:00:00,4,3,2,0,20.8,68.0,14.4,Low,21.0,52.2,Cool,22.62,Low,192.27,16.06,0
B01,Academic Block,Classroom,45000,4,2025-02-06 05:00:00,5,3,2,0,20.9,69.5,32.5,Low,28.6,54.6,Cool,21.89,Low,186.06,15.54,0
B06,Research Lab,Laboratory,35000,4,2025-02-06 05:00:00,5,3,2,0,21.0,65.2,9.8,Low,30.8,42.2,Cool,17.58,Low,149.43,12.48,0
B01,Academic Block,Classroom,45000,4,2025-02-06 05:00:00,5,3,2,0,22.5,73.6,18.9,Low,23.4,50.5,Cool,25.45,Medium,216.32,18.07,0
B06,Research Lab,Laboratory,35000,4,2025-02-06 06:00:00,6,3,2,0,24.6,63.0,17.2,Low,32.6,38.6,Moderate,28.49,Medium,242.16,20.23,0
B01,Academic Block,Classroom,45000,4,2025-02-06 07:00:00,7,3,2,0,20.0,62.1,0.5,Low,22.6,4.9,Cool,16.49,Low,140.16,11.71,0
B06,Research Lab,Laboratory,35000,4,2025-02-06 08:00:00,8,3,2,0,23.0,70.8,62.3,Medium,43.1,59.6,Cool,26.45,Medium,224.82,18.78,0
B04,Hostel,Dormitory,60000,6,2025-02-06 10:00:00,10,3,2,0,20.1,82.1,45.1,Medium,33.5,57.2,Cool,26.97,Medium,229.24,19.15,0
B04,Hostel,Dormitory,60000,6,2025-02-06 13:00:00,13,3,2,0,26.3,55.8,49.6,Medium,38.3,51.2,Moderate,38.32,High,325.72,27.21,0
B01,Academic Block,Classroom,45000,4,2025-02-06 13:00:00,13,3,2,0,20.7,67.6,56.4,Medium,43.5,59.7,Cool,29.34,Medium,249.39,20.83,0
B05,Administration,Office,18000,3,2025-02-06 15:00:00,15,3,2,0,25.3,72.2,65.8,Medium,55.6,48.7,Moderate,29.56,Medium,251.26,20.99,0
B01,Academic Block,Classroom,45000,4,2025-02-06 17:00:00,17,3,2,0,26.4,67.9,64.2,Medium,56.4,67.3,Moderate,22.86,Low,194.31,16.23,0
B04,Hostel,Dormitory,60000,6,2025-02-06 18:00:00,18,3,2,0,26.3,68.3,60.4,Medium,51.1,62.7,Moderate,37.71,High,320.54,26.77,0
B03,Library,Library,22000,3,2025-02-06 19:00:00,19,3,2,0,24.2,65.9,2.5,Low,13.0,40.1,Moderate,19.37,Low,164.64,13.75,0
B01,Academic Block,Classroom,45000,4,2025-02-06 21:00:00,21,3,2,0,24.0,47.2,18.4,Low,34.7,49.0,Cool,21.53,Low,183.0,15.29,0
B01,Academic Block,Classroom,45000,4,2025-02-06 22:00:00,22,3,2,0,27.3,65.0,14.9,Low,34.1,39.8,Moderate,27.4,Medium,232.9,19.45,0
B03,Library,Library,22000,3,2025-02-07 00:00:00,0,4,2,0,26.3,66.6,6.0,Low,26.3,35.7,Moderate,13.6,Low,115.6,9.66,0
B04,Hostel,Dormitory,60000,6,2025-02-07 02:00:00,2,4,2,0,25.2,72.7,1.2,Low,30.1,31.3,Moderate,24.64,Medium,209.44,17.49,0
B01,Academic Block,Classroom,45000,4,2025-02-07 03:00:00,3,4,2,0,24.9,59.8,10.0,Low,30.1,45.2,Moderate,23.71,Low,201.54,16.83,0
B06,Research Lab,Laboratory,35000,4,2025-02-07 07:00:00,7,4,2,0,19.5,81.2,13.7,Low,30.8,24.1,Cool,21.67,Low,184.2,15.39,0
B05,Administration,Office,18000,3,2025-02-07 09:00:00,9,4,2,0,19.4,67.3,55.2,Medium,41.4,60.5,Cool,27.93,Medium,237.4,19.83,0
B03,Library,Library,22000,3,2025-02-07 11:00:00,11,4,2,0,21.3,64.6,48.3,Medium,35.3,54.3,Cool,22.63,Low,192.36,16.07,0
B06,Research Lab,Laboratory,35000,4,2025-02-07 14:00:00,14,4,2,0,23.0,61.6,65.7,Medium,42.7,73.0,Cool,37.27,High,316.8,26.46,0
B03,Library,Library,22000,3,2025-02-07 15:00:00,15,4,2,0,23.3,73.7,49.4,Medium,43.3,52.6,Cool,25.77,Medium,219.04,18.3,0
B04,Hostel,Dormitory,60000,6,2025-02-07 18:00:00,18,4,2,0,25.8,56.7,55.1,Medium,38.1,55.2,Moderate,31.87,High,270.9,22.63,0
B01,Academic Block,Classroom,45000,4,2025-02-07 18:00:00,18,4,2,0,27.1,67.7,75.1,High,52.5,71.8,Moderate,34.51,High,293.33,24.5,0
B06,Research Lab,Laboratory,35000,4,2025-02-07 20:00:00,20,4,2,0,25.3,59.1,6.4,Low,15.0,26.4,Moderate,18.9,Low,160.65,13.42,0
B06,Research Lab,Laboratory,35000,4,2025-02-07 20:00:00,20,4,2,0,24.5,65.1,3.3,Low,28.2,35.6,Moderate,27.28,Medium,231.88,19.37,0
B01,Academic Block,Classroom,45000,4,2025-02-07 21:00:00,21,4,2,0,26.8,52.9,18.1,Low,38.8,51.6,Moderate,31.08,High,264.18,22.07,0
B05,Administration,Office,18000,3,2025-02-07 22:00:00,22,4,2,0,25.0,70.5,9.9,Low,24.2,40.9,Moderate,10.29,Low,87.46,7.31,0
B01,Academic Block,Classroom,45000,4,2025-02-07 22:00:00,22,4,2,0,25.6,63.5,8.9,Low,23.0,40.4,Moderate,24.51,Medium,208.34,17.4,0
B04,Hostel,Dormitory,60000,6,2025-02-08 00:00:00,0,5,2,1,24.3,69.5,22.0,Low,37.6,50.0,Moderate,35.74,High,303.79,25.38,0
B02,Computer Lab,Laboratory,28000,3,2025-02-08 02:00:00,2,5,2,1,24.3,64.3,10.1,Low,23.4,50.5,Moderate,25.28,Medium,214.88,17.95,0
B01,Academic Block,Classroom,45000,4,2025-02-08 03:00:00,3,5,2,1,21.7,71.3,13.9,Low,28.7,46.7,Cool,23.33,Low,198.3,16.56,0
B04,Hostel,Dormitory,60000,6,2025-02-08 03:00:00,3,5,2,1,24.3,65.2,0.7,Low,24.3,34.7,Moderate,37.02,High,314.67,26.28,0
B02,Computer Lab,Laboratory,28000,3,2025-02-08 04:00:00,4,5,2,1,22.7,72.0,11.5,Low,22.1,55.7,Cool,23.25,Low,197.62,16.51,0
B04,Hostel,Dormitory,60000,6,2025-02-08 04:00:00,4,5,2,1,21.6,71.5,5.8,Low,25.5,32.7,Cool,22.68,Low,192.78,16.1,0
B04,Hostel,Dormitory,60000,6,2025-02-08 06:00:00,6,5,2,1,22.8,68.1,8.5,Low,24.6,37.9,Cool,30.74,Medium,261.29,21.83,0
B06,Research Lab,Laboratory,35000,4,2025-02-08 09:00:00,9,5,2,1,20.7,62.1,8.0,Low,31.8,15.5,Cool,26.73,Medium,227.2,18.98,0
B06,Research Lab,Laboratory,35000,4,2025-02-08 10:00:00,10,5,2,1,20.9,65.2,21.1,Low,23.0,26.9,Cool,25.9,Medium,220.15,18.39,0
B04,Hostel,Dormitory,60000,6,2025-02-08 10:00:00,10,5,2,1,20.2,63.4,7.4,Low,14.6,26.7,Cool,27.31,Medium,232.14,19.39,0
B02,Computer Lab,Laboratory,28000,3,2025-02-08 11:00:00,11,5,2,1,19.8,79.2,8.3,Low,22.8,16.1,Cool,15.17,Low,128.94,10.77,0
B03,Library,Library,22000,3,2025-02-08 11:00:00,11,5,2,1,23.1,72.0,22.7,Low,32.8,32.1,Cool,13.04,Low,110.84,9.26,0
B02,Computer Lab,Laboratory,28000,3,2025-02-08 13:00:00,13,5,2,1,25.0,65.3,9.5,Low,27.6,24.4,Moderate,17.77,Low,151.04,12.62,0
B01,Academic Block,Classroom,45000,4,2025-02-08 13:00:00,13,5,2,1,22.6,63.0,7.7,Low,34.6,24.2,Cool,14.06,Low,119.51,9.98,0
B03,Library,Library,22000,3,2025-02-08 14:00:00,14,5,2,1,22.6,61.4,19.7,Low,35.3,26.4,Cool,23.85,Low,202.73,16.93,0
B04,Hostel,Dormitory,60000,6,2025-02-08 17:00:00,17,5,2,1,22.5,67.9,12.1,Low,22.0,26.8,Cool,28.01,Medium,238.08,19.89,0
B02,Computer Lab,Laboratory,28000,3,2025-02-08 17:00:00,17,5,2,1,21.9,80.4,12.6,Low,24.8,22.1,Cool,19.77,Low,168.04,14.04,0
B01,Academic Block,Classroom,45000,4,2025-02-08 18:00:00,18,5,2,1,26.6,63.8,14.1,Low,22.4,25.6,Moderate,17.42,Low,148.07,12.37,0
B03,Library,Library,22000,3,2025-02-08 20:00:00,20,5,2,1,22.8,75.2,21.4,Low,35.2,45.6,Cool,15.2,Low,129.2,10.79,0
B05,Administration,Office,18000,3,2025-02-08 20:00:00,20,5,2,1,24.0,67.7,4.8,Low,21.2,32.0,Cool,15.08,Low,128.18,10.71,0
B03,Library,Library,22000,3,2025-02-08 21:00:00,21,5,2,1,26.1,68.1,20.0,Low,35.6,51.7,Moderate,19.28,Low,163.88,13.69,0
B04,Hostel,Dormitory,60000,6,2025-02-08 22:00:00,22,5,2,1,25.6,61.2,21.5,Low,32.5,63.0,Moderate,32.32,High,274.72,22.95,0
B02,Computer Lab,Laboratory,28000,3,2025-02-09 01:00:00,1,6,2,1,24.8,63.8,6.3,Low,18.3,38.0,Moderate,16.01,Low,136.08,11.37,0
B01,Academic Block,Classroom,45000,4,2025-02-09 02:00:00,2,6,2,1,23.8,60.1,5.7,Low,30.2,39.1,Cool,24.02,Low,204.17,17.05,0
B06,Research Lab,Laboratory,35000,4,2025-02-09 02:00:00,2,6,2,1,23.3,68.5,11.0,Low,19.8,46.3,Cool,28.15,Medium,239.27,19.99,0
B06,Research Lab,Laboratory,35000,4,2025-02-09 05:00:00,5,6,2,1,20.7,66.7,6.7,Low,19.2,45.3,Cool,22.16,Low,188.36,15.73,0
B06,Research Lab,Laboratory,35000,4,2025-02-09 06:00:00,6,6,2,1,21.1,70.6,20.9,Low,32.4,56.2,Cool,29.11,Medium,247.44,20.67,0
B04,Hostel,Dormitory,60000,6,2025-02-09 06:00:00,6,6,2,1,21.7,60.7,15.6,Low,19.6,49.4,Cool,28.47,Medium,242.0,20.21,0
B01,Academic Block,Classroom,45000,4,2025-02-09 08:00:00,8,6,2,1,19.0,73.0,11.9,Low,33.1,23.0,Cool,21.3,Low,181.05,15.12,0
B03,Library,Library,22000,3,2025-02-09 08:00:00,8,6,2,1,20.6,69.7,5.9,Low,16.1,22.8,Cool,16.64,Low,141.44,11.81,0
B01,Academic Block,Classroom,45000,4,2025-02-09 08:00:00,8,6,2,1,21.3,68.9,21.8,Low,20.6,33.3,Cool,21.22,Low,180.37,15.07,0
B02,Computer Lab,Laboratory,28000,3,2025-02-09 08:00:00,8,6,2,1,20.8,71.1,12.7,Low,24.7,24.2,Cool,18.87,Low,160.4,13.4,0
B03,Library,Library,22000,3,2025-02-09 11:00:00,11,6,2,1,21.9,65.8,10.2,Low,33.4,27.2,Cool,21.28,Low,180.88,15.11,0
B05,Administration,Office,18000,3,2025-02-09 11:00:00,11,6,2,1,23.4,92.9,11.0,Low,26.3,25.4,Cool,9.35,Low,79.47,6.64,0
B01,Academic Block,Classroom,45000,4,2025-02-09 11:00:00,11,6,2,1,23.6,69.4,10.4,Low,32.4,19.3,Cool,22.55,Low,191.68,16.01,0
B01,Academic Block,Classroom,45000,4,2025-02-09 11:00:00,11,6,2,1,24.7,66.0,17.9,Low,23.1,23.1,Moderate,18.53,Low,157.5,13.16,0
B04,Hostel,Dormitory,60000,6,2025-02-09 11:00:00,11,6,2,1,20.1,74.1,19.9,Low,24.8,22.0,Cool,34.8,High,295.8,24.71,0
B04,Hostel,Dormitory,60000,6,2025-02-09 12:00:00,12,6,2,1,22.2,63.6,5.5,Low,20.5,14.4,Cool,29.51,Medium,250.84,20.95,0
B02,Computer Lab,Laboratory,28000,3,2025-02-09 12:00:00,12,6,2,1,24.7,61.4,7.4,Low,19.9,20.7,Moderate,24.43,Medium,207.66,17.35,0
B02,Computer Lab,Laboratory,28000,3,2025-02-09 12:00:00,12,6,2,1,20.2,74.4,7.8,Low,13.2,26.0,Cool,20.26,Low,172.21,14.38,0
B06,Research Lab,Laboratory,35000,4,2025-02-09 12:00:00,12,6,2,1,21.1,74.3,14.2,Low,23.5,25.1,Cool,25.37,Medium,215.64,18.01,0
B02,Computer Lab,Laboratory,28000,3,2025-02-09 12:00:00,12,6,2,1,21.9,75.8,19.0,Low,36.1,30.7,Cool,23.87,Low,202.9,16.95,0
B02,Computer Lab,Laboratory,28000,3,2025-02-09 13:00:00,13,6,2,1,26.4,53.9,2.4,Low,30.1,19.8,Moderate,18.92,Low,160.82,13.43,0
B02,Computer Lab,Laboratory,28000,3,2025-02-09 13:00:00,13,6,2,1,21.8,66.7,4.7,Low,17.5,12.4,Cool,25.17,Medium,213.95,17.87,0
B03,Library,Library,22000,3,2025-02-09 13:00:00,13,6,2,1,24.9,67.4,9.6,Low,16.4,20.0,Moderate,17.87,Low,151.9,12.69,0
B04,Hostel,Dormitory,60000,6,2025-02-09 13:00:00,13,6,2,1,23.3,71.4,15.7,Low,25.6,21.0,Cool,25.24,Medium,214.54,17.92,0
B01,Academic Block,Classroom,45000,4,2025-02-09 13:00:00,13,6,2,1,21.6,71.4,5.4,Low,19.3,17.4,Cool,14.89,Low,126.56,10.57,0
B01,Academic Block,Classroom,45000,4,2025-02-09 13:00:00,13,6,2,1,27.5,57.0,9.3,Low,35.5,23.3,Moderate,20.09,Low,170.76,14.26,0
B01,Academic Block,Classroom,45000,4,2025-02-09 14:00:00,14,6,2,1,24.1,69.3,6.9,Low,24.7,20.6,Moderate,21.42,Low,182.07,15.21,0
B02,Computer Lab,Laboratory,28000,3,2025-02-09 15:00:00,15,6,2,1,24.9,67.3,17.3,Low,35.1,23.9,Moderate,20.29,Low,172.46,14.41,0
B01,Academic Block,Classroom,45000,4,2025-02-09 15:00:00,15,6,2,1,25.1,67.1,11.2,Low,34.1,26.1,Moderate,26.22,Medium,222.87,18.62,0
B02,Computer Lab,Laboratory,28000,3,2025-02-09 16:00:00,16,6,2,1,25.5,56.9,6.9,Low,28.3,21.5,Moderate,21.91,Low,186.24,15.56,0
B06,Research Lab,Laboratory,35000,4,2025-02-09 18:00:00,18,6,2,1,28.8,55.4,3.8,Low,33.2,20.0,Moderate,23.88,Low,202.98,16.95,0
B05,Administration,Office,18000,3,2025-02-09 21:00:00,21,6,2,1,28.4,75.0,9.2,Low,34.9,42.7,Moderate,18.92,Low,160.82,13.43,0
B03,Library,Library,22000,3,2025-02-09 22:00:00,22,6,2,1,24.2,72.5,10.2,Low,17.1,38.9,Moderate,16.08,Low,136.68,11.42,0
B05,Administration,Office,18000,3,2025-02-09 22:00:00,22,6,2,1,28.6,61.7,17.9,Low,42.5,42.4,Moderate,19.77,Low,168.04,14.04,0
B06,Research Lab,Laboratory,35000,4,2025-02-10 01:00:00,1,0,2,0,23.4,66.0,19.1,Low,39.4,51.3,Cool,27.98,Medium,237.83,19.87,0
B02,Computer Lab,Laboratory,28000,3,2025-02-10 02:00:00,2,0,2,0,24.4,81.0,3.7,Low,26.0,39.9,Moderate,19.46,Low,165.41,13.82,0
B02,Computer Lab,Laboratory,28000,3,2025-02-10 05:00:00,5,0,2,0,20.3,69.1,18.9,Low,21.9,49.6,Cool,18.65,Low,158.52,13.24,0
B06,Research Lab,Laboratory,35000,4,2025-02-10 05:00:00,5,0,2,0,24.0,65.0,17.0,Low,29.5,58.3,Cool,28.45,Medium,241.82,20.2,0
B03,Library,Library,22000,3,2025-02-10 07:00:00,7,0,2,0,21.5,62.2,8.3,Low,20.3,18.9,Cool,12.77,Low,108.54,9.07,0
B04,Hostel,Dormitory,60000,6,2025-02-10 08:00:00,8,0,2,0,20.2,67.2,56.3,Medium,39.9,58.9,Cool,39.64,High,336.94,28.14,0
B01,Academic Block,Classroom,45000,4,2025-02-10 08:00:00,8,0,2,0,23.7,54.3,61.1,Medium,42.6,61.4,Cool,29.56,Medium,251.26,20.99,0
B02,Computer Lab,Laboratory,28000,3,2025-02-10 08:00:00,8,0,2,0,24.0,69.4,61.6,Medium,32.2,61.0,Cool,26.68,Medium,226.78,18.94,0
B06,Research Lab,Laboratory,35000,4,2025-02-10 12:00:00,12,0,2,0,25.1,73.7,75.8,High,52.7,66.5,Moderate,30.73,Medium,261.2,21.82,0
B02,Computer Lab,Laboratory,28000,3,2025-02-10 12:00:00,12,0,2,0,20.6,77.4,60.4,Medium,54.5,59.0,Cool,29.17,Medium,247.95,20.71,0
B03,Library,Library,22000,3,2025-02-10 12:00:00,12,0,2,0,25.3,59.8,52.5,Medium,36.3,59.2,Moderate,24.71,Medium,210.04,17.54,0
B02,Computer Lab,Laboratory,28000,3,2025-02-10 13:00:00,13,0,2,0,22.9,50.6,49.6,Medium,45.6,55.1,Cool,25.41,Medium,215.98,18.04,0
B05,Administration,Office,18000,3,2025-02-10 13:00:00,13,0,2,0,26.4,66.3,63.3,Medium,52.5,66.7,Moderate,28.35,Medium,240.98,20.13,0
B02,Computer Lab,Laboratory,28000,3,2025-02-10 13:00:00,13,0,2,0,24.3,74.8,65.8,Medium,41.7,61.3,Moderate,25.72,Medium,218.62,18.26,0
B02,Computer Lab,Laboratory,28000,3,2025-02-10 14:00:00,14,0,2,0,24.3,54.3,53.8,Medium,34.9,60.0,Moderate,30.96,High,263.16,21.98,0
B04,Hostel,Dormitory,60000,6,2025-02-10 14:00:00,14,0,2,0,23.9,63.3,54.8,Medium,44.2,50.6,Cool,35.52,High,301.92,25.22,0
B04,Hostel,Dormitory,60000,6,2025-02-10 15:00:00,15,0,2,0,24.4,68.0,49.2,Medium,43.7,50.9,Moderate,33.03,High,280.76,23.45,0
B05,Administration,Office,18000,3,2025-02-10 15:00:00,15,0,2,0,23.4,60.4,59.9,Medium,34.4,54.8,Cool,23.89,Low,203.06,16.96,0
B04,Hostel,Dormitory,60000,6,2025-02-10 16:00:00,16,0,2,0,23.3,54.3,54.4,Medium,46.9,64.7,Cool,41.75,High,354.88,29.64,0
B05,Administration,Office,18000,3,2025-02-10 16:00:00,16,0,2,0,24.3,60.4,49.4,Medium,38.5,52.9,Moderate,25.95,Medium,220.58,18.42,0
B04,Hostel,Dormitory,60000,6,2025-02-10 17:00:00,17,0,2,0,27.1,59.3,49.7,Medium,49.5,57.0,Moderate,37.6,High,319.6,26.7,0
B02,Computer Lab,Laboratory,28000,3,2025-02-10 18:00:00,18,0,2,0,23.5,53.0,65.7,Medium,49.9,66.3,Cool,33.95,High,288.58,24.1,0
B06,Research Lab,Laboratory,35000,4,2025-02-10 18:00:00,18,0,2,0,27.6,70.4,57.5,Medium,55.6,60.8,Moderate,31.78,High,270.13,22.56,0
B02,Computer Lab,Laboratory,28000,3,2025-02-10 19:00:00,19,0,2,0,26.0,75.1,12.0,Low,25.5,38.8,Moderate,20.0,Low,170.0,14.2,0
B03,Library,Library,22000,3,2025-02-10 21:00:00,21,0,2,0,27.0,63.6,11.1,Low,45.0,43.0,Moderate,22.82,Low,193.97,16.2,0
B04,Hostel,Dormitory,60000,6,2025-02-10 21:00:00,21,0,2,0,27.1,68.4,45.4,Medium,39.5,63.6,Moderate,36.14,High,307.19,25.66,0
B03,Library,Library,22000,3,2025-02-10 22:00:00,22,0,2,0,27.0,53.0,14.7,Low,39.5,43.7,Moderate,19.12,Low,162.52,13.58,0
B04,Hostel,Dormitory,60000,6,2025-02-11 01:00:00,1,1,2,0,24.5,64.4,3.1,Low,22.6,37.4,Moderate,30.44,Medium,258.74,21.61,0
B04,Hostel,Dormitory,60000,6,2025-02-11 02:00:00,2,1,2,0,24.0,61.7,5.9,Low,26.0,34.7,Cool,28.19,Medium,239.62,20.01,0
B03,Library,Library,22000,3,2025-02-11 03:00:00,3,1,2,0,24.8,68.0,12.7,Low,28.7,38.0,Moderate,35.59,High,302.52,25.27,1
B04,Hostel,Dormitory,60000,6,2025-02-11 03:00:00,3,1,2,0,21.9,48.6,20.8,Low,30.1,44.5,Cool,22.93,Low,194.9,16.28,0
B02,Computer Lab,Laboratory,28000,3,2025-02-11 05:00:00,5,1,2,0,20.8,66.2,16.6,Low,32.1,50.5,Cool,21.83,Low,185.55,15.5,0
B01,Academic Block,Classroom,45000,4,2025-02-11 06:00:00,6,1,2,0,21.5,72.2,18.9,Low,22.9,47.5,Cool,26.84,Medium,228.14,19.06,0
B02,Computer Lab,Laboratory,28000,3,2025-02-11 06:00:00,6,1,2,0,22.7,68.5,4.1,Low,17.4,31.5,Cool,25.74,Medium,218.79,18.28,0
B02,Computer Lab,Laboratory,28000,3,2025-02-11 07:00:00,7,1,2,0,24.9,70.6,16.4,Low,18.6,26.9,Moderate,25.65,Medium,218.02,18.21,0
B03,Library,Library,22000,3,2025-02-11 10:00:00,10,1,2,0,22.3,63.0,49.7,Medium,39.0,55.7,Cool,20.96,Low,178.16,14.88,0
B01,Academic Block,Classroom,45000,4,2025-02-11 11:00:00,11,1,2,0,25.5,44.8,65.8,Medium,48.3,63.6,Moderate,35.87,High,304.9,25.47,0
B03,Library,Library,22000,3,2025-02-11 13:00:00,13,1,2,0,24.2,73.3,60.9,Medium,45.9,53.4,Moderate,18.41,Low,156.49,13.07,0
B05,Administration,Office,18000,3,2025-02-11 14:00:00,14,1,2,0,23.3,71.7,58.7,Medium,42.3,57.9,Cool,20.18,Low,171.53,14.33,0
B01,Academic Block,Classroom,45000,4,2025-02-11 15:00:00,15,1,2,0,26.2,75.0,56.5,Medium,51.9,53.1,Moderate,29.68,Medium,252.28,21.07,0
B04,Hostel,Dormitory,60000,6,2025-02-11 15:00:00,15,1,2,0,24.1,66.2,48.4,Medium,37.7,52.3,Moderate,65.28,High,554.88,46.35,1
B04,Hostel,Dormitory,60000,6,2025-02-11 16:00:00,16,1,2,0,25.3,67.7,51.8,Medium,46.2,51.8,Moderate,31.83,High,270.56,22.6,0
B02,Computer Lab,Laboratory,28000,3,2025-02-11 18:00:00,18,1,2,0,23.7,82.3,63.6,Medium,45.1,63.5,Cool,29.36,Medium,249.56,20.85,0
B01,Academic Block,Classroom,45000,4,2025-02-11 18:00:00,18,1,2,0,23.4,53.3,60.4,Medium,37.9,51.4,Cool,33.82,High,287.47,24.01,0
B01,Academic Block,Classroom,45000,4,2025-02-11 19:00:00,19,1,2,0,26.7,66.8,8.1,Low,27.2,41.2,Moderate,19.19,Low,163.12,13.62,0
B02,Computer Lab,Laboratory,28000,3,2025-02-11 19:00:00,19,1,2,0,27.5,71.5,13.5,Low,40.1,43.5,Moderate,20.33,Low,172.8,14.43,0
B05,Administration,Office,18000,3,2025-02-11 20:00:00,20,1,2,0,28.9,63.4,15.8,Low,42.9,42.1,Moderate,17.88,Low,151.98,12.69,0
B06,Research Lab,Laboratory,35000,4,2025-02-11 21:00:00,21,1,2,0,24.7,65.7,13.4,Low,34.0,45.1,Moderate,33.63,High,285.86,23.88,0
B01,Academic Block,Classroom,45000,4,2025-02-11 23:00:00,23,1,2,0,27.6,52.5,11.0,Low,32.9,41.4,Moderate,26.06,Medium,221.51,18.5,0
B03,Library,Library,22000,3,2025-02-12 02:00:00,2,2,2,0,26.0,74.5,6.8,Low,16.1,39.4,Moderate,13.45,Low,114.32,9.55,0
B02,Computer Lab,Laboratory,28000,3,2025-02-12 05:00:00,5,2,2,0,21.9,75.0,18.2,Low,16.4,43.4,Cool,25.0,Medium,212.5,17.75,0
B06,Research Lab,Laboratory,35000,4,2025-02-12 08:00:00,8,2,2,0,24.1,74.7,67.3,Medium,45.8,65.9,Moderate,25.99,Medium,220.92,18.45,0
B04,Hostel,Dormitory,60000,6,2025-02-12 09:00:00,9,2,2,0,23.5,66.0,46.9,Medium,30.0,40.6,Cool,32.0,High,272.0,22.72,0
B04,Hostel,Dormitory,60000,6,2025-02-12 09:00:00,9,2,2,0,23.8,63.7,47.7,Medium,46.8,49.5,Cool,35.17,High,298.94,24.97,0
B05,Administration,Office,18000,3,2025-02-12 10:00:00,10,2,2,0,25.5,64.6,67.5,Medium,45.1,65.1,Moderate,28.94,Medium,245.99,20.55,0
B02,Computer Lab,Laboratory,28000,3,2025-02-12 10:00:00,10,2,2,0,23.9,77.8,60.0,Medium,42.8,68.0,Cool,24.5,Medium,208.25,17.4,0
B04,Hostel,Dormitory,60000,6,2025-02-12 11:00:00,11,2,2,0,19.4,67.7,55.1,Medium,49.7,54.6,Cool,40.43,High,343.66,28.71,0
B02,Computer Lab,Laboratory,28000,3,2025-02-12 11:00:00,11,2,2,0,23.1,76.9,60.7,Medium,49.4,68.1,Cool,33.86,High,287.81,24.04,0
B03,Library,Library,22000,3,2025-02-12 12:00:00,12,2,2,0,20.7,67.4,57.6,Medium,42.2,63.4,Cool,29.31,Medium,249.14,20.81,0
B05,Administration,Office,18000,3,2025-02-12 14:00:00,14,2,2,0,24.3,59.6,59.8,Medium,46.4,58.8,Moderate,36.58,High,310.93,25.97,1
B04,Hostel,Dormitory,60000,6,2025-02-12 16:00:00,16,2,2,0,25.2,50.3,37.0,Medium,34.2,42.4,Moderate,38.27,High,325.3,27.17,0
B04,Hostel,Dormitory,60000,6,2025-02-12 16:00:00,16,2,2,0,24.2,69.7,52.4,Medium,46.9,48.5,Moderate,28.49,Medium,242.16,20.23,0
B05,Administration,Office,18000,3,2025-02-12 17:00:00,17,2,2,0,23.9,71.3,67.5,Medium,48.3,62.2,Cool,20.64,Low,175.44,14.65,0
B01,Academic Block,Classroom,45000,4,2025-02-12 17:00:00,17,2,2,0,24.6,57.3,68.6,Medium,47.9,67.2,Moderate,32.31,High,274.64,22.94,0
B03,Library,Library,22000,3,2025-02-12 20:00:00,20,2,2,0,25.5,74.9,6.8,Low,32.5,38.1,Moderate,16.56,Low,140.76,11.76,0
B05,Administration,Office,18000,3,2025-02-12 20:00:00,20,2,2,0,25.8,54.7,7.9,Low,33.6,44.9,Moderate,12.81,Low,108.88,9.1,0
B03,Library,Library,22000,3,2025-02-12 21:00:00,21,2,2,0,26.1,69.1,29.2,Low,31.8,59.8,Moderate,29.46,Medium,250.41,20.92,0
B04,Hostel,Dormitory,60000,6,2025-02-12 23:00:00,23,2,2,0,26.3,69.3,34.5,Low,45.3,61.9,Moderate,28.52,Medium,242.42,20.25,0
B02,Computer Lab,Laboratory,28000,3,2025-02-12 23:00:00,23,2,2,0,25.0,72.5,0.0,Low,24.9,38.0,Moderate,14.7,Low,124.95,10.44,0
B04,Hostel,Dormitory,60000,6,2025-02-12 23:00:00,23,2,2,0,27.4,49.3,28.0,Low,40.0,57.7,Moderate,34.76,High,295.46,24.68,0
B04,Hostel,Dormitory,60000,6,2025-02-12 23:00:00,23,2,2,0,25.4,72.1,30.5,Low,28.9,57.8,Moderate,31.78,High,270.13,22.56,0
B01,Academic Block,Classroom,45000,4,2025-02-13 00:00:00,0,3,2,0,26.5,62.8,3.3,Low,21.5,33.6,Moderate,16.68,Low,141.78,11.84,0
B01,Academic Block,Classroom,45000,4,2025-02-13 01:00:00,1,3,2,0,24.2,63.3,11.1,Low,19.1,52.4,Moderate,30.42,Medium,258.57,21.6,0
B02,Computer Lab,Laboratory,28000,3,2025-02-13 05:00:00,5,3,2,0,26.8,69.3,8.5,Low,46.0,44.5,Moderate,24.92,Medium,211.82,17.69,0
B01,Academic Block,Classroom,45000,4,2025-02-13 05:00:00,5,3,2,0,23.4,73.0,13.4,Low,40.8,46.7,Cool,22.86,Low,194.31,16.23,0
B01,Academic Block,Classroom,45000,4,2025-02-13 05:00:00,5,3,2,0,25.1,51.0,10.0,Low,18.9,38.5,Moderate,22.0,Low,187.0,15.62,0
B06,Research Lab,Laboratory,35000,4,2025-02-13 06:00:00,6,3,2,0,21.3,58.9,7.1,Low,13.4,52.3,Cool,17.5,Low,148.75,12.42,0
B02,Computer Lab,Laboratory,28000,3,2025-02-13 07:00:00,7,3,2,0,21.5,76.2,9.6,Low,20.3,18.5,Cool,23.84,Low,202.64,16.93,0
B04,Hostel,Dormitory,60000,6,2025-02-13 08:00:00,8,3,2,0,21.7,71.0,56.9,Medium,46.6,57.8,Cool,36.87,High,313.4,26.18,0
B01,Academic Block,Classroom,45000,4,2025-02-13 09:00:00,9,3,2,0,25.9,65.6,67.0,Medium,54.2,65.6,Moderate,31.48,High,267.58,22.35,0
B03,Library,Library,22000,3,2025-02-13 10:00:00,10,3,2,0,22.0,60.5,53.4,Medium,51.7,48.2,Cool,24.36,Low,207.06,17.3,0
B05,Administration,Office,18000,3,2025-02-13 11:00:00,11,3,2,0,21.4,71.0,65.2,Medium,41.0,66.1,Cool,21.2,Low,180.2,15.05,0
B02,Computer Lab,Laboratory,28000,3,2025-02-13 14:00:00,14,3,2,0,26.0,72.7,58.8,Medium,43.6,60.8,Moderate,33.41,High,283.98,23.72,0
B02,Computer Lab,Laboratory,28000,3,2025-02-13 17:00:00,17,3,2,0,25.6,80.7,51.1,Medium,44.7,47.9,Moderate,25.74,Medium,218.79,18.28,0
B01,Academic Block,Classroom,45000,4,2025-02-13 18:00:00,18,3,2,0,25.5,62.1,71.4,High,50.2,72.2,Moderate,30.65,Medium,260.52,21.76,0
B03,Library,Library,22000,3,2025-02-13 19:00:00,19,3,2,0,25.1,71.1,7.6,Low,28.1,35.8,Moderate,18.0,Low,153.0,12.78,0
B04,Hostel,Dormitory,60000,6,2025-02-13 22:00:00,22,3,2,0,26.6,76.7,29.6,Low,39.3,55.6,Moderate,26.17,Medium,222.45,18.58,0
B04,Hostel,Dormitory,60000,6,2025-02-13 23:00:00,23,3,2,0,27.1,53.2,21.4,Low,49.4,47.1,Moderate,35.15,High,298.77,24.96,0
B01,Academic Block,Classroom,45000,4,2025-02-13 23:00:00,23,3,2,0,26.7,76.2,17.8,Low,35.4,51.4,Moderate,25.45,Medium,216.32,18.07,0
B04,Hostel,Dormitory,60000,6,2025-02-14 01:00:00,1,4,2,0,24.0,67.2,12.9,Low,21.7,47.2,Cool,30.79,Medium,261.71,21.86,0
B03,Library,Library,22000,3,2025-02-14 01:00:00,1,4,2,0,23.2,67.0,14.0,Low,25.3,39.8,Cool,16.87,Low,143.4,11.98,0
B03,Library,Library,22000,3,2025-02-14 02:00:00,2,4,2,0,18.1,66.7,17.7,Low,30.5,45.3,Cool,15.93,Low,135.4,11.31,0
B05,Administration,Office,18000,3,2025-02-14 03:00:00,3,4,2,0,22.2,64.7,17.8,Low,30.2,45.4,Cool,18.22,Low,154.87,12.94,0
B04,Hostel,Dormitory,60000,6,2025-02-14 03:00:00,3,4,2,0,23.1,61.3,7.1,Low,27.7,43.6,Cool,32.28,High,274.38,22.92,0
B06,Research Lab,Laboratory,35000,4,2025-02-14 03:00:00,3,4,2,0,23.6,59.4,12.1,Low,16.9,40.5,Cool,21.22,Low,180.37,15.07,0
B06,Research Lab,Laboratory,35000,4,2025-02-14 05:00:00,5,4,2,0,22.3,70.3,11.4,Low,15.2,42.9,Cool,25.96,Medium,220.66,18.43,0
B04,Hostel,Dormitory,60000,6,2025-02-14 08:00:00,8,4,2,0,26.4,71.7,49.7,Medium,44.5,51.1,Moderate,34.15,High,290.27,24.25,0
B01,Academic Block,Classroom,45000,4,2025-02-14 08:00:00,8,4,2,0,22.9,59.3,61.0,Medium,45.6,59.1,Cool,28.7,Medium,243.95,20.38,0
B05,Administration,Office,18000,3,2025-02-14 10:00:00,10,4,2,0,20.6,63.7,72.7,High,40.5,78.1,Cool,28.69,Medium,243.86,20.37,0
B04,Hostel,Dormitory,60000,6,2025-02-14 11:00:00,11,4,2,0,23.7,67.8,58.1,Medium,52.4,55.2,Cool,37.72,High,320.62,26.78,0
B02,Computer Lab,Laboratory,28000,3,2025-02-14 12:00:00,12,4,2,0,23.8,58.2,61.9,Medium,48.1,60.3,Cool,25.02,Medium,212.67,17.76,0
B02,Computer Lab,Laboratory,28000,3,2025-02-14 13:00:00,13,4,2,0,22.1,69.0,68.3,Medium,41.0,68.0,Cool,29.4,Medium,249.9,20.87,0
B02,Computer Lab,Laboratory,28000,3,2025-02-14 14:00:00,14,4,2,0,24.6,63.4,62.1,Medium,63.1,59.5,Moderate,27.25,Medium,231.62,19.35,0
B03,Library,Library,22000,3,2025-02-14 15:00:00,15,4,2,0,25.5,53.1,52.8,Medium,42.0,51.7,Moderate,25.56,Medium,217.26,18.15,0
B05,Administration,Office,18000,3,2025-02-14 17:00:00,17,4,2,0,27.1,66.6,59.7,Medium,47.9,61.5,Moderate,21.83,Low,185.55,15.5,0
B02,Computer Lab,Laboratory,28000,3,2025-02-14 18:00:00,18,4,2,0,23.2,62.5,61.5,Medium,41.2,65.0,Cool,29.91,Medium,254.24,21.24,0
B03,Library,Library,22000,3,2025-02-14 18:00:00,18,4,2,0,26.9,70.7,45.3,Medium,44.9,55.5,Moderate,25.85,Medium,219.73,18.35,0
B06,Research Lab,Laboratory,35000,4,2025-02-14 20:00:00,20,4,2,0,28.3,61.0,18.1,Low,31.2,47.6,Moderate,28.85,Medium,245.23,20.48,0
B05,Administration,Office,18000,3,2025-02-14 20:00:00,20,4,2,0,29.0,56.8,0.6,Low,37.2,31.6,Moderate,16.3,Low,138.55,11.57,0
B05,Administration,Office,18000,3,2025-02-14 21:00:00,21,4,2,0,24.3,65.3,19.7,Low,36.3,45.9,Moderate,18.81,Low,159.88,13.36,0
B03,Library,Library,22000,3,2025-02-15 00:00:00,0,5,2,1,25.0,73.7,15.5,Low,34.8,53.6,Moderate,17.2,Low,146.2,12.21,0
B03,Library,Library,22000,3,2025-02-15 00:00:00,0,5,2,1,25.2,77.7,25.7,Low,32.0,55.9,Moderate,18.96,Low,161.16,13.46,0
B04,Hostel,Dormitory,60000,6,2025-02-15 00:00:00,0,5,2,1,26.3,68.1,13.3,Low,29.7,40.9,Moderate,26.52,Medium,225.42,18.83,0
B04,Hostel,Dormitory,60000,6,2025-02-15 01:00:00,1,5,2,1,24.5,61.3,16.6,Low,34.0,44.1,Moderate,30.54,Medium,259.59,21.68,0
B04,Hostel,Dormitory,60000,6,2025-02-15 01:00:00,1,5,2,1,23.7,66.3,16.9,Low,30.3,42.1,Cool,31.54,High,268.09,22.39,0
B01,Academic Block,Classroom,45000,4,2025-02-15 02:00:00,2,5,2,1,24.6,64.6,5.8,Low,21.9,39.0,Moderate,18.93,Low,160.9,13.44,0
B01,Academic Block,Classroom,45000,4,2025-02-15 02:00:00,2,5,2,1,23.7,65.0,4.5,Low,12.5,40.8,Cool,17.97,Low,152.74,12.76,0
B02,Computer Lab,Laboratory,28000,3,2025-02-15 03:00:00,3,5,2,1,24.6,63.5,5.5,Low,24.2,46.9,Moderate,27.23,Medium,231.46,19.33,0
B01,Academic Block,Classroom,45000,4,2025-02-15 05:00:00,5,5,2,1,21.6,61.0,11.8,Low,27.3,49.3,Cool,20.56,Low,174.76,14.6,0
B04,Hostel,Dormitory,60000,6,2025-02-15 05:00:00,5,5,2,1,21.3,74.8,11.9,Low,27.1,44.1,Cool,31.72,High,269.62,22.52,0
B04,Hostel,Dormitory,60000,6,2025-02-15 05:00:00,5,5,2,1,24.8,71.2,12.2,Low,20.2,40.7,Moderate,31.93,High,271.4,22.67,0
B04,Hostel,Dormitory,60000,6,2025-02-15 08:00:00,8,5,2,1,25.6,64.7,15.5,Low,36.9,28.9,Moderate,30.88,High,262.48,21.92,0
B01,Academic Block,Classroom,45000,4,2025-02-15 09:00:00,9,5,2,1,25.0,73.8,6.8,Low,38.9,11.3,Moderate,42.36,High,360.06,30.08,1
B05,Administration,Office,18000,3,2025-02-15 09:00:00,9,5,2,1,22.2,71.4,17.9,Low,24.5,24.5,Cool,16.36,Low,139.06,11.62,0
B03,Library,Library,22000,3,2025-02-15 09:00:00,9,5,2,1,23.9,58.1,15.0,Low,27.4,29.4,Cool,12.67,Low,107.7,9.0,0
B04,Hostel,Dormitory,60000,6,2025-02-15 11:00:00,11,5,2,1,21.8,65.1,23.1,Low,24.9,36.7,Cool,33.34,High,283.39,23.67,0
B04,Hostel,Dormitory,60000,6,2025-02-15 14:00:00,14,5,2,1,25.0,75.4,15.0,Low,28.5,32.8,Moderate,27.52,Medium,233.92,19.54,0
B02,Computer Lab,Laboratory,28000,3,2025-02-15 16:00:00,16,5,2,1,24.4,63.0,11.5,Low,35.6,23.1,Moderate,39.22,High,333.37,27.85,1
B02,Computer Lab,Laboratory,28000,3,2025-02-15 16:00:00,16,5,2,1,27.1,58.5,27.0,Low,33.9,41.7,Moderate,24.92,Medium,211.82,17.69,0
B06,Research Lab,Laboratory,35000,4,2025-02-15 17:00:00,17,5,2,1,27.3,68.2,11.4,Low,35.0,21.6,Moderate,26.41,Medium,224.48,18.75,0
B05,Administration,Office,18000,3,2025-02-15 18:00:00,18,5,2,1,29.1,59.8,14.0,Low,36.0,23.2,Hot,19.87,Low,168.9,14.11,0
B01,Academic Block,Classroom,45000,4,2025-02-15 19:00:00,19,5,2,1,25.8,68.3,15.0,Low,33.2,47.8,Moderate,22.92,Low,194.82,16.27,0
B01,Academic Block,Classroom,45000,4,2025-02-15 21:00:00,21,5,2,1,28.5,61.9,18.5,Low,36.5,54.6,Moderate,29.71,Medium,252.54,21.09,0
B04,Hostel,Dormitory,60000,6,2025-02-15 22:00:00,22,5,2,1,26.7,58.1,32.6,Low,44.8,64.1,Moderate,29.85,Medium,253.73,21.19,0
B06,Research Lab,Laboratory,35000,4,2025-02-16 00:00:00,0,6,2,1,25.4,59.8,31.4,Low,43.4,63.7,Moderate,33.28,High,282.88,23.63,0
B02,Computer Lab,Laboratory,28000,3,2025-02-16 00:00:00,0,6,2,1,25.8,52.6,8.0,Low,31.9,43.6,Moderate,26.55,Medium,225.68,18.85,0
B02,Computer Lab,Laboratory,28000,3,2025-02-16 00:00:00,0,6,2,1,27.9,54.9,22.4,Low,37.2,56.6,Moderate,25.26,Medium,214.71,17.93,0
B01,Academic Block,Classroom,45000,4,2025-02-16 00:00:00,0,6,2,1,25.1,69.3,1.8,Low,30.9,36.5,Moderate,23.24,Low,197.54,16.5,0
B03,Library,Library,22000,3,2025-02-16 03:00:00,3,6,2,1,23.7,74.5,5.1,Low,20.3,40.4,Cool,15.57,Low,132.34,11.05,0
B04,Hostel,Dormitory,60000,6,2025-02-16 05:00:00,5,6,2,1,19.8,64.9,1.1,Low,23.0,49.8,Cool,25.23,Medium,214.46,17.91,0
B04,Hostel,Dormitory,60000,6,2025-02-16 06:00:00,6,6,2,1,22.4,57.5,5.5,Low,19.6,43.5,Cool,27.55,Medium,234.18,19.56,0
B02,Computer Lab,Laboratory,28000,3,2025-02-16 06:00:00,6,6,2,1,23.0,74.6,0.5,Low,23.3,35.5,Cool,21.4,Low,181.9,15.19,0
B02,Computer Lab,Laboratory,28000,3,2025-02-16 07:00:00,7,6,2,1,21.2,76.2,12.8,Low,18.7,28.6,Cool,25.37,Medium,215.64,18.01,0
B04,Hostel,Dormitory,60000,6,2025-02-16 08:00:00,8,6,2,1,20.8,73.4,5.7,Low,29.1,14.0,Cool,26.5,Medium,225.25,18.81,0
B02,Computer Lab,Laboratory,28000,3,2025-02-16 11:00:00,11,6,2,1,20.1,58.8,22.6,Low,20.4,30.3,Cool,21.9,Low,186.15,15.55,0
B04,Hostel,Dormitory,60000,6,2025-02-16 12:00:00,12,6,2,1,22.4,70.7,15.5,Low,25.4,25.6,Cool,32.91,High,279.73,23.37,0
B04,Hostel,Dormitory,60000,6,2025-02-16 14:00:00,14,6,2,1,26.4,67.7,12.5,Low,23.4,20.8,Moderate,29.85,Medium,253.73,21.19,0
B05,Administration,Office,18000,3,2025-02-16 15:00:00,15,6,2,1,22.6,73.2,13.9,Low,32.9,34.3,Cool,12.24,Low,104.04,8.69,0
B03,Library,Library,22000,3,2025-02-16 16:00:00,16,6,2,1,26.5,64.9,16.5,Low,43.2,29.7,Moderate,19.57,Low,166.34,13.89,0
B06,Research Lab,Laboratory,35000,4,2025-02-16 16:00:00,16,6,2,1,26.6,58.5,20.3,Low,28.2,33.2,Moderate,28.09,Medium,238.76,19.94,0
B02,Computer Lab,Laboratory,28000,3,2025-02-16 16:00:00,16,6,2,1,29.0,59.0,8.5,Low,37.5,20.9,Moderate,32.39,High,275.32,23.0,0
B02,Computer Lab,Laboratory,28000,3,2025-02-16 19:00:00,19,6,2,1,27.8,71.0,7.2,Low,31.2,34.6,Moderate,23.6,Low,200.6,16.76,0
B03,Library,Library,22000,3,2025-02-16 21:00:00,21,6,2,1,27.7,65.5,14.9,Low,38.5,45.9,Moderate,13.26,Low,112.71,9.41,0
B04,Hostel,Dormitory,60000,6,2025-02-16 22:00:00,22,6,2,1,26.6,54.6,43.0,Medium,52.8,65.1,Moderate,29.9,Medium,254.15,21.23,0
B01,Academic Block,Classroom,45000,4,2025-02-16 22:00:00,22,6,2,1,26.0,76.1,2.5,Low,30.4,31.8,Moderate,19.93,Low,169.4,14.15,0
B01,Academic Block,Classroom,45000,4,2025-02-16 22:00:00,22,6,2,1,27.3,71.2,14.8,Low,30.1,49.9,Moderate,21.64,Low,183.94,15.36,0
B04,Hostel,Dormitory,60000,6,2025-02-16 22:00:00,22,6,2,1,27.9,74.3,41.0,Medium,40.8,64.4,Moderate,38.43,High,326.65,27.29,0
B05,Administration,Office,18000,3,2025-02-16 23:00:00,23,6,2,1,26.0,72.1,16.3,Low,30.8,38.3,Moderate,24.22,Low,205.87,17.2,0
B06,Research Lab,Laboratory,35000,4,2025-02-17 00:00:00,0,0,2,0,27.3,56.7,14.3,Low,30.2,45.7,Moderate,28.56,Medium,242.76,20.28,0
B01,Academic Block,Classroom,45000,4,2025-02-17 01:00:00,1,0,2,0,29.2,64.0,15.8,Low,43.1,46.9,Hot,30.65,Medium,260.52,21.76,0
B06,Research Lab,Laboratory,35000,4,2025-02-17 02:00:00,2,0,2,0,24.5,69.6,24.6,Low,38.2,57.2,Moderate,29.67,Medium,252.2,21.07,0
B04,Hostel,Dormitory,60000,6,2025-02-17 06:00:00,6,0,2,0,22.8,57.3,17.6,Low,35.2,48.8,Cool,32.06,High,272.51,22.76,0
B05,Administration,Office,18000,3,2025-02-17 07:00:00,7,0,2,0,22.3,59.0,1.1,Low,18.4,12.8,Cool,10.68,Low,90.78,7.58,0
B02,Computer Lab,Laboratory,28000,3,2025-02-17 09:00:00,9,0,2,0,22.7,72.0,58.2,Medium,48.6,61.1,Cool,32.34,High,274.89,22.96,0
B03,Library,Library,22000,3,2025-02-17 10:00:00,10,0,2,0,24.5,71.2,55.5,Medium,54.0,53.4,Moderate,23.81,Low,202.38,16.91,0
B04,Hostel,Dormitory,60000,6,2025-02-17 10:00:00,10,0,2,0,22.8,83.3,58.2,Medium,33.9,62.2,Cool,37.95,High,322.58,26.94,0
B03,Library,Library,22000,3,2025-02-17 11:00:00,11,0,2,0,23.3,64.5,55.5,Medium,38.8,62.4,Cool,25.56,Medium,217.26,18.15,0
B02,Computer Lab,Laboratory,28000,3,2025-02-17 12:00:00,12,0,2,0,23.0,54.8,58.9,Medium,41.8,46.8,Cool,28.18,Medium,239.53,20.01,0
B02,Computer Lab,Laboratory,28000,3,2025-02-17 13:00:00,13,0,2,0,24.6,64.3,59.1,Medium,50.3,55.6,Moderate,26.96,Medium,229.16,19.14,0
B04,Hostel,Dormitory,60000,6,2025-02-17 13:00:00,13,0,2,0,23.1,72.4,52.7,Medium,48.5,56.8,Cool,35.47,High,301.5,25.18,0
B01,Academic Block,Classroom,45000,4,2025-02-17 14:00:00,14,0,2,0,22.5,64.5,65.9,Medium,33.6,64.9,Cool,27.82,Medium,236.47,19.75,0
B02,Computer Lab,Laboratory,28000,3,2025-02-17 15:00:00,15,0,2,0,25.6,65.2,55.9,Medium,42.0,63.4,Moderate,23.01,Low,195.58,16.34,0
B03,Library,Library,22000,3,2025-02-17 16:00:00,16,0,2,0,28.4,57.8,53.9,Medium,57.3,61.7,Moderate,23.38,Low,198.73,16.6,0
B03,Library,Library,22000,3,2025-02-17 16:00:00,16,0,2,0,24.9,73.4,57.0,Medium,40.1,62.4,Moderate,25.4,Medium,215.9,18.03,0
B05,Administration,Office,18000,3,2025-02-17 17:00:00,17,0,2,0,24.2,70.9,67.0,Medium,52.2,56.8,Moderate,15.96,Low,135.66,11.33,0
B01,Academic Block,Classroom,45000,4,2025-02-17 18:00:00,18,0,2,0,29.0,56.1,85.8,High,66.1,78.5,Moderate,45.97,High,390.74,32.64,0
B03,Library,Library,22000,3,2025-02-17 20:00:00,20,0,2,0,26.5,60.1,2.7,Low,33.7,40.2,Moderate,16.3,Low,138.55,11.57,0
B01,Academic Block,Classroom,45000,4,2025-02-17 21:00:00,21,0,2,0,27.7,58.1,16.1,Low,40.6,46.9,Moderate,29.19,Medium,248.12,20.72,0
B03,Library,Library,22000,3,2025-02-17 21:00:00,21,0,2,0,25.2,51.8,22.3,Low,31.0,51.1,Moderate,12.21,Low,103.79,8.67,0
B02,Computer Lab,Laboratory,28000,3,2025-02-17 22:00:00,22,0,2,0,26.1,58.8,6.6,Low,28.1,46.1,Moderate,18.98,Low,161.33,13.48,0
B01,Academic Block,Classroom,45000,4,2025-02-17 22:00:00,22,0,2,0,28.2,50.0,16.8,Low,35.0,49.4,Moderate,29.85,Medium,253.73,21.19,0
B02,Computer Lab,Laboratory,28000,3,2025-02-17 23:00:00,23,0,2,0,26.0,70.7,9.4,Low,31.8,40.8,Moderate,24.17,Low,205.45,17.16,0
B01,Academic Block,Classroom,45000,4,2025-02-17 23:00:00,23,0,2,0,26.0,71.3,8.4,Low,17.4,35.4,Moderate,20.38,Low,173.23,14.47,0
B06,Research Lab,Laboratory,35000,4,2025-02-18 00:00:00,0,1,2,0,23.2,64.3,6.9,Low,27.5,48.8,Cool,31.16,High,264.86,22.12,0
B04,Hostel,Dormitory,60000,6,2025-02-18 00:00:00,0,1,2,0,26.6,65.2,11.4,Low,42.6,45.1,Moderate,26.36,Medium,224.06,18.72,0
B01,Academic Block,Classroom,45000,4,2025-02-18 02:00:00,2,1,2,0,23.3,73.9,11.1,Low,27.4,41.0,Cool,26.83,Medium,228.05,19.05,0
B06,Research Lab,Laboratory,35000,4,2025-02-18 04:00:00,4,1,2,0,25.1,70.4,17.3,Low,30.9,52.6,Moderate,24.28,Low,206.38,17.24,0
B03,Library,Library,22000,3,2025-02-18 04:00:00,4,1,2,0,23.8,80.0,1.9,Low,24.3,28.4,Cool,12.94,Low,109.99,9.19,0
B03,Library,Library,22000,3,2025-02-18 05:00:00,5,1,2,0,23.5,68.0,18.0,Low,32.2,57.3,Cool,12.85,Low,109.22,9.12,0
B04,Hostel,Dormitory,60000,6,2025-02-18 06:00:00,6,1,2,0,23.9,76.0,17.8,Low,36.5,51.4,Cool,24.7,Medium,209.95,17.54,0
B01,Academic Block,Classroom,45000,4,2025-02-18 07:00:00,7,1,2,0,23.1,67.2,14.2,Low,26.5,36.6,Cool,23.43,Low,199.16,16.64,0
B06,Research Lab,Laboratory,35000,4,2025-02-18 09:00:00,9,1,2,0,25.1,64.1,74.8,High,50.8,74.3,Moderate,34.41,High,292.48,24.43,0
B03,Library,Library,22000,3,2025-02-18 09:00:00,9,1,2,0,24.9,69.8,63.5,Medium,39.2,63.8,Moderate,22.29,Low,189.46,15.83,0
B05,Administration,Office,18000,3,2025-02-18 09:00:00,9,1,2,0,20.7,72.3,59.2,Medium,41.0,56.4,Cool,22.52,Low,191.42,15.99,0
B01,Academic Block,Classroom,45000,4,2025-02-18 09:00:00,9,1,2,0,22.3,62.9,58.3,Medium,33.7,56.5,Cool,28.2,Medium,239.7,20.02,0
B01,Academic Block,Classroom,45000,4,2025-02-18 10:00:00,10,1,2,0,24.0,60.0,61.8,Medium,41.9,55.1,Cool,28.14,Medium,239.19,19.98,0
B01,Academic Block,Classroom,45000,4,2025-02-18 12:00:00,12,1,2,0,22.0,67.9,62.5,Medium,47.1,71.8,Cool,27.78,Medium,236.13,19.72,0
B06,Research Lab,Laboratory,35000,4,2025-02-18 12:00:00,12,1,2,0,21.1,54.9,46.0,Medium,42.2,50.2,Cool,31.12,High,264.52,22.1,0
B06,Research Lab,Laboratory,35000,4,2025-02-18 13:00:00,13,1,2,0,22.8,64.6,62.3,Medium,46.0,66.1,Cool,36.35,High,308.98,25.81,0
B04,Hostel,Dormitory,60000,6,2025-02-18 14:00:00,14,1,2,0,24.3,58.7,41.8,Medium,46.1,51.5,Moderate,35.52,High,301.92,25.22,0
B03,Library,Library,22000,3,2025-02-18 15:00:00,15,1,2,0,18.9,65.8,56.5,Medium,29.9,56.3,Cool,24.44,Medium,207.74,17.35,0
B01,Academic Block,Classroom,45000,4,2025-02-18 16:00:00,16,1,2,0,23.8,60.5,73.2,High,58.6,65.9,Cool,35.72,High,303.62,25.36,0
B03,Library,Library,22000,3,2025-02-18 16:00:00,16,1,2,0,22.8,72.1,64.7,Medium,39.0,59.9,Cool,23.94,Low,203.49,17.0,0
B01,Academic Block,Classroom,45000,4,2025-02-18 17:00:00,17,1,2,0,27.6,66.0,64.8,Medium,54.6,55.9,Moderate,30.15,Medium,256.27,21.41,0
B04,Hostel,Dormitory,60000,6,2025-02-18 17:00:00,17,1,2,0,27.3,63.5,46.0,Medium,41.6,43.9,Moderate,42.67,High,362.7,30.3,1
B03,Library,Library,22000,3,2025-02-18 19:00:00,19,1,2,0,26.8,60.9,21.4,Low,38.0,53.7,Moderate,19.11,Low,162.44,13.57,0
B02,Computer Lab,Laboratory,28000,3,2025-02-18 21:00:00,21,1,2,0,26.5,71.0,22.5,Low,36.1,57.0,Moderate,23.18,Low,197.03,16.46,0
B02,Computer Lab,Laboratory,28000,3,2025-02-19 00:00:00,0,2,2,0,26.3,70.3,16.8,Low,40.4,47.6,Moderate,21.03,Low,178.76,14.93,0
B01,Academic Block,Classroom,45000,4,2025-02-19 02:00:00,2,2,2,0,23.0,65.8,7.2,Low,39.1,45.0,Cool,24.85,Medium,211.23,17.64,0
B05,Administration,Office,18000,3,2025-02-19 02:00:00,2,2,2,0,26.4,73.4,2.8,Low,34.2,41.8,Moderate,16.46,Low,139.91,11.69,0
B04,Hostel,Dormitory,60000,6,2025-02-19 02:00:00,2,2,2,0,24.7,63.9,19.8,Low,31.1,48.3,Moderate,32.08,High,272.68,22.78,0
B06,Research Lab,Laboratory,35000,4,2025-02-19 03:00:00,3,2,2,0,25.4,66.1,11.6,Low,39.4,49.1,Moderate,22.05,Low,187.42,15.66,0
B01,Academic Block,Classroom,45000,4,2025-02-19 04:00:00,4,2,2,0,24.8,61.1,20.7,Low,22.1,49.7,Moderate,18.52,Low,157.42,13.15,0
B06,Research Lab,Laboratory,35000,4,2025-02-19 04:00:00,4,2,2,0,24.3,62.8,7.3,Low,23.2,38.3,Moderate,25.58,Medium,217.43,18.16,0
B04,Hostel,Dormitory,60000,6,2025-02-19 05:00:00,5,2,2,0,23.6,61.7,19.8,Low,28.4,50.3,Cool,33.28,High,282.88,23.63,0
B04,Hostel,Dormitory,60000,6,2025-02-19 07:00:00,7,2,2,0,23.0,71.4,21.9,Low,27.8,24.4,Cool,26.15,Medium,222.27,18.57,0
B01,Academic Block,Classroom,45000,4,2025-02-19 08:00:00,8,2,2,0,22.4,69.7,64.9,Medium,39.0,63.5,Cool,28.98,Medium,246.33,20.58,0
B06,Research Lab,Laboratory,35000,4,2025-02-19 08:00:00,8,2,2,0,23.3,59.0,61.0,Medium,47.9,49.2,Cool,32.1,High,272.85,22.79,0
B02,Computer Lab,Laboratory,28000,3,2025-02-19 09:00:00,9,2,2,0,22.9,70.6,50.7,Medium,39.4,56.4,Cool,29.75,Medium,252.88,21.12,0
B01,Academic Block,Classroom,45000,4,2025-02-19 09:00:00,9,2,2,0,21.9,80.0,58.6,Medium,39.7,52.5,Cool,22.98,Low,195.33,16.32,0
B02,Computer Lab,Laboratory,28000,3,2025-02-19 10:00:00,10,2,2,0,23.7,61.4,61.0,Medium,52.9,60.7,Cool,33.68,High,286.28,23.91,0
B06,Research Lab,Laboratory,35000,4,2025-02-19 10:00:00,10,2,2,0,23.2,61.4,55.0,Medium,38.7,63.7,Cool,25.82,Medium,219.47,18.33,0
B04,Hostel,Dormitory,60000,6,2025-02-19 11:00:00,11,2,2,0,24.9,65.1,52.7,Medium,49.8,54.9,Moderate,30.9,High,262.65,21.94,0
B05,Administration,Office,18000,3,2025-02-19 12:00:00,12,2,2,0,20.8,78.0,63.8,Medium,40.7,53.4,Cool,22.0,Low,187.0,15.62,0
B03,Library,Library,22000,3,2025-02-19 15:00:00,15,2,2,0,25.1,61.9,59.5,Medium,44.9,60.3,Moderate,23.48,Low,199.58,16.67,0
B01,Academic Block,Classroom,45000,4,2025-02-19 17:00:00,17,2,2,0,24.9,78.0,70.3,High,45.3,66.4,Moderate,31.67,High,269.2,22.49,0
B04,Hostel,Dormitory,60000,6,2025-02-19 18:00:00,18,2,2,0,25.5,57.2,57.4,Medium,37.7,62.7,Moderate,36.11,High,306.94,25.64,0
B03,Library,Library,22000,3,2025-02-19 19:00:00,19,2,2,0,27.3,64.5,13.6,Low,30.3,44.6,Moderate,25.25,Medium,214.62,17.93,0
B05,Administration,Office,18000,3,2025-02-19 19:00:00,19,2,2,0,24.3,53.7,14.2,Low,18.5,51.2,Moderate,13.46,Low,114.41,9.56,0
B01,Academic Block,Classroom,45000,4,2025-02-19 20:00:00,20,2,2,0,26.7,57.1,12.0,Low,34.2,46.2,Moderate,28.35,Medium,240.98,20.13,0
B04,Hostel,Dormitory,60000,6,2025-02-19 20:00:00,20,2,2,0,26.6,62.2,39.3,Medium,40.1,68.8,Moderate,29.7,Medium,252.45,21.09,0
B01,Academic Block,Classroom,45000,4,2025-02-19 23:00:00,23,2,2,0,24.4,67.4,24.9,Low,39.5,53.2,Moderate,21.8,Low,185.3,15.48,0
B06,Research Lab,Laboratory,35000,4,2025-02-20 00:00:00,0,3,2,0,25.8,73.0,17.2,Low,28.5,54.3,Moderate,22.5,Low,191.25,15.98,0
B01,Academic Block,Classroom,45000,4,2025-02-20 03:00:00,3,3,2,0,22.9,61.8,15.5,Low,25.5,44.1,Cool,16.61,Low,141.18,11.79,0
B02,Computer Lab,Laboratory,28000,3,2025-02-20 03:00:00,3,3,2,0,27.4,66.0,10.5,Low,40.7,33.7,Moderate,25.48,Medium,216.58,18.09,0
B01,Academic Block,Classroom,45000,4,2025-02-20 03:00:00,3,3,2,0,25.9,54.9,13.7,Low,37.2,39.8,Moderate,28.7,Medium,243.95,20.38,0
B02,Computer Lab,Laboratory,28000,3,2025-02-20 03:00:00,3,3,2,0,24.2,72.7,9.2,Low,28.0,42.5,Moderate,25.26,Medium,214.71,17.93,0
B02,Computer Lab,Laboratory,28000,3,2025-02-20 05:00:00,5,3,2,0,22.5,76.2,7.7,Low,17.4,42.1,Cool,15.47,Low,131.5,10.98,0
B01,Academic Block,Classroom,45000,4,2025-02-20 07:00:00,7,3,2,0,23.4,73.5,10.6,Low,29.8,23.7,Cool,30.22,Medium,256.87,21.46,0
B02,Computer Lab,Laboratory,28000,3,2025-02-20 08:00:00,8,3,2,0,23.8,73.2,71.3,High,46.5,74.6,Cool,31.68,High,269.28,22.49,0
B02,Computer Lab,Laboratory,28000,3,2025-02-20 10:00:00,10,3,2,0,23.3,65.7,58.2,Medium,39.6,59.6,Cool,34.0,High,289.0,24.14,0
B01,Academic Block,Classroom,45000,4,2025-02-20 10:00:00,10,3,2,0,21.4,69.8,78.0,High,55.3,75.1,Cool,33.19,High,282.12,23.56,0
B04,Hostel,Dormitory,60000,6,2025-02-20 10:00:00,10,3,2,0,22.6,66.2,44.2,Medium,45.3,53.1,Cool,33.98,High,288.83,24.13,0
B05,Administration,Office,18000,3,2025-02-20 12:00:00,12,3,2,0,23.7,65.7,63.7,Medium,40.0,54.4,Cool,22.11,Low,187.94,15.7,0
B02,Computer Lab,Laboratory,28000,3,2025-02-20 12:00:00,12,3,2,0,24.0,60.6,63.8,Medium,56.2,66.5,Cool,58.28,High,495.38,41.38,1
B01,Academic Block,Classroom,45000,4,2025-02-20 13:00:00,13,3,2,0,24.6,67.3,72.0,High,49.3,75.6,Moderate,37.45,High,318.33,26.59,0
B05,Administration,Office,18000,3,2025-02-20 14:00:00,14,3,2,0,25.7,67.4,55.1,Medium,50.6,59.9,Moderate,24.04,Low,204.34,17.07,0
B01,Academic Block,Classroom,45000,4,2025-02-20 16:00:00,16,3,2,0,27.6,69.8,58.1,Medium,61.4,60.2,Moderate,31.59,High,268.52,22.43,0
B06,Research Lab,Laboratory,35000,4,2025-02-20 17:00:00,17,3,2,0,27.5,65.7,63.1,Medium,51.0,66.3,Moderate,36.16,High,307.36,25.67,0
B04,Hostel,Dormitory,60000,6,2025-02-20 17:00:00,17,3,2,0,26.9,69.6,47.1,Medium,46.9,39.6,Moderate,28.26,Medium,240.21,20.06,0
B04,Hostel,Dormitory,60000,6,2025-02-20 17:00:00,17,3,2,0,24.1,60.5,55.4,Medium,47.5,55.9,Moderate,28.2,Medium,239.7,20.02,0
B03,Library,Library,22000,3,2025-02-20 17:00:00,17,3,2,0,27.8,72.7,65.0,Medium,62.7,57.3,Moderate,24.54,Medium,208.59,17.42,0
B01,Academic Block,Classroom,45000,4,2025-02-20 18:00:00,18,3,2,0,27.6,61.2,62.0,Medium,51.9,63.4,Moderate,33.61,High,285.68,23.86,0
B01,Academic Block,Classroom,45000,4,2025-02-20 18:00:00,18,3,2,0,26.0,49.9,62.9,Medium,54.1,57.2,Moderate,35.25,High,299.62,25.03,0
B02,Computer Lab,Laboratory,28000,3,2025-02-20 19:00:00,19,3,2,0,26.6,61.0,0.0,Low,23.6,39.2,Moderate,16.82,Low,142.97,11.94,0
B02,Computer Lab,Laboratory,28000,3,2025-02-20 20:00:00,20,3,2,0,26.7,67.7,17.6,Low,25.7,46.1,Moderate,28.78,Medium,244.63,20.43,0
B01,Academic Block,Classroom,45000,4,2025-02-20 22:00:00,22,3,2,0,25.7,65.0,26.9,Low,32.0,48.7,Moderate,23.65,Low,201.02,16.79,0
B04,Hostel,Dormitory,60000,6,2025-02-20 22:00:00,22,3,2,0,23.7,52.4,23.3,Low,27.1,47.8,Cool,31.93,High,271.4,22.67,0
B06,Research Lab,Laboratory,35000,4,2025-02-20 22:00:00,22,3,2,0,24.7,66.7,20.7,Low,38.0,44.0,Moderate,24.38,Low,207.23,17.31,0
B06,Research Lab,Laboratory,35000,4,2025-02-20 23:00:00,23,3,2,0,24.7,66.1,21.3,Low,31.9,50.8,Moderate,25.68,Medium,218.28,18.23,0
B04,Hostel,Dormitory,60000,6,2025-02-21 01:00:00,1,4,2,0,22.2,60.4,17.5,Low,22.8,51.2,Cool,35.99,High,305.92,25.55,0
B06,Research Lab,Laboratory,35000,4,2025-02-21 01:00:00,1,4,2,0,23.5,70.2,7.8,Low,20.1,37.6,Cool,21.05,Low,178.92,14.95,0
B06,Research Lab,Laboratory,35000,4,2025-02-21 02:00:00,2,4,2,0,26.4,62.9,10.3,Low,29.0,35.4,Moderate,21.09,Low,179.26,14.97,0
B02,Computer Lab,Laboratory,28000,3,2025-02-21 05:00:00,5,4,2,0,24.0,52.1,15.9,Low,34.7,46.9,Cool,25.93,Medium,220.4,18.41,0
B01,Academic Block,Classroom,45000,4,2025-02-21 09:00:00,9,4,2,0,21.3,72.8,70.3,High,39.3,67.5,Cool,34.38,High,292.23,24.41,0
B06,Research Lab,Laboratory,35000,4,2025-02-21 10:00:00,10,4,2,0,21.9,68.7,57.0,Medium,39.2,55.3,Cool,24.96,Medium,212.16,17.72,0
B01,Academic Block,Classroom,45000,4,2025-02-21 11:00:00,11,4,2,0,25.1,75.5,69.8,Medium,47.7,63.4,Moderate,32.92,High,279.82,23.37,0
B04,Hostel,Dormitory,60000,6,2025-02-21 11:00:00,11,4,2,0,25.1,58.9,48.5,Medium,44.7,57.8,Moderate,36.99,High,314.42,26.26,0
B04,Hostel,Dormitory,60000,6,2025-02-21 12:00:00,12,4,2,0,23.8,64.3,50.2,Medium,51.9,49.7,Cool,41.55,High,353.17,29.5,0
B01,Academic Block,Classroom,45000,4,2025-02-21 12:00:00,12,4,2,0,25.4,72.1,65.2,Medium,45.0,56.7,Moderate,29.24,Medium,248.54,20.76,0
B03,Library,Library,22000,3,2025-02-21 13:00:00,13,4,2,0,23.0,60.2,62.6,Medium,45.6,61.5,Cool,30.03,Medium,255.26,21.32,0
B02,Computer Lab,Laboratory,28000,3,2025-02-21 14:00:00,14,4,2,0,25.0,72.2,48.8,Medium,42.4,54.2,Moderate,28.38,Medium,241.23,20.15,0
B05,Administration,Office,18000,3,2025-02-21 14:00:00,14,4,2,0,22.5,74.4,67.2,Medium,41.6,67.7,Cool,23.58,Low,200.43,16.74,0
B04,Hostel,Dormitory,60000,6,2025-02-21 14:00:00,14,4,2,0,24.1,67.9,53.5,Medium,42.8,47.1,Moderate,32.09,High,272.77,22.78,0
B06,Research Lab,Laboratory,35000,4,2025-02-21 15:00:00,15,4,2,0,25.2,63.7,42.9,Medium,51.7,53.3,Moderate,31.97,High,271.74,22.7,0
B02,Computer Lab,Laboratory,28000,3,2025-02-21 15:00:00,15,4,2,0,22.7,62.3,64.9,Medium,43.6,64.7,Cool,25.79,Medium,219.22,18.31,0
B02,Computer Lab,Laboratory,28000,3,2025-02-21 17:00:00,17,4,2,0,27.0,58.4,65.8,Medium,51.6,67.2,Moderate,27.79,Medium,236.22,19.73,0
B02,Computer Lab,Laboratory,28000,3,2025-02-21 17:00:00,17,4,2,0,27.2,65.4,56.0,Medium,46.7,70.3,Moderate,32.63,High,277.36,23.17,0
B06,Research Lab,Laboratory,35000,4,2025-02-21 18:00:00,18,4,2,0,27.9,42.5,62.2,Medium,54.9,65.4,Moderate,40.52,High,344.42,28.77,0
B01,Academic Block,Classroom,45000,4,2025-02-21 18:00:00,18,4,2,0,29.9,57.2,68.5,Medium,52.2,69.2,Hot,30.01,Medium,255.08,21.31,0
B05,Administration,Office,18000,3,2025-02-21 18:00:00,18,4,2,0,27.0,58.5,78.3,High,57.1,72.6,Moderate,25.61,Medium,217.68,18.18,0
B05,Administration,Office,18000,3,2025-02-21 20:00:00,20,4,2,0,26.6,56.8,15.5,Low,36.4,46.6,Moderate,19.86,Low,168.81,14.1,0
B04,Hostel,Dormitory,60000,6,2025-02-21 20:00:00,20,4,2,0,24.3,66.9,32.7,Low,30.5,53.5,Moderate,30.01,Medium,255.08,21.31,0
B01,Academic Block,Classroom,45000,4,2025-02-21 20:00:00,20,4,2,0,27.3,52.9,19.7,Low,46.0,50.2,Moderate,20.42,Low,173.57,14.5,0
B04,Hostel,Dormitory,60000,6,2025-02-21 21:00:00,21,4,2,0,27.5,71.4,43.3,Medium,54.4,75.6,Moderate,34.48,High,293.08,24.48,0
B01,Academic Block,Classroom,45000,4,2025-02-21 21:00:00,21,4,2,0,24.6,71.7,26.5,Low,47.4,57.0,Moderate,29.0,Medium,246.5,20.59,0
B01,Academic Block,Classroom,45000,4,2025-02-22 00:00:00,0,5,2,1,25.4,74.2,7.8,Low,32.3,52.0,Moderate,22.97,Low,195.24,16.31,0
B04,Hostel,Dormitory,60000,6,2025-02-22 00:00:00,0,5,2,1,25.8,60.7,15.0,Low,34.6,48.9,Moderate,32.04,High,272.34,22.75,0
B06,Research Lab,Laboratory,35000,4,2025-02-22 01:00:00,1,5,2,1,26.1,65.6,7.7,Low,29.6,42.2,Moderate,19.7,Low,167.45,13.99,0
B04,Hostel,Dormitory,60000,6,2025-02-22 01:00:00,1,5,2,1,26.6,69.5,28.2,Low,38.6,55.5,Moderate,34.17,High,290.44,24.26,0
B01,Academic Block,Classroom,45000,4,2025-02-22 02:00:00,2,5,2,1,24.0,64.9,12.3,Low,33.5,54.1,Cool,17.1,Low,145.35,12.14,0
B06,Research Lab,Laboratory,35000,4,2025-02-22 02:00:00,2,5,2,1,25.1,61.0,18.7,Low,32.2,46.7,Moderate,28.45,Medium,241.82,20.2,0
B05,Administration,Office,18000,3,2025-02-22 03:00:00,3,5,2,1,25.1,65.8,10.8,Low,28.5,39.5,Moderate,21.58,Low,183.43,15.32,0
B01,Academic Block,Classroom,45000,4,2025-02-22 03:00:00,3,5,2,1,24.0,64.4,15.5,Low,32.4,42.2,Cool,19.08,Low,162.18,13.55,0
B02,Computer Lab,Laboratory,28000,3,2025-02-22 05:00:00,5,5,2,1,22.7,59.3,0.0,Low,17.5,46.3,Cool,18.41,Low,156.49,13.07,0
B04,Hostel,Dormitory,60000,6,2025-02-22 06:00:00,6,5,2,1,24.1,49.1,19.3,Low,40.0,50.2,Moderate,26.31,Medium,223.64,18.68,0
B05,Administration,Office,18000,3,2025-02-22 06:00:00,6,5,2,1,22.8,60.3,21.1,Low,28.9,51.2,Cool,18.63,Low,158.35,13.23,0
B03,Library,Library,22000,3,2025-02-22 09:00:00,9,5,2,1,21.0,51.7,7.9,Low,27.4,23.5,Cool,17.02,Low,144.67,12.08,0
B06,Research Lab,Laboratory,35000,4,2025-02-22 10:00:00,10,5,2,1,25.1,58.8,0.0,Low,20.8,13.7,Moderate,16.4,Low,139.4,11.64,0
B01,Academic Block,Classroom,45000,4,2025-02-22 15:00:00,15,5,2,1,23.6,76.1,22.4,Low,30.5,28.0,Cool,21.58,Low,183.43,15.32,0
B06,Research Lab,Laboratory,35000,4,2025-02-22 16:00:00,16,5,2,1,25.6,51.6,21.5,Low,31.6,27.1,Moderate,28.71,Medium,244.04,20.38,0
B03,Library,Library,22000,3,2025-02-22 16:00:00,16,5,2,1,26.2,67.2,17.5,Low,31.6,23.9,Moderate,20.12,Low,171.02,14.29,0
B05,Administration,Office,18000,3,2025-02-22 17:00:00,17,5,2,1,26.9,72.0,10.7,Low,25.7,13.0,Moderate,16.31,Low,138.64,11.58,0
B04,Hostel,Dormitory,60000,6,2025-02-22 19:00:00,19,5,2,1,26.9,52.5,30.0,Low,45.7,57.8,Moderate,37.96,High,322.66,26.95,0
B04,Hostel,Dormitory,60000,6,2025-02-22 20:00:00,20,5,2,1,22.3,79.7,41.3,Medium,37.9,58.2,Cool,40.03,High,340.26,28.42,0
B04,Hostel,Dormitory,60000,6,2025-02-22 20:00:00,20,5,2,1,25.7,63.9,29.8,Low,28.6,60.1,Moderate,32.56,High,276.76,23.12,0
B01,Academic Block,Classroom,45000,4,2025-02-22 21:00:00,21,5,2,1,27.1,72.8,13.1,Low,32.5,49.0,Moderate,25.97,Medium,220.74,18.44,0
B01,Academic Block,Classroom,45000,4,2025-02-22 22:00:00,22,5,2,1,26.3,65.9,12.0,Low,30.6,41.0,Moderate,22.83,Low,194.05,16.21,0
B04,Hostel,Dormitory,60000,6,2025-02-23 03:00:00,3,6,2,1,25.1,61.7,14.3,Low,33.0,47.4,Moderate,30.89,High,262.56,21.93,0
B04,Hostel,Dormitory,60000,6,2025-02-23 05:00:00,5,6,2,1,25.0,44.6,11.2,Low,28.4,47.0,Moderate,27.04,Medium,229.84,19.2,0
B04,Hostel,Dormitory,60000,6,2025-02-23 06:00:00,6,6,2,1,23.9,58.1,12.1,Low,34.2,51.6,Cool,24.45,Medium,207.82,17.36,0
B02,Computer Lab,Laboratory,28000,3,2025-02-23 09:00:00,9,6,2,1,21.8,72.3,24.5,Low,34.4,31.4,Cool,26.29,Medium,223.46,18.67,0
B04,Hostel,Dormitory,60000,6,2025-02-23 11:00:00,11,6,2,1,22.6,77.7,15.7,Low,39.8,19.7,Cool,31.92,High,271.32,22.66,0
B02,Computer Lab,Laboratory,28000,3,2025-02-23 11:00:00,11,6,2,1,25.9,54.4,14.7,Low,18.8,21.5,Moderate,21.04,Low,178.84,14.94,0
B04,Hostel,Dormitory,60000,6,2025-02-23 12:00:00,12,6,2,1,23.6,65.7,17.8,Low,37.3,20.0,Cool,29.87,Medium,253.9,21.21,0
B06,Research Lab,Laboratory,35000,4,2025-02-23 13:00:00,13,6,2,1,24.2,62.5,4.2,Low,30.2,20.5,Moderate,20.24,Low,172.04,14.37,0
B06,Research Lab,Laboratory,35000,4,2025-02-23 13:00:00,13,6,2,1,25.1,67.8,19.1,Low,31.2,13.2,Moderate,49.49,High,420.66,35.14,1
B01,Academic Block,Classroom,45000,4,2025-02-23 14:00:00,14,6,2,1,26.7,64.3,14.1,Low,31.9,20.6,Moderate,18.92,Low,160.82,13.43,0
B02,Computer Lab,Laboratory,28000,3,2025-02-23 14:00:00,14,6,2,1,23.5,63.6,7.7,Low,24.9,20.8,Cool,25.38,Medium,215.73,18.02,0
B01,Academic Block,Classroom,45000,4,2025-02-23 19:00:00,19,6,2,1,26.0,68.7,11.3,Low,32.6,38.1,Moderate,25.74,Medium,218.79,18.28,0
B04,Hostel,Dormitory,60000,6,2025-02-23 19:00:00,19,6,2,1,24.4,60.6,35.7,Medium,33.6,57.5,Moderate,33.77,High,287.04,23.98,0
B04,Hostel,Dormitory,60000,6,2025-02-23 20:00:00,20,6,2,1,26.4,64.0,32.6,Low,29.7,63.6,Moderate,34.09,High,289.77,24.2,0
B01,Academic Block,Classroom,45000,4,2025-02-23 20:00:00,20,6,2,1,27.7,68.2,19.6,Low,34.0,44.1,Moderate,29.23,Medium,248.46,20.75,0
B06,Research Lab,Laboratory,35000,4,2025-02-23 21:00:00,21,6,2,1,26.2,59.0,6.7,Low,28.3,37.7,Moderate,22.08,Low,187.68,15.68,0
B04,Hostel,Dormitory,60000,6,2025-02-23 22:00:00,22,6,2,1,29.2,59.1,24.1,Low,44.8,57.7,Hot,37.74,High,320.79,26.8,0
B02,Computer Lab,Laboratory,28000,3,2025-02-23 23:00:00,23,6,2,1,26.4,60.0,6.7,Low,23.1,38.2,Moderate,20.2,Low,171.7,14.34,0
B06,Research Lab,Laboratory,35000,4,2025-02-24 03:00:00,3,0,2,0,24.2,68.8,9.1,Low,31.0,53.8,Moderate,26.66,Medium,226.61,18.93,0
B02,Computer Lab,Laboratory,28000,3,2025-02-24 04:00:00,4,0,2,0,23.4,68.7,12.9,Low,19.8,50.2,Cool,16.51,Low,140.34,11.72,0
B03,Library,Library,22000,3,2025-02-24 04:00:00,4,0,2,0,21.9,63.9,9.7,Low,25.8,48.0,Cool,15.47,Low,131.5,10.98,0
B03,Library,Library,22000,3,2025-02-24 04:00:00,4,0,2,0,23.8,68.3,3.7,Low,27.8,30.8,Cool,22.69,Low,192.86,16.11,0
B04,Hostel,Dormitory,60000,6,2025-02-24 05:00:00,5,0,2,0,24.0,46.1,2.5,Low,23.7,36.4,Cool,32.26,High,274.21,22.9,0
B01,Academic Block,Classroom,45000,4,2025-02-24 05:00:00,5,0,2,0,23.3,72.2,3.1,Low,23.7,35.9,Cool,27.39,Medium,232.82,19.45,0
B04,Hostel,Dormitory,60000,6,2025-02-24 08:00:00,8,0,2,0,23.3,72.6,49.0,Medium,43.7,49.7,Cool,38.51,High,327.33,27.34,0
B03,Library,Library,22000,3,2025-02-24 09:00:00,9,0,2,0,22.0,63.9,49.2,Medium,33.7,49.2,Cool,20.02,Low,170.17,14.21,0
B06,Research Lab,Laboratory,35000,4,2025-02-24 11:00:00,11,0,2,0,21.6,62.8,56.1,Medium,41.5,56.4,Cool,28.67,Medium,243.7,20.36,0
B06,Research Lab,Laboratory,35000,4,2025-02-24 12:00:00,12,0,2,0,23.8,65.6,68.1,Medium,45.0,54.1,Cool,35.22,High,299.37,25.01,0
B04,Hostel,Dormitory,60000,6,2025-02-24 12:00:00,12,0,2,0,24.2,59.3,42.8,Medium,48.2,42.5,Moderate,37.79,High,321.21,26.83,0
B01,Academic Block,Classroom,45000,4,2025-02-24 12:00:00,12,0,2,0,23.7,60.8,68.7,Medium,50.4,74.9,Cool,37.19,High,316.12,26.4,0
B02,Computer Lab,Laboratory,28000,3,2025-02-24 13:00:00,13,0,2,0,24.7,67.4,50.5,Medium,36.3,50.2,Moderate,27.77,Medium,236.04,19.72,0
B01,Academic Block,Classroom,45000,4,2025-02-24 14:00:00,14,0,2,0,26.1,69.8,57.3,Medium,58.3,54.7,Moderate,31.12,High,264.52,22.1,0
B01,Academic Block,Classroom,45000,4,2025-02-24 14:00:00,14,0,2,0,26.1,66.3,69.2,Medium,57.6,66.6,Moderate,37.19,High,316.12,26.4,0
B04,Hostel,Dormitory,60000,6,2025-02-24 14:00:00,14,0,2,0,26.2,84.2,55.7,Medium,39.8,56.9,Moderate,30.16,Medium,256.36,21.41,0
B06,Research Lab,Laboratory,35000,4,2025-02-24 18:00:00,18,0,2,0,28.2,71.2,64.3,Medium,44.5,52.0,Moderate,32.07,High,272.6,22.77,0
B05,Administration,Office,18000,3,2025-02-24 19:00:00,19,0,2,0,27.6,68.1,19.8,Low,29.6,50.6,Moderate,18.36,Low,156.06,13.04,0
B02,Computer Lab,Laboratory,28000,3,2025-02-24 20:00:00,20,0,2,0,27.4,68.0,10.8,Low,27.6,45.8,Moderate,22.44,Low,190.74,15.93,0
B04,Hostel,Dormitory,60000,6,2025-02-24 21:00:00,21,0,2,0,29.8,61.8,33.9,Low,46.8,63.4,Hot,41.55,High,353.17,29.5,0
B04,Hostel,Dormitory,60000,6,2025-02-25 00:00:00,0,1,2,0,27.2,66.8,9.3,Low,33.1,37.3,Moderate,32.18,High,273.53,22.85,0
B05,Administration,Office,18000,3,2025-02-25 00:00:00,0,1,2,0,24.7,66.6,21.1,Low,36.7,58.5,Moderate,19.96,Low,169.66,14.17,0
B06,Research Lab,Laboratory,35000,4,2025-02-25 01:00:00,1,1,2,0,22.7,74.2,5.6,Low,21.4,46.3,Cool,18.0,Low,153.0,12.78,0
B01,Academic Block,Classroom,45000,4,2025-02-25 05:00:00,5,1,2,0,23.2,64.5,15.5,Low,26.0,53.3,Cool,19.96,Low,169.66,14.17,0
B01,Academic Block,Classroom,45000,4,2025-02-25 06:00:00,6,1,2,0,24.2,63.3,4.5,Low,26.2,42.3,Moderate,25.18,Medium,214.03,17.88,0
B05,Administration,Office,18000,3,2025-02-25 06:00:00,6,1,2,0,24.7,73.5,12.8,Low,36.1,42.9,Moderate,18.75,Low,159.38,13.31,0
B05,Administration,Office,18000,3,2025-02-25 06:00:00,6,1,2,0,21.4,64.7,0.8,Low,8.9,35.6,Cool,17.92,Low,152.32,12.72,0
B06,Research Lab,Laboratory,35000,4,2025-02-25 07:00:00,7,1,2,0,24.2,59.0,13.6,Low,27.2,32.3,Moderate,21.38,Low,181.73,15.18,0
B01,Academic Block,Classroom,45000,4,2025-02-25 07:00:00,7,1,2,0,24.8,59.9,25.8,Low,42.0,22.9,Moderate,24.98,Medium,212.33,17.74,0
B04,Hostel,Dormitory,60000,6,2025-02-25 11:00:00,11,1,2,0,24.5,70.6,47.1,Medium,41.4,46.7,Moderate,33.38,High,283.73,23.7,0
B06,Research Lab,Laboratory,35000,4,2025-02-25 11:00:00,11,1,2,0,24.2,84.3,57.1,Medium,42.2,60.1,Moderate,33.92,High,288.32,24.08,0
B01,Academic Block,Classroom,45000,4,2025-02-25 12:00:00,12,1,2,0,23.8,59.7,72.7,High,43.8,68.4,Cool,38.9,High,330.65,27.62,0
B04,Hostel,Dormitory,60000,6,2025-02-25 13:00:00,13,1,2,0,23.8,70.5,51.3,Medium,46.6,51.5,Cool,33.14,High,281.69,23.53,0
B03,Library,Library,22000,3,2025-02-25 14:00:00,14,1,2,0,26.2,65.1,63.5,Medium,46.9,70.8,Moderate,19.3,Low,164.05,13.7,0
B06,Research Lab,Laboratory,35000,4,2025-02-25 15:00:00,15,1,2,0,26.4,71.8,61.6,Medium,46.5,65.4,Moderate,34.11,High,289.94,24.22,0
B06,Research Lab,Laboratory,35000,4,2025-02-25 23:00:00,23,1,2,0,25.9,68.7,18.1,Low,41.5,53.4,Moderate,28.6,Medium,243.1,20.31,0
B05,Administration,Office,18000,3,2025-02-26 01:00:00,1,2,2,0,29.4,69.8,0.0,Low,27.0,31.1,Hot,11.09,Low,94.26,7.87,0
B04,Hostel,Dormitory,60000,6,2025-02-26 01:00:00,1,2,2,0,23.3,68.4,12.6,Low,36.5,41.7,Cool,26.62,Medium,226.27,18.9,0
B03,Library,Library,22000,3,2025-02-26 04:00:00,4,2,2,0,23.7,60.2,4.2,Low,25.5,40.2,Cool,15.34,Low,130.39,10.89,0
B01,Academic Block,Classroom,45000,4,2025-02-26 04:00:00,4,2,2,0,22.9,61.9,9.2,Low,25.0,44.1,Cool,26.76,Medium,227.46,19.0,0
B01,Academic Block,Classroom,45000,4,2025-02-26 07:00:00,7,2,2,0,23.7,67.5,15.0,Low,30.0,35.5,Cool,19.7,Low,167.45,13.99,0
B01,Academic Block,Classroom,45000,4,2025-02-26 08:00:00,8,2,2,0,20.1,72.2,65.0,Medium,42.9,65.6,Cool,29.81,Medium,253.38,21.17,0
B04,Hostel,Dormitory,60000,6,2025-02-26 10:00:00,10,2,2,0,25.2,62.2,45.5,Medium,38.5,57.4,Moderate,27.33,Medium,232.3,19.4,0
B02,Computer Lab,Laboratory,28000,3,2025-02-26 10:00:00,10,2,2,0,24.8,79.3,67.6,Medium,50.8,69.0,Moderate,32.84,High,279.14,23.32,0
B02,Computer Lab,Laboratory,28000,3,2025-02-26 10:00:00,10,2,2,0,23.7,72.6,65.9,Medium,43.2,63.3,Cool,25.5,Medium,216.75,18.1,0
B01,Academic Block,Classroom,45000,4,2025-02-26 13:00:00,13,2,2,0,24.1,51.1,57.0,Medium,46.3,53.9,Moderate,37.33,High,317.3,26.5,0
B02,Computer Lab,Laboratory,28000,3,2025-02-26 14:00:00,14,2,2,0,26.1,63.3,64.1,Medium,63.7,67.1,Moderate,29.33,Medium,249.3,20.82,0
B01,Academic Block,Classroom,45000,4,2025-02-26 15:00:00,15,2,2,0,26.1,56.9,67.8,Medium,55.1,64.0,Moderate,35.81,High,304.38,25.43,0
B01,Academic Block,Classroom,45000,4,2025-02-26 15:00:00,15,2,2,0,27.0,76.7,68.3,Medium,51.8,65.7,Moderate,34.54,High,293.59,24.52,0
B06,Research Lab,Laboratory,35000,4,2025-02-26 15:00:00,15,2,2,0,25.4,49.1,69.7,Medium,52.0,63.1,Moderate,30.22,Medium,256.87,21.46,0
B01,Academic Block,Classroom,45000,4,2025-02-26 15:00:00,15,2,2,0,25.3,67.7,67.7,Medium,47.7,65.8,Moderate,35.5,High,301.75,25.2,0
B01,Academic Block,Classroom,45000,4,2025-02-26 16:00:00,16,2,2,0,27.7,63.7,71.6,High,54.2,71.7,Moderate,26.82,Medium,227.97,19.04,0
B06,Research Lab,Laboratory,35000,4,2025-02-26 17:00:00,17,2,2,0,27.4,68.8,60.3,Medium,50.2,58.2,Moderate,32.63,High,277.36,23.17,0
B01,Academic Block,Classroom,45000,4,2025-02-26 17:00:00,17,2,2,0,26.2,66.3,68.1,Medium,54.2,62.5,Moderate,34.84,High,296.14,24.74,0
B05,Administration,Office,18000,3,2025-02-26 17:00:00,17,2,2,0,27.0,77.9,56.2,Medium,54.1,57.5,Moderate,24.21,Low,205.78,17.19,0
B02,Computer Lab,Laboratory,28000,3,2025-02-26 17:00:00,17,2,2,0,26.8,70.0,76.0,High,67.9,74.3,Moderate,30.46,Medium,258.91,21.63,0
B02,Computer Lab,Laboratory,28000,3,2025-02-26 18:00:00,18,2,2,0,27.5,50.1,37.3,Medium,46.8,42.9,Moderate,33.03,High,280.76,23.45,0
B02,Computer Lab,Laboratory,28000,3,2025-02-26 19:00:00,19,2,2,0,28.9,71.7,6.9,Low,28.3,49.6,Moderate,23.77,Low,202.04,16.88,0
B02,Computer Lab,Laboratory,28000,3,2025-02-26 20:00:00,20,2,2,0,26.5,65.2,8.6,Low,23.4,42.0,Moderate,20.1,Low,170.85,14.27,0
B04,Hostel,Dormitory,60000,6,2025-02-26 21:00:00,21,2,2,0,26.0,74.0,38.4,Medium,40.2,66.4,Moderate,30.58,Medium,259.93,21.71,0
B06,Research Lab,Laboratory,35000,4,2025-02-27 00:00:00,0,3,2,0,26.6,61.5,2.1,Low,35.0,41.0,Moderate,24.97,Medium,212.24,17.73,0
B01,Academic Block,Classroom,45000,4,2025-02-27 00:00:00,0,3,2,0,25.3,57.3,10.8,Low,28.5,45.1,Moderate,22.69,Low,192.86,16.11,0
B01,Academic Block,Classroom,45000,4,2025-02-27 01:00:00,1,3,2,0,24.3,56.8,17.5,Low,29.1,43.3,Moderate,22.86,Low,194.31,16.23,0
B05,Administration,Office,18000,3,2025-02-27 01:00:00,1,3,2,0,27.2,70.7,3.5,Low,36.0,33.5,Moderate,23.06,Low,196.01,16.37,0
B03,Library,Library,22000,3,2025-02-27 01:00:00,1,3,2,0,25.2,70.4,11.0,Low,29.4,37.7,Moderate,23.57,Low,200.34,16.73,0
B03,Library,Library,22000,3,2025-02-27 02:00:00,2,3,2,0,22.3,63.0,10.8,Low,30.5,36.5,Cool,18.65,Low,158.52,13.24,0
B05,Administration,Office,18000,3,2025-02-27 04:00:00,4,3,2,0,25.4,46.0,7.8,Low,19.8,42.2,Moderate,18.27,Low,155.29,12.97,0
B06,Research Lab,Laboratory,35000,4,2025-02-27 05:00:00,5,3,2,0,23.1,74.2,12.3,Low,29.1,50.4,Cool,19.73,Low,167.7,14.01,0
B04,Hostel,Dormitory,60000,6,2025-02-27 06:00:00,6,3,2,0,24.3,51.3,9.0,Low,16.6,45.3,Moderate,28.29,Medium,240.46,20.09,0
B05,Administration,Office,18000,3,2025-02-27 06:00:00,6,3,2,0,25.0,80.2,18.8,Low,33.6,52.6,Moderate,19.66,Low,167.11,13.96,0
B05,Administration,Office,18000,3,2025-02-27 07:00:00,7,3,2,0,23.5,56.1,15.7,Low,33.6,21.6,Cool,15.9,Low,135.15,11.29,0
B02,Computer Lab,Laboratory,28000,3,2025-02-27 08:00:00,8,3,2,0,20.1,69.0,57.5,Medium,30.4,60.6,Cool,26.14,Medium,222.19,18.56,0
B06,Research Lab,Laboratory,35000,4,2025-02-27 08:00:00,8,3,2,0,20.2,70.5,59.3,Medium,27.0,62.1,Cool,26.84,Medium,228.14,19.06,0
B02,Computer Lab,Laboratory,28000,3,2025-02-27 09:00:00,9,3,2,0,22.2,69.8,56.1,Medium,45.1,65.5,Cool,29.41,Medium,249.98,20.88,0
B03,Library,Library,22000,3,2025-02-27 10:00:00,10,3,2,0,23.3,68.6,64.3,Medium,47.5,64.9,Cool,29.85,Medium,253.73,21.19,0
B05,Administration,Office,18000,3,2025-02-27 11:00:00,11,3,2,0,25.5,65.5,65.9,Medium,42.8,73.1,Moderate,29.7,Medium,252.45,21.09,0
B02,Computer Lab,Laboratory,28000,3,2025-02-27 11:00:00,11,3,2,0,24.2,62.6,57.8,Medium,45.7,59.0,Moderate,29.14,Medium,247.69,20.69,0
B01,Academic Block,Classroom,45000,4,2025-02-27 13:00:00,13,3,2,0,28.6,60.6,69.7,Medium,53.0,69.5,Moderate,37.82,High,321.47,26.85,0
B01,Academic Block,Classroom,45000,4,2025-02-27 13:00:00,13,3,2,0,22.4,62.5,79.8,High,47.6,80.7,Cool,30.12,Medium,256.02,21.39,0
B05,Administration,Office,18000,3,2025-02-27 16:00:00,16,3,2,0,26.3,64.8,57.9,Medium,46.4,59.7,Moderate,26.23,Medium,222.96,18.62,0
B05,Administration,Office,18000,3,2025-02-27 16:00:00,16,3,2,0,25.5,52.3,68.9,Medium,42.4,59.1,Moderate,24.18,Low,205.53,17.17,0
B03,Library,Library,22000,3,2025-02-27 17:00:00,17,3,2,0,26.9,65.7,57.8,Medium,54.5,53.4,Moderate,23.61,Low,200.68,16.76,0
B06,Research Lab,Laboratory,35000,4,2025-02-27 17:00:00,17,3,2,0,29.2,60.9,57.3,Medium,46.7,71.3,Hot,41.61,High,353.68,29.54,0
B06,Research Lab,Laboratory,35000,4,2025-02-27 19:00:00,19,3,2,0,29.8,67.1,6.9,Low,37.0,40.7,Hot,25.75,Medium,218.88,18.28,0
B03,Library,Library,22000,3,2025-02-27 21:00:00,21,3,2,0,27.2,61.1,18.0,Low,39.6,52.0,Moderate,19.72,Low,167.62,14.0,0
B04,Hostel,Dormitory,60000,6,2025-02-27 21:00:00,21,3,2,0,28.4,66.5,34.0,Low,38.4,55.2,Moderate,32.88,High,279.48,23.34,0
B03,Library,Library,22000,3,2025-02-28 00:00:00,0,4,2,0,26.6,67.6,22.1,Low,34.4,53.3,Moderate,21.85,Low,185.73,15.51,0
B01,Academic Block,Classroom,45000,4,2025-02-28 00:00:00,0,4,2,0,24.6,64.3,20.2,Low,28.7,56.8,Moderate,29.56,Medium,251.26,20.99,0
B04,Hostel,Dormitory,60000,6,2025-02-28 02:00:00,2,4,2,0,25.3,67.2,14.1,Low,41.2,36.2,Moderate,26.49,Medium,225.16,18.81,0
B02,Computer Lab,Laboratory,28000,3,2025-02-28 03:00:00,3,4,2,0,24.0,56.4,6.9,Low,31.5,41.2,Cool,23.83,Low,202.55,16.92,0
B04,Hostel,Dormitory,60000,6,2025-02-28 07:00:00,7,4,2,0,23.2,75.8,26.4,Low,36.0,35.8,Cool,32.16,High,273.36,22.83,0
B02,Computer Lab,Laboratory,28000,3,2025-02-28 08:00:00,8,4,2,0,22.0,63.6,54.5,Medium,52.3,57.5,Cool,23.78,Low,202.13,16.88,0
B05,Administration,Office,18000,3,2025-02-28 09:00:00,9,4,2,0,23.5,65.0,68.5,Medium,48.8,77.0,Cool,30.71,Medium,261.04,21.8,0
B01,Academic Block,Classroom,45000,4,2025-02-28 09:00:00,9,4,2,0,23.8,58.6,54.2,Medium,40.2,54.3,Cool,29.83,Medium,253.55,21.18,0
B01,Academic Block,Classroom,45000,4,2025-02-28 11:00:00,11,4,2,0,24.9,59.7,77.6,High,43.7,70.8,Moderate,34.84,High,296.14,24.74,0
B03,Library,Library,22000,3,2025-02-28 11:00:00,11,4,2,0,24.3,77.1,40.7,Medium,34.2,44.7,Moderate,14.03,Low,119.26,9.96,0
B01,Academic Block,Classroom,45000,4,2025-02-28 11:00:00,11,4,2,0,26.3,64.9,64.4,Medium,51.2,75.1,Moderate,72.09,High,612.76,51.18,1
B03,Library,Library,22000,3,2025-02-28 12:00:00,12,4,2,0,27.5,60.9,47.5,Medium,52.1,51.4,Moderate,32.24,High,274.04,22.89,0
B01,Academic Block,Classroom,45000,4,2025-02-28 12:00:00,12,4,2,0,23.6,64.0,76.4,High,45.7,75.2,Cool,32.06,High,272.51,22.76,0
B02,Computer Lab,Laboratory,28000,3,2025-02-28 13:00:00,13,4,2,0,26.2,64.1,53.6,Medium,55.8,43.7,Moderate,26.78,Medium,227.63,19.01,0
B03,Library,Library,22000,3,2025-02-28 14:00:00,14,4,2,0,28.4,67.3,58.6,Medium,42.8,59.5,Moderate,17.54,Low,149.09,12.45,0
B02,Computer Lab,Laboratory,28000,3,2025-02-28 16:00:00,16,4,2,0,27.7,64.2,60.7,Medium,49.3,59.7,Moderate,26.35,Medium,223.98,18.71,0
B04,Hostel,Dormitory,60000,6,2025-02-28 22:00:00,22,4,2,0,28.0,64.1,21.9,Low,40.9,51.9,Moderate,36.12,High,307.02,25.65,0
B01,Academic Block,Classroom,45000,4,2025-02-28 23:00:00,23,4,2,0,23.9,59.4,19.2,Low,30.9,47.8,Cool,24.33,Low,206.8,17.27,0
B04,Hostel,Dormitory,60000,6,2025-03-01 00:00:00,0,5,3,1,25.5,62.5,11.9,Low,33.3,37.5,Moderate,24.33,Low,206.8,17.27,0
B01,Academic Block,Classroom,45000,4,2025-03-01 01:00:00,1,5,3,1,25.2,65.9,22.6,Low,34.4,50.6,Moderate,30.71,Medium,261.04,21.8,0
B02,Computer Lab,Laboratory,28000,3,2025-03-01 03:00:00,3,5,3,1,26.9,63.3,16.3,Low,38.4,54.8,Moderate,22.77,Low,193.54,16.17,0
B01,Academic Block,Classroom,45000,4,2025-03-01 03:00:00,3,5,3,1,23.7,63.1,6.7,Low,23.9,40.6,Cool,17.05,Low,144.93,12.11,0
B01,Academic Block,Classroom,45000,4,2025-03-01 04:00:00,4,5,3,1,24.2,62.1,10.6,Low,25.9,34.0,Moderate,22.57,Low,191.84,16.02,0
B02,Computer Lab,Laboratory,28000,3,2025-03-01 05:00:00,5,5,3,1,25.2,67.9,10.4,Low,24.5,36.9,Moderate,23.44,Low,199.24,16.64,0
B04,Hostel,Dormitory,60000,6,2025-03-01 05:00:00,5,5,3,1,22.7,70.1,17.4,Low,40.4,49.5,Cool,26.64,Medium,226.44,18.91,0
B01,Academic Block,Classroom,45000,4,2025-03-01 05:00:00,5,5,3,1,24.3,72.5,17.2,Low,29.7,42.6,Moderate,22.82,Low,193.97,16.2,0
B06,Research Lab,Laboratory,35000,4,2025-03-01 05:00:00,5,5,3,1,24.1,67.1,7.3,Low,28.9,41.6,Moderate,29.37,Medium,249.64,20.85,0
B06,Research Lab,Laboratory,35000,4,2025-03-01 05:00:00,5,5,3,1,25.2,50.3,18.6,Low,31.0,55.2,Moderate,21.33,Low,181.3,15.14,0
B01,Academic Block,Classroom,45000,4,2025-03-01 08:00:00,8,5,3,1,24.3,82.1,14.8,Low,38.9,28.5,Moderate,25.02,Medium,212.67,17.76,0
B02,Computer Lab,Laboratory,28000,3,2025-03-01 09:00:00,9,5,3,1,24.3,65.5,16.7,Low,29.9,22.6,Moderate,20.75,Low,176.38,14.73,0
B04,Hostel,Dormitory,60000,6,2025-03-01 09:00:00,9,5,3,1,23.7,63.2,15.6,Low,30.5,27.6,Cool,30.85,Medium,262.23,21.9,0
B01,Academic Block,Classroom,45000,4,2025-03-01 12:00:00,12,5,3,1,21.8,67.2,17.8,Low,21.0,32.1,Cool,18.8,Low,159.8,13.35,0
B02,Computer Lab,Laboratory,28000,3,2025-03-01 14:00:00,14,5,3,1,25.5,61.8,5.5,Low,38.8,15.5,Moderate,22.35,Low,189.98,15.87,0
B01,Academic Block,Classroom,45000,4,2025-03-01 16:00:00,16,5,3,1,26.4,58.1,13.3,Low,33.9,19.6,Moderate,19.79,Low,168.22,14.05,0
B02,Computer Lab,Laboratory,28000,3,2025-03-01 18:00:00,18,5,3,1,28.2,66.7,19.1,Low,48.6,28.9,Moderate,18.7,Low,158.95,13.28,0
B03,Library,Library,22000,3,2025-03-01 20:00:00,20,5,3,1,26.7,62.6,19.8,Low,31.8,57.6,Moderate,15.52,Low,131.92,11.02,0
B05,Administration,Office,18000,3,2025-03-01 20:00:00,20,5,3,1,27.4,62.5,19.8,Low,34.0,44.9,Moderate,18.51,Low,157.34,13.14,0
B04,Hostel,Dormitory,60000,6,2025-03-01 20:00:00,20,5,3,1,27.4,45.6,25.8,Low,35.6,52.2,Moderate,33.5,High,284.75,23.78,0
B02,Computer Lab,Laboratory,28000,3,2025-03-01 21:00:00,21,5,3,1,26.2,62.5,26.5,Low,35.1,48.9,Moderate,29.33,Medium,249.3,20.82,0
B05,Administration,Office,18000,3,2025-03-01 22:00:00,22,5,3,1,25.3,57.2,24.4,Low,38.5,49.5,Moderate,20.86,Low,177.31,14.81,0
B04,Hostel,Dormitory,60000,6,2025-03-01 22:00:00,22,5,3,1,27.6,59.3,25.9,Low,26.9,53.8,Moderate,37.47,High,318.5,26.6,0
B01,Academic Block,Classroom,45000,4,2025-03-01 23:00:00,23,5,3,1,28.2,64.1,9.9,Low,34.3,41.7,Moderate,24.32,Low,206.72,17.27,0
B01,Academic Block,Classroom,45000,4,2025-03-02 00:00:00,0,6,3,1,25.5,60.3,16.8,Low,27.5,33.8,Moderate,25.23,Medium,214.46,17.91,0
B04,Hostel,Dormitory,60000,6,2025-03-02 02:00:00,2,6,3,1,25.1,61.6,6.9,Low,22.7,39.0,Moderate,24.7,Medium,209.95,17.54,0
B02,Computer Lab,Laboratory,28000,3,2025-03-02 05:00:00,5,6,3,1,25.2,65.5,16.1,Low,34.2,55.9,Moderate,25.28,Medium,214.88,17.95,0
B05,Administration,Office,18000,3,2025-03-02 06:00:00,6,6,3,1,25.1,61.4,13.5,Low,32.1,45.8,Moderate,16.43,Low,139.66,11.67,0
B06,Research Lab,Laboratory,35000,4,2025-03-02 09:00:00,9,6,3,1,23.8,58.6,21.0,Low,35.8,29.5,Cool,23.55,Low,200.18,16.72,0
B01,Academic Block,Classroom,45000,4,2025-03-02 11:00:00,11,6,3,1,24.6,53.3,15.0,Low,32.3,23.4,Moderate,23.14,Low,196.69,16.43,0
B04,Hostel,Dormitory,60000,6,2025-03-02 12:00:00,12,6,3,1,25.2,67.2,0.0,Low,26.8,10.4,Moderate,21.4,Low,181.9,15.19,0
B04,Hostel,Dormitory,60000,6,2025-03-02 12:00:00,12,6,3,1,25.5,61.0,18.0,Low,29.2,29.0,Moderate,53.45,High,454.33,37.95,1
B04,Hostel,Dormitory,60000,6,2025-03-02 14:00:00,14,6,3,1,23.8,54.3,20.6,Low,24.9,32.7,Cool,31.61,High,268.68,22.44,0
B01,Academic Block,Classroom,45000,4,2025-03-02 14:00:00,14,6,3,1,28.3,71.1,11.6,Low,39.0,32.4,Moderate,22.74,Low,193.29,16.15,0
B01,Academic Block,Classroom,45000,4,2025-03-02 15:00:00,15,6,3,1,26.3,66.3,13.0,Low,30.8,21.0,Moderate,23.47,Low,199.5,16.66,0
B01,Academic Block,Classroom,45000,4,2025-03-02 18:00:00,18,6,3,1,28.2,54.1,13.1,Low,38.1,31.3,Moderate,29.5,Medium,250.75,20.94,0
B02,Computer Lab,Laboratory,28000,3,2025-03-02 19:00:00,19,6,3,1,26.2,59.1,7.9,Low,30.3,47.2,Moderate,25.48,Medium,216.58,18.09,0
B06,Research Lab,Laboratory,35000,4,2025-03-02 20:00:00,20,6,3,1,27.1,70.6,29.3,Low,27.2,55.0,Moderate,26.83,Medium,228.05,19.05,0
B04,Hostel,Dormitory,60000,6,2025-03-02 21:00:00,21,6,3,1,27.9,61.5,26.5,Low,42.8,51.2,Moderate,35.08,High,298.18,24.91,0
B04,Hostel,Dormitory,60000,6,2025-03-03 00:00:00,0,0,3,0,23.8,63.0,18.5,Low,26.0,41.7,Cool,34.78,High,295.63,24.69,0
B06,Research Lab,Laboratory,35000,4,2025-03-03 01:00:00,1,0,3,0,24.6,70.6,18.5,Low,36.3,49.0,Moderate,27.06,Medium,230.01,19.21,0
B01,Academic Block,Classroom,45000,4,2025-03-03 02:00:00,2,0,3,0,24.4,64.3,8.8,Low,16.2,40.2,Moderate,24.95,Medium,212.08,17.71,0
B01,Academic Block,Classroom,45000,4,2025-03-03 02:00:00,2,0,3,0,23.6,74.7,5.4,Low,36.2,44.4,Cool,26.33,Medium,223.8,18.69,0
B04,Hostel,Dormitory,60000,6,2025-03-03 04:00:00,4,0,3,0,24.6,62.4,11.3,Low,25.1,45.2,Moderate,29.37,Medium,249.64,20.85,0
B06,Research Lab,Laboratory,35000,4,2025-03-03 05:00:00,5,0,3,0,24.0,61.8,16.9,Low,32.3,37.8,Cool,29.5,Medium,250.75,20.94,0
B04,Hostel,Dormitory,60000,6,2025-03-03 05:00:00,5,0,3,0,26.2,64.2,14.1,Low,28.2,45.3,Moderate,26.43,Medium,224.66,18.77,0
B02,Computer Lab,Laboratory,28000,3,2025-03-03 07:00:00,7,0,3,0,21.9,74.2,24.7,Low,25.2,35.1,Cool,24.29,Low,206.46,17.25,0
B04,Hostel,Dormitory,60000,6,2025-03-03 09:00:00,9,0,3,0,23.9,67.6,46.9,Medium,43.9,49.0,Cool,32.37,High,275.14,22.98,0
B04,Hostel,Dormitory,60000,6,2025-03-03 12:00:00,12,0,3,0,23.2,67.2,47.1,Medium,37.4,54.8,Cool,37.12,High,315.52,26.36,0
B04,Hostel,Dormitory,60000,6,2025-03-03 13:00:00,13,0,3,0,22.4,61.4,57.2,Medium,39.9,55.1,Cool,35.11,High,298.44,24.93,0
B01,Academic Block,Classroom,45000,4,2025-03-03 13:00:00,13,0,3,0,25.8,57.7,54.9,Medium,51.2,61.4,Moderate,34.04,High,289.34,24.17,0
B02,Computer Lab,Laboratory,28000,3,2025-03-03 13:00:00,13,0,3,0,26.0,71.0,54.9,Medium,47.5,53.4,Moderate,31.75,High,269.88,22.54,0
B05,Administration,Office,18000,3,2025-03-03 13:00:00,13,0,3,0,25.8,71.9,61.8,Medium,51.2,59.7,Moderate,23.45,Low,199.32,16.65,0
B06,Research Lab,Laboratory,35000,4,2025-03-03 14:00:00,14,0,3,0,23.5,73.5,58.7,Medium,39.5,68.8,Cool,33.05,High,280.92,23.47,0
B05,Administration,Office,18000,3,2025-03-03 15:00:00,15,0,3,0,26.1,69.7,59.1,Medium,52.1,52.7,Moderate,26.08,Medium,221.68,18.52,0
B01,Academic Block,Classroom,45000,4,2025-03-03 15:00:00,15,0,3,0,26.9,66.6,53.8,Medium,48.3,55.8,Moderate,29.7,Medium,252.45,21.09,0
B04,Hostel,Dormitory,60000,6,2025-03-03 16:00:00,16,0,3,0,27.9,65.7,60.9,Medium,54.5,62.4,Moderate,41.61,High,353.68,29.54,0
B01,Academic Block,Classroom,45000,4,2025-03-03 18:00:00,18,0,3,0,28.1,63.5,76.1,High,59.8,69.0,Moderate,34.58,High,293.93,24.55,0
B06,Research Lab,Laboratory,35000,4,2025-03-03 20:00:00,20,0,3,0,28.9,65.8,0.3,Low,39.3,37.6,Moderate,23.37,Low,198.64,16.59,0
B01,Academic Block,Classroom,45000,4,2025-03-03 21:00:00,21,0,3,0,29.0,61.5,16.7,Low,41.5,51.2,Moderate,28.47,Medium,242.0,20.21,0
B05,Administration,Office,18000,3,2025-03-03 21:00:00,21,0,3,0,27.6,66.8,11.1,Low,27.0,44.7,Moderate,19.49,Low,165.66,13.84,0
B03,Library,Library,22000,3,2025-03-03 22:00:00,22,0,3,0,28.0,69.0,15.9,Low,32.8,47.9,Moderate,9.94,Low,84.49,7.06,0
B05,Administration,Office,18000,3,2025-03-03 22:00:00,22,0,3,0,28.7,53.2,14.0,Low,38.3,48.1,Moderate,28.59,Medium,243.02,20.3,0
B02,Computer Lab,Laboratory,28000,3,2025-03-03 23:00:00,23,0,3,0,27.5,70.7,1.8,Low,32.9,32.6,Moderate,32.25,High,274.12,22.9,0
B06,Research Lab,Laboratory,35000,4,2025-03-04 00:00:00,0,1,3,0,28.4,61.9,17.6,Low,29.7,45.0,Moderate,23.81,Low,202.38,16.91,0
B02,Computer Lab,Laboratory,28000,3,2025-03-04 00:00:00,0,1,3,0,27.9,72.9,8.1,Low,27.5,43.4,Moderate,25.36,Medium,215.56,18.01,0
B02,Computer Lab,Laboratory,28000,3,2025-03-04 03:00:00,3,1,3,0,24.1,74.6,0.0,Low,30.3,33.2,Moderate,17.24,Low,146.54,12.24,0
B01,Academic Block,Classroom,45000,4,2025-03-04 03:00:00,3,1,3,0,23.1,59.3,13.4,Low,38.5,44.8,Cool,18.7,Low,158.95,13.28,0
B02,Computer Lab,Laboratory,28000,3,2025-03-04 06:00:00,6,1,3,0,23.9,65.9,1.1,Low,13.9,23.2,Cool,17.28,Low,146.88,12.27,0
B02,Computer Lab,Laboratory,28000,3,2025-03-04 06:00:00,6,1,3,0,22.1,54.3,20.0,Low,28.7,53.4,Cool,18.88,Low,160.48,13.4,0
B04,Hostel,Dormitory,60000,6,2025-03-04 07:00:00,7,1,3,0,23.8,63.3,10.0,Low,27.0,29.1,Cool,30.07,Medium,255.6,21.35,0
B05,Administration,Office,18000,3,2025-03-04 08:00:00,8,1,3,0,23.5,68.7,63.3,Medium,50.9,65.5,Cool,28.17,Medium,239.45,20.0,0
B06,Research Lab,Laboratory,35000,4,2025-03-04 09:00:00,9,1,3,0,25.6,70.4,62.4,Medium,51.3,65.6,Moderate,77.23,High,656.46,54.83,1
B03,Library,Library,22000,3,2025-03-04 11:00:00,11,1,3,0,24.9,65.6,55.6,Medium,49.7,61.3,Moderate,25.32,Medium,215.22,17.98,0
B01,Academic Block,Classroom,45000,4,2025-03-04 11:00:00,11,1,3,0,25.6,67.6,62.5,Medium,34.7,61.0,Moderate,32.68,High,277.78,23.2,0
B05,Administration,Office,18000,3,2025-03-04 12:00:00,12,1,3,0,23.8,61.0,70.6,High,47.9,63.5,Cool,26.7,Medium,226.95,18.96,0
B05,Administration,Office,18000,3,2025-03-04 13:00:00,13,1,3,0,27.3,63.0,61.9,Medium,45.8,64.0,Moderate,26.25,Medium,223.12,18.64,0
B01,Academic Block,Classroom,45000,4,2025-03-04 13:00:00,13,1,3,0,26.4,59.7,58.7,Medium,43.2,64.4,Moderate,27.11,Medium,230.44,19.25,0
B03,Library,Library,22000,3,2025-03-04 14:00:00,14,1,3,0,26.2,66.0,57.4,Medium,40.3,52.6,Moderate,23.38,Low,198.73,16.6,0
B03,Library,Library,22000,3,2025-03-04 14:00:00,14,1,3,0,22.8,76.5,54.3,Medium,41.8,59.3,Cool,22.78,Low,193.63,16.17,0
B05,Administration,Office,18000,3,2025-03-04 14:00:00,14,1,3,0,27.3,62.8,62.5,Medium,53.4,63.3,Moderate,28.08,Medium,238.68,19.94,0
B06,Research Lab,Laboratory,35000,4,2025-03-04 16:00:00,16,1,3,0,29.2,52.0,59.7,Medium,57.6,59.2,Hot,27.33,Medium,232.3,19.4,0
B01,Academic Block,Classroom,45000,4,2025-03-04 17:00:00,17,1,3,0,27.0,64.8,67.0,Medium,50.0,63.9,Moderate,35.95,High,305.58,25.52,0
B04,Hostel,Dormitory,60000,6,2025-03-04 18:00:00,18,1,3,0,27.3,68.1,61.2,Medium,59.3,62.3,Moderate,37.8,High,321.3,26.84,0
B06,Research Lab,Laboratory,35000,4,2025-03-04 18:00:00,18,1,3,0,26.5,57.4,53.2,Medium,41.1,51.7,Moderate,28.06,Medium,238.51,19.92,0
B01,Academic Block,Classroom,45000,4,2025-03-04 19:00:00,19,1,3,0,25.0,73.7,0.0,Low,16.8,50.1,Moderate,22.72,Low,193.12,16.13,0
B06,Research Lab,Laboratory,35000,4,2025-03-04 19:00:00,19,1,3,0,26.6,59.5,12.0,Low,33.8,37.4,Moderate,25.13,Medium,213.6,17.84,0
B04,Hostel,Dormitory,60000,6,2025-03-04 20:00:00,20,1,3,0,30.0,55.7,37.8,Medium,43.5,50.6,Hot,36.97,High,314.24,26.25,0
B04,Hostel,Dormitory,60000,6,2025-03-04 23:00:00,23,1,3,0,28.6,49.7,21.1,Low,42.5,52.3,Moderate,38.3,High,325.55,27.19,0
B04,Hostel,Dormitory,60000,6,2025-03-05 01:00:00,1,2,3,0,25.0,66.9,14.6,Low,26.6,46.4,Moderate,23.34,Low,198.39,16.57,0
B04,Hostel,Dormitory,60000,6,2025-03-05 01:00:00,1,2,3,0,25.3,77.5,2.2,Low,23.2,39.3,Moderate,22.95,Low,195.08,16.29,0
B02,Computer Lab,Laboratory,28000,3,2025-03-05 03:00:00,3,2,3,0,28.3,64.9,17.9,Low,33.6,34.1,Moderate,22.51,Low,191.34,15.98,0
B03,Library,Library,22000,3,2025-03-05 04:00:00,4,2,3,0,23.1,61.4,12.1,Low,21.8,34.9,Cool,21.82,Low,185.47,15.49,0
B04,Hostel,Dormitory,60000,6,2025-03-05 05:00:00,5,2,3,0,23.2,70.0,5.8,Low,24.2,37.1,Cool,30.75,Medium,261.38,21.83,0
B03,Library,Library,22000,3,2025-03-05 07:00:00,7,2,3,0,23.1,72.1,0.8,Low,23.7,20.0,Cool,14.85,Low,126.22,10.54,0
B03,Library,Library,22000,3,2025-03-05 08:00:00,8,2,3,0,21.6,75.8,70.2,High,40.2,58.6,Cool,27.42,Medium,233.07,19.47,0
B01,Academic Block,Classroom,45000,4,2025-03-05 09:00:00,9,2,3,0,22.9,58.0,82.7,High,43.5,79.3,Cool,36.09,High,306.77,25.62,0
B01,Academic Block,Classroom,45000,4,2025-03-05 09:00:00,9,2,3,0,22.9,77.6,59.0,Medium,45.3,58.0,Cool,31.84,High,270.64,22.61,0
B01,Academic Block,Classroom,45000,4,2025-03-05 10:00:00,10,2,3,0,22.6,68.4,58.9,Medium,44.0,60.0,Cool,33.8,High,287.3,24.0,0
B01,Academic Block,Classroom,45000,4,2025-03-05 10:00:00,10,2,3,0,25.9,76.6,67.2,Medium,54.8,65.3,Moderate,33.02,High,280.67,23.44,0
B02,Computer Lab,Laboratory,28000,3,2025-03-05 11:00:00,11,2,3,0,22.5,68.1,56.1,Medium,34.3,57.0,Cool,29.45,Medium,250.32,20.91,0
B02,Computer Lab,Laboratory,28000,3,2025-03-05 11:00:00,11,2,3,0,24.0,69.8,56.5,Medium,38.4,57.3,Cool,29.93,Medium,254.4,21.25,0
B06,Research Lab,Laboratory,35000,4,2025-03-05 13:00:00,13,2,3,0,23.8,59.3,60.8,Medium,49.5,66.1,Cool,30.77,Medium,261.54,21.85,0
B01,Academic Block,Classroom,45000,4,2025-03-05 13:00:00,13,2,3,0,24.8,72.1,80.0,High,58.4,75.2,Moderate,33.76,High,286.96,23.97,0
B05,Administration,Office,18000,3,2025-03-05 14:00:00,14,2,3,0,24.3,58.0,72.2,High,47.0,74.2,Moderate,27.77,Medium,236.04,19.72,0
B06,Research Lab,Laboratory,35000,4,2025-03-05 14:00:00,14,2,3,0,25.8,66.2,56.6,Medium,40.9,55.2,Moderate,27.21,Medium,231.28,19.32,0
B06,Research Lab,Laboratory,35000,4,2025-03-05 14:00:00,14,2,3,0,26.1,61.1,63.9,Medium,45.5,68.5,Moderate,30.04,Medium,255.34,21.33,0
B02,Computer Lab,Laboratory,28000,3,2025-03-05 16:00:00,16,2,3,0,28.7,61.4,45.9,Medium,42.3,48.2,Moderate,27.98,Medium,237.83,19.87,0
B03,Library,Library,22000,3,2025-03-05 16:00:00,16,2,3,0,25.8,72.0,55.9,Medium,51.2,55.8,Moderate,25.41,Medium,215.98,18.04,0
B05,Administration,Office,18000,3,2025-03-05 17:00:00,17,2,3,0,29.5,58.9,61.0,Medium,59.1,51.9,Hot,27.31,Medium,232.14,19.39,0
B06,Research Lab,Laboratory,35000,4,2025-03-05 17:00:00,17,2,3,0,25.8,72.1,65.5,Medium,50.3,59.6,Moderate,32.55,High,276.67,23.11,0
B02,Computer Lab,Laboratory,28000,3,2025-03-05 20:00:00,20,2,3,0,27.3,60.3,16.4,Low,31.2,43.8,Moderate,24.47,Medium,208.0,17.37,0
B04,Hostel,Dormitory,60000,6,2025-03-05 20:00:00,20,2,3,0,30.3,61.7,34.2,Low,41.6,51.6,Hot,35.43,High,301.15,25.16,0
B04,Hostel,Dormitory,60000,6,2025-03-05 21:00:00,21,2,3,0,31.9,74.5,35.2,Medium,46.4,57.1,Hot,36.55,High,310.67,25.95,0
B06,Research Lab,Laboratory,35000,4,2025-03-05 21:00:00,21,2,3,0,30.1,61.8,9.0,Low,32.4,45.2,Hot,27.79,Medium,236.22,19.73,0
B04,Hostel,Dormitory,60000,6,2025-03-05 23:00:00,23,2,3,0,26.7,63.1,38.8,Medium,43.4,68.1,Moderate,37.4,High,317.9,26.55,0
B01,Academic Block,Classroom,45000,4,2025-03-06 00:00:00,0,3,3,0,27.5,64.0,15.2,Low,39.8,38.0,Moderate,28.43,Medium,241.66,20.19,0
B02,Computer Lab,Laboratory,28000,3,2025-03-06 00:00:00,0,3,3,0,27.7,60.5,10.9,Low,38.8,51.5,Moderate,17.94,Low,152.49,12.74,0
B03,Library,Library,22000,3,2025-03-06 01:00:00,1,3,3,0,26.8,56.6,12.7,Low,27.8,48.7,Moderate,15.5,Low,131.75,11.0,0
B05,Administration,Office,18000,3,2025-03-06 03:00:00,3,3,3,0,23.7,80.5,17.9,Low,25.7,58.8,Cool,21.42,Low,182.07,15.21,0
B02,Computer Lab,Laboratory,28000,3,2025-03-06 04:00:00,4,3,3,0,25.1,62.1,18.6,Low,28.8,54.5,Moderate,22.79,Low,193.72,16.18,0
B01,Academic Block,Classroom,45000,4,2025-03-06 06:00:00,6,3,3,0,23.2,55.8,9.6,Low,31.6,51.7,Cool,17.44,Low,148.24,12.38,0
B01,Academic Block,Classroom,45000,4,2025-03-06 06:00:00,6,3,3,0,22.5,65.9,5.7,Low,14.9,41.4,Cool,44.11,High,374.94,31.32,1
B04,Hostel,Dormitory,60000,6,2025-03-06 06:00:00,6,3,3,0,23.5,68.7,8.8,Low,25.8,37.7,Cool,31.97,High,271.74,22.7,0
B05,Administration,Office,18000,3,2025-03-06 07:00:00,7,3,3,0,24.3,64.1,9.2,Low,22.1,23.2,Moderate,10.88,Low,92.48,7.72,0
B04,Hostel,Dormitory,60000,6,2025-03-06 07:00:00,7,3,3,0,25.3,64.4,12.9,Low,29.3,13.5,Moderate,23.87,Low,202.9,16.95,0
B02,Computer Lab,Laboratory,28000,3,2025-03-06 08:00:00,8,3,3,0,23.3,65.2,67.2,Medium,50.0,64.6,Cool,41.16,High,349.86,29.22,0
B01,Academic Block,Classroom,45000,4,2025-03-06 09:00:00,9,3,3,0,23.7,69.0,63.3,Medium,43.3,62.2,Cool,27.24,Medium,231.54,19.34,0
B01,Academic Block,Classroom,45000,4,2025-03-06 10:00:00,10,3,3,0,25.2,70.6,69.3,Medium,45.5,71.8,Moderate,36.11,High,306.94,25.64,0
B03,Library,Library,22000,3,2025-03-06 11:00:00,11,3,3,0,24.4,64.1,53.6,Medium,47.6,56.2,Moderate,29.83,Medium,253.55,21.18,0
B04,Hostel,Dormitory,60000,6,2025-03-06 12:00:00,12,3,3,0,25.3,82.9,51.1,Medium,44.6,51.1,Moderate,29.92,Medium,254.32,21.24,0
B01,Academic Block,Classroom,45000,4,2025-03-06 12:00:00,12,3,3,0,24.8,72.4,68.7,Medium,52.0,59.5,Moderate,28.52,Medium,242.42,20.25,0
B05,Administration,Office,18000,3,2025-03-06 13:00:00,13,3,3,0,25.5,64.6,71.1,High,52.8,64.6,Moderate,29.72,Medium,252.62,21.1,0
B03,Library,Library,22000,3,2025-03-06 14:00:00,14,3,3,0,24.1,56.5,56.6,Medium,36.3,56.3,Moderate,18.79,Low,159.72,13.34,0
B01,Academic Block,Classroom,45000,4,2025-03-06 14:00:00,14,3,3,0,25.9,65.1,48.5,Medium,51.8,47.9,Moderate,25.72,Medium,218.62,18.26,0
B02,Computer Lab,Laboratory,28000,3,2025-03-06 15:00:00,15,3,3,0,28.4,68.0,57.4,Medium,50.4,44.9,Moderate,29.66,Medium,252.11,21.06,0
B02,Computer Lab,Laboratory,28000,3,2025-03-06 19:00:00,19,3,3,0,27.9,68.4,23.0,Low,43.7,52.2,Moderate,46.3,High,393.55,32.87,1
B03,Library,Library,22000,3,2025-03-06 20:00:00,20,3,3,0,26.5,50.8,20.0,Low,33.0,47.7,Moderate,23.78,Low,202.13,16.88,0
B04,Hostel,Dormitory,60000,6,2025-03-06 20:00:00,20,3,3,0,29.9,61.9,37.5,Medium,50.7,60.7,Hot,39.54,High,336.09,28.07,0
B04,Hostel,Dormitory,60000,6,2025-03-06 22:00:00,22,3,3,0,28.5,58.8,40.3,Medium,51.9,66.0,Moderate,37.79,High,321.21,26.83,0
B05,Administration,Office,18000,3,2025-03-06 22:00:00,22,3,3,0,28.6,72.6,17.8,Low,43.4,46.1,Moderate,20.35,Low,172.98,14.45,0
B05,Administration,Office,18000,3,2025-03-07 01:00:00,1,4,3,0,27.4,63.9,20.1,Low,37.4,55.5,Moderate,16.55,Low,140.68,11.75,0
B06,Research Lab,Laboratory,35000,4,2025-03-07 01:00:00,1,4,3,0,24.6,49.3,4.2,Low,24.1,34.5,Moderate,27.12,Medium,230.52,19.26,0
B05,Administration,Office,18000,3,2025-03-07 01:00:00,1,4,3,0,27.3,65.7,11.6,Low,25.1,39.6,Moderate,17.79,Low,151.22,12.63,0
B05,Administration,Office,18000,3,2025-03-07 01:00:00,1,4,3,0,28.4,48.6,13.0,Low,28.6,41.0,Moderate,20.83,Low,177.05,14.79,0
B04,Hostel,Dormitory,60000,6,2025-03-07 01:00:00,1,4,3,0,25.6,67.7,12.4,Low,37.5,45.2,Moderate,31.33,High,266.3,22.24,0
B04,Hostel,Dormitory,60000,6,2025-03-07 02:00:00,2,4,3,0,22.9,84.8,8.0,Low,19.5,41.8,Cool,28.36,Medium,241.06,20.14,0
B04,Hostel,Dormitory,60000,6,2025-03-07 03:00:00,3,4,3,0,25.8,73.9,13.0,Low,36.2,42.0,Moderate,30.72,Medium,261.12,21.81,0
B04,Hostel,Dormitory,60000,6,2025-03-07 05:00:00,5,4,3,0,24.4,67.3,0.1,Low,29.8,35.0,Moderate,27.94,Medium,237.49,19.84,0
B03,Library,Library,22000,3,2025-03-07 06:00:00,6,4,3,0,21.8,62.9,15.2,Low,28.1,48.3,Cool,18.08,Low,153.68,12.84,0
B05,Administration,Office,18000,3,2025-03-07 06:00:00,6,4,3,0,25.0,73.9,7.3,Low,30.3,43.5,Moderate,14.76,Low,125.46,10.48,0
B02,Computer Lab,Laboratory,28000,3,2025-03-07 07:00:00,7,4,3,0,24.7,69.7,0.0,Low,17.9,14.4,Moderate,20.6,Low,175.1,14.63,0
B01,Academic Block,Classroom,45000,4,2025-03-07 08:00:00,8,4,3,0,21.6,65.9,66.7,Medium,35.2,61.1,Cool,33.82,High,287.47,24.01,0
B05,Administration,Office,18000,3,2025-03-07 08:00:00,8,4,3,0,26.6,59.9,73.5,High,50.1,66.2,Moderate,27.35,Medium,232.48,19.42,0
B03,Library,Library,22000,3,2025-03-07 10:00:00,10,4,3,0,25.2,58.5,41.6,Medium,50.2,47.5,Moderate,28.85,Medium,245.23,20.48,0
B05,Administration,Office,18000,3,2025-03-07 15:00:00,15,4,3,0,23.5,68.8,61.0,Medium,52.3,64.4,Cool,23.35,Low,198.48,16.58,0
B02,Computer Lab,Laboratory,28000,3,2025-03-07 16:00:00,16,4,3,0,28.0,59.7,47.4,Medium,47.6,51.3,Moderate,36.76,High,312.46,26.1,0
B01,Academic Block,Classroom,45000,4,2025-03-07 17:00:00,17,4,3,0,28.4,63.5,68.4,Medium,63.2,64.4,Moderate,36.12,High,307.02,25.65,0
B04,Hostel,Dormitory,60000,6,2025-03-07 18:00:00,18,4,3,0,29.7,67.7,57.1,Medium,48.2,55.0,Hot,28.88,Medium,245.48,20.5,0
B04,Hostel,Dormitory,60000,6,2025-03-07 19:00:00,19,4,3,0,26.8,60.5,26.3,Low,35.6,58.8,Moderate,39.48,High,335.58,28.03,0
B03,Library,Library,22000,3,2025-03-07 22:00:00,22,4,3,0,28.8,66.5,9.0,Low,44.9,35.6,Moderate,17.51,Low,148.84,12.43,0
B05,Administration,Office,18000,3,2025-03-07 23:00:00,23,4,3,0,26.9,72.0,11.0,Low,45.3,40.9,Moderate,19.87,Low,168.9,14.11,0
B06,Research Lab,Laboratory,35000,4,2025-03-08 01:00:00,1,5,3,1,25.6,67.3,20.7,Low,38.4,57.7,Moderate,29.02,Medium,246.67,20.6,0
B01,Academic Block,Classroom,45000,4,2025-03-08 02:00:00,2,5,3,1,24.6,70.2,2.2,Low,15.9,42.5,Moderate,21.4,Low,181.9,15.19,0
B02,Computer Lab,Laboratory,28000,3,2025-03-08 02:00:00,2,5,3,1,23.0,69.4,8.8,Low,33.0,42.6,Cool,22.16,Low,188.36,15.73,0
B03,Library,Library,22000,3,2025-03-08 06:00:00,6,5,3,1,25.0,65.1,23.0,Low,31.8,49.8,Moderate,17.56,Low,149.26,12.47,0
B05,Administration,Office,18000,3,2025-03-08 08:00:00,8,5,3,1,23.5,72.1,6.9,Low,29.5,18.9,Cool,13.52,Low,114.92,9.6,0
B04,Hostel,Dormitory,60000,6,2025-03-08 09:00:00,9,5,3,1,19.9,80.3,9.2,Low,23.8,22.3,Cool,31.59,High,268.52,22.43,0
B06,Research Lab,Laboratory,35000,4,2025-03-08 10:00:00,10,5,3,1,24.3,71.5,13.3,Low,34.8,35.5,Moderate,21.23,Low,180.46,15.07,0
B04,Hostel,Dormitory,60000,6,2025-03-08 12:00:00,12,5,3,1,26.6,62.4,28.3,Low,38.5,41.3,Moderate,47.2,High,401.2,33.51,1
B02,Computer Lab,Laboratory,28000,3,2025-03-08 12:00:00,12,5,3,1,22.9,65.5,4.2,Low,39.5,22.6,Cool,24.18,Low,205.53,17.17,0
B02,Computer Lab,Laboratory,28000,3,2025-03-08 16:00:00,16,5,3,1,25.8,63.4,17.3,Low,38.7,27.2,Moderate,34.78,High,295.63,24.69,1
B02,Computer Lab,Laboratory,28000,3,2025-03-08 16:00:00,16,5,3,1,27.6,69.6,3.7,Low,23.8,15.3,Moderate,22.35,Low,189.98,15.87,0
B02,Computer Lab,Laboratory,28000,3,2025-03-08 17:00:00,17,5,3,1,23.5,62.5,4.9,Low,14.3,17.7,Cool,22.63,Low,192.36,16.07,0
B05,Administration,Office,18000,3,2025-03-08 18:00:00,18,5,3,1,26.8,56.4,8.4,Low,21.6,26.3,Moderate,16.93,Low,143.9,12.02,0
B01,Academic Block,Classroom,45000,4,2025-03-08 18:00:00,18,5,3,1,28.1,65.8,15.3,Low,39.9,34.6,Moderate,29.55,Medium,251.18,20.98,0
B01,Academic Block,Classroom,45000,4,2025-03-08 18:00:00,18,5,3,1,26.8,63.7,8.2,Low,37.3,16.9,Moderate,22.88,Low,194.48,16.24,0
B01,Academic Block,Classroom,45000,4,2025-03-08 23:00:00,23,5,3,1,25.4,75.0,12.9,Low,15.0,33.2,Moderate,18.68,Low,158.78,13.26,0
B04,Hostel,Dormitory,60000,6,2025-03-08 23:00:00,23,5,3,1,25.4,48.9,27.0,Low,42.9,54.0,Moderate,32.31,High,274.64,22.94,0
B01,Academic Block,Classroom,45000,4,2025-03-08 23:00:00,23,5,3,1,24.9,66.5,12.6,Low,31.7,49.8,Moderate,19.33,Low,164.3,13.72,0
B03,Library,Library,22000,3,2025-03-08 23:00:00,23,5,3,1,26.4,61.1,2.9,Low,38.6,34.3,Moderate,26.52,Medium,225.42,18.83,0
B05,Administration,Office,18000,3,2025-03-09 00:00:00,0,6,3,1,28.6,67.8,3.1,Low,27.2,39.6,Moderate,17.54,Low,149.09,12.45,0
B03,Library,Library,22000,3,2025-03-09 01:00:00,1,6,3,1,30.0,59.0,8.4,Low,39.1,35.7,Hot,14.66,Low,124.61,10.41,0
B01,Academic Block,Classroom,45000,4,2025-03-09 04:00:00,4,6,3,1,25.0,61.0,16.3,Low,32.8,45.8,Moderate,22.07,Low,187.6,15.67,0
B02,Computer Lab,Laboratory,28000,3,2025-03-09 05:00:00,5,6,3,1,25.7,71.0,13.4,Low,26.7,41.1,Moderate,21.79,Low,185.22,15.47,0
B02,Computer Lab,Laboratory,28000,3,2025-03-09 05:00:00,5,6,3,1,23.1,75.5,6.6,Low,16.7,39.2,Cool,16.07,Low,136.6,11.41,0
B03,Library,Library,22000,3,2025-03-09 06:00:00,6,6,3,1,21.1,67.4,4.1,Low,27.0,39.1,Cool,12.44,Low,105.74,8.83,0
B04,Hostel,Dormitory,60000,6,2025-03-09 07:00:00,7,6,3,1,26.8,63.0,19.2,Low,36.7,32.9,Moderate,29.63,Medium,251.86,21.04,0
B01,Academic Block,Classroom,45000,4,2025-03-09 09:00:00,9,6,3,1,23.1,75.4,21.5,Low,31.9,29.0,Cool,25.61,Medium,217.68,18.18,0
B03,Library,Library,22000,3,2025-03-09 09:00:00,9,6,3,1,25.1,73.0,15.6,Low,39.2,21.0,Moderate,21.64,Low,183.94,15.36,0
B04,Hostel,Dormitory,60000,6,2025-03-09 09:00:00,9,6,3,1,24.3,72.8,14.5,Low,29.0,18.3,Moderate,32.12,High,273.02,22.81,0
B05,Administration,Office,18000,3,2025-03-09 10:00:00,10,6,3,1,25.7,61.6,0.0,Low,28.5,20.4,Moderate,12.84,Low,109.14,9.12,0
B03,Library,Library,22000,3,2025-03-09 12:00:00,12,6,3,1,26.4,59.3,16.2,Low,35.7,23.1,Moderate,9.14,Low,77.69,6.49,0
B02,Computer Lab,Laboratory,28000,3,2025-03-09 12:00:00,12,6,3,1,25.4,76.1,23.1,Low,36.5,34.9,Moderate,30.15,Medium,256.27,21.41,0
B05,Administration,Office,18000,3,2025-03-09 12:00:00,12,6,3,1,25.6,68.8,19.5,Low,24.9,21.7,Moderate,15.58,Low,132.43,11.06,0
B04,Hostel,Dormitory,60000,6,2025-03-09 12:00:00,12,6,3,1,26.8,58.4,19.1,Low,35.2,37.2,Moderate,29.38,Medium,249.73,20.86,0
B01,Academic Block,Classroom,45000,4,2025-03-09 13:00:00,13,6,3,1,24.8,64.4,0.4,Low,32.1,29.2,Moderate,26.24,Medium,223.04,18.63,0
B03,Library,Library,22000,3,2025-03-09 14:00:00,14,6,3,1,28.3,63.0,7.1,Low,33.1,22.0,Moderate,17.29,Low,146.96,12.28,0
B06,Research Lab,Laboratory,35000,4,2025-03-09 14:00:00,14,6,3,1,24.9,64.3,11.0,Low,26.2,21.8,Moderate,24.74,Medium,210.29,17.57,0
B06,Research Lab,Laboratory,35000,4,2025-03-09 14:00:00,14,6,3,1,26.1,62.1,7.0,Low,35.6,27.4,Moderate,25.06,Medium,213.01,17.79,0
B05,Administration,Office,18000,3,2025-03-09 15:00:00,15,6,3,1,27.4,71.7,3.9,Low,31.2,15.4,Moderate,11.61,Low,98.68,8.24,0
B06,Research Lab,Laboratory,35000,4,2025-03-09 16:00:00,16,6,3,1,24.5,69.1,14.9,Low,25.9,26.4,Moderate,19.75,Low,167.88,14.02,0
B04,Hostel,Dormitory,60000,6,2025-03-09 16:00:00,16,6,3,1,29.0,77.6,19.0,Low,34.1,15.4,Moderate,30.19,Medium,256.62,21.43,0
B02,Computer Lab,Laboratory,28000,3,2025-03-09 18:00:00,18,6,3,1,28.4,71.3,2.2,Low,32.0,16.3,Moderate,21.91,Low,186.24,15.56,0
B05,Administration,Office,18000,3,2025-03-09 19:00:00,19,6,3,1,32.9,59.6,19.3,Low,42.4,55.3,Hot,23.88,Low,202.98,16.95,0
B04,Hostel,Dormitory,60000,6,2025-03-09 19:00:00,19,6,3,1,31.0,70.1,33.6,Low,53.4,57.9,Hot,36.26,High,308.21,25.74,0
B04,Hostel,Dormitory,60000,6,2025-03-09 21:00:00,21,6,3,1,27.9,65.1,43.4,Medium,41.2,65.3,Moderate,35.58,High,302.43,25.26,0
B01,Academic Block,Classroom,45000,4,2025-03-09 21:00:00,21,6,3,1,30.6,77.4,17.6,Low,43.3,46.0,Hot,26.47,Medium,225.0,18.79,0
B02,Computer Lab,Laboratory,28000,3,2025-03-09 22:00:00,22,6,3,1,29.0,59.6,12.9,Low,39.6,54.5,Moderate,29.36,Medium,249.56,20.85,0
B01,Academic Block,Classroom,45000,4,2025-03-10 01:00:00,1,0,3,0,26.9,66.7,13.0,Low,37.2,45.9,Moderate,26.14,Medium,222.19,18.56,0
B01,Academic Block,Classroom,45000,4,2025-03-10 02:00:00,2,0,3,0,23.6,61.9,12.0,Low,36.5,44.2,Cool,22.31,Low,189.64,15.84,0
B02,Computer Lab,Laboratory,28000,3,2025-03-10 02:00:00,2,0,3,0,23.9,63.2,24.7,Low,23.9,51.5,Cool,25.63,Medium,217.86,18.2,0
B03,Library,Library,22000,3,2025-03-10 04:00:00,4,0,3,0,25.1,62.5,16.3,Low,34.9,52.4,Moderate,24.33,Low,206.8,17.27,0
B05,Administration,Office,18000,3,2025-03-10 05:00:00,5,0,3,0,23.9,74.5,9.4,Low,30.4,38.0,Cool,17.3,Low,147.05,12.28,0
B01,Academic Block,Classroom,45000,4,2025-03-10 05:00:00,5,0,3,0,25.0,66.5,16.0,Low,24.5,53.3,Moderate,18.84,Low,160.14,13.38,0
B01,Academic Block,Classroom,45000,4,2025-03-10 06:00:00,6,0,3,0,26.4,46.7,15.3,Low,34.8,45.9,Moderate,30.35,Medium,257.98,21.55,0
B05,Administration,Office,18000,3,2025-03-10 07:00:00,7,0,3,0,25.4,65.3,9.0,Low,26.8,27.6,Moderate,21.71,Low,184.54,15.41,0
B01,Academic Block,Classroom,45000,4,2025-03-10 11:00:00,11,0,3,0,23.6,59.3,60.9,Medium,52.6,58.8,Cool,35.31,High,300.14,25.07,0
B02,Computer Lab,Laboratory,28000,3,2025-03-10 13:00:00,13,0,3,0,26.9,60.4,67.1,Medium,48.9,69.4,Moderate,33.74,High,286.79,23.96,0
B04,Hostel,Dormitory,60000,6,2025-03-10 14:00:00,14,0,3,0,24.7,73.3,49.2,Medium,40.8,54.6,Moderate,36.33,High,308.8,25.79,0
B06,Research Lab,Laboratory,35000,4,2025-03-10 14:00:00,14,0,3,0,24.3,56.2,56.6,Medium,41.7,57.2,Moderate,31.07,High,264.1,22.06,0
B04,Hostel,Dormitory,60000,6,2025-03-10 15:00:00,15,0,3,0,27.1,54.7,55.1,Medium,43.4,63.2,Moderate,36.88,High,313.48,26.18,0
B05,Administration,Office,18000,3,2025-03-10 15:00:00,15,0,3,0,25.4,53.1,59.1,Medium,37.5,65.8,Moderate,19.48,Low,165.58,13.83,0
B04,Hostel,Dormitory,60000,6,2025-03-10 16:00:00,16,0,3,0,26.1,61.4,52.6,Medium,40.8,51.2,Moderate,30.99,High,263.41,22.0,0
B01,Academic Block,Classroom,45000,4,2025-03-10 16:00:00,16,0,3,0,28.5,50.4,63.9,Medium,54.9,59.3,Moderate,30.04,Medium,255.34,21.33,0
B02,Computer Lab,Laboratory,28000,3,2025-03-10 17:00:00,17,0,3,0,28.5,51.0,40.7,Medium,47.6,44.3,Moderate,21.57,Low,183.34,15.31,0
B06,Research Lab,Laboratory,35000,4,2025-03-10 17:00:00,17,0,3,0,26.9,61.9,61.5,Medium,55.2,59.6,Moderate,28.79,Medium,244.72,20.44,0
B02,Computer Lab,Laboratory,28000,3,2025-03-10 18:00:00,18,0,3,0,25.4,66.9,60.6,Medium,53.6,65.6,Moderate,30.68,Medium,260.78,21.78,0
B02,Computer Lab,Laboratory,28000,3,2025-03-10 20:00:00,20,0,3,0,27.0,57.0,14.5,Low,36.5,47.7,Moderate,16.6,Low,141.1,11.79,0
B01,Academic Block,Classroom,45000,4,2025-03-10 21:00:00,21,0,3,0,30.9,62.8,0.0,Low,40.8,30.5,Hot,23.23,Low,197.46,16.49,0
B02,Computer Lab,Laboratory,28000,3,2025-03-10 21:00:00,21,0,3,0,29.4,62.3,2.5,Low,37.3,32.6,Hot,23.39,Low,198.82,16.61,0
B04,Hostel,Dormitory,60000,6,2025-03-10 22:00:00,22,0,3,0,29.9,64.9,40.1,Medium,41.6,65.6,Hot,34.48,High,293.08,24.48,0
B04,Hostel,Dormitory,60000,6,2025-03-10 23:00:00,23,0,3,0,27.9,55.4,32.5,Low,44.3,63.7,Moderate,33.9,High,288.15,24.07,0
B03,Library,Library,22000,3,2025-03-11 00:00:00,0,1,3,0,26.6,77.6,0.0,Low,28.4,42.8,Moderate,18.47,Low,157.0,13.11,0
B01,Academic Block,Classroom,45000,4,2025-03-11 00:00:00,0,1,3,0,28.5,54.2,12.6,Low,32.7,45.3,Moderate,28.88,Medium,245.48,20.5,0
B01,Academic Block,Classroom,45000,4,2025-03-11 00:00:00,0,1,3,0,29.1,57.3,1.0,Low,33.2,35.1,Hot,21.84,Low,185.64,15.51,0
B02,Computer Lab,Laboratory,28000,3,2025-03-11 01:00:00,1,1,3,0,25.9,67.9,8.0,Low,32.0,39.9,Moderate,21.46,Low,182.41,15.24,0
B04,Hostel,Dormitory,60000,6,2025-03-11 02:00:00,2,1,3,0,25.1,65.7,13.8,Low,29.2,41.7,Moderate,21.81,Low,185.38,15.49,0
B01,Academic Block,Classroom,45000,4,2025-03-11 02:00:00,2,1,3,0,23.9,71.8,13.8,Low,34.2,45.0,Cool,26.21,Medium,222.78,18.61,0
B01,Academic Block,Classroom,45000,4,2025-03-11 03:00:00,3,1,3,0,24.5,63.2,19.0,Low,33.2,46.8,Moderate,21.61,Low,183.68,15.34,0
B02,Computer Lab,Laboratory,28000,3,2025-03-11 04:00:00,4,1,3,0,26.1,55.5,15.3,Low,38.0,44.4,Moderate,25.29,Medium,214.96,17.96,0
B01,Academic Block,Classroom,45000,4,2025-03-11 04:00:00,4,1,3,0,24.2,55.0,15.7,Low,37.0,49.7,Moderate,23.75,Low,201.88,16.86,0
B05,Administration,Office,18000,3,2025-03-11 07:00:00,7,1,3,0,25.6,77.0,9.3,Low,27.4,14.8,Moderate,23.11,Low,196.44,16.41,0
B05,Administration,Office,18000,3,2025-03-11 07:00:00,7,1,3,0,27.2,61.1,6.0,Low,28.8,9.9,Moderate,21.89,Low,186.06,15.54,0
B04,Hostel,Dormitory,60000,6,2025-03-11 07:00:00,7,1,3,0,24.2,64.5,12.3,Low,35.2,19.5,Moderate,30.9,High,262.65,21.94,0
B02,Computer Lab,Laboratory,28000,3,2025-03-11 09:00:00,9,1,3,0,24.2,78.2,65.9,Medium,42.4,68.4,Moderate,31.55,High,268.18,22.4,0
B02,Computer Lab,Laboratory,28000,3,2025-03-11 09:00:00,9,1,3,0,25.0,61.6,64.6,Medium,47.4,65.2,Moderate,31.23,High,265.46,22.17,0
B02,Computer Lab,Laboratory,28000,3,2025-03-11 10:00:00,10,1,3,0,23.5,66.4,57.4,Medium,39.9,62.8,Cool,27.12,Medium,230.52,19.26,0
B04,Hostel,Dormitory,60000,6,2025-03-11 11:00:00,11,1,3,0,23.8,58.7,50.6,Medium,35.0,44.7,Cool,30.81,Medium,261.88,21.88,0
B02,Computer Lab,Laboratory,28000,3,2025-03-11 13:00:00,13,1,3,0,24.7,56.1,52.5,Medium,46.2,56.9,Moderate,25.34,Medium,215.39,17.99,0
B03,Library,Library,22000,3,2025-03-11 14:00:00,14,1,3,0,24.4,78.7,63.0,Medium,44.8,55.1,Moderate,22.72,Low,193.12,16.13,0
B02,Computer Lab,Laboratory,28000,3,2025-03-11 15:00:00,15,1,3,0,28.0,75.9,70.1,High,49.8,62.2,Moderate,33.58,High,285.43,23.84,0
B01,Academic Block,Classroom,45000,4,2025-03-11 16:00:00,16,1,3,0,26.4,71.0,69.7,Medium,57.9,60.8,Moderate,32.03,High,272.26,22.74,0
B03,Library,Library,22000,3,2025-03-11 17:00:00,17,1,3,0,29.2,68.6,43.5,Medium,40.2,42.0,Hot,28.83,Medium,245.05,20.47,1
B05,Administration,Office,18000,3,2025-03-11 21:00:00,21,1,3,0,28.9,67.2,16.7,Low,37.4,60.7,Moderate,30.18,Medium,256.53,21.43,0
B02,Computer Lab,Laboratory,28000,3,2025-03-11 23:00:00,23,1,3,0,27.5,57.8,23.6,Low,43.5,55.4,Moderate,26.05,Medium,221.42,18.5,0
B06,Research Lab,Laboratory,35000,4,2025-03-12 01:00:00,1,2,3,0,28.0,64.6,4.2,Low,37.8,28.9,Moderate,32.7,High,277.95,23.22,0
B02,Computer Lab,Laboratory,28000,3,2025-03-12 01:00:00,1,2,3,0,25.3,61.2,17.9,Low,34.8,40.6,Moderate,22.17,Low,188.45,15.74,0
B05,Administration,Office,18000,3,2025-03-12 02:00:00,2,2,3,0,25.1,46.8,10.7,Low,24.0,43.4,Moderate,15.68,Low,133.28,11.13,0
B05,Administration,Office,18000,3,2025-03-12 03:00:00,3,2,3,0,26.8,71.4,20.7,Low,36.8,51.4,Moderate,22.94,Low,194.99,16.29,0
B02,Computer Lab,Laboratory,28000,3,2025-03-12 06:00:00,6,2,3,0,21.2,71.9,3.9,Low,23.5,34.7,Cool,19.68,Low,167.28,13.97,0
B05,Administration,Office,18000,3,2025-03-12 08:00:00,8,2,3,0,24.3,56.3,59.7,Medium,42.4,68.2,Moderate,25.48,Medium,216.58,18.09,0
B02,Computer Lab,Laboratory,28000,3,2025-03-12 08:00:00,8,2,3,0,25.1,62.4,47.8,Medium,44.6,46.4,Moderate,26.38,Medium,224.23,18.73,0
B05,Administration,Office,18000,3,2025-03-12 08:00:00,8,2,3,0,26.2,71.4,65.1,Medium,41.5,68.5,Moderate,23.19,Low,197.12,16.46,0
B04,Hostel,Dormitory,60000,6,2025-03-12 08:00:00,8,2,3,0,26.5,64.7,54.9,Medium,36.8,60.2,Moderate,40.81,High,346.88,28.98,0
B01,Academic Block,Classroom,45000,4,2025-03-12 09:00:00,9,2,3,0,24.1,53.8,69.0,Medium,44.1,78.8,Moderate,27.73,Medium,235.7,19.69,0
B02,Computer Lab,Laboratory,28000,3,2025-03-12 11:00:00,11,2,3,0,26.0,55.7,55.2,Medium,50.7,68.6,Moderate,28.46,Medium,241.91,20.21,0
B06,Research Lab,Laboratory,35000,4,2025-03-12 12:00:00,12,2,3,0,24.0,78.8,55.7,Medium,48.3,60.2,Cool,37.69,High,320.36,26.76,0
B01,Academic Block,Classroom,45000,4,2025-03-12 13:00:00,13,2,3,0,25.0,65.5,64.3,Medium,40.2,63.4,Moderate,29.22,Medium,248.37,20.75,0
B04,Hostel,Dormitory,60000,6,2025-03-12 13:00:00,13,2,3,0,27.8,70.2,57.2,Medium,59.3,59.7,Moderate,33.37,High,283.64,23.69,0
B05,Administration,Office,18000,3,2025-03-12 14:00:00,14,2,3,0,26.2,76.9,52.5,Medium,46.5,57.4,Moderate,49.22,High,418.37,34.95,1
B03,Library,Library,22000,3,2025-03-12 15:00:00,15,2,3,0,27.0,60.2,52.5,Medium,38.1,45.1,Moderate,23.35,Low,198.48,16.58,0
B04,Hostel,Dormitory,60000,6,2025-03-12 17:00:00,17,2,3,0,26.1,66.6,40.7,Medium,43.4,38.0,Moderate,35.02,High,297.67,24.86,0
B02,Computer Lab,Laboratory,28000,3,2025-03-12 19:00:00,19,2,3,0,28.8,48.2,9.1,Low,43.1,46.7,Moderate,25.89,Medium,220.06,18.38,0
B03,Library,Library,22000,3,2025-03-12 21:00:00,21,2,3,0,29.3,57.3,11.9,Low,34.4,50.8,Hot,17.42,Low,148.07,12.37,0
B02,Computer Lab,Laboratory,28000,3,2025-03-12 21:00:00,21,2,3,0,29.2,65.7,26.7,Low,48.2,62.5,Hot,29.78,Medium,253.13,21.14,0
B06,Research Lab,Laboratory,35000,4,2025-03-12 22:00:00,22,2,3,0,26.1,62.8,7.3,Low,38.6,39.4,Moderate,29.62,Medium,251.77,21.03,0
B04,Hostel,Dormitory,60000,6,2025-03-13 01:00:00,1,3,3,0,28.3,65.5,19.2,Low,38.3,51.0,Moderate,31.09,High,264.26,22.07,0
B02,Computer Lab,Laboratory,28000,3,2025-03-13 02:00:00,2,3,3,0,24.8,71.7,0.0,Low,20.6,32.7,Moderate,16.93,Low,143.9,12.02,0
B04,Hostel,Dormitory,60000,6,2025-03-13 03:00:00,3,3,3,0,25.8,68.3,12.3,Low,38.2,53.4,Moderate,30.52,Medium,259.42,21.67,0
B04,Hostel,Dormitory,60000,6,2025-03-13 05:00:00,5,3,3,0,22.5,69.3,12.3,Low,32.2,42.3,Cool,28.92,Medium,245.82,20.53,0
B02,Computer Lab,Laboratory,28000,3,2025-03-13 07:00:00,7,3,3,0,24.1,67.1,17.2,Low,22.2,24.0,Moderate,20.08,Low,170.68,14.26,0
B02,Computer Lab,Laboratory,28000,3,2025-03-13 07:00:00,7,3,3,0,22.9,62.7,8.2,Low,23.9,20.4,Cool,24.69,Medium,209.86,17.53,0
B05,Administration,Office,18000,3,2025-03-13 08:00:00,8,3,3,0,23.6,59.7,57.2,Medium,47.2,55.9,Cool,24.49,Medium,208.16,17.39,0
B06,Research Lab,Laboratory,35000,4,2025-03-13 10:00:00,10,3,3,0,24.7,74.7,44.2,Medium,45.0,47.8,Moderate,35.1,High,298.35,24.92,0
B06,Research Lab,Laboratory,35000,4,2025-03-13 11:00:00,11,3,3,0,26.1,69.7,61.1,Medium,47.0,65.3,Moderate,33.09,High,281.27,23.49,0
B01,Academic Block,Classroom,45000,4,2025-03-13 12:00:00,12,3,3,0,26.5,58.3,62.1,Medium,44.1,62.2,Moderate,32.18,High,273.53,22.85,0
B05,Administration,Office,18000,3,2025-03-13 13:00:00,13,3,3,0,22.3,67.6,69.9,Medium,54.4,64.5,Cool,33.61,High,285.68,23.86,0
B06,Research Lab,Laboratory,35000,4,2025-03-13 14:00:00,14,3,3,0,27.3,53.4,62.4,Medium,51.9,58.5,Moderate,34.25,High,291.12,24.32,0
B06,Research Lab,Laboratory,35000,4,2025-03-13 14:00:00,14,3,3,0,26.6,60.4,67.1,Medium,50.7,62.6,Moderate,32.35,High,274.98,22.97,0
B03,Library,Library,22000,3,2025-03-13 16:00:00,16,3,3,0,26.5,67.5,48.8,Medium,41.7,41.9,Moderate,19.81,Low,168.38,14.07,0
B03,Library,Library,22000,3,2025-03-13 17:00:00,17,3,3,0,26.4,65.7,56.3,Medium,46.4,61.7,Moderate,22.31,Low,189.64,15.84,0
B05,Administration,Office,18000,3,2025-03-13 19:00:00,19,3,3,0,28.2,63.3,13.3,Low,26.4,48.1,Moderate,17.13,Low,145.6,12.16,0
B02,Computer Lab,Laboratory,28000,3,2025-03-13 21:00:00,21,3,3,0,28.6,55.9,8.5,Low,40.8,49.2,Moderate,24.49,Medium,208.16,17.39,0
B03,Library,Library,22000,3,2025-03-13 21:00:00,21,3,3,0,28.8,54.4,20.6,Low,37.8,52.4,Moderate,14.88,Low,126.48,10.56,0
B01,Academic Block,Classroom,45000,4,2025-03-14 04:00:00,4,4,3,0,25.1,71.6,17.5,Low,19.1,40.6,Moderate,22.76,Low,193.46,16.16,0
B04,Hostel,Dormitory,60000,6,2025-03-14 05:00:00,5,4,3,0,21.2,79.9,26.2,Low,23.3,55.4,Cool,21.19,Low,180.12,15.04,0
B04,Hostel,Dormitory,60000,6,2025-03-14 06:00:00,6,4,3,0,23.9,69.7,16.9,Low,35.1,48.6,Cool,35.17,High,298.94,24.97,0
B06,Research Lab,Laboratory,35000,4,2025-03-14 06:00:00,6,4,3,0,22.9,65.5,25.1,Low,29.6,57.5,Cool,19.92,Low,169.32,14.14,0
B03,Library,Library,22000,3,2025-03-14 07:00:00,7,4,3,0,27.5,71.6,24.9,Low,33.9,42.7,Moderate,21.35,Low,181.48,15.16,0
B04,Hostel,Dormitory,60000,6,2025-03-14 08:00:00,8,4,3,0,24.5,59.5,47.6,Medium,42.0,44.5,Moderate,34.46,High,292.91,24.47,0
B04,Hostel,Dormitory,60000,6,2025-03-14 09:00:00,9,4,3,0,25.6,71.9,40.7,Medium,38.9,48.4,Moderate,38.12,High,324.02,27.07,0
B02,Computer Lab,Laboratory,28000,3,2025-03-14 12:00:00,12,4,3,0,26.4,59.7,70.6,High,53.3,67.1,Moderate,32.43,High,275.65,23.03,0
B06,Research Lab,Laboratory,35000,4,2025-03-14 14:00:00,14,4,3,0,26.9,59.6,63.7,Medium,53.0,75.6,Moderate,33.67,High,286.2,23.91,0
B03,Library,Library,22000,3,2025-03-14 16:00:00,16,4,3,0,26.8,61.2,58.5,Medium,44.2,63.3,Moderate,26.64,Medium,226.44,18.91,0
B06,Research Lab,Laboratory,35000,4,2025-03-14 16:00:00,16,4,3,0,26.6,63.0,55.7,Medium,44.3,55.5,Moderate,29.34,Medium,249.39,20.83,0
B02,Computer Lab,Laboratory,28000,3,2025-03-14 16:00:00,16,4,3,0,24.4,71.9,61.6,Medium,41.5,68.0,Moderate,27.77,Medium,236.04,19.72,0
B03,Library,Library,22000,3,2025-03-14 17:00:00,17,4,3,0,28.0,53.5,62.0,Medium,48.3,60.3,Moderate,27.5,Medium,233.75,19.52,0
B03,Library,Library,22000,3,2025-03-14 18:00:00,18,4,3,0,28.6,57.9,59.5,Medium,48.9,63.0,Moderate,26.12,Medium,222.02,18.55,0
B05,Administration,Office,18000,3,2025-03-14 18:00:00,18,4,3,0,28.1,64.0,58.4,Medium,49.7,56.9,Moderate,27.65,Medium,235.02,19.63,0
B03,Library,Library,22000,3,2025-03-14 18:00:00,18,4,3,0,28.3,66.3,65.7,Medium,50.7,64.6,Moderate,24.67,Medium,209.7,17.52,0
B01,Academic Block,Classroom,45000,4,2025-03-14 18:00:00,18,4,3,0,26.3,52.0,67.5,Medium,52.3,72.0,Moderate,36.02,High,306.17,25.57,0
B01,Academic Block,Classroom,45000,4,2025-03-14 18:00:00,18,4,3,0,27.7,57.3,71.4,High,53.4,66.7,Moderate,35.18,High,299.03,24.98,0
B02,Computer Lab,Laboratory,28000,3,2025-03-14 20:00:00,20,4,3,0,27.4,50.8,17.9,Low,31.7,33.2,Moderate,23.74,Low,201.79,16.86,0
B01,Academic Block,Classroom,45000,4,2025-03-14 21:00:00,21,4,3,0,29.3,56.7,26.9,Low,31.0,51.4,Hot,22.2,Low,188.7,15.76,0
B05,Administration,Office,18000,3,2025-03-14 22:00:00,22,4,3,0,28.2,59.4,14.9,Low,31.0,53.6,Moderate,22.43,Low,190.66,15.93,0
B01,Academic Block,Classroom,45000,4,2025-03-15 01:00:00,1,5,3,1,26.0,67.7,11.6,Low,29.1,51.6,Moderate,30.98,High,263.33,22.0,0
B04,Hostel,Dormitory,60000,6,2025-03-15 01:00:00,1,5,3,1,26.8,47.5,25.4,Low,43.3,50.5,Moderate,31.4,High,266.9,22.29,0
B06,Research Lab,Laboratory,35000,4,2025-03-15 03:00:00,3,5,3,1,24.4,70.1,19.8,Low,30.8,41.9,Moderate,28.34,Medium,240.89,20.12,0
B01,Academic Block,Classroom,45000,4,2025-03-15 04:00:00,4,5,3,1,25.0,61.4,14.1,Low,21.3,43.2,Moderate,22.45,Low,190.82,15.94,0
B03,Library,Library,22000,3,2025-03-15 04:00:00,4,5,3,1,26.4,61.5,13.7,Low,33.3,50.1,Moderate,15.68,Low,133.28,11.13,0
B02,Computer Lab,Laboratory,28000,3,2025-03-15 05:00:00,5,5,3,1,23.1,73.3,0.0,Low,19.3,33.9,Cool,17.23,Low,146.46,12.23,0
B04,Hostel,Dormitory,60000,6,2025-03-15 05:00:00,5,5,3,1,25.0,74.4,11.4,Low,32.8,33.6,Moderate,28.86,Medium,245.31,20.49,0
B04,Hostel,Dormitory,60000,6,2025-03-15 06:00:00,6,5,3,1,23.6,61.5,2.2,Low,14.9,39.5,Cool,28.45,Medium,241.82,20.2,0
B04,Hostel,Dormitory,60000,6,2025-03-15 07:00:00,7,5,3,1,22.6,62.3,0.0,Low,28.3,20.2,Cool,21.83,Low,185.55,15.5,0
B05,Administration,Office,18000,3,2025-03-15 08:00:00,8,5,3,1,27.3,60.7,7.8,Low,35.0,28.8,Moderate,14.89,Low,126.56,10.57,0
B02,Computer Lab,Laboratory,28000,3,2025-03-15 08:00:00,8,5,3,1,26.4,59.2,2.3,Low,27.5,6.4,Moderate,20.01,Low,170.08,14.21,0
B01,Academic Block,Classroom,45000,4,2025-03-15 12:00:00,12,5,3,1,24.6,55.3,9.5,Low,18.7,27.8,Moderate,16.87,Low,143.4,11.98,0
B04,Hostel,Dormitory,60000,6,2025-03-15 14:00:00,14,5,3,1,26.0,64.0,14.2,Low,23.4,26.6,Moderate,29.77,Medium,253.04,21.14,0
B06,Research Lab,Laboratory,35000,4,2025-03-15 14:00:00,14,5,3,1,23.5,61.6,15.6,Low,32.3,23.4,Cool,30.1,Medium,255.85,21.37,0
B04,Hostel,Dormitory,60000,6,2025-03-15 15:00:00,15,5,3,1,24.6,66.0,11.2,Low,33.4,15.2,Moderate,27.86,Medium,236.81,19.78,0
B06,Research Lab,Laboratory,35000,4,2025-03-15 16:00:00,16,5,3,1,25.8,76.3,3.0,Low,34.1,8.0,Moderate,25.1,Medium,213.35,17.82,0
B04,Hostel,Dormitory,60000,6,2025-03-15 17:00:00,17,5,3,1,27.8,62.0,11.2,Low,44.4,19.6,Moderate,26.22,Medium,222.87,18.62,0
B04,Hostel,Dormitory,60000,6,2025-03-15 20:00:00,20,5,3,1,28.3,57.1,24.5,Low,44.4,49.3,Moderate,31.63,High,268.86,22.46,0
B02,Computer Lab,Laboratory,28000,3,2025-03-15 20:00:00,20,5,3,1,29.0,59.9,21.8,Low,42.7,50.8,Moderate,30.63,Medium,260.36,21.75,0
B06,Research Lab,Laboratory,35000,4,2025-03-15 21:00:00,21,5,3,1,29.4,62.4,11.0,Low,51.5,50.7,Hot,24.64,Medium,209.44,17.49,0
B05,Administration,Office,18000,3,2025-03-15 22:00:00,22,5,3,1,28.6,61.0,4.0,Low,30.0,37.6,Moderate,15.34,Low,130.39,10.89,0
B01,Academic Block,Classroom,45000,4,2025-03-16 00:00:00,0,6,3,1,25.9,60.3,4.6,Low,28.0,30.7,Moderate,26.19,Medium,222.62,18.59,0
B05,Administration,Office,18000,3,2025-03-16 01:00:00,1,6,3,1,27.6,51.3,12.0,Low,25.0,38.9,Moderate,26.0,Medium,221.0,18.46,1
B04,Hostel,Dormitory,60000,6,2025-03-16 02:00:00,2,6,3,1,27.5,67.4,12.4,Low,38.0,46.0,Moderate,24.43,Medium,207.66,17.35,0
B02,Computer Lab,Laboratory,28000,3,2025-03-16 03:00:00,3,6,3,1,25.4,58.4,10.6,Low,28.6,39.2,Moderate,20.27,Low,172.3,14.39,0
B06,Research Lab,Laboratory,35000,4,2025-03-16 04:00:00,4,6,3,1,22.8,77.0,19.0,Low,24.4,48.7,Cool,31.08,High,264.18,22.07,0
B06,Research Lab,Laboratory,35000,4,2025-03-16 04:00:00,4,6,3,1,27.3,60.6,5.3,Low,27.8,44.7,Moderate,29.78,Medium,253.13,21.14,0
B06,Research Lab,Laboratory,35000,4,2025-03-16 04:00:00,4,6,3,1,25.7,60.8,19.0,Low,28.5,52.5,Moderate,25.55,Medium,217.18,18.14,0
B03,Library,Library,22000,3,2025-03-16 05:00:00,5,6,3,1,21.0,64.9,11.3,Low,22.9,40.7,Cool,16.47,Low,140.0,11.69,0
B01,Academic Block,Classroom,45000,4,2025-03-16 05:00:00,5,6,3,1,28.3,63.4,18.0,Low,29.0,43.6,Moderate,33.65,High,286.02,23.89,0
B04,Hostel,Dormitory,60000,6,2025-03-16 05:00:00,5,6,3,1,24.4,59.4,7.6,Low,18.9,50.5,Moderate,25.09,Medium,213.26,17.81,0
B05,Administration,Office,18000,3,2025-03-16 07:00:00,7,6,3,1,28.3,57.6,17.4,Low,30.8,24.5,Moderate,15.93,Low,135.4,11.31,0
B03,Library,Library,22000,3,2025-03-16 07:00:00,7,6,3,1,25.2,69.2,6.4,Low,24.3,31.8,Moderate,20.32,Low,172.72,14.43,0
B02,Computer Lab,Laboratory,28000,3,2025-03-16 08:00:00,8,6,3,1,24.3,58.4,23.5,Low,29.6,40.7,Moderate,20.41,Low,173.48,14.49,0
B04,Hostel,Dormitory,60000,6,2025-03-16 09:00:00,9,6,3,1,24.9,68.9,11.4,Low,16.9,23.1,Moderate,28.33,Medium,240.8,20.11,0
B04,Hostel,Dormitory,60000,6,2025-03-16 10:00:00,10,6,3,1,23.8,71.8,9.0,Low,23.3,15.7,Cool,22.68,Low,192.78,16.1,0
B01,Academic Block,Classroom,45000,4,2025-03-16 11:00:00,11,6,3,1,25.2,69.5,3.8,Low,22.0,18.0,Moderate,25.86,Medium,219.81,18.36,0
B01,Academic Block,Classroom,45000,4,2025-03-16 11:00:00,11,6,3,1,28.2,64.1,13.2,Low,40.5,31.5,Moderate,23.87,Low,202.9,16.95,0
B03,Library,Library,22000,3,2025-03-16 11:00:00,11,6,3,1,23.8,53.3,11.0,Low,21.7,21.4,Cool,13.8,Low,117.3,9.8,0
B06,Research Lab,Laboratory,35000,4,2025-03-16 11:00:00,11,6,3,1,26.0,55.7,2.6,Low,34.1,10.4,Moderate,19.74,Low,167.79,14.02,0
B05,Administration,Office,18000,3,2025-03-16 14:00:00,14,6,3,1,25.5,55.1,6.8,Low,39.1,17.3,Moderate,12.33,Low,104.8,8.75,0
B05,Administration,Office,18000,3,2025-03-16 16:00:00,16,6,3,1,27.3,60.5,0.0,Low,36.5,17.0,Moderate,14.93,Low,126.9,10.6,0
B03,Library,Library,22000,3,2025-03-16 17:00:00,17,6,3,1,30.9,60.5,4.1,Low,31.6,20.4,Hot,11.95,Low,101.57,8.48,0
B04,Hostel,Dormitory,60000,6,2025-03-16 17:00:00,17,6,3,1,28.8,53.6,11.1,Low,39.2,23.7,Moderate,27.25,Medium,231.62,19.35,0
B04,Hostel,Dormitory,60000,6,2025-03-16 18:00:00,18,6,3,1,29.4,60.3,14.5,Low,32.6,23.5,Hot,31.25,High,265.62,22.19,0
B01,Academic Block,Classroom,45000,4,2025-03-16 19:00:00,19,6,3,1,28.6,66.9,9.7,Low,30.3,41.7,Moderate,25.2,Medium,214.2,17.89,0
B05,Administration,Office,18000,3,2025-03-16 21:00:00,21,6,3,1,32.5,52.0,15.3,Low,39.7,44.2,Hot,24.01,Low,204.08,17.05,0
B05,Administration,Office,18000,3,2025-03-16 22:00:00,22,6,3,1,26.9,57.8,5.3,Low,31.5,39.7,Moderate,14.53,Low,123.5,10.32,0
B04,Hostel,Dormitory,60000,6,2025-03-16 23:00:00,23,6,3,1,25.6,72.8,35.1,Medium,33.5,62.6,Moderate,38.45,High,326.83,27.3,0
B01,Academic Block,Classroom,45000,4,2025-03-17 01:00:00,1,0,3,0,29.7,54.7,11.5,Low,38.1,42.4,Hot,29.82,Medium,253.47,21.17,0
B02,Computer Lab,Laboratory,28000,3,2025-03-17 02:00:00,2,0,3,0,26.1,66.5,10.6,Low,38.7,38.7,Moderate,23.06,Low,196.01,16.37,0
B05,Administration,Office,18000,3,2025-03-17 03:00:00,3,0,3,0,26.8,72.2,12.0,Low,26.2,50.3,Moderate,17.39,Low,147.82,12.35,0
B06,Research Lab,Laboratory,35000,4,2025-03-17 03:00:00,3,0,3,0,28.7,53.8,7.8,Low,25.1,42.3,Moderate,23.8,Low,202.3,16.9,0
B02,Computer Lab,Laboratory,28000,3,2025-03-17 06:00:00,6,0,3,0,25.6,56.8,1.3,Low,23.1,39.6,Moderate,18.68,Low,158.78,13.26,0
B03,Library,Library,22000,3,2025-03-17 06:00:00,6,0,3,0,28.3,60.7,4.7,Low,41.6,34.8,Moderate,19.17,Low,162.95,13.61,0
B04,Hostel,Dormitory,60000,6,2025-03-17 09:00:00,9,0,3,0,24.9,65.6,41.1,Medium,43.7,45.4,Moderate,36.94,High,313.99,26.23,0
B04,Hostel,Dormitory,60000,6,2025-03-17 10:00:00,10,0,3,0,23.9,61.4,49.4,Medium,35.6,48.2,Cool,32.09,High,272.77,22.78,0
B06,Research Lab,Laboratory,35000,4,2025-03-17 11:00:00,11,0,3,0,21.7,81.4,63.6,Medium,36.0,69.8,Cool,35.79,High,304.21,25.41,0
B04,Hostel,Dormitory,60000,6,2025-03-17 11:00:00,11,0,3,0,25.7,68.2,61.4,Medium,50.1,55.6,Moderate,34.55,High,293.67,24.53,0
B03,Library,Library,22000,3,2025-03-17 16:00:00,16,0,3,0,24.3,59.9,51.7,Medium,42.8,48.7,Moderate,28.58,Medium,242.93,20.29,0
B05,Administration,Office,18000,3,2025-03-17 17:00:00,17,0,3,0,28.6,52.6,61.6,Medium,57.2,61.5,Moderate,26.0,Medium,221.0,18.46,0
B01,Academic Block,Classroom,45000,4,2025-03-17 17:00:00,17,0,3,0,30.3,60.3,79.8,High,55.9,69.0,Hot,39.12,High,332.52,27.78,0
B06,Research Lab,Laboratory,35000,4,2025-03-17 17:00:00,17,0,3,0,28.0,65.7,56.0,Medium,49.9,64.1,Moderate,40.95,High,348.08,29.07,0
B06,Research Lab,Laboratory,35000,4,2025-03-17 20:00:00,20,0,3,0,28.9,74.8,7.6,Low,40.5,33.7,Moderate,35.12,High,298.52,24.94,0
B03,Library,Library,22000,3,2025-03-17 21:00:00,21,0,3,0,30.0,61.5,11.1,Low,45.1,42.1,Hot,17.75,Low,150.88,12.6,0
B03,Library,Library,22000,3,2025-03-18 00:00:00,0,1,3,0,28.7,60.3,9.0,Low,27.8,39.7,Moderate,22.9,Low,194.65,16.26,0
B03,Library,Library,22000,3,2025-03-18 00:00:00,0,1,3,0,29.5,54.6,7.3,Low,35.5,42.0,Hot,17.37,Low,147.65,12.33,0
B03,Library,Library,22000,3,2025-03-18 01:00:00,1,1,3,0,27.2,65.8,2.1,Low,28.4,32.6,Moderate,18.69,Low,158.86,13.27,0
B06,Research Lab,Laboratory,35000,4,2025-03-18 04:00:00,4,1,3,0,22.4,74.2,23.1,Low,23.8,53.6,Cool,27.27,Medium,231.8,19.36,0
B03,Library,Library,22000,3,2025-03-18 05:00:00,5,1,3,0,27.1,50.8,15.9,Low,30.3,42.6,Moderate,22.33,Low,189.8,15.85,0
B02,Computer Lab,Laboratory,28000,3,2025-03-18 06:00:00,6,1,3,0,24.7,65.8,23.3,Low,36.4,47.4,Moderate,20.02,Low,170.17,14.21,0
B03,Library,Library,22000,3,2025-03-18 08:00:00,8,1,3,0,23.4,59.1,61.6,Medium,39.5,60.1,Cool,20.41,Low,173.48,14.49,0
B04,Hostel,Dormitory,60000,6,2025-03-18 11:00:00,11,1,3,0,25.8,54.9,51.1,Medium,44.0,52.8,Moderate,32.27,High,274.3,22.91,0
B04,Hostel,Dormitory,60000,6,2025-03-18 12:00:00,12,1,3,0,26.0,76.1,39.3,Medium,43.9,43.1,Moderate,35.66,High,303.11,25.32,0
B04,Hostel,Dormitory,60000,6,2025-03-18 12:00:00,12,1,3,0,24.6,71.5,44.6,Medium,50.8,46.5,Moderate,35.54,High,302.09,25.23,0
B02,Computer Lab,Laboratory,28000,3,2025-03-18 14:00:00,14,1,3,0,24.8,60.9,56.4,Medium,46.6,64.1,Moderate,30.87,Medium,262.4,21.92,0
B04,Hostel,Dormitory,60000,6,2025-03-18 15:00:00,15,1,3,0,28.0,61.5,44.3,Medium,50.6,49.7,Moderate,31.94,High,271.49,22.68,0
B02,Computer Lab,Laboratory,28000,3,2025-03-18 16:00:00,16,1,3,0,26.5,61.6,46.1,Medium,45.8,50.8,Moderate,28.73,Medium,244.2,20.4,0
B01,Academic Block,Classroom,45000,4,2025-03-18 17:00:00,17,1,3,0,28.3,54.5,60.4,Medium,51.2,65.7,Moderate,30.34,Medium,257.89,21.54,0
B06,Research Lab,Laboratory,35000,4,2025-03-18 17:00:00,17,1,3,0,28.7,58.3,57.4,Medium,50.8,51.2,Moderate,30.82,Medium,261.97,21.88,0
B05,Administration,Office,18000,3,2025-03-18 18:00:00,18,1,3,0,29.9,66.6,73.8,High,59.4,80.7,Hot,30.06,Medium,255.51,21.34,0
B01,Academic Block,Classroom,45000,4,2025-03-18 18:00:00,18,1,3,0,31.7,55.7,61.9,Medium,46.3,53.0,Hot,29.55,Medium,251.18,20.98,0
B05,Administration,Office,18000,3,2025-03-18 19:00:00,19,1,3,0,29.0,65.0,16.6,Low,36.4,53.6,Moderate,22.64,Low,192.44,16.07,0
B02,Computer Lab,Laboratory,28000,3,2025-03-18 19:00:00,19,1,3,0,28.0,58.7,5.2,Low,35.2,30.5,Moderate,18.05,Low,153.43,12.82,0
B04,Hostel,Dormitory,60000,6,2025-03-18 20:00:00,20,1,3,0,31.2,51.8,30.4,Low,42.8,57.5,Hot,35.89,High,305.06,25.48,0
B06,Research Lab,Laboratory,35000,4,2025-03-18 20:00:00,20,1,3,0,30.3,69.1,11.8,Low,47.8,40.8,Hot,32.01,High,272.08,22.73,0
B04,Hostel,Dormitory,60000,6,2025-03-18 21:00:00,21,1,3,0,28.9,47.0,43.2,Medium,48.3,75.0,Moderate,32.47,High,276.0,23.05,0
B04,Hostel,Dormitory,60000,6,2025-03-18 21:00:00,21,1,3,0,29.0,74.3,13.3,Low,36.5,48.8,Moderate,27.62,Medium,234.77,19.61,0
B01,Academic Block,Classroom,45000,4,2025-03-18 21:00:00,21,1,3,0,28.7,69.0,6.3,Low,39.3,38.3,Moderate,29.0,Medium,246.5,20.59,0
B05,Administration,Office,18000,3,2025-03-18 22:00:00,22,1,3,0,28.7,63.3,13.7,Low,40.2,47.9,Moderate,16.59,Low,141.01,11.78,0
B05,Administration,Office,18000,3,2025-03-18 22:00:00,22,1,3,0,28.3,59.2,14.9,Low,43.4,47.6,Moderate,23.87,Low,202.9,16.95,0
B03,Library,Library,22000,3,2025-03-18 22:00:00,22,1,3,0,27.0,60.8,3.8,Low,38.3,41.4,Moderate,20.45,Low,173.82,14.52,0
B06,Research Lab,Laboratory,35000,4,2025-03-19 00:00:00,0,2,3,0,27.8,64.2,11.7,Low,43.3,42.8,Moderate,22.35,Low,189.98,15.87,0
B03,Library,Library,22000,3,2025-03-19 00:00:00,0,2,3,0,30.5,61.9,12.1,Low,42.3,40.6,Hot,23.27,Low,197.8,16.52,0
B06,Research Lab,Laboratory,35000,4,2025-03-19 01:00:00,1,2,3,0,26.1,57.4,22.3,Low,29.0,40.9,Moderate,27.24,Medium,231.54,19.34,0
B04,Hostel,Dormitory,60000,6,2025-03-19 03:00:00,3,2,3,0,25.9,64.8,13.5,Low,30.3,43.4,Moderate,25.04,Medium,212.84,17.78,0
B05,Administration,Office,18000,3,2025-03-19 04:00:00,4,2,3,0,24.5,67.2,11.0,Low,38.2,43.9,Moderate,18.16,Low,154.36,12.89,0
B05,Administration,Office,18000,3,2025-03-19 05:00:00,5,2,3,0,27.1,61.2,7.1,Low,33.2,35.3,Moderate,20.29,Low,172.46,14.41,0
B02,Computer Lab,Laboratory,28000,3,2025-03-19 05:00:00,5,2,3,0,26.7,79.3,16.3,Low,31.6,46.8,Moderate,38.91,High,330.73,27.63,1
B04,Hostel,Dormitory,60000,6,2025-03-19 06:00:00,6,2,3,0,23.2,65.5,10.2,Low,22.5,48.2,Cool,29.34,Medium,249.39,20.83,0
B02,Computer Lab,Laboratory,28000,3,2025-03-19 08:00:00,8,2,3,0,21.8,55.2,54.8,Medium,32.7,56.5,Cool,26.94,Medium,228.99,19.13,0
B02,Computer Lab,Laboratory,28000,3,2025-03-19 10:00:00,10,2,3,0,26.4,56.8,51.9,Medium,51.6,50.2,Moderate,32.75,High,278.38,23.25,0
B04,Hostel,Dormitory,60000,6,2025-03-19 10:00:00,10,2,3,0,23.1,71.4,48.9,Medium,36.4,56.3,Cool,33.8,High,287.3,24.0,0
B04,Hostel,Dormitory,60000,6,2025-03-19 10:00:00,10,2,3,0,26.3,58.9,55.9,Medium,41.4,58.0,Moderate,33.34,High,283.39,23.67,0
B05,Administration,Office,18000,3,2025-03-19 10:00:00,10,2,3,0,24.1,58.8,59.1,Medium,39.2,60.3,Moderate,22.47,Low,191.0,15.95,0
B05,Administration,Office,18000,3,2025-03-19 11:00:00,11,2,3,0,26.5,73.6,62.9,Medium,34.5,60.0,Moderate,18.14,Low,154.19,12.88,0
B01,Academic Block,Classroom,45000,4,2025-03-19 12:00:00,12,2,3,0,26.5,65.0,62.7,Medium,54.3,55.7,Moderate,21.09,Low,179.26,14.97,0
B02,Computer Lab,Laboratory,28000,3,2025-03-19 17:00:00,17,2,3,0,27.4,58.9,60.0,Medium,49.3,61.2,Moderate,27.84,Medium,236.64,19.77,0
B04,Hostel,Dormitory,60000,6,2025-03-19 17:00:00,17,2,3,0,26.9,44.1,51.6,Medium,39.5,55.5,Moderate,40.65,High,345.52,28.86,0
B03,Library,Library,22000,3,2025-03-19 17:00:00,17,2,3,0,29.1,66.1,49.4,Medium,58.4,48.5,Hot,30.34,Medium,257.89,21.54,0
B04,Hostel,Dormitory,60000,6,2025-03-19 19:00:00,19,2,3,0,27.7,62.9,37.8,Medium,43.8,64.1,Moderate,29.65,Medium,252.02,21.05,0
B03,Library,Library,22000,3,2025-03-19 20:00:00,20,2,3,0,30.5,69.7,1.8,Low,22.5,41.0,Hot,16.12,Low,137.02,11.45,0
B04,Hostel,Dormitory,60000,6,2025-03-19 22:00:00,22,2,3,0,27.3,55.5,39.9,Medium,47.8,59.8,Moderate,33.35,High,283.48,23.68,0
B06,Research Lab,Laboratory,35000,4,2025-03-19 23:00:00,23,2,3,0,28.8,59.3,14.3,Low,31.2,47.8,Moderate,26.36,Medium,224.06,18.72,0
B03,Library,Library,22000,3,2025-03-20 00:00:00,0,3,3,0,27.3,65.3,16.1,Low,38.7,46.6,Moderate,16.89,Low,143.56,11.99,0
B04,Hostel,Dormitory,60000,6,2025-03-20 02:00:00,2,3,3,0,26.9,72.3,0.4,Low,32.0,40.1,Moderate,26.97,Medium,229.24,19.15,0
B04,Hostel,Dormitory,60000,6,2025-03-20 04:00:00,4,3,3,0,24.9,66.9,11.6,Low,30.1,49.1,Moderate,33.41,High,283.98,23.72,0
B01,Academic Block,Classroom,45000,4,2025-03-20 04:00:00,4,3,3,0,25.6,59.6,22.7,Low,26.9,52.3,Moderate,21.32,Low,181.22,15.14,0
B04,Hostel,Dormitory,60000,6,2025-03-20 05:00:00,5,3,3,0,21.7,76.7,11.0,Low,16.5,43.2,Cool,29.98,Medium,254.83,21.29,0
B02,Computer Lab,Laboratory,28000,3,2025-03-20 05:00:00,5,3,3,0,24.3,63.4,12.9,Low,28.4,43.6,Moderate,25.19,Medium,214.12,17.88,0
B06,Research Lab,Laboratory,35000,4,2025-03-20 05:00:00,5,3,3,0,24.6,66.6,4.0,Low,20.4,32.7,Moderate,30.77,Medium,261.54,21.85,0
B02,Computer Lab,Laboratory,28000,3,2025-03-20 06:00:00,6,3,3,0,25.1,70.2,1.9,Low,33.6,38.4,Moderate,19.45,Low,165.32,13.81,0
B01,Academic Block,Classroom,45000,4,2025-03-20 06:00:00,6,3,3,0,27.1,74.3,13.6,Low,33.3,45.5,Moderate,20.91,Low,177.74,14.85,0
B03,Library,Library,22000,3,2025-03-20 06:00:00,6,3,3,0,24.1,68.3,7.3,Low,20.3,36.7,Moderate,10.43,Low,88.66,7.41,0
B03,Library,Library,22000,3,2025-03-20 09:00:00,9,3,3,0,27.1,81.4,51.0,Medium,53.0,43.4,Moderate,27.1,Medium,230.35,19.24,0
B02,Computer Lab,Laboratory,28000,3,2025-03-20 12:00:00,12,3,3,0,24.6,64.7,59.2,Medium,33.9,62.2,Moderate,29.79,Medium,253.22,21.15,0
B05,Administration,Office,18000,3,2025-03-20 12:00:00,12,3,3,0,24.3,67.6,67.5,Medium,47.0,63.8,Moderate,24.63,Medium,209.36,17.49,0
B05,Administration,Office,18000,3,2025-03-20 13:00:00,13,3,3,0,23.6,61.8,66.4,Medium,49.5,68.2,Cool,26.51,Medium,225.34,18.82,0
B04,Hostel,Dormitory,60000,6,2025-03-20 13:00:00,13,3,3,0,27.3,65.4,51.7,Medium,41.5,47.0,Moderate,35.55,High,302.17,25.24,0
B06,Research Lab,Laboratory,35000,4,2025-03-20 14:00:00,14,3,3,0,27.0,65.5,65.0,Medium,49.2,64.1,Moderate,31.74,High,269.79,22.54,0
B06,Research Lab,Laboratory,35000,4,2025-03-20 15:00:00,15,3,3,0,28.3,69.7,66.1,Medium,50.4,64.4,Moderate,32.99,High,280.42,23.42,0
B01,Academic Block,Classroom,45000,4,2025-03-20 15:00:00,15,3,3,0,27.6,66.0,65.7,Medium,46.3,63.2,Moderate,54.05,High,459.42,38.38,1
B01,Academic Block,Classroom,45000,4,2025-03-20 18:00:00,18,3,3,0,28.6,58.4,78.3,High,59.7,81.6,Moderate,44.78,High,380.63,31.79,0
B01,Academic Block,Classroom,45000,4,2025-03-20 20:00:00,20,3,3,0,29.3,63.4,4.4,Low,39.8,39.1,Hot,28.96,Medium,246.16,20.56,0
B06,Research Lab,Laboratory,35000,4,2025-03-20 20:00:00,20,3,3,0,32.1,54.6,1.3,Low,50.7,27.3,Hot,26.01,Medium,221.08,18.47,0
B06,Research Lab,Laboratory,35000,4,2025-03-20 22:00:00,22,3,3,0,27.9,66.5,21.7,Low,42.8,49.3,Moderate,29.7,Medium,252.45,21.09,0
B01,Academic Block,Classroom,45000,4,2025-03-20 23:00:00,23,3,3,0,31.4,56.0,7.1,Low,37.8,32.3,Hot,27.55,Medium,234.18,19.56,0
B05,Administration,Office,18000,3,2025-03-21 00:00:00,0,4,3,0,29.3,51.8,0.0,Low,39.8,42.1,Hot,25.56,Medium,217.26,18.15,0
B01,Academic Block,Classroom,45000,4,2025-03-21 00:00:00,0,4,3,0,28.5,54.3,9.7,Low,28.3,43.5,Moderate,29.12,Medium,247.52,20.68,0
B04,Hostel,Dormitory,60000,6,2025-03-21 00:00:00,0,4,3,0,28.8,53.7,20.6,Low,36.2,49.7,Moderate,32.7,High,277.95,23.22,0
B05,Administration,Office,18000,3,2025-03-21 00:00:00,0,4,3,0,23.2,62.7,9.8,Low,31.3,35.3,Cool,16.55,Low,140.68,11.75,0
B05,Administration,Office,18000,3,2025-03-21 01:00:00,1,4,3,0,27.1,57.4,0.0,Low,25.2,35.9,Moderate,11.99,Low,101.92,8.51,0
B06,Research Lab,Laboratory,35000,4,2025-03-21 01:00:00,1,4,3,0,26.5,63.6,10.0,Low,31.9,47.7,Moderate,27.66,Medium,235.11,19.64,0
B06,Research Lab,Laboratory,35000,4,2025-03-21 01:00:00,1,4,3,0,30.7,57.7,10.7,Low,35.2,46.0,Hot,32.77,High,278.54,23.27,0
B02,Computer Lab,Laboratory,28000,3,2025-03-21 01:00:00,1,4,3,0,27.0,67.0,9.6,Low,31.1,45.0,Moderate,23.72,Low,201.62,16.84,0
B04,Hostel,Dormitory,60000,6,2025-03-21 04:00:00,4,4,3,0,26.0,66.9,7.0,Low,29.2,47.4,Moderate,30.4,Medium,258.4,21.58,0
B04,Hostel,Dormitory,60000,6,2025-03-21 04:00:00,4,4,3,0,25.9,62.0,7.3,Low,32.4,48.1,Moderate,28.69,Medium,243.86,20.37,0
B01,Academic Block,Classroom,45000,4,2025-03-21 06:00:00,6,4,3,0,23.3,75.1,17.1,Low,29.3,48.4,Cool,27.22,Medium,231.37,19.33,0
B02,Computer Lab,Laboratory,28000,3,2025-03-21 06:00:00,6,4,3,0,24.4,59.0,7.9,Low,31.4,43.9,Moderate,17.7,Low,150.45,12.57,0
B05,Administration,Office,18000,3,2025-03-21 07:00:00,7,4,3,0,26.3,71.0,13.1,Low,34.7,33.4,Moderate,13.69,Low,116.36,9.72,0
B03,Library,Library,22000,3,2025-03-21 07:00:00,7,4,3,0,21.9,68.6,13.1,Low,23.4,19.8,Cool,19.6,Low,166.6,13.92,0
B02,Computer Lab,Laboratory,28000,3,2025-03-21 08:00:00,8,4,3,0,25.5,61.8,54.5,Medium,41.7,58.3,Moderate,23.64,Low,200.94,16.78,0
B01,Academic Block,Classroom,45000,4,2025-03-21 08:00:00,8,4,3,0,23.6,74.0,61.3,Medium,38.8,55.9,Cool,27.25,Medium,231.62,19.35,0
B02,Computer Lab,Laboratory,28000,3,2025-03-21 09:00:00,9,4,3,0,27.0,67.3,59.3,Medium,33.4,57.6,Moderate,27.71,Medium,235.54,19.67,0
B03,Library,Library,22000,3,2025-03-21 10:00:00,10,4,3,0,25.9,56.8,43.3,Medium,41.5,54.2,Moderate,24.71,Medium,210.04,17.54,0
B02,Computer Lab,Laboratory,28000,3,2025-03-21 10:00:00,10,4,3,0,23.0,69.1,72.8,High,40.4,65.4,Cool,30.85,Medium,262.23,21.9,0
B01,Academic Block,Classroom,45000,4,2025-03-21 12:00:00,12,4,3,0,25.4,67.2,62.6,Medium,42.8,67.4,Moderate,20.01,Low,170.08,14.21,0
B06,Research Lab,Laboratory,35000,4,2025-03-21 12:00:00,12,4,3,0,26.7,70.7,56.1,Medium,46.3,54.0,Moderate,33.42,High,284.07,23.73,0
B01,Academic Block,Classroom,45000,4,2025-03-21 12:00:00,12,4,3,0,25.5,68.7,71.8,High,48.3,74.3,Moderate,31.79,High,270.21,22.57,0
B02,Computer Lab,Laboratory,28000,3,2025-03-21 14:00:00,14,4,3,0,27.2,67.8,57.6,Medium,52.8,65.5,Moderate,34.74,High,295.29,24.67,0
B04,Hostel,Dormitory,60000,6,2025-03-21 14:00:00,14,4,3,0,27.0,60.3,48.1,Medium,44.8,46.5,Moderate,31.69,High,269.36,22.5,0
B05,Administration,Office,18000,3,2025-03-21 17:00:00,17,4,3,0,29.7,59.8,53.3,Medium,62.3,58.2,Hot,33.04,High,280.84,23.46,0
B01,Academic Block,Classroom,45000,4,2025-03-21 18:00:00,18,4,3,0,29.4,59.7,67.3,Medium,70.0,71.0,Hot,32.18,High,273.53,22.85,0
B06,Research Lab,Laboratory,35000,4,2025-03-21 20:00:00,20,4,3,0,28.9,50.7,8.2,Low,33.5,39.0,Moderate,24.68,Medium,209.78,17.52,0
B05,Administration,Office,18000,3,2025-03-21 22:00:00,22,4,3,0,28.8,71.0,26.6,Low,36.5,57.8,Moderate,26.18,Medium,222.53,18.59,0
B04,Hostel,Dormitory,60000,6,2025-03-21 23:00:00,23,4,3,0,26.8,55.7,30.6,Low,28.8,52.0,Moderate,40.01,High,340.08,28.41,0
B01,Academic Block,Classroom,45000,4,2025-03-21 23:00:00,23,4,3,0,30.6,62.4,0.0,Low,46.4,46.0,Hot,23.55,Low,200.18,16.72,0
B01,Academic Block,Classroom,45000,4,2025-03-22 00:00:00,0,5,3,1,32.5,56.7,18.7,Low,41.1,45.3,Hot,39.79,High,338.22,28.25,0
B06,Research Lab,Laboratory,35000,4,2025-03-22 02:00:00,2,5,3,1,26.6,62.1,5.0,Low,26.8,37.3,Moderate,15.54,Low,132.09,11.03,0
B04,Hostel,Dormitory,60000,6,2025-03-22 04:00:00,4,5,3,1,26.2,68.8,12.7,Low,27.8,43.9,Moderate,32.37,High,275.14,22.98,0
B06,Research Lab,Laboratory,35000,4,2025-03-22 05:00:00,5,5,3,1,27.2,57.8,21.8,Low,35.0,51.8,Moderate,33.45,High,284.33,23.75,0
B05,Administration,Office,18000,3,2025-03-22 05:00:00,5,5,3,1,27.2,66.4,9.8,Low,29.9,44.6,Moderate,14.23,Low,120.96,10.1,0
B03,Library,Library,22000,3,2025-03-22 08:00:00,8,5,3,1,25.4,67.9,10.6,Low,34.8,25.1,Moderate,22.01,Low,187.08,15.63,0
B01,Academic Block,Classroom,45000,4,2025-03-22 08:00:00,8,5,3,1,23.6,60.7,18.5,Low,12.9,23.3,Cool,19.45,Low,165.32,13.81,0
B02,Computer Lab,Laboratory,28000,3,2025-03-22 11:00:00,11,5,3,1,28.4,68.7,22.0,Low,38.1,25.3,Moderate,22.23,Low,188.96,15.78,0
B05,Administration,Office,18000,3,2025-03-22 12:00:00,12,5,3,1,27.1,72.9,11.0,Low,37.3,31.7,Moderate,13.19,Low,112.12,9.36,0
B05,Administration,Office,18000,3,2025-03-22 13:00:00,13,5,3,1,26.9,77.7,26.2,Low,33.8,40.4,Moderate,19.06,Low,162.01,13.53,0
B06,Research Lab,Laboratory,35000,4,2025-03-22 14:00:00,14,5,3,1,26.0,62.4,0.0,Low,30.7,8.5,Moderate,22.51,Low,191.34,15.98,0
B01,Academic Block,Classroom,45000,4,2025-03-22 14:00:00,14,5,3,1,27.2,64.6,5.7,Low,31.9,21.3,Moderate,18.52,Low,157.42,13.15,0
B01,Academic Block,Classroom,45000,4,2025-03-22 15:00:00,15,5,3,1,24.9,66.8,8.7,Low,24.0,25.6,Moderate,26.64,Medium,226.44,18.91,0
B05,Administration,Office,18000,3,2025-03-22 15:00:00,15,5,3,1,28.7,66.7,19.4,Low,28.0,39.9,Moderate,17.08,Low,145.18,12.13,0
B01,Academic Block,Classroom,45000,4,2025-03-22 18:00:00,18,5,3,1,30.3,73.0,13.6,Low,42.1,22.8,Hot,26.73,Medium,227.2,18.98,0
B04,Hostel,Dormitory,60000,6,2025-03-22 21:00:00,21,5,3,1,29.4,64.9,27.3,Low,44.8,60.6,Hot,36.41,High,309.48,25.85,0
B06,Research Lab,Laboratory,35000,4,2025-03-22 21:00:00,21,5,3,1,27.6,66.5,4.1,Low,27.1,41.7,Moderate,35.04,High,297.84,24.88,0
B06,Research Lab,Laboratory,35000,4,2025-03-22 22:00:00,22,5,3,1,29.5,53.7,1.5,Low,38.6,32.7,Hot,30.85,Medium,262.23,21.9,0
B06,Research Lab,Laboratory,35000,4,2025-03-22 22:00:00,22,5,3,1,30.0,75.3,15.6,Low,36.9,45.0,Hot,31.45,High,267.32,22.33,0
B01,Academic Block,Classroom,45000,4,2025-03-22 22:00:00,22,5,3,1,27.7,59.5,9.3,Low,39.7,38.2,Moderate,23.46,Low,199.41,16.66,0
B05,Administration,Office,18000,3,2025-03-22 23:00:00,23,5,3,1,29.9,42.5,19.1,Low,42.7,51.1,Hot,43.81,High,372.38,31.11,1
B04,Hostel,Dormitory,60000,6,2025-03-23 01:00:00,1,6,3,1,28.5,46.3,2.0,Low,41.3,28.8,Moderate,32.18,High,273.53,22.85,0
B06,Research Lab,Laboratory,35000,4,2025-03-23 02:00:00,2,6,3,1,26.8,65.8,15.0,Low,36.1,45.2,Moderate,26.12,Medium,222.02,18.55,0
B01,Academic Block,Classroom,45000,4,2025-03-23 02:00:00,2,6,3,1,26.3,55.0,11.7,Low,32.0,42.0,Moderate,27.34,Medium,232.39,19.41,0
B03,Library,Library,22000,3,2025-03-23 02:00:00,2,6,3,1,26.9,63.9,7.7,Low,20.2,30.6,Moderate,27.77,Medium,236.04,19.72,0
B06,Research Lab,Laboratory,35000,4,2025-03-23 04:00:00,4,6,3,1,24.7,54.8,8.2,Low,28.1,42.7,Moderate,20.2,Low,171.7,14.34,0
B02,Computer Lab,Laboratory,28000,3,2025-03-23 05:00:00,5,6,3,1,26.1,66.3,12.7,Low,30.4,47.9,Moderate,24.74,Medium,210.29,17.57,0
B04,Hostel,Dormitory,60000,6,2025-03-23 05:00:00,5,6,3,1,26.6,67.7,11.8,Low,42.1,36.6,Moderate,32.19,High,273.62,22.85,0
B06,Research Lab,Laboratory,35000,4,2025-03-23 06:00:00,6,6,3,1,27.2,64.5,5.8,Low,32.7,39.4,Moderate,24.1,Low,204.85,17.11,0
B02,Computer Lab,Laboratory,28000,3,2025-03-23 08:00:00,8,6,3,1,25.6,59.6,15.6,Low,36.6,19.8,Moderate,20.13,Low,171.1,14.29,0
B02,Computer Lab,Laboratory,28000,3,2025-03-23 09:00:00,9,6,3,1,25.8,70.5,20.4,Low,42.4,30.9,Moderate,21.63,Low,183.86,15.36,0
B02,Computer Lab,Laboratory,28000,3,2025-03-23 09:00:00,9,6,3,1,24.8,62.4,10.3,Low,36.7,28.6,Moderate,30.19,Medium,256.62,21.43,0
B03,Library,Library,22000,3,2025-03-23 10:00:00,10,6,3,1,24.1,64.4,16.1,Low,28.9,24.5,Moderate,17.98,Low,152.83,12.77,0
B03,Library,Library,22000,3,2025-03-23 11:00:00,11,6,3,1,25.1,61.4,10.9,Low,42.2,21.7,Moderate,21.78,Low,185.13,15.46,0
B06,Research Lab,Laboratory,35000,4,2025-03-23 13:00:00,13,6,3,1,28.8,60.1,28.9,Low,39.3,47.2,Moderate,28.14,Medium,239.19,19.98,0
B01,Academic Block,Classroom,45000,4,2025-03-23 16:00:00,16,6,3,1,29.1,74.8,12.1,Low,45.0,20.4,Hot,27.31,Medium,232.14,19.39,0
B02,Computer Lab,Laboratory,28000,3,2025-03-23 19:00:00,19,6,3,1,29.7,61.2,16.9,Low,35.3,43.0,Hot,27.94,Medium,237.49,19.84,0
B02,Computer Lab,Laboratory,28000,3,2025-03-23 19:00:00,19,6,3,1,26.4,55.0,20.2,Low,40.2,50.1,Moderate,24.34,Low,206.89,17.28,0
B04,Hostel,Dormitory,60000,6,2025-03-23 20:00:00,20,6,3,1,29.6,54.6,27.5,Low,37.5,67.7,Hot,36.38,High,309.23,25.83,0
B06,Research Lab,Laboratory,35000,4,2025-03-23 21:00:00,21,6,3,1,27.1,61.4,16.9,Low,38.8,48.9,Moderate,49.93,High,424.4,35.45,1
B05,Administration,Office,18000,3,2025-03-23 21:00:00,21,6,3,1,27.2,57.7,18.0,Low,30.5,45.2,Moderate,14.78,Low,125.63,10.49,0
B06,Research Lab,Laboratory,35000,4,2025-03-23 23:00:00,23,6,3,1,26.9,70.1,15.0,Low,27.8,49.2,Moderate,26.45,Medium,224.82,18.78,0
B01,Academic Block,Classroom,45000,4,2025-03-23 23:00:00,23,6,3,1,27.4,53.2,17.3,Low,30.0,51.7,Moderate,27.33,Medium,232.3,19.4,0
B01,Academic Block,Classroom,45000,4,2025-03-23 23:00:00,23,6,3,1,29.8,60.3,7.5,Low,39.7,43.7,Hot,29.53,Medium,251.0,20.97,0
B04,Hostel,Dormitory,60000,6,2025-03-24 01:00:00,1,0,3,0,28.1,69.6,27.0,Low,43.4,59.2,Moderate,37.73,High,320.7,26.79,0
B03,Library,Library,22000,3,2025-03-24 03:00:00,3,0,3,0,25.3,60.3,0.0,Low,28.9,39.7,Moderate,19.48,Low,165.58,13.83,0
B04,Hostel,Dormitory,60000,6,2025-03-24 05:00:00,5,0,3,0,25.0,68.1,6.1,Low,28.9,38.9,Moderate,32.84,High,279.14,23.32,0
B01,Academic Block,Classroom,45000,4,2025-03-24 05:00:00,5,0,3,0,26.6,63.4,2.6,Low,26.3,36.3,Moderate,20.98,Low,178.33,14.9,0
B05,Administration,Office,18000,3,2025-03-24 08:00:00,8,0,3,0,26.3,63.7,74.8,High,49.6,75.3,Moderate,32.06,High,272.51,22.76,0
B06,Research Lab,Laboratory,35000,4,2025-03-24 08:00:00,8,0,3,0,25.5,68.2,57.9,Medium,40.4,46.2,Moderate,30.55,Medium,259.68,21.69,0
B01,Academic Block,Classroom,45000,4,2025-03-24 09:00:00,9,0,3,0,23.6,53.1,60.0,Medium,37.3,47.0,Cool,31.77,High,270.04,22.56,0
B02,Computer Lab,Laboratory,28000,3,2025-03-24 11:00:00,11,0,3,0,25.2,73.3,54.6,Medium,52.1,53.0,Moderate,24.69,Medium,209.86,17.53,0
B01,Academic Block,Classroom,45000,4,2025-03-24 11:00:00,11,0,3,0,29.4,48.2,55.9,Medium,46.5,55.2,Hot,34.37,High,292.14,24.4,0
B01,Academic Block,Classroom,45000,4,2025-03-24 12:00:00,12,0,3,0,24.4,73.4,71.0,High,43.6,71.7,Moderate,50.93,High,432.9,36.16,1
B04,Hostel,Dormitory,60000,6,2025-03-24 14:00:00,14,0,3,0,27.8,65.8,56.1,Medium,44.1,54.7,Moderate,35.57,High,302.35,25.25,0
B01,Academic Block,Classroom,45000,4,2025-03-24 14:00:00,14,0,3,0,30.4,64.0,68.7,Medium,51.2,72.4,Hot,40.09,High,340.77,28.46,0
B01,Academic Block,Classroom,45000,4,2025-03-24 14:00:00,14,0,3,0,26.8,74.9,61.6,Medium,52.0,61.9,Moderate,32.56,High,276.76,23.12,0
B06,Research Lab,Laboratory,35000,4,2025-03-24 15:00:00,15,0,3,0,30.5,68.9,69.5,Medium,56.4,63.2,Hot,37.61,High,319.68,26.7,0
B03,Library,Library,22000,3,2025-03-24 16:00:00,16,0,3,0,27.2,68.9,60.4,Medium,49.5,66.6,Moderate,21.61,Low,183.68,15.34,0
B06,Research Lab,Laboratory,35000,4,2025-03-24 17:00:00,17,0,3,0,25.7,62.4,46.6,Medium,42.3,51.3,Moderate,27.23,Medium,231.46,19.33,0
B01,Academic Block,Classroom,45000,4,2025-03-24 18:00:00,18,0,3,0,28.1,60.0,65.2,Medium,55.5,57.4,Moderate,33.56,High,285.26,23.83,0
B06,Research Lab,Laboratory,35000,4,2025-03-24 18:00:00,18,0,3,0,27.9,68.6,50.7,Medium,49.0,56.8,Moderate,29.59,Medium,251.52,21.01,0
B03,Library,Library,22000,3,2025-03-24 19:00:00,19,0,3,0,26.7,66.8,22.3,Low,43.4,55.5,Moderate,26.8,Medium,227.8,19.03,0
B02,Computer Lab,Laboratory,28000,3,2025-03-24 19:00:00,19,0,3,0,28.6,64.2,8.9,Low,31.0,35.3,Moderate,22.63,Low,192.36,16.07,0
B01,Academic Block,Classroom,45000,4,2025-03-24 21:00:00,21,0,3,0,30.7,60.0,2.3,Low,32.9,37.3,Hot,22.77,Low,193.54,16.17,0
B04,Hostel,Dormitory,60000,6,2025-03-24 22:00:00,22,0,3,0,28.1,59.7,31.0,Low,41.3,61.3,Moderate,30.73,Medium,261.2,21.82,0
B02,Computer Lab,Laboratory,28000,3,2025-03-24 22:00:00,22,0,3,0,28.4,52.6,23.1,Low,39.2,44.0,Moderate,25.62,Medium,217.77,18.19,0
B01,Academic Block,Classroom,45000,4,2025-03-24 23:00:00,23,0,3,0,30.7,64.9,18.1,Low,33.1,53.9,Hot,31.47,High,267.5,22.34,0
B03,Library,Library,22000,3,2025-03-25 00:00:00,0,1,3,0,27.2,62.0,8.4,Low,22.8,37.9,Moderate,14.39,Low,122.32,10.22,0
B01,Academic Block,Classroom,45000,4,2025-03-25 03:00:00,3,1,3,0,27.8,61.0,10.8,Low,33.4,38.8,Moderate,20.94,Low,177.99,14.87,0
B02,Computer Lab,Laboratory,28000,3,2025-03-25 04:00:00,4,1,3,0,23.8,53.3,19.0,Low,38.2,47.8,Cool,22.26,Low,189.21,15.8,0
B02,Computer Lab,Laboratory,28000,3,2025-03-25 06:00:00,6,1,3,0,24.2,66.3,21.8,Low,40.5,54.8,Moderate,44.54,High,378.59,31.62,1
B01,Academic Block,Classroom,45000,4,2025-03-25 07:00:00,7,1,3,0,25.1,55.4,1.1,Low,19.3,20.8,Moderate,16.57,Low,140.84,11.76,0
B01,Academic Block,Classroom,45000,4,2025-03-25 07:00:00,7,1,3,0,27.2,60.2,13.1,Low,31.4,33.2,Moderate,24.39,Low,207.32,17.32,0
B02,Computer Lab,Laboratory,28000,3,2025-03-25 08:00:00,8,1,3,0,24.0,71.3,56.3,Medium,44.3,52.8,Cool,33.97,High,288.74,24.12,0
B02,Computer Lab,Laboratory,28000,3,2025-03-25 11:00:00,11,1,3,0,24.5,65.8,55.4,Medium,45.7,58.4,Moderate,28.86,Medium,245.31,20.49,0
B02,Computer Lab,Laboratory,28000,3,2025-03-25 14:00:00,14,1,3,0,27.8,62.0,68.2,Medium,48.5,69.6,Moderate,30.66,Medium,260.61,21.77,0
B01,Academic Block,Classroom,45000,4,2025-03-25 18:00:00,18,1,3,0,29.7,56.2,57.1,Medium,64.1,60.2,Hot,38.37,High,326.14,27.24,0
B04,Hostel,Dormitory,60000,6,2025-03-25 18:00:00,18,1,3,0,27.5,59.2,56.6,Medium,46.3,52.6,Moderate,32.57,High,276.85,23.12,0
B03,Library,Library,22000,3,2025-03-25 19:00:00,19,1,3,0,28.5,73.3,0.0,Low,33.9,36.3,Moderate,20.6,Low,175.1,14.63,0
B03,Library,Library,22000,3,2025-03-25 23:00:00,23,1,3,0,30.4,66.1,6.9,Low,35.6,41.8,Hot,21.59,Low,183.52,15.33,0
B01,Academic Block,Classroom,45000,4,2025-03-26 00:00:00,0,2,3,0,26.7,60.4,12.2,Low,30.8,41.0,Moderate,29.94,Medium,254.49,21.26,0
B06,Research Lab,Laboratory,35000,4,2025-03-26 02:00:00,2,2,3,0,27.9,61.9,2.8,Low,36.1,39.5,Moderate,29.79,Medium,253.22,21.15,0
B06,Research Lab,Laboratory,35000,4,2025-03-26 03:00:00,3,2,3,0,26.1,65.9,27.4,Low,42.9,56.6,Moderate,21.53,Low,183.0,15.29,0
B04,Hostel,Dormitory,60000,6,2025-03-26 05:00:00,5,2,3,0,28.1,65.6,7.0,Low,37.5,33.5,Moderate,31.3,High,266.05,22.22,0
B02,Computer Lab,Laboratory,28000,3,2025-03-26 08:00:00,8,2,3,0,26.3,63.8,53.2,Medium,41.1,58.1,Moderate,23.53,Low,200.0,16.71,0
B01,Academic Block,Classroom,45000,4,2025-03-26 09:00:00,9,2,3,0,26.8,51.2,61.7,Medium,42.2,61.8,Moderate,34.79,High,295.71,24.7,0
B03,Library,Library,22000,3,2025-03-26 09:00:00,9,2,3,0,24.7,65.0,59.0,Medium,61.5,49.8,Moderate,22.64,Low,192.44,16.07,0
B02,Computer Lab,Laboratory,28000,3,2025-03-26 09:00:00,9,2,3,0,26.7,63.0,65.2,Medium,53.1,62.4,Moderate,34.07,High,289.6,24.19,0
B05,Administration,Office,18000,3,2025-03-26 13:00:00,13,2,3,0,28.1,76.9,59.6,Medium,46.5,60.3,Moderate,29.41,Medium,249.98,20.88,0
B01,Academic Block,Classroom,45000,4,2025-03-26 14:00:00,14,2,3,0,28.2,81.3,68.8,Medium,60.9,63.0,Moderate,27.78,Medium,236.13,19.72,0
B04,Hostel,Dormitory,60000,6,2025-03-26 15:00:00,15,2,3,0,27.5,67.5,53.8,Medium,43.3,56.9,Moderate,41.44,High,352.24,29.42,0
B06,Research Lab,Laboratory,35000,4,2025-03-26 17:00:00,17,2,3,0,29.1,57.0,48.7,Medium,61.6,50.1,Hot,37.46,High,318.41,26.6,0
B02,Computer Lab,Laboratory,28000,3,2025-03-26 19:00:00,19,2,3,0,26.6,68.5,11.2,Low,29.8,48.5,Moderate,19.63,Low,166.86,13.94,0
B06,Research Lab,Laboratory,35000,4,2025-03-26 19:00:00,19,2,3,0,32.0,47.5,7.6,Low,45.8,42.1,Hot,34.91,High,296.73,24.79,0
B02,Computer Lab,Laboratory,28000,3,2025-03-26 20:00:00,20,2,3,0,28.5,58.5,1.1,Low,31.8,45.3,Moderate,19.31,Low,164.14,13.71,0
B05,Administration,Office,18000,3,2025-03-26 21:00:00,21,2,3,0,28.9,50.5,13.5,Low,28.0,37.9,Moderate,21.9,Low,186.15,15.55,0
B05,Administration,Office,18000,3,2025-03-26 23:00:00,23,2,3,0,26.9,67.3,19.1,Low,29.6,50.9,Moderate,18.53,Low,157.5,13.16,0
B03,Library,Library,22000,3,2025-03-26 23:00:00,23,2,3,0,29.9,52.6,12.3,Low,33.9,44.3,Hot,16.49,Low,140.16,11.71,0
B01,Academic Block,Classroom,45000,4,2025-03-27 00:00:00,0,3,3,0,29.3,59.6,0.0,Low,29.0,37.1,Hot,29.35,Medium,249.48,20.84,0
B02,Computer Lab,Laboratory,28000,3,2025-03-27 02:00:00,2,3,3,0,27.1,63.0,8.8,Low,33.4,48.1,Moderate,28.82,Medium,244.97,20.46,0
B01,Academic Block,Classroom,45000,4,2025-03-27 02:00:00,2,3,3,0,24.0,65.6,5.7,Low,11.0,32.1,Cool,21.05,Low,178.92,14.95,0
B05,Administration,Office,18000,3,2025-03-27 05:00:00,5,3,3,0,25.0,61.7,24.5,Low,35.1,56.4,Moderate,37.08,High,315.18,26.33,1
B01,Academic Block,Classroom,45000,4,2025-03-27 05:00:00,5,3,3,0,26.8,65.9,9.6,Low,20.1,43.9,Moderate,21.51,Low,182.84,15.27,0
B03,Library,Library,22000,3,2025-03-27 06:00:00,6,3,3,0,26.2,55.3,0.7,Low,30.0,31.0,Moderate,18.83,Low,160.05,13.37,0
B03,Library,Library,22000,3,2025-03-27 09:00:00,9,3,3,0,25.5,76.8,54.6,Medium,40.6,61.9,Moderate,25.73,Medium,218.7,18.27,0
B03,Library,Library,22000,3,2025-03-27 09:00:00,9,3,3,0,24.9,57.8,59.3,Medium,46.8,59.8,Moderate,30.45,Medium,258.82,21.62,0
B03,Library,Library,22000,3,2025-03-27 09:00:00,9,3,3,0,23.2,66.7,55.6,Medium,33.6,53.0,Cool,23.75,Low,201.88,16.86,0
B06,Research Lab,Laboratory,35000,4,2025-03-27 10:00:00,10,3,3,0,27.2,67.6,53.2,Medium,44.2,57.0,Moderate,36.21,High,307.79,25.71,0
B04,Hostel,Dormitory,60000,6,2025-03-27 12:00:00,12,3,3,0,24.4,70.3,47.8,Medium,28.8,55.6,Moderate,26.74,Medium,227.29,18.99,0
B01,Academic Block,Classroom,45000,4,2025-03-27 13:00:00,13,3,3,0,26.7,69.1,72.0,High,46.2,70.6,Moderate,35.4,High,300.9,25.13,0
B05,Administration,Office,18000,3,2025-03-27 14:00:00,14,3,3,0,26.0,53.1,63.4,Medium,57.8,60.4,Moderate,26.45,Medium,224.82,18.78,0
B06,Research Lab,Laboratory,35000,4,2025-03-27 16:00:00,16,3,3,0,30.0,54.6,73.0,High,68.5,65.8,Hot,39.33,High,334.3,27.92,0
B06,Research Lab,Laboratory,35000,4,2025-03-27 16:00:00,16,3,3,0,29.4,62.4,59.5,Medium,46.7,55.6,Hot,39.93,High,339.4,28.35,0
B04,Hostel,Dormitory,60000,6,2025-03-27 16:00:00,16,3,3,0,28.0,66.0,40.3,Medium,42.9,49.2,Moderate,38.78,High,329.63,27.53,0
B03,Library,Library,22000,3,2025-03-27 17:00:00,17,3,3,0,30.0,69.8,53.5,Medium,55.9,59.8,Hot,27.09,Medium,230.26,19.23,0
B01,Academic Block,Classroom,45000,4,2025-03-27 18:00:00,18,3,3,0,27.0,59.8,62.7,Medium,51.4,60.8,Moderate,28.86,Medium,245.31,20.49,0
B03,Library,Library,22000,3,2025-03-27 19:00:00,19,3,3,0,29.3,55.2,1.1,Low,30.1,47.5,Hot,13.0,Low,110.5,9.23,0
B06,Research Lab,Laboratory,35000,4,2025-03-27 20:00:00,20,3,3,0,27.9,58.9,12.9,Low,25.8,43.5,Moderate,27.08,Medium,230.18,19.23,0
B06,Research Lab,Laboratory,35000,4,2025-03-27 20:00:00,20,3,3,0,31.1,75.9,9.1,Low,44.8,41.5,Hot,34.07,High,289.6,24.19,0
B01,Academic Block,Classroom,45000,4,2025-03-27 22:00:00,22,3,3,0,29.8,71.7,13.0,Low,35.5,42.8,Hot,31.2,High,265.2,22.15,0
B03,Library,Library,22000,3,2025-03-27 23:00:00,23,3,3,0,29.9,59.9,24.8,Low,33.0,53.0,Hot,34.61,High,294.18,24.57,1
B01,Academic Block,Classroom,45000,4,2025-03-27 23:00:00,23,3,3,0,28.1,71.5,11.1,Low,34.6,43.1,Moderate,29.55,Medium,251.18,20.98,0
B01,Academic Block,Classroom,45000,4,2025-03-28 00:00:00,0,4,3,0,29.7,57.2,19.2,Low,38.5,52.3,Hot,32.5,High,276.25,23.08,0
B05,Administration,Office,18000,3,2025-03-28 00:00:00,0,4,3,0,26.9,70.2,10.7,Low,29.5,42.1,Moderate,20.98,Low,178.33,14.9,0
B01,Academic Block,Classroom,45000,4,2025-03-28 00:00:00,0,4,3,0,27.1,53.7,14.9,Low,35.2,49.2,Moderate,25.52,Medium,216.92,18.12,0
B03,Library,Library,22000,3,2025-03-28 01:00:00,1,4,3,0,27.9,65.2,12.8,Low,33.8,36.6,Moderate,19.34,Low,164.39,13.73,0
B03,Library,Library,22000,3,2025-03-28 02:00:00,2,4,3,0,26.2,71.2,13.9,Low,39.2,42.3,Moderate,21.5,Low,182.75,15.26,0
B06,Research Lab,Laboratory,35000,4,2025-03-28 03:00:00,3,4,3,0,28.1,60.2,11.1,Low,29.4,41.7,Moderate,28.12,Medium,239.02,19.97,0
B06,Research Lab,Laboratory,35000,4,2025-03-28 04:00:00,4,4,3,0,25.9,68.6,22.2,Low,30.2,50.4,Moderate,24.57,Medium,208.84,17.44,0
B04,Hostel,Dormitory,60000,6,2025-03-28 05:00:00,5,4,3,0,24.6,61.4,16.4,Low,35.0,38.1,Moderate,28.83,Medium,245.05,20.47,0
B03,Library,Library,22000,3,2025-03-28 06:00:00,6,4,3,0,24.1,67.8,12.8,Low,43.2,49.1,Moderate,20.85,Low,177.23,14.8,0
B03,Library,Library,22000,3,2025-03-28 08:00:00,8,4,3,0,26.6,60.3,61.3,Medium,63.8,53.6,Moderate,24.96,Medium,212.16,17.72,0
B04,Hostel,Dormitory,60000,6,2025-03-28 08:00:00,8,4,3,0,21.8,73.3,51.9,Medium,42.6,50.8,Cool,32.95,High,280.08,23.39,0
B04,Hostel,Dormitory,60000,6,2025-03-28 09:00:00,9,4,3,0,24.2,56.8,58.8,Medium,42.4,59.0,Moderate,29.62,Medium,251.77,21.03,0
B05,Administration,Office,18000,3,2025-03-28 12:00:00,12,4,3,0,28.7,54.9,54.4,Medium,47.9,66.0,Moderate,22.25,Low,189.12,15.8,0
B03,Library,Library,22000,3,2025-03-28 12:00:00,12,4,3,0,26.1,73.3,69.8,Medium,49.5,67.1,Moderate,29.62,Medium,251.77,21.03,0
B05,Administration,Office,18000,3,2025-03-28 12:00:00,12,4,3,0,27.7,45.6,63.9,Medium,42.2,65.2,Moderate,28.88,Medium,245.48,20.5,0
B02,Computer Lab,Laboratory,28000,3,2025-03-28 14:00:00,14,4,3,0,28.2,58.0,50.8,Medium,53.0,45.7,Moderate,29.78,Medium,253.13,21.14,0
B03,Library,Library,22000,3,2025-03-28 16:00:00,16,4,3,0,28.3,61.4,60.1,Medium,60.3,55.9,Moderate,30.5,Medium,259.25,21.65,0
B01,Academic Block,Classroom,45000,4,2025-03-28 18:00:00,18,4,3,0,26.8,66.0,75.7,High,54.3,68.3,Moderate,25.82,Medium,219.47,18.33,0
B04,Hostel,Dormitory,60000,6,2025-03-28 22:00:00,22,4,3,0,27.3,59.8,24.8,Low,50.8,50.9,Moderate,35.48,High,301.58,25.19,0
B06,Research Lab,Laboratory,35000,4,2025-03-28 23:00:00,23,4,3,0,27.0,55.5,8.7,Low,48.4,46.6,Moderate,21.95,Low,186.58,15.58,0
B01,Academic Block,Classroom,45000,4,2025-03-29 00:00:00,0,5,3,1,29.4,70.1,19.1,Low,45.3,46.6,Hot,25.21,Medium,214.28,17.9,0
B04,Hostel,Dormitory,60000,6,2025-03-29 01:00:00,1,5,3,1,29.2,69.0,16.0,Low,34.5,50.0,Hot,35.08,High,298.18,24.91,0
B02,Computer Lab,Laboratory,28000,3,2025-03-29 03:00:00,3,5,3,1,25.9,61.6,8.9,Low,25.0,37.8,Moderate,24.66,Medium,209.61,17.51,0
B02,Computer Lab,Laboratory,28000,3,2025-03-29 04:00:00,4,5,3,1,26.6,51.2,10.3,Low,36.5,41.3,Moderate,16.84,Low,143.14,11.96,0
B02,Computer Lab,Laboratory,28000,3,2025-03-29 05:00:00,5,5,3,1,26.3,66.1,3.2,Low,35.2,25.4,Moderate,15.91,Low,135.24,11.3,0
B01,Academic Block,Classroom,45000,4,2025-03-29 05:00:00,5,5,3,1,26.4,65.2,5.1,Low,25.8,38.5,Moderate,20.27,Low,172.3,14.39,0
B02,Computer Lab,Laboratory,28000,3,2025-03-29 05:00:00,5,5,3,1,25.1,60.3,0.3,Low,18.7,35.2,Moderate,13.78,Low,117.13,9.78,0
B04,Hostel,Dormitory,60000,6,2025-03-29 06:00:00,6,5,3,1,28.4,48.6,9.6,Low,24.6,41.2,Moderate,28.69,Medium,243.86,20.37,0
B03,Library,Library,22000,3,2025-03-29 10:00:00,10,5,3,1,27.0,61.5,16.7,Low,28.6,37.4,Moderate,21.91,Low,186.24,15.56,0
B06,Research Lab,Laboratory,35000,4,2025-03-29 11:00:00,11,5,3,1,26.4,69.2,10.1,Low,28.9,22.2,Moderate,18.2,Low,154.7,12.92,0
B01,Academic Block,Classroom,45000,4,2025-03-29 17:00:00,17,5,3,1,28.3,68.8,19.8,Low,44.8,16.2,Moderate,32.68,High,277.78,23.2,0
B03,Library,Library,22000,3,2025-03-29 18:00:00,18,5,3,1,28.2,62.1,7.5,Low,30.3,14.5,Moderate,16.74,Low,142.29,11.89,0
B04,Hostel,Dormitory,60000,6,2025-03-29 19:00:00,19,5,3,1,30.2,56.5,21.6,Low,23.9,51.0,Hot,34.52,High,293.42,24.51,0
B03,Library,Library,22000,3,2025-03-29 20:00:00,20,5,3,1,29.0,66.9,20.1,Low,35.7,49.7,Moderate,18.25,Low,155.12,12.96,0
B01,Academic Block,Classroom,45000,4,2025-03-29 21:00:00,21,5,3,1,29.8,53.2,14.6,Low,37.2,41.9,Hot,30.67,Medium,260.7,21.78,0
B04,Hostel,Dormitory,60000,6,2025-03-30 00:00:00,0,6,3,1,25.9,54.8,20.6,Low,32.1,45.3,Moderate,31.66,High,269.11,22.48,0
B06,Research Lab,Laboratory,35000,4,2025-03-30 01:00:00,1,6,3,1,27.5,62.4,9.6,Low,17.8,49.1,Moderate,25.37,Medium,215.64,18.01,0
B02,Computer Lab,Laboratory,28000,3,2025-03-30 04:00:00,4,6,3,1,26.6,74.5,23.1,Low,34.3,57.3,Moderate,26.68,Medium,226.78,18.94,0
B05,Administration,Office,18000,3,2025-03-30 06:00:00,6,6,3,1,27.5,74.1,4.5,Low,39.4,44.0,Moderate,13.92,Low,118.32,9.88,0
B06,Research Lab,Laboratory,35000,4,2025-03-30 09:00:00,9,6,3,1,24.5,56.2,10.0,Low,25.2,19.4,Moderate,24.09,Low,204.76,17.1,0
B02,Computer Lab,Laboratory,28000,3,2025-03-30 09:00:00,9,6,3,1,23.6,63.1,14.9,Low,24.0,29.7,Cool,23.96,Low,203.66,17.01,0
B02,Computer Lab,Laboratory,28000,3,2025-03-30 09:00:00,9,6,3,1,26.5,80.8,8.7,Low,26.5,8.7,Moderate,15.17,Low,128.94,10.77,0
B06,Research Lab,Laboratory,35000,4,2025-03-30 10:00:00,10,6,3,1,25.9,59.5,13.6,Low,32.7,23.1,Moderate,23.26,Low,197.71,16.51,0
B03,Library,Library,22000,3,2025-03-30 10:00:00,10,6,3,1,23.5,77.5,20.7,Low,20.8,27.8,Cool,16.14,Low,137.19,11.46,0
B04,Hostel,Dormitory,60000,6,2025-03-30 10:00:00,10,6,3,1,23.5,73.0,14.6,Low,21.0,24.7,Cool,27.92,Medium,237.32,19.82,0
B01,Academic Block,Classroom,45000,4,2025-03-30 12:00:00,12,6,3,1,25.8,72.7,10.8,Low,37.4,23.7,Moderate,25.8,Medium,219.3,18.32,0
B04,Hostel,Dormitory,60000,6,2025-03-30 12:00:00,12,6,3,1,26.6,60.6,20.6,Low,39.5,29.6,Moderate,33.84,High,287.64,24.03,0
B05,Administration,Office,18000,3,2025-03-30 14:00:00,14,6,3,1,29.9,58.2,15.6,Low,36.4,21.1,Hot,19.34,Low,164.39,13.73,0
B03,Library,Library,22000,3,2025-03-30 14:00:00,14,6,3,1,26.1,57.7,11.9,Low,34.5,20.2,Moderate,21.07,Low,179.1,14.96,0
B05,Administration,Office,18000,3,2025-03-30 14:00:00,14,6,3,1,28.6,67.7,11.4,Low,30.4,26.1,Moderate,13.07,Low,111.1,9.28,0
B02,Computer Lab,Laboratory,28000,3,2025-03-30 16:00:00,16,6,3,1,25.8,52.9,9.4,Low,24.5,23.8,Moderate,21.9,Low,186.15,15.55,0
B06,Research Lab,Laboratory,35000,4,2025-03-30 16:00:00,16,6,3,1,29.3,60.4,17.9,Low,33.7,36.4,Hot,20.33,Low,172.8,14.43,0
B02,Computer Lab,Laboratory,28000,3,2025-03-30 20:00:00,20,6,3,1,32.0,70.8,18.2,Low,35.0,50.2,Hot,27.4,Medium,232.9,19.45,0
B01,Academic Block,Classroom,45000,4,2025-03-30 22:00:00,22,6,3,1,29.7,65.4,20.9,Low,40.6,58.1,Hot,30.42,Medium,258.57,21.6,0
B04,Hostel,Dormitory,60000,6,2025-03-30 22:00:00,22,6,3,1,28.5,69.2,35.0,Low,55.9,54.0,Moderate,38.83,High,330.06,27.57,0
B04,Hostel,Dormitory,60000,6,2025-03-31 01:00:00,1,0,3,0,30.2,49.3,8.2,Low,25.6,44.1,Hot,32.83,High,279.06,23.31,0
B04,Hostel,Dormitory,60000,6,2025-03-31 02:00:00,2,0,3,0,28.4,55.3,14.3,Low,46.6,49.5,Moderate,38.73,High,329.2,27.5,0
B01,Academic Block,Classroom,45000,4,2025-03-31 08:00:00,8,0,3,0,26.1,72.4,62.7,Medium,33.0,64.4,Moderate,30.22,Medium,256.87,21.46,0
B01,Academic Block,Classroom,45000,4,2025-03-31 08:00:00,8,0,3,0,24.3,66.4,67.7,Medium,50.8,59.8,Moderate,25.5,Medium,216.75,18.1,0
B05,Administration,Office,18000,3,2025-03-31 10:00:00,10,0,3,0,26.7,56.4,72.6,High,42.7,71.0,Moderate,18.03,Low,153.26,12.8,0
B02,Computer Lab,Laboratory,28000,3,2025-03-31 14:00:00,14,0,3,0,26.8,67.9,67.1,Medium,55.2,63.5,Moderate,28.33,Medium,240.8,20.11,0
B02,Computer Lab,Laboratory,28000,3,2025-03-31 18:00:00,18,0,3,0,30.1,57.2,65.1,Medium,52.5,66.7,Hot,30.38,Medium,258.23,21.57,0
B05,Administration,Office,18000,3,2025-03-31 18:00:00,18,0,3,0,29.7,79.0,62.5,Medium,60.0,61.4,Hot,28.43,Medium,241.66,20.19,0
B02,Computer Lab,Laboratory,28000,3,2025-03-31 18:00:00,18,0,3,0,31.2,64.2,65.1,Medium,54.5,61.0,Hot,52.38,High,445.23,37.19,1
B06,Research Lab,Laboratory,35000,4,2025-03-31 19:00:00,19,0,3,0,28.9,55.4,7.5,Low,38.0,52.0,Moderate,24.07,Low,204.6,17.09,0
B05,Administration,Office,18000,3,2025-03-31 19:00:00,19,0,3,0,29.6,67.5,1.8,Low,33.0,32.6,Hot,16.42,Low,139.57,11.66,0
B06,Research Lab,Laboratory,35000,4,2025-03-31 19:00:00,19,0,3,0,31.0,71.5,13.9,Low,48.3,46.8,Hot,29.54,Medium,251.09,20.97,0
B01,Academic Block,Classroom,45000,4,2025-03-31 20:00:00,20,0,3,0,29.5,61.4,9.4,Low,35.6,44.8,Hot,23.36,Low,198.56,16.59,0
B04,Hostel,Dormitory,60000,6,2025-03-31 23:00:00,23,0,3,0,29.2,56.3,44.5,Medium,49.8,66.9,Hot,37.96,High,322.66,26.95,0
B04,Hostel,Dormitory,60000,6,2025-04-01 00:00:00,0,1,4,0,28.3,62.7,23.4,Low,39.9,58.2,Moderate,37.09,High,315.27,26.33,0
B03,Library,Library,22000,3,2025-04-01 00:00:00,0,1,4,0,28.7,57.8,7.2,Low,39.8,44.7,Moderate,18.32,Low,155.72,13.01,0
B02,Computer Lab,Laboratory,28000,3,2025-04-01 00:00:00,0,1,4,0,29.9,59.3,16.9,Low,45.7,39.2,Hot,27.44,Medium,233.24,19.48,0
B03,Library,Library,22000,3,2025-04-01 01:00:00,1,1,4,0,31.2,50.3,0.0,Low,36.8,38.1,Hot,28.91,Medium,245.74,20.53,0
B05,Administration,Office,18000,3,2025-04-01 01:00:00,1,1,4,0,25.9,70.4,14.4,Low,21.6,54.7,Moderate,18.31,Low,155.64,13.0,0
B05,Administration,Office,18000,3,2025-04-01 01:00:00,1,1,4,0,26.6,55.7,14.2,Low,27.4,41.8,Moderate,21.37,Low,181.64,15.17,0
B02,Computer Lab,Laboratory,28000,3,2025-04-01 02:00:00,2,1,4,0,27.7,67.1,5.0,Low,36.7,31.9,Moderate,21.44,Low,182.24,15.22,0
B03,Library,Library,22000,3,2025-04-01 02:00:00,2,1,4,0,28.0,60.5,13.2,Low,26.1,43.4,Moderate,23.3,Low,198.05,16.54,0
B04,Hostel,Dormitory,60000,6,2025-04-01 03:00:00,3,1,4,0,27.1,64.9,5.5,Low,26.7,39.0,Moderate,26.27,Medium,223.3,18.65,0
B01,Academic Block,Classroom,45000,4,2025-04-01 03:00:00,3,1,4,0,26.6,60.4,18.0,Low,30.9,48.7,Moderate,27.04,Medium,229.84,19.2,0
B04,Hostel,Dormitory,60000,6,2025-04-01 04:00:00,4,1,4,0,25.1,66.3,13.3,Low,28.8,50.2,Moderate,33.71,High,286.54,23.93,0
B02,Computer Lab,Laboratory,28000,3,2025-04-01 04:00:00,4,1,4,0,26.0,67.2,22.4,Low,32.8,48.3,Moderate,29.79,Medium,253.22,21.15,0
B03,Library,Library,22000,3,2025-04-01 07:00:00,7,1,4,0,27.2,60.8,1.3,Low,30.0,18.6,Moderate,17.14,Low,145.69,12.17,0
B01,Academic Block,Classroom,45000,4,2025-04-01 07:00:00,7,1,4,0,26.1,52.0,5.9,Low,23.0,23.3,Moderate,20.52,Low,174.42,14.57,0
B04,Hostel,Dormitory,60000,6,2025-04-01 07:00:00,7,1,4,0,27.0,65.8,8.6,Low,26.8,22.0,Moderate,23.54,Low,200.09,16.71,0
B03,Library,Library,22000,3,2025-04-01 09:00:00,9,1,4,0,24.2,68.4,58.3,Medium,55.0,55.6,Moderate,37.69,High,320.36,26.76,1
B03,Library,Library,22000,3,2025-04-01 10:00:00,10,1,4,0,28.4,52.3,56.8,Medium,59.8,51.8,Moderate,30.04,Medium,255.34,21.33,0
B05,Administration,Office,18000,3,2025-04-01 12:00:00,12,1,4,0,26.1,57.3,65.7,Medium,53.4,56.6,Moderate,27.86,Medium,236.81,19.78,0
B04,Hostel,Dormitory,60000,6,2025-04-01 15:00:00,15,1,4,0,29.2,59.2,46.5,Medium,52.9,42.5,Hot,36.91,High,313.73,26.21,0
B06,Research Lab,Laboratory,35000,4,2025-04-01 17:00:00,17,1,4,0,29.2,45.6,45.5,Medium,50.4,41.1,Hot,33.01,High,280.58,23.44,0
B03,Library,Library,22000,3,2025-04-01 18:00:00,18,1,4,0,28.9,66.8,49.6,Medium,49.4,59.8,Moderate,32.2,High,273.7,22.86,0
B04,Hostel,Dormitory,60000,6,2025-04-01 19:00:00,19,1,4,0,30.5,57.2,41.9,Medium,44.6,65.5,Hot,40.6,High,345.1,28.83,0
B04,Hostel,Dormitory,60000,6,2025-04-01 19:00:00,19,1,4,0,30.8,62.4,27.7,Low,54.1,66.0,Hot,37.41,High,317.98,26.56,0
B04,Hostel,Dormitory,60000,6,2025-04-01 19:00:00,19,1,4,0,33.9,50.4,33.2,Low,64.1,61.7,Hot,43.62,High,370.77,30.97,0
B03,Library,Library,22000,3,2025-04-01 20:00:00,20,1,4,0,30.9,74.4,12.4,Low,36.9,36.6,Hot,24.73,Medium,210.2,17.56,0
B04,Hostel,Dormitory,60000,6,2025-04-01 21:00:00,21,1,4,0,30.8,50.4,33.3,Low,54.0,59.0,Hot,40.42,High,343.57,28.7,0
B03,Library,Library,22000,3,2025-04-01 22:00:00,22,1,4,0,31.4,56.4,2.7,Low,35.1,40.2,Hot,29.98,Medium,254.83,21.29,0
B03,Library,Library,22000,3,2025-04-01 23:00:00,23,1,4,0,30.2,69.2,17.7,Low,36.0,49.8,Hot,28.52,Medium,242.42,20.25,0
B04,Hostel,Dormitory,60000,6,2025-04-02 00:00:00,0,2,4,0,29.0,53.8,11.3,Low,33.7,41.3,Moderate,28.07,Medium,238.6,19.93,0
B04,Hostel,Dormitory,60000,6,2025-04-02 01:00:00,1,2,4,0,29.0,62.4,28.2,Low,40.0,60.6,Moderate,32.59,High,277.02,23.14,0
B02,Computer Lab,Laboratory,28000,3,2025-04-02 02:00:00,2,2,4,0,29.3,65.9,9.4,Low,39.8,36.8,Hot,29.69,Medium,252.36,21.08,0
B03,Library,Library,22000,3,2025-04-02 05:00:00,5,2,4,0,28.7,51.5,18.8,Low,35.7,50.0,Moderate,18.8,Low,159.8,13.35,0
B06,Research Lab,Laboratory,35000,4,2025-04-02 09:00:00,9,2,4,0,23.8,61.3,56.1,Medium,47.8,61.0,Cool,31.92,High,271.32,22.66,0
B01,Academic Block,Classroom,45000,4,2025-04-02 12:00:00,12,2,4,0,24.2,67.0,80.0,High,47.3,73.1,Moderate,38.64,High,328.44,27.43,0
B05,Administration,Office,18000,3,2025-04-02 12:00:00,12,2,4,0,29.0,65.0,67.8,Medium,55.7,68.3,Moderate,29.22,Medium,248.37,20.75,0
B05,Administration,Office,18000,3,2025-04-02 12:00:00,12,2,4,0,25.8,58.6,53.7,Medium,38.6,54.6,Moderate,26.1,Medium,221.85,18.53,0
B02,Computer Lab,Laboratory,28000,3,2025-04-02 13:00:00,13,2,4,0,25.0,77.9,68.6,Medium,41.3,67.4,Moderate,30.99,High,263.41,22.0,0
B06,Research Lab,Laboratory,35000,4,2025-04-02 15:00:00,15,2,4,0,25.9,67.6,64.2,Medium,51.5,65.2,Moderate,32.7,High,277.95,23.22,0
B03,Library,Library,22000,3,2025-04-02 16:00:00,16,2,4,0,31.7,65.1,51.6,Medium,55.9,52.2,Hot,23.14,Low,196.69,16.43,0
B02,Computer Lab,Laboratory,28000,3,2025-04-02 18:00:00,18,2,4,0,31.1,65.1,47.5,Medium,50.0,57.6,Hot,33.5,High,284.75,23.78,0
B04,Hostel,Dormitory,60000,6,2025-04-02 19:00:00,19,2,4,0,28.8,51.0,40.4,Medium,40.6,66.6,Moderate,34.35,High,291.98,24.39,0
B01,Academic Block,Classroom,45000,4,2025-04-02 19:00:00,19,2,4,0,28.8,61.2,24.1,Low,33.5,55.8,Moderate,32.13,High,273.1,22.81,0
B01,Academic Block,Classroom,45000,4,2025-04-02 20:00:00,20,2,4,0,30.1,60.8,19.8,Low,43.4,55.5,Hot,20.31,Low,172.64,14.42,0
B04,Hostel,Dormitory,60000,6,2025-04-02 20:00:00,20,2,4,0,31.3,58.2,38.1,Medium,45.7,66.5,Hot,37.14,High,315.69,26.37,0
B03,Library,Library,22000,3,2025-04-02 21:00:00,21,2,4,0,29.5,62.9,15.9,Low,48.6,42.2,Hot,27.63,Medium,234.86,19.62,0
B06,Research Lab,Laboratory,35000,4,2025-04-02 21:00:00,21,2,4,0,28.8,47.2,19.4,Low,39.9,53.2,Moderate,35.5,High,301.75,25.2,0
B05,Administration,Office,18000,3,2025-04-02 22:00:00,22,2,4,0,31.5,60.7,10.2,Low,43.6,43.9,Hot,26.93,Medium,228.9,19.12,0
B06,Research Lab,Laboratory,35000,4,2025-04-03 03:00:00,3,3,4,0,27.6,60.8,0.0,Low,38.3,31.5,Moderate,27.09,Medium,230.26,19.23,0
B01,Academic Block,Classroom,45000,4,2025-04-03 03:00:00,3,3,4,0,27.3,48.3,17.3,Low,30.4,53.7,Moderate,19.39,Low,164.82,13.77,0
B04,Hostel,Dormitory,60000,6,2025-04-03 03:00:00,3,3,4,0,28.5,65.2,14.7,Low,39.4,40.9,Moderate,28.42,Medium,241.57,20.18,0
B04,Hostel,Dormitory,60000,6,2025-04-03 04:00:00,4,3,4,0,23.9,57.6,2.2,Low,27.0,33.9,Cool,31.01,High,263.59,22.02,0
B02,Computer Lab,Laboratory,28000,3,2025-04-03 04:00:00,4,3,4,0,27.8,60.1,0.0,Low,27.2,32.9,Moderate,17.29,Low,146.96,12.28,0
B02,Computer Lab,Laboratory,28000,3,2025-04-03 04:00:00,4,3,4,0,27.7,61.1,12.6,Low,25.3,38.1,Moderate,22.15,Low,188.27,15.73,0
B01,Academic Block,Classroom,45000,4,2025-04-03 07:00:00,7,3,4,0,24.1,52.8,10.9,Low,14.5,23.1,Moderate,28.73,Medium,244.2,20.4,1
B01,Academic Block,Classroom,45000,4,2025-04-03 08:00:00,8,3,4,0,23.2,54.3,64.9,Medium,39.3,60.4,Cool,31.56,High,268.26,22.41,0
B06,Research Lab,Laboratory,35000,4,2025-04-03 09:00:00,9,3,4,0,25.3,68.6,62.9,Medium,54.5,63.3,Moderate,35.22,High,299.37,25.01,0
B02,Computer Lab,Laboratory,28000,3,2025-04-03 09:00:00,9,3,4,0,26.5,59.6,53.6,Medium,42.0,63.8,Moderate,20.27,Low,172.3,14.39,0
B03,Library,Library,22000,3,2025-04-03 10:00:00,10,3,4,0,26.8,60.8,59.7,Medium,55.1,59.6,Moderate,43.94,High,373.49,31.2,1
B01,Academic Block,Classroom,45000,4,2025-04-03 10:00:00,10,3,4,0,28.9,62.4,71.5,High,52.7,71.0,Moderate,32.15,High,273.27,22.83,0
B01,Academic Block,Classroom,45000,4,2025-04-03 15:00:00,15,3,4,0,28.9,49.6,48.0,Medium,49.3,50.9,Moderate,32.92,High,279.82,23.37,0
B05,Administration,Office,18000,3,2025-04-03 15:00:00,15,3,4,0,26.5,60.9,62.2,Medium,52.9,60.1,Moderate,19.17,Low,162.95,13.61,0
B01,Academic Block,Classroom,45000,4,2025-04-03 16:00:00,16,3,4,0,28.7,61.3,68.0,Medium,61.9,69.7,Moderate,38.47,High,327.0,27.31,0
B03,Library,Library,22000,3,2025-04-03 20:00:00,20,3,4,0,28.2,74.8,17.2,Low,34.2,43.2,Moderate,18.0,Low,153.0,12.78,0
B03,Library,Library,22000,3,2025-04-03 20:00:00,20,3,4,0,29.8,54.7,15.8,Low,35.5,51.8,Hot,20.9,Low,177.65,14.84,0
B01,Academic Block,Classroom,45000,4,2025-04-03 23:00:00,23,3,4,0,31.6,65.2,0.0,Low,25.2,31.1,Hot,31.56,High,268.26,22.41,0
B03,Library,Library,22000,3,2025-04-04 01:00:00,1,4,4,0,29.4,61.5,12.7,Low,35.0,51.3,Hot,21.06,Low,179.01,14.95,0
B06,Research Lab,Laboratory,35000,4,2025-04-04 01:00:00,1,4,4,0,27.6,55.0,10.2,Low,53.4,40.8,Moderate,31.15,High,264.77,22.12,0
B04,Hostel,Dormitory,60000,6,2025-04-04 02:00:00,2,4,4,0,29.1,57.3,19.5,Low,38.1,45.5,Hot,33.06,High,281.01,23.47,0
B06,Research Lab,Laboratory,35000,4,2025-04-04 03:00:00,3,4,4,0,26.5,69.9,3.6,Low,20.7,38.2,Moderate,28.97,Medium,246.24,20.57,0
B01,Academic Block,Classroom,45000,4,2025-04-04 04:00:00,4,4,4,0,23.0,72.0,12.0,Low,24.9,36.1,Cool,23.74,Low,201.79,16.86,0
B01,Academic Block,Classroom,45000,4,2025-04-04 05:00:00,5,4,4,0,24.9,61.4,18.1,Low,35.8,43.2,Moderate,26.46,Medium,224.91,18.79,0
B05,Administration,Office,18000,3,2025-04-04 09:00:00,9,4,4,0,26.9,65.9,68.0,Medium,48.9,68.4,Moderate,26.78,Medium,227.63,19.01,0
B01,Academic Block,Classroom,45000,4,2025-04-04 11:00:00,11,4,4,0,27.9,55.4,65.5,Medium,46.9,70.0,Moderate,31.62,High,268.77,22.45,0
B02,Computer Lab,Laboratory,28000,3,2025-04-04 11:00:00,11,4,4,0,29.4,60.2,67.1,Medium,71.9,62.4,Hot,38.18,High,324.53,27.11,0
B03,Library,Library,22000,3,2025-04-04 14:00:00,14,4,4,0,28.7,59.0,49.8,Medium,51.7,58.7,Moderate,23.77,Low,202.04,16.88,0
B03,Library,Library,22000,3,2025-04-04 14:00:00,14,4,4,0,30.2,67.4,60.0,Medium,64.9,57.9,Hot,32.44,High,275.74,23.03,0
B01,Academic Block,Classroom,45000,4,2025-04-04 14:00:00,14,4,4,0,29.1,65.0,72.9,High,55.9,70.6,Hot,38.48,High,327.08,27.32,0
B06,Research Lab,Laboratory,35000,4,2025-04-04 15:00:00,15,4,4,0,30.1,56.2,49.2,Medium,62.4,52.9,Hot,36.58,High,310.93,25.97,0
B02,Computer Lab,Laboratory,28000,3,2025-04-04 16:00:00,16,4,4,0,30.8,56.3,67.9,Medium,65.0,73.6,Hot,33.18,High,282.03,23.56,0
B05,Administration,Office,18000,3,2025-04-04 16:00:00,16,4,4,0,29.9,60.9,51.2,Medium,55.2,57.8,Hot,28.36,Medium,241.06,20.14,0
B01,Academic Block,Classroom,45000,4,2025-04-04 16:00:00,16,4,4,0,30.8,59.2,69.2,Medium,52.7,65.9,Hot,39.49,High,335.66,28.04,0
B01,Academic Block,Classroom,45000,4,2025-04-04 17:00:00,17,4,4,0,28.6,60.2,63.3,Medium,49.6,74.7,Moderate,29.02,Medium,246.67,20.6,0
B04,Hostel,Dormitory,60000,6,2025-04-04 19:00:00,19,4,4,0,26.5,61.3,39.1,Medium,44.5,64.0,Moderate,29.65,Medium,252.02,21.05,0
B01,Academic Block,Classroom,45000,4,2025-04-04 19:00:00,19,4,4,0,31.1,69.8,14.3,Low,39.3,45.8,Hot,31.73,High,269.7,22.53,0
B04,Hostel,Dormitory,60000,6,2025-04-04 21:00:00,21,4,4,0,30.7,57.3,44.5,Medium,53.5,70.0,Hot,37.53,High,319.0,26.65,0
B01,Academic Block,Classroom,45000,4,2025-04-04 23:00:00,23,4,4,0,28.3,64.5,20.0,Low,35.5,47.9,Moderate,29.08,Medium,247.18,20.65,0
B02,Computer Lab,Laboratory,28000,3,2025-04-05 00:00:00,0,5,4,1,27.4,80.0,12.9,Low,36.8,51.6,Moderate,30.71,Medium,261.04,21.8,0
B06,Research Lab,Laboratory,35000,4,2025-04-05 00:00:00,0,5,4,1,29.5,55.5,20.4,Low,36.7,49.8,Hot,23.66,Low,201.11,16.8,0
B03,Library,Library,22000,3,2025-04-05 00:00:00,0,5,4,1,30.4,62.0,11.3,Low,41.8,46.7,Hot,17.33,Low,147.3,12.3,0
B03,Library,Library,22000,3,2025-04-05 02:00:00,2,5,4,1,29.1,63.4,4.4,Low,28.3,24.6,Hot,21.21,Low,180.28,15.06,0
B01,Academic Block,Classroom,45000,4,2025-04-05 02:00:00,2,5,4,1,26.7,63.6,8.8,Low,29.5,42.3,Moderate,28.25,Medium,240.12,20.06,0
B04,Hostel,Dormitory,60000,6,2025-04-05 03:00:00,3,5,4,1,26.6,64.0,11.2,Low,30.9,41.7,Moderate,35.93,High,305.4,25.51,0
B05,Administration,Office,18000,3,2025-04-05 04:00:00,4,5,4,1,28.3,56.2,0.0,Low,25.9,35.4,Moderate,19.54,Low,166.09,13.87,0
B04,Hostel,Dormitory,60000,6,2025-04-05 05:00:00,5,5,4,1,27.0,65.9,21.7,Low,32.7,45.5,Moderate,30.98,High,263.33,22.0,0
B06,Research Lab,Laboratory,35000,4,2025-04-05 05:00:00,5,5,4,1,28.5,49.3,11.3,Low,37.3,42.6,Moderate,27.2,Medium,231.2,19.31,0
B04,Hostel,Dormitory,60000,6,2025-04-05 06:00:00,6,5,4,1,26.1,76.7,18.7,Low,38.2,49.9,Moderate,32.78,High,278.63,23.27,0
B04,Hostel,Dormitory,60000,6,2025-04-05 07:00:00,7,5,4,1,27.5,75.0,13.1,Low,36.0,23.0,Moderate,35.92,High,305.32,25.5,0
B03,Library,Library,22000,3,2025-04-05 07:00:00,7,5,4,1,26.3,61.7,1.2,Low,31.2,18.9,Moderate,17.46,Low,148.41,12.4,0
B01,Academic Block,Classroom,45000,4,2025-04-05 12:00:00,12,5,4,1,26.2,71.4,12.6,Low,32.5,24.8,Moderate,20.72,Low,176.12,14.71,0
B03,Library,Library,22000,3,2025-04-05 13:00:00,13,5,4,1,29.2,59.6,11.2,Low,32.7,26.6,Hot,20.42,Low,173.57,14.5,0
B04,Hostel,Dormitory,60000,6,2025-04-05 15:00:00,15,5,4,1,27.3,63.2,7.2,Low,21.7,25.3,Moderate,22.61,Low,192.18,16.05,0
B03,Library,Library,22000,3,2025-04-05 15:00:00,15,5,4,1,28.9,57.1,9.3,Low,32.5,27.3,Moderate,17.31,Low,147.14,12.29,0
B01,Academic Block,Classroom,45000,4,2025-04-05 16:00:00,16,5,4,1,29.5,67.1,12.2,Low,37.0,22.2,Hot,24.36,Low,207.06,17.3,0
B01,Academic Block,Classroom,45000,4,2025-04-05 18:00:00,18,5,4,1,29.8,57.1,0.0,Low,30.3,13.0,Hot,22.07,Low,187.6,15.67,0
B01,Academic Block,Classroom,45000,4,2025-04-05 20:00:00,20,5,4,1,31.8,65.1,14.5,Low,52.0,53.9,Hot,25.78,Medium,219.13,18.3,0
B04,Hostel,Dormitory,60000,6,2025-04-05 23:00:00,23,5,4,1,30.5,60.3,36.2,Medium,49.6,57.6,Hot,33.61,High,285.68,23.86,0
B06,Research Lab,Laboratory,35000,4,2025-04-06 00:00:00,0,6,4,1,30.0,60.9,15.5,Low,39.3,44.5,Hot,28.73,Medium,244.2,20.4,0
B03,Library,Library,22000,3,2025-04-06 00:00:00,0,6,4,1,29.5,51.0,10.0,Low,40.3,41.7,Hot,24.32,Low,206.72,17.27,0
B03,Library,Library,22000,3,2025-04-06 02:00:00,2,6,4,1,31.1,60.5,25.7,Low,57.5,50.0,Hot,25.12,Medium,213.52,17.84,0
B05,Administration,Office,18000,3,2025-04-06 02:00:00,2,6,4,1,30.6,52.5,15.6,Low,39.3,47.3,Hot,22.38,Low,190.23,15.89,0
B04,Hostel,Dormitory,60000,6,2025-04-06 03:00:00,3,6,4,1,29.2,62.1,9.1,Low,30.4,47.9,Hot,34.73,High,295.2,24.66,0
B01,Academic Block,Classroom,45000,4,2025-04-06 04:00:00,4,6,4,1,28.5,75.8,3.3,Low,34.8,27.9,Moderate,33.28,High,282.88,23.63,0
B04,Hostel,Dormitory,60000,6,2025-04-06 05:00:00,5,6,4,1,26.0,54.5,2.4,Low,21.1,34.2,Moderate,26.42,Medium,224.57,18.76,0
B01,Academic Block,Classroom,45000,4,2025-04-06 05:00:00,5,6,4,1,26.9,62.5,14.8,Low,28.3,46.7,Moderate,21.46,Low,182.41,15.24,0
B04,Hostel,Dormitory,60000,6,2025-04-06 05:00:00,5,6,4,1,27.9,58.2,17.1,Low,45.1,55.6,Moderate,36.09,High,306.77,25.62,0
B02,Computer Lab,Laboratory,28000,3,2025-04-06 08:00:00,8,6,4,1,27.9,55.4,12.9,Low,42.9,17.2,Moderate,26.72,Medium,227.12,18.97,0
B05,Administration,Office,18000,3,2025-04-06 08:00:00,8,6,4,1,27.7,57.3,11.6,Low,38.2,28.0,Moderate,13.62,Low,115.77,9.67,0
B03,Library,Library,22000,3,2025-04-06 11:00:00,11,6,4,1,27.8,73.1,9.6,Low,36.1,21.4,Moderate,14.63,Low,124.36,10.39,0
B02,Computer Lab,Laboratory,28000,3,2025-04-06 11:00:00,11,6,4,1,29.9,73.2,15.4,Low,32.3,27.4,Hot,20.23,Low,171.96,14.36,0
B04,Hostel,Dormitory,60000,6,2025-04-06 11:00:00,11,6,4,1,26.7,56.3,6.6,Low,25.9,26.1,Moderate,25.7,Medium,218.45,18.25,0
B04,Hostel,Dormitory,60000,6,2025-04-06 12:00:00,12,6,4,1,28.9,64.7,11.9,Low,44.5,23.3,Moderate,34.75,High,295.38,24.67,0
B03,Library,Library,22000,3,2025-04-06 12:00:00,12,6,4,1,28.7,55.6,12.6,Low,33.4,24.3,Moderate,20.57,Low,174.84,14.6,0
B03,Library,Library,22000,3,2025-04-06 13:00:00,13,6,4,1,28.5,57.5,16.0,Low,32.5,27.7,Moderate,20.16,Low,171.36,14.31,0
B06,Research Lab,Laboratory,35000,4,2025-04-06 13:00:00,13,6,4,1,28.6,47.8,6.3,Low,32.9,20.7,Moderate,42.39,High,360.32,30.1,1
B02,Computer Lab,Laboratory,28000,3,2025-04-06 16:00:00,16,6,4,1,30.1,75.8,5.0,Low,39.8,13.3,Hot,20.55,Low,174.68,14.59,0
B06,Research Lab,Laboratory,35000,4,2025-04-06 16:00:00,16,6,4,1,28.3,70.0,12.3,Low,34.4,25.0,Moderate,25.81,Medium,219.38,18.33,0
B06,Research Lab,Laboratory,35000,4,2025-04-06 16:00:00,16,6,4,1,30.0,56.4,13.4,Low,38.0,27.2,Hot,27.36,Medium,232.56,19.43,0
B06,Research Lab,Laboratory,35000,4,2025-04-06 17:00:00,17,6,4,1,30.9,62.3,12.0,Low,27.2,15.9,Hot,28.35,Medium,240.98,20.13,0
B03,Library,Library,22000,3,2025-04-06 17:00:00,17,6,4,1,30.3,58.0,0.0,Low,34.5,19.3,Hot,24.28,Low,206.38,17.24,0
B01,Academic Block,Classroom,45000,4,2025-04-06 18:00:00,18,6,4,1,27.3,69.8,14.3,Low,40.5,30.3,Moderate,20.89,Low,177.56,14.83,0
B02,Computer Lab,Laboratory,28000,3,2025-04-06 21:00:00,21,6,4,1,27.9,60.3,30.0,Low,40.7,58.8,Moderate,26.82,Medium,227.97,19.04,0
B01,Academic Block,Classroom,45000,4,2025-04-06 23:00:00,23,6,4,1,28.5,60.8,18.4,Low,50.6,42.1,Moderate,28.05,Medium,238.42,19.92,0
B01,Academic Block,Classroom,45000,4,2025-04-06 23:00:00,23,6,4,1,29.6,56.7,0.0,Low,29.3,31.8,Hot,24.86,Medium,211.31,17.65,0
B05,Administration,Office,18000,3,2025-04-06 23:00:00,23,6,4,1,28.6,66.3,9.2,Low,32.2,30.3,Moderate,18.37,Low,156.15,13.04,0
B02,Computer Lab,Laboratory,28000,3,2025-04-07 00:00:00,0,0,4,0,30.4,76.1,10.6,Low,34.8,41.2,Hot,25.97,Medium,220.74,18.44,0
B01,Academic Block,Classroom,45000,4,2025-04-07 00:00:00,0,0,4,0,31.2,58.1,9.8,Low,35.8,37.8,Hot,28.35,Medium,240.98,20.13,0
B03,Library,Library,22000,3,2025-04-07 01:00:00,1,0,4,0,31.0,58.1,3.3,Low,40.6,37.1,Hot,23.87,Low,202.9,16.95,0
B05,Administration,Office,18000,3,2025-04-07 02:00:00,2,0,4,0,28.9,61.7,5.7,Low,32.8,44.3,Moderate,16.38,Low,139.23,11.63,0
B01,Academic Block,Classroom,45000,4,2025-04-07 02:00:00,2,0,4,0,30.1,62.7,18.5,Low,52.7,46.4,Hot,31.11,High,264.44,22.09,0
B03,Library,Library,22000,3,2025-04-07 05:00:00,5,0,4,0,26.2,61.9,17.2,Low,35.1,50.0,Moderate,21.74,Low,184.79,15.44,0
B06,Research Lab,Laboratory,35000,4,2025-04-07 07:00:00,7,0,4,0,26.3,61.2,11.2,Low,26.4,23.0,Moderate,24.31,Low,206.64,17.26,0
B06,Research Lab,Laboratory,35000,4,2025-04-07 07:00:00,7,0,4,0,24.8,65.7,18.6,Low,25.6,24.4,Moderate,29.29,Medium,248.96,20.8,0
B04,Hostel,Dormitory,60000,6,2025-04-07 08:00:00,8,0,4,0,28.3,50.1,46.4,Medium,57.6,56.8,Moderate,38.3,High,325.55,27.19,0
B01,Academic Block,Classroom,45000,4,2025-04-07 09:00:00,9,0,4,0,29.5,57.6,64.2,Medium,57.3,67.3,Hot,35.91,High,305.23,25.5,0
B02,Computer Lab,Laboratory,28000,3,2025-04-07 10:00:00,10,0,4,0,26.2,50.0,56.2,Medium,55.1,51.6,Moderate,48.03,High,408.26,34.1,1
B02,Computer Lab,Laboratory,28000,3,2025-04-07 11:00:00,11,0,4,0,23.8,62.5,47.9,Medium,40.4,53.2,Cool,31.04,High,263.84,22.04,0
B06,Research Lab,Laboratory,35000,4,2025-04-07 13:00:00,13,0,4,0,26.5,57.2,57.0,Medium,48.1,56.7,Moderate,38.41,High,326.48,27.27,0
B05,Administration,Office,18000,3,2025-04-07 14:00:00,14,0,4,0,27.5,67.4,74.2,High,63.9,73.2,Moderate,29.32,Medium,249.22,20.82,0
B04,Hostel,Dormitory,60000,6,2025-04-07 16:00:00,16,0,4,0,27.5,57.9,61.7,Medium,53.7,54.6,Moderate,30.68,Medium,260.78,21.78,0
B03,Library,Library,22000,3,2025-04-07 17:00:00,17,0,4,0,28.3,59.8,55.7,Medium,53.0,55.0,Moderate,30.32,Medium,257.72,21.53,0
B05,Administration,Office,18000,3,2025-04-07 17:00:00,17,0,4,0,30.2,45.8,61.2,Medium,53.7,62.7,Hot,32.89,High,279.56,23.35,0
B02,Computer Lab,Laboratory,28000,3,2025-04-07 18:00:00,18,0,4,0,31.2,67.2,71.2,High,66.7,63.0,Hot,37.57,High,319.35,26.67,0
B03,Library,Library,22000,3,2025-04-07 18:00:00,18,0,4,0,27.1,55.7,53.2,Medium,47.4,56.2,Moderate,23.31,Low,198.14,16.55,0
B01,Academic Block,Classroom,45000,4,2025-04-07 20:00:00,20,0,4,0,29.6,57.9,8.4,Low,33.3,39.6,Hot,30.23,Medium,256.96,21.46,0
B01,Academic Block,Classroom,45000,4,2025-04-07 22:00:00,22,0,4,0,30.2,66.3,18.7,Low,54.2,49.2,Hot,34.08,High,289.68,24.2,0
B03,Library,Library,22000,3,2025-04-08 01:00:00,1,1,4,0,27.4,68.6,0.0,Low,27.9,40.1,Moderate,18.54,Low,157.59,13.16,0
B02,Computer Lab,Laboratory,28000,3,2025-04-08 01:00:00,1,1,4,0,29.4,53.7,11.2,Low,32.5,56.9,Hot,29.83,Medium,253.55,21.18,0
B04,Hostel,Dormitory,60000,6,2025-04-08 02:00:00,2,1,4,0,28.3,66.0,11.5,Low,42.2,44.0,Moderate,29.62,Medium,251.77,21.03,0
B01,Academic Block,Classroom,45000,4,2025-04-08 03:00:00,3,1,4,0,27.3,55.1,15.6,Low,39.1,45.8,Moderate,30.23,Medium,256.96,21.46,0
B01,Academic Block,Classroom,45000,4,2025-04-08 05:00:00,5,1,4,0,25.8,66.0,7.9,Low,25.6,50.6,Moderate,24.27,Low,206.3,17.23,0
B01,Academic Block,Classroom,45000,4,2025-04-08 07:00:00,7,1,4,0,27.0,57.9,10.8,Low,32.3,28.8,Moderate,22.44,Low,190.74,15.93,0
B05,Administration,Office,18000,3,2025-04-08 09:00:00,9,1,4,0,25.4,57.6,63.4,Medium,52.3,71.4,Moderate,26.12,Medium,222.02,18.55,0
B02,Computer Lab,Laboratory,28000,3,2025-04-08 09:00:00,9,1,4,0,24.0,66.0,57.0,Medium,44.8,58.9,Cool,31.8,High,270.3,22.58,0
B01,Academic Block,Classroom,45000,4,2025-04-08 10:00:00,10,1,4,0,26.8,58.5,65.3,Medium,56.2,68.1,Moderate,33.95,High,288.58,24.1,0
B03,Library,Library,22000,3,2025-04-08 11:00:00,11,1,4,0,25.3,78.9,60.7,Medium,47.1,60.8,Moderate,31.82,High,270.47,22.59,0
B04,Hostel,Dormitory,60000,6,2025-04-08 12:00:00,12,1,4,0,25.1,60.6,55.1,Medium,49.8,56.6,Moderate,40.4,High,343.4,28.68,0
B04,Hostel,Dormitory,60000,6,2025-04-08 12:00:00,12,1,4,0,27.7,54.5,54.6,Medium,47.5,56.5,Moderate,32.77,High,278.54,23.27,0
B02,Computer Lab,Laboratory,28000,3,2025-04-08 13:00:00,13,1,4,0,27.8,56.5,47.3,Medium,43.1,52.6,Moderate,31.97,High,271.74,22.7,0
B05,Administration,Office,18000,3,2025-04-08 15:00:00,15,1,4,0,27.7,62.7,65.7,Medium,59.6,64.6,Moderate,30.74,Medium,261.29,21.83,0
B04,Hostel,Dormitory,60000,6,2025-04-08 15:00:00,15,1,4,0,29.4,62.3,45.1,Medium,50.9,55.8,Hot,39.7,High,337.45,28.19,0
B02,Computer Lab,Laboratory,28000,3,2025-04-08 16:00:00,16,1,4,0,30.2,63.0,72.7,High,64.3,72.4,Hot,32.82,High,278.97,23.3,0
B04,Hostel,Dormitory,60000,6,2025-04-08 19:00:00,19,1,4,0,30.8,66.7,31.9,Low,54.4,59.9,Hot,42.22,High,358.87,29.98,0
B02,Computer Lab,Laboratory,28000,3,2025-04-08 19:00:00,19,1,4,0,30.8,48.7,10.6,Low,36.1,43.8,Hot,27.7,Medium,235.45,19.67,0
B02,Computer Lab,Laboratory,28000,3,2025-04-08 20:00:00,20,1,4,0,28.1,69.2,22.6,Low,42.1,49.8,Moderate,22.91,Low,194.74,16.27,0
B04,Hostel,Dormitory,60000,6,2025-04-08 20:00:00,20,1,4,0,32.5,52.6,40.5,Medium,67.0,60.0,Hot,43.67,High,371.2,31.01,0
B04,Hostel,Dormitory,60000,6,2025-04-08 20:00:00,20,1,4,0,31.4,62.7,30.3,Low,46.6,62.7,Hot,42.18,High,358.53,29.95,0
B02,Computer Lab,Laboratory,28000,3,2025-04-08 20:00:00,20,1,4,0,29.1,73.8,3.8,Low,26.9,42.8,Hot,20.64,Low,175.44,14.65,0
B04,Hostel,Dormitory,60000,6,2025-04-08 21:00:00,21,1,4,0,30.4,55.1,19.7,Low,46.9,44.2,Hot,32.22,High,273.87,22.88,0
B02,Computer Lab,Laboratory,28000,3,2025-04-09 02:00:00,2,2,4,0,28.9,56.0,4.7,Low,24.1,33.1,Moderate,25.24,Medium,214.54,17.92,0
B02,Computer Lab,Laboratory,28000,3,2025-04-09 02:00:00,2,2,4,0,28.5,55.0,14.2,Low,30.1,49.2,Moderate,26.02,Medium,221.17,18.47,0
B03,Library,Library,22000,3,2025-04-09 03:00:00,3,2,4,0,30.8,58.0,11.0,Low,39.7,41.6,Hot,25.56,Medium,217.26,18.15,0
B03,Library,Library,22000,3,2025-04-09 04:00:00,4,2,4,0,24.7,74.1,5.4,Low,26.6,34.1,Moderate,17.05,Low,144.93,12.11,0
B05,Administration,Office,18000,3,2025-04-09 05:00:00,5,2,4,0,25.0,57.2,9.3,Low,29.8,34.0,Moderate,25.25,Medium,214.62,17.93,0
B06,Research Lab,Laboratory,35000,4,2025-04-09 06:00:00,6,2,4,0,23.4,62.8,24.0,Low,44.2,50.7,Cool,26.29,Medium,223.46,18.67,0
B01,Academic Block,Classroom,45000,4,2025-04-09 08:00:00,8,2,4,0,26.7,70.5,74.4,High,55.0,71.5,Moderate,36.05,High,306.42,25.6,0
B03,Library,Library,22000,3,2025-04-09 11:00:00,11,2,4,0,28.0,67.0,67.2,Medium,50.9,64.0,Moderate,26.08,Medium,221.68,18.52,0
B02,Computer Lab,Laboratory,28000,3,2025-04-09 12:00:00,12,2,4,0,28.1,59.0,54.0,Medium,46.0,48.9,Moderate,24.71,Medium,210.04,17.54,0
B03,Library,Library,22000,3,2025-04-09 12:00:00,12,2,4,0,27.2,61.8,60.5,Medium,47.8,57.4,Moderate,25.51,Medium,216.84,18.11,0
B02,Computer Lab,Laboratory,28000,3,2025-04-09 12:00:00,12,2,4,0,28.2,68.9,63.7,Medium,46.2,65.6,Moderate,30.53,Medium,259.5,21.68,0
B04,Hostel,Dormitory,60000,6,2025-04-09 13:00:00,13,2,4,0,27.6,74.0,61.3,Medium,54.9,68.9,Moderate,45.09,High,383.27,32.01,0
B03,Library,Library,22000,3,2025-04-09 13:00:00,13,2,4,0,29.2,73.5,55.0,Medium,54.0,56.5,Hot,28.9,Medium,245.65,20.52,0
B04,Hostel,Dormitory,60000,6,2025-04-09 13:00:00,13,2,4,0,29.7,70.9,45.5,Medium,52.6,54.3,Hot,35.25,High,299.62,25.03,0
B03,Library,Library,22000,3,2025-04-09 14:00:00,14,2,4,0,27.2,58.5,48.6,Medium,51.2,55.1,Moderate,25.31,Medium,215.14,17.97,0
B01,Academic Block,Classroom,45000,4,2025-04-09 14:00:00,14,2,4,0,28.2,75.2,66.5,Medium,58.2,62.0,Moderate,30.49,Medium,259.16,21.65,0
B06,Research Lab,Laboratory,35000,4,2025-04-09 16:00:00,16,2,4,0,29.4,56.3,59.3,Medium,45.8,64.2,Hot,33.08,High,281.18,23.49,0
B02,Computer Lab,Laboratory,28000,3,2025-04-09 16:00:00,16,2,4,0,31.7,48.1,60.7,Medium,57.0,66.1,Hot,39.32,High,334.22,27.92,0
B01,Academic Block,Classroom,45000,4,2025-04-09 17:00:00,17,2,4,0,28.8,62.7,56.8,Medium,50.7,55.2,Moderate,33.74,High,286.79,23.96,0
B01,Academic Block,Classroom,45000,4,2025-04-09 17:00:00,17,2,4,0,31.7,70.0,75.7,High,72.2,71.9,Hot,33.98,High,288.83,24.13,0
B06,Research Lab,Laboratory,35000,4,2025-04-09 17:00:00,17,2,4,0,27.8,67.4,49.3,Medium,56.5,49.1,Moderate,29.34,Medium,249.39,20.83,0
B01,Academic Block,Classroom,45000,4,2025-04-09 19:00:00,19,2,4,0,32.4,58.6,21.0,Low,43.5,44.5,Hot,28.44,Medium,241.74,20.19,0
B04,Hostel,Dormitory,60000,6,2025-04-09 19:00:00,19,2,4,0,31.8,61.6,29.7,Low,42.1,62.4,Hot,35.78,High,304.13,25.4,0
B02,Computer Lab,Laboratory,28000,3,2025-04-09 20:00:00,20,2,4,0,30.4,64.4,24.9,Low,44.8,61.7,Hot,30.55,Medium,259.68,21.69,0
B04,Hostel,Dormitory,60000,6,2025-04-09 20:00:00,20,2,4,0,32.0,60.4,19.8,Low,43.0,49.5,Hot,40.59,High,345.02,28.82,0
B02,Computer Lab,Laboratory,28000,3,2025-04-09 20:00:00,20,2,4,0,29.9,59.0,20.2,Low,40.8,47.5,Hot,26.24,Medium,223.04,18.63,0
B01,Academic Block,Classroom,45000,4,2025-04-09 21:00:00,21,2,4,0,29.2,56.5,4.8,Low,41.9,43.9,Hot,24.0,Low,204.0,17.04,0
B04,Hostel,Dormitory,60000,6,2025-04-10 01:00:00,1,3,4,0,31.8,60.3,4.3,Low,40.8,44.1,Hot,37.69,High,320.36,26.76,0
B03,Library,Library,22000,3,2025-04-10 01:00:00,1,3,4,0,28.4,61.4,23.6,Low,36.9,48.4,Moderate,22.86,Low,194.31,16.23,0
B06,Research Lab,Laboratory,35000,4,2025-04-10 03:00:00,3,3,4,0,29.2,61.7,17.3,Low,35.1,48.7,Hot,26.24,Medium,223.04,18.63,0
B04,Hostel,Dormitory,60000,6,2025-04-10 03:00:00,3,3,4,0,29.8,68.5,1.7,Low,26.0,46.2,Hot,29.63,Medium,251.86,21.04,0
B06,Research Lab,Laboratory,35000,4,2025-04-10 04:00:00,4,3,4,0,28.9,60.1,13.4,Low,40.5,54.2,Moderate,27.29,Medium,231.96,19.38,0
B04,Hostel,Dormitory,60000,6,2025-04-10 05:00:00,5,3,4,0,28.2,61.0,21.8,Low,40.5,46.7,Moderate,36.88,High,313.48,26.18,0
B04,Hostel,Dormitory,60000,6,2025-04-10 06:00:00,6,3,4,0,28.0,63.9,15.9,Low,39.7,40.0,Moderate,33.43,High,284.15,23.74,0
B02,Computer Lab,Laboratory,28000,3,2025-04-10 11:00:00,11,3,4,0,28.9,80.3,59.0,Medium,53.0,61.0,Moderate,38.43,High,326.65,27.29,0
B02,Computer Lab,Laboratory,28000,3,2025-04-10 13:00:00,13,3,4,0,28.6,54.5,66.9,Medium,49.0,68.7,Moderate,34.43,High,292.65,24.45,0
B01,Academic Block,Classroom,45000,4,2025-04-10 14:00:00,14,3,4,0,28.6,69.8,69.2,Medium,56.4,70.5,Moderate,31.34,High,266.39,22.25,0
B01,Academic Block,Classroom,45000,4,2025-04-10 15:00:00,15,3,4,0,27.2,61.1,55.0,Medium,55.4,59.0,Moderate,25.72,Medium,218.62,18.26,0
B05,Administration,Office,18000,3,2025-04-10 15:00:00,15,3,4,0,29.7,60.8,63.4,Medium,56.4,64.0,Hot,25.99,Medium,220.92,18.45,0
B05,Administration,Office,18000,3,2025-04-10 16:00:00,16,3,4,0,31.2,50.9,66.1,Medium,69.6,62.5,Hot,25.48,Medium,216.58,18.09,0
B01,Academic Block,Classroom,45000,4,2025-04-10 18:00:00,18,3,4,0,28.8,75.1,68.2,Medium,57.6,63.0,Moderate,31.48,High,267.58,22.35,0
B04,Hostel,Dormitory,60000,6,2025-04-10 19:00:00,19,3,4,0,30.3,62.3,29.2,Low,57.0,60.9,Hot,37.92,High,322.32,26.92,0
B01,Academic Block,Classroom,45000,4,2025-04-10 19:00:00,19,3,4,0,31.3,64.6,15.2,Low,54.4,42.9,Hot,25.88,Medium,219.98,18.37,0
B03,Library,Library,22000,3,2025-04-10 21:00:00,21,3,4,0,32.9,48.2,13.3,Low,38.9,36.6,Hot,27.93,Medium,237.4,19.83,0
B04,Hostel,Dormitory,60000,6,2025-04-10 22:00:00,22,3,4,0,28.7,57.5,18.1,Low,34.5,49.3,Moderate,30.79,Medium,261.71,21.86,0
B02,Computer Lab,Laboratory,28000,3,2025-04-10 22:00:00,22,3,4,0,31.6,62.6,2.7,Low,35.5,38.5,Hot,29.45,Medium,250.32,20.91,0
B01,Academic Block,Classroom,45000,4,2025-04-11 00:00:00,0,4,4,0,29.2,60.5,14.2,Low,27.7,55.3,Hot,22.94,Low,194.99,16.29,0
B03,Library,Library,22000,3,2025-04-11 01:00:00,1,4,4,0,28.3,65.5,17.2,Low,40.1,48.1,Moderate,23.96,Low,203.66,17.01,0
B01,Academic Block,Classroom,45000,4,2025-04-11 02:00:00,2,4,4,0,27.4,77.8,6.6,Low,34.6,33.3,Moderate,22.04,Low,187.34,15.65,0
B04,Hostel,Dormitory,60000,6,2025-04-11 03:00:00,3,4,4,0,27.3,66.7,17.2,Low,36.7,54.0,Moderate,31.23,High,265.46,22.17,0
B02,Computer Lab,Laboratory,28000,3,2025-04-11 06:00:00,6,4,4,0,27.8,59.6,15.5,Low,28.5,46.4,Moderate,21.85,Low,185.73,15.51,0
B01,Academic Block,Classroom,45000,4,2025-04-11 07:00:00,7,4,4,0,26.5,59.2,10.7,Low,41.4,22.2,Moderate,23.3,Low,198.05,16.54,0
B04,Hostel,Dormitory,60000,6,2025-04-11 07:00:00,7,4,4,0,27.9,57.3,15.0,Low,24.6,20.4,Moderate,31.16,High,264.86,22.12,0
B04,Hostel,Dormitory,60000,6,2025-04-11 07:00:00,7,4,4,0,25.2,61.8,14.8,Low,23.0,28.6,Moderate,23.5,Low,199.75,16.68,0
B04,Hostel,Dormitory,60000,6,2025-04-11 07:00:00,7,4,4,0,27.9,60.0,18.1,Low,42.3,29.4,Moderate,39.47,High,335.5,28.02,0
B04,Hostel,Dormitory,60000,6,2025-04-11 10:00:00,10,4,4,0,27.7,63.7,57.5,Medium,52.3,58.5,Moderate,45.53,High,387.0,32.33,0
B03,Library,Library,22000,3,2025-04-11 13:00:00,13,4,4,0,26.0,67.9,47.6,Medium,40.2,55.4,Moderate,21.66,Low,184.11,15.38,0
B02,Computer Lab,Laboratory,28000,3,2025-04-11 13:00:00,13,4,4,0,30.5,63.6,53.7,Medium,54.4,60.6,Hot,36.59,High,311.02,25.98,0
B01,Academic Block,Classroom,45000,4,2025-04-11 13:00:00,13,4,4,0,28.8,62.9,76.9,High,59.9,74.3,Moderate,31.66,High,269.11,22.48,0
B04,Hostel,Dormitory,60000,6,2025-04-11 15:00:00,15,4,4,0,30.4,62.1,57.2,Medium,62.2,60.6,Hot,35.24,High,299.54,25.02,0
B01,Academic Block,Classroom,45000,4,2025-04-11 15:00:00,15,4,4,0,31.0,77.9,71.1,High,53.8,70.1,Hot,43.32,High,368.22,30.76,0
B02,Computer Lab,Laboratory,28000,3,2025-04-11 15:00:00,15,4,4,0,30.7,55.4,64.4,Medium,60.0,71.7,Hot,38.23,High,324.96,27.14,0
B03,Library,Library,22000,3,2025-04-11 15:00:00,15,4,4,0,29.1,61.5,62.9,Medium,61.3,57.6,Hot,29.33,Medium,249.3,20.82,0
B01,Academic Block,Classroom,45000,4,2025-04-11 15:00:00,15,4,4,0,30.4,48.2,67.5,Medium,52.8,60.2,Hot,37.58,High,319.43,26.68,0
B06,Research Lab,Laboratory,35000,4,2025-04-11 16:00:00,16,4,4,0,27.1,60.6,56.1,Medium,48.5,51.1,Moderate,29.3,Medium,249.05,20.8,0
B02,Computer Lab,Laboratory,28000,3,2025-04-11 16:00:00,16,4,4,0,30.4,54.4,62.7,Medium,56.7,64.6,Hot,34.64,High,294.44,24.59,0
B02,Computer Lab,Laboratory,28000,3,2025-04-11 16:00:00,16,4,4,0,32.4,54.0,58.6,Medium,49.5,58.4,Hot,36.05,High,306.42,25.6,0
B04,Hostel,Dormitory,60000,6,2025-04-11 17:00:00,17,4,4,0,29.1,53.4,61.8,Medium,56.2,55.8,Hot,34.29,High,291.46,24.35,0
B01,Academic Block,Classroom,45000,4,2025-04-11 18:00:00,18,4,4,0,31.9,50.0,77.3,High,67.0,72.0,Hot,43.66,High,371.11,31.0,0
B02,Computer Lab,Laboratory,28000,3,2025-04-11 19:00:00,19,4,4,0,33.4,59.1,18.2,Low,55.9,59.4,Hot,32.12,High,273.02,22.81,0
B06,Research Lab,Laboratory,35000,4,2025-04-11 19:00:00,19,4,4,0,31.7,64.6,3.1,Low,38.4,39.5,Hot,25.09,Medium,213.26,17.81,0
B06,Research Lab,Laboratory,35000,4,2025-04-11 19:00:00,19,4,4,0,32.2,53.8,4.3,Low,42.5,45.6,Hot,36.6,High,311.1,25.99,0
B01,Academic Block,Classroom,45000,4,2025-04-11 21:00:00,21,4,4,0,28.3,48.2,2.8,Low,41.2,30.6,Moderate,28.87,Medium,245.4,20.5,0
B02,Computer Lab,Laboratory,28000,3,2025-04-11 22:00:00,22,4,4,0,29.1,62.5,13.3,Low,33.6,46.4,Hot,24.59,Medium,209.02,17.46,0
B06,Research Lab,Laboratory,35000,4,2025-04-11 22:00:00,22,4,4,0,32.6,62.2,18.5,Low,38.5,51.4,Hot,28.04,Medium,238.34,19.91,0
B02,Computer Lab,Laboratory,28000,3,2025-04-11 23:00:00,23,4,4,0,31.6,64.4,9.8,Low,41.4,45.8,Hot,30.15,Medium,256.27,21.41,0
B04,Hostel,Dormitory,60000,6,2025-04-11 23:00:00,23,4,4,0,30.9,53.1,27.5,Low,44.5,54.4,Hot,37.0,High,314.5,26.27,0
B01,Academic Block,Classroom,45000,4,2025-04-12 02:00:00,2,5,4,1,28.5,58.0,12.7,Low,35.6,49.5,Moderate,33.75,High,286.88,23.96,0
B06,Research Lab,Laboratory,35000,4,2025-04-12 03:00:00,3,5,4,1,28.8,54.2,6.5,Low,32.0,42.3,Moderate,30.83,Medium,262.06,21.89,0
B03,Library,Library,22000,3,2025-04-12 03:00:00,3,5,4,1,30.9,55.1,13.9,Low,35.8,45.9,Hot,21.33,Low,181.3,15.14,0
B01,Academic Block,Classroom,45000,4,2025-04-12 04:00:00,4,5,4,1,27.7,57.3,10.3,Low,39.5,40.6,Moderate,30.34,Medium,257.89,21.54,0
B04,Hostel,Dormitory,60000,6,2025-04-12 04:00:00,4,5,4,1,28.9,58.3,7.4,Low,34.9,33.1,Moderate,35.66,High,303.11,25.32,0
B02,Computer Lab,Laboratory,28000,3,2025-04-12 04:00:00,4,5,4,1,28.9,60.1,12.8,Low,50.4,35.0,Moderate,20.07,Low,170.6,14.25,0
B04,Hostel,Dormitory,60000,6,2025-04-12 05:00:00,5,5,4,1,26.4,64.7,18.2,Low,28.1,45.3,Moderate,32.48,High,276.08,23.06,0
B06,Research Lab,Laboratory,35000,4,2025-04-12 05:00:00,5,5,4,1,26.6,57.8,1.4,Low,40.8,35.3,Moderate,29.12,Medium,247.52,20.68,0
B04,Hostel,Dormitory,60000,6,2025-04-12 06:00:00,6,5,4,1,29.4,60.5,13.2,Low,39.7,41.5,Hot,31.38,High,266.73,22.28,0
B06,Research Lab,Laboratory,35000,4,2025-04-12 06:00:00,6,5,4,1,28.0,56.3,0.0,Low,30.9,36.7,Moderate,20.25,Low,172.12,14.38,0
B02,Computer Lab,Laboratory,28000,3,2025-04-12 07:00:00,7,5,4,1,25.9,52.0,10.2,Low,24.0,26.8,Moderate,31.77,High,270.04,22.56,0
B01,Academic Block,Classroom,45000,4,2025-04-12 08:00:00,8,5,4,1,26.4,67.7,16.9,Low,29.9,21.4,Moderate,28.76,Medium,244.46,20.42,0
B04,Hostel,Dormitory,60000,6,2025-04-12 08:00:00,8,5,4,1,25.4,60.0,19.2,Low,40.4,32.1,Moderate,31.72,High,269.62,22.52,0
B01,Academic Block,Classroom,45000,4,2025-04-12 09:00:00,9,5,4,1,28.5,50.1,8.3,Low,18.6,21.1,Moderate,15.03,Low,127.76,10.67,0
B01,Academic Block,Classroom,45000,4,2025-04-12 12:00:00,12,5,4,1,27.5,66.9,8.3,Low,22.0,12.6,Moderate,20.32,Low,172.72,14.43,0
B01,Academic Block,Classroom,45000,4,2025-04-12 14:00:00,14,5,4,1,28.5,60.4,10.4,Low,25.7,27.3,Moderate,30.66,Medium,260.61,21.77,0
B04,Hostel,Dormitory,60000,6,2025-04-12 14:00:00,14,5,4,1,30.1,64.1,4.3,Low,43.1,13.5,Hot,36.27,High,308.3,25.75,0
B04,Hostel,Dormitory,60000,6,2025-04-12 15:00:00,15,5,4,1,26.8,66.5,13.1,Low,37.3,37.7,Moderate,29.83,Medium,253.55,21.18,0
B03,Library,Library,22000,3,2025-04-12 19:00:00,19,5,4,1,30.7,52.8,5.0,Low,31.3,44.6,Hot,19.77,Low,168.04,14.04,0
B03,Library,Library,22000,3,2025-04-12 22:00:00,22,5,4,1,30.6,67.0,15.9,Low,38.2,46.2,Hot,28.3,Medium,240.55,20.09,0
B04,Hostel,Dormitory,60000,6,2025-04-12 22:00:00,22,5,4,1,30.2,48.0,27.0,Low,45.0,55.2,Hot,35.37,High,300.64,25.11,0
B01,Academic Block,Classroom,45000,4,2025-04-12 23:00:00,23,5,4,1,29.4,58.7,9.8,Low,42.9,35.4,Hot,26.2,Medium,222.7,18.6,0
B01,Academic Block,Classroom,45000,4,2025-04-13 00:00:00,0,6,4,1,28.9,58.6,15.5,Low,31.8,55.4,Moderate,28.24,Medium,240.04,20.05,0
B01,Academic Block,Classroom,45000,4,2025-04-13 02:00:00,2,6,4,1,29.4,56.0,16.4,Low,39.9,43.1,Hot,29.42,Medium,250.07,20.89,0
B01,Academic Block,Classroom,45000,4,2025-04-13 03:00:00,3,6,4,1,26.9,72.1,16.1,Low,32.4,47.3,Moderate,30.95,High,263.08,21.97,1
B03,Library,Library,22000,3,2025-04-13 03:00:00,3,6,4,1,28.7,64.1,13.8,Low,36.3,42.1,Moderate,23.05,Low,195.92,16.37,0
B04,Hostel,Dormitory,60000,6,2025-04-13 04:00:00,4,6,4,1,27.1,53.5,4.4,Low,25.3,40.6,Moderate,25.63,Medium,217.86,18.2,0
B03,Library,Library,22000,3,2025-04-13 04:00:00,4,6,4,1,27.2,54.4,11.8,Low,34.7,43.7,Moderate,24.23,Low,205.96,17.2,0
B05,Administration,Office,18000,3,2025-04-13 05:00:00,5,6,4,1,27.8,77.8,10.8,Low,29.5,40.0,Moderate,16.99,Low,144.42,12.06,0
B04,Hostel,Dormitory,60000,6,2025-04-13 07:00:00,7,6,4,1,26.3,60.6,9.1,Low,31.5,24.1,Moderate,29.93,Medium,254.4,21.25,0
B06,Research Lab,Laboratory,35000,4,2025-04-13 08:00:00,8,6,4,1,28.8,56.4,12.5,Low,46.0,31.9,Moderate,17.61,Low,149.68,12.5,0
B06,Research Lab,Laboratory,35000,4,2025-04-13 10:00:00,10,6,4,1,27.0,71.5,6.0,Low,37.4,19.7,Moderate,27.36,Medium,232.56,19.43,0
B01,Academic Block,Classroom,45000,4,2025-04-13 11:00:00,11,6,4,1,29.1,49.3,11.8,Low,45.2,12.9,Hot,28.99,Medium,246.42,20.58,0
B04,Hostel,Dormitory,60000,6,2025-04-13 12:00:00,12,6,4,1,26.8,73.3,9.9,Low,34.0,24.3,Moderate,27.64,Medium,234.94,19.62,0
B02,Computer Lab,Laboratory,28000,3,2025-04-13 18:00:00,18,6,4,1,29.5,55.8,8.8,Low,43.4,14.2,Hot,19.85,Low,168.73,14.09,0
B02,Computer Lab,Laboratory,28000,3,2025-04-13 22:00:00,22,6,4,1,28.2,66.0,4.2,Low,21.8,31.3,Moderate,17.09,Low,145.26,12.13,0
B06,Research Lab,Laboratory,35000,4,2025-04-13 22:00:00,22,6,4,1,29.9,57.7,4.0,Low,25.5,30.6,Hot,25.73,Medium,218.7,18.27,0
B02,Computer Lab,Laboratory,28000,3,2025-04-13 23:00:00,23,6,4,1,30.0,50.0,21.4,Low,35.9,54.6,Hot,23.81,Low,202.38,16.91,0
B06,Research Lab,Laboratory,35000,4,2025-04-14 00:00:00,0,0,4,0,30.1,62.2,12.8,Low,33.4,37.3,Hot,27.64,Medium,234.94,19.62,0
B04,Hostel,Dormitory,60000,6,2025-04-14 01:00:00,1,0,4,0,30.6,67.2,24.7,Low,50.4,58.5,Hot,37.57,High,319.35,26.67,0
B03,Library,Library,22000,3,2025-04-14 01:00:00,1,0,4,0,30.5,44.2,25.0,Low,35.0,57.8,Hot,25.05,Medium,212.92,17.79,0
B06,Research Lab,Laboratory,35000,4,2025-04-14 02:00:00,2,0,4,0,30.7,52.3,20.6,Low,34.7,46.1,Hot,34.84,High,296.14,24.74,0
B06,Research Lab,Laboratory,35000,4,2025-04-14 02:00:00,2,0,4,0,27.7,71.5,3.0,Low,30.6,39.6,Moderate,29.54,Medium,251.09,20.97,0
B03,Library,Library,22000,3,2025-04-14 05:00:00,5,0,4,0,27.6,65.7,21.9,Low,38.6,57.3,Moderate,22.51,Low,191.34,15.98,0
B02,Computer Lab,Laboratory,28000,3,2025-04-14 06:00:00,6,0,4,0,25.8,67.6,11.1,Low,36.0,40.4,Moderate,25.75,Medium,218.88,18.28,0
B06,Research Lab,Laboratory,35000,4,2025-04-14 06:00:00,6,0,4,0,27.9,69.2,10.1,Low,32.6,48.7,Moderate,27.81,Medium,236.38,19.75,0
B02,Computer Lab,Laboratory,28000,3,2025-04-14 07:00:00,7,0,4,0,29.8,64.4,9.1,Low,36.1,22.7,Hot,29.84,Medium,253.64,21.19,0
B05,Administration,Office,18000,3,2025-04-14 08:00:00,8,0,4,0,25.2,65.9,60.2,Medium,52.2,56.7,Moderate,25.3,Medium,215.05,17.96,0
B04,Hostel,Dormitory,60000,6,2025-04-14 09:00:00,9,0,4,0,28.1,70.3,53.8,Medium,44.4,59.5,Moderate,40.36,High,343.06,28.66,0
B02,Computer Lab,Laboratory,28000,3,2025-04-14 10:00:00,10,0,4,0,28.8,59.2,74.9,High,59.2,67.5,Moderate,42.29,High,359.46,30.03,0
B04,Hostel,Dormitory,60000,6,2025-04-14 11:00:00,11,0,4,0,26.3,63.8,39.5,Medium,45.0,51.6,Moderate,36.04,High,306.34,25.59,0
B02,Computer Lab,Laboratory,28000,3,2025-04-14 11:00:00,11,0,4,0,28.2,68.2,72.4,High,54.3,63.5,Moderate,31.54,High,268.09,22.39,0
B01,Academic Block,Classroom,45000,4,2025-04-14 14:00:00,14,0,4,0,28.5,56.8,77.2,High,63.9,79.4,Moderate,35.05,High,297.92,24.89,0
B04,Hostel,Dormitory,60000,6,2025-04-14 15:00:00,15,0,4,0,29.3,71.5,49.8,Medium,45.4,53.4,Hot,34.88,High,296.48,24.76,0
B01,Academic Block,Classroom,45000,4,2025-04-14 18:00:00,18,0,4,0,30.1,63.0,63.1,Medium,66.0,65.9,Hot,38.8,High,329.8,27.55,0
B04,Hostel,Dormitory,60000,6,2025-04-14 21:00:00,21,0,4,0,30.6,52.5,22.6,Low,41.5,50.0,Hot,36.94,High,313.99,26.23,0
B04,Hostel,Dormitory,60000,6,2025-04-14 21:00:00,21,0,4,0,32.7,57.5,25.6,Low,45.6,56.2,Hot,38.01,High,323.08,26.99,0
B01,Academic Block,Classroom,45000,4,2025-04-15 02:00:00,2,1,4,0,29.0,52.1,7.7,Low,26.5,28.1,Moderate,29.54,Medium,251.09,20.97,0
B02,Computer Lab,Laboratory,28000,3,2025-04-15 03:00:00,3,1,4,0,27.7,63.4,11.3,Low,27.5,44.6,Moderate,22.31,Low,189.64,15.84,0
B05,Administration,Office,18000,3,2025-04-15 04:00:00,4,1,4,0,28.2,59.8,11.8,Low,30.4,37.3,Moderate,18.86,Low,160.31,13.39,0
B02,Computer Lab,Laboratory,28000,3,2025-04-15 04:00:00,4,1,4,0,24.9,59.0,17.3,Low,24.5,51.7,Moderate,20.56,Low,174.76,14.6,0
B02,Computer Lab,Laboratory,28000,3,2025-04-15 04:00:00,4,1,4,0,26.9,51.0,16.6,Low,27.5,44.8,Moderate,23.37,Low,198.64,16.59,0
B01,Academic Block,Classroom,45000,4,2025-04-15 06:00:00,6,1,4,0,29.2,56.1,13.7,Low,38.0,42.6,Hot,23.99,Low,203.92,17.03,0
B03,Library,Library,22000,3,2025-04-15 06:00:00,6,1,4,0,27.1,62.1,11.7,Low,36.9,38.0,Moderate,29.44,Medium,250.24,20.9,1
B02,Computer Lab,Laboratory,28000,3,2025-04-15 07:00:00,7,1,4,0,26.4,61.3,20.0,Low,36.6,30.9,Moderate,20.33,Low,172.8,14.43,0
B02,Computer Lab,Laboratory,28000,3,2025-04-15 08:00:00,8,1,4,0,27.3,53.2,64.7,Medium,33.0,59.3,Moderate,27.84,Medium,236.64,19.77,0
B03,Library,Library,22000,3,2025-04-15 08:00:00,8,1,4,0,28.2,62.6,58.0,Medium,45.2,58.2,Moderate,23.86,Low,202.81,16.94,0
B04,Hostel,Dormitory,60000,6,2025-04-15 10:00:00,10,1,4,0,29.3,54.7,48.2,Medium,56.8,49.5,Hot,35.93,High,305.4,25.51,0
B02,Computer Lab,Laboratory,28000,3,2025-04-15 11:00:00,11,1,4,0,27.0,69.9,66.5,Medium,44.2,59.8,Moderate,27.62,Medium,234.77,19.61,0
B06,Research Lab,Laboratory,35000,4,2025-04-15 15:00:00,15,1,4,0,29.0,69.3,64.6,Medium,54.5,61.5,Moderate,33.84,High,287.64,24.03,0
B04,Hostel,Dormitory,60000,6,2025-04-15 15:00:00,15,1,4,0,29.3,59.8,49.3,Medium,43.8,49.0,Hot,28.17,Medium,239.45,20.0,0
B04,Hostel,Dormitory,60000,6,2025-04-15 18:00:00,18,1,4,0,32.4,70.1,37.6,Medium,59.7,48.1,Hot,43.21,High,367.28,30.68,0
B03,Library,Library,22000,3,2025-04-15 21:00:00,21,1,4,0,31.1,59.1,12.7,Low,36.1,50.2,Hot,24.47,Medium,208.0,17.37,0
B02,Computer Lab,Laboratory,28000,3,2025-04-15 21:00:00,21,1,4,0,34.3,48.5,7.2,Low,48.8,33.8,Hot,33.23,High,282.46,23.59,0
B02,Computer Lab,Laboratory,28000,3,2025-04-16 00:00:00,0,2,4,0,29.9,69.4,17.0,Low,35.8,48.7,Hot,26.27,Medium,223.3,18.65,0
B01,Academic Block,Classroom,45000,4,2025-04-16 01:00:00,1,2,4,0,32.3,70.5,13.5,Low,28.7,43.7,Hot,33.56,High,285.26,23.83,0
B05,Administration,Office,18000,3,2025-04-16 01:00:00,1,2,4,0,28.3,69.3,0.3,Low,34.3,30.8,Moderate,14.99,Low,127.42,10.64,0
B01,Academic Block,Classroom,45000,4,2025-04-16 02:00:00,2,2,4,0,27.1,58.0,14.1,Low,22.6,46.3,Moderate,18.06,Low,153.51,12.82,0
B05,Administration,Office,18000,3,2025-04-16 03:00:00,3,2,4,0,28.5,53.6,24.0,Low,34.6,55.3,Moderate,22.06,Low,187.51,15.66,0
B01,Academic Block,Classroom,45000,4,2025-04-16 03:00:00,3,2,4,0,30.4,58.2,10.9,Low,50.1,29.9,Hot,34.72,High,295.12,24.65,0
B02,Computer Lab,Laboratory,28000,3,2025-04-16 04:00:00,4,2,4,0,27.4,80.4,11.9,Low,52.7,48.9,Moderate,31.26,High,265.71,22.19,0
B06,Research Lab,Laboratory,35000,4,2025-04-16 05:00:00,5,2,4,0,26.8,55.3,9.6,Low,32.1,45.8,Moderate,28.7,Medium,243.95,20.38,0
B04,Hostel,Dormitory,60000,6,2025-04-16 05:00:00,5,2,4,0,29.3,67.3,12.5,Low,32.2,44.2,Hot,40.08,High,340.68,28.46,0
B05,Administration,Office,18000,3,2025-04-16 05:00:00,5,2,4,0,28.8,61.3,22.8,Low,40.4,47.7,Moderate,19.95,Low,169.58,14.16,0
B04,Hostel,Dormitory,60000,6,2025-04-16 06:00:00,6,2,4,0,26.2,70.6,19.4,Low,26.5,52.0,Moderate,29.16,Medium,247.86,20.7,0
B04,Hostel,Dormitory,60000,6,2025-04-16 06:00:00,6,2,4,0,26.2,55.2,8.0,Low,27.8,37.7,Moderate,28.17,Medium,239.45,20.0,0
B02,Computer Lab,Laboratory,28000,3,2025-04-16 09:00:00,9,2,4,0,28.5,60.5,58.3,Medium,61.7,65.1,Moderate,24.11,Low,204.94,17.12,0
B02,Computer Lab,Laboratory,28000,3,2025-04-16 09:00:00,9,2,4,0,24.8,58.9,58.7,Medium,46.8,63.5,Moderate,34.84,High,296.14,24.74,0
B02,Computer Lab,Laboratory,28000,3,2025-04-16 10:00:00,10,2,4,0,29.1,55.8,61.7,Medium,45.8,61.4,Hot,31.8,High,270.3,22.58,0
B01,Academic Block,Classroom,45000,4,2025-04-16 10:00:00,10,2,4,0,28.5,67.4,69.6,Medium,58.5,63.2,Moderate,32.1,High,272.85,22.79,0
B05,Administration,Office,18000,3,2025-04-16 11:00:00,11,2,4,0,24.3,57.7,62.0,Medium,35.6,64.0,Moderate,22.74,Low,193.29,16.15,0
B03,Library,Library,22000,3,2025-04-16 11:00:00,11,2,4,0,27.8,64.8,46.2,Medium,35.3,53.6,Moderate,20.27,Low,172.3,14.39,0
B04,Hostel,Dormitory,60000,6,2025-04-16 17:00:00,17,2,4,0,27.6,63.3,50.2,Medium,52.2,51.0,Moderate,36.81,High,312.88,26.14,0
B01,Academic Block,Classroom,45000,4,2025-04-16 18:00:00,18,2,4,0,29.1,55.0,64.1,Medium,50.6,65.1,Hot,31.74,High,269.79,22.54,0
B06,Research Lab,Laboratory,35000,4,2025-04-16 18:00:00,18,2,4,0,30.1,55.8,52.5,Medium,62.4,52.0,Hot,33.36,High,283.56,23.69,0
B01,Academic Block,Classroom,45000,4,2025-04-16 22:00:00,22,2,4,0,29.0,64.1,17.5,Low,32.4,39.4,Moderate,22.92,Low,194.82,16.27,0
B04,Hostel,Dormitory,60000,6,2025-04-16 23:00:00,23,2,4,0,33.9,57.7,32.1,Low,60.0,50.8,Hot,42.68,High,362.78,30.3,0
B01,Academic Block,Classroom,45000,4,2025-04-17 01:00:00,1,3,4,0,31.1,60.4,4.8,Low,47.9,39.4,Hot,26.67,Medium,226.7,18.94,0
B02,Computer Lab,Laboratory,28000,3,2025-04-17 04:00:00,4,3,4,0,30.3,59.1,25.9,Low,44.9,62.0,Hot,34.29,High,291.46,24.35,0
B01,Academic Block,Classroom,45000,4,2025-04-17 06:00:00,6,3,4,0,27.3,61.1,14.9,Low,32.9,41.3,Moderate,26.66,Medium,226.61,18.93,0
B04,Hostel,Dormitory,60000,6,2025-04-17 07:00:00,7,3,4,0,27.4,62.9,17.5,Low,32.2,24.1,Moderate,25.47,Medium,216.5,18.08,0
B05,Administration,Office,18000,3,2025-04-17 07:00:00,7,3,4,0,29.7,71.3,19.3,Low,37.4,31.0,Hot,22.63,Low,192.36,16.07,0
B02,Computer Lab,Laboratory,28000,3,2025-04-17 08:00:00,8,3,4,0,27.9,66.4,55.7,Medium,40.5,57.0,Moderate,30.73,Medium,261.2,21.82,0
B01,Academic Block,Classroom,45000,4,2025-04-17 08:00:00,8,3,4,0,28.2,61.5,70.4,High,59.6,69.2,Moderate,34.76,High,295.46,24.68,0
B01,Academic Block,Classroom,45000,4,2025-04-17 09:00:00,9,3,4,0,25.9,56.7,53.1,Medium,49.2,57.4,Moderate,29.6,Medium,251.6,21.02,0
B03,Library,Library,22000,3,2025-04-17 11:00:00,11,3,4,0,26.5,60.9,61.6,Medium,48.3,61.1,Moderate,30.09,Medium,255.76,21.36,0
B04,Hostel,Dormitory,60000,6,2025-04-17 11:00:00,11,3,4,0,28.2,56.0,50.5,Medium,49.0,53.6,Moderate,32.93,High,279.9,23.38,0
B02,Computer Lab,Laboratory,28000,3,2025-04-17 12:00:00,12,3,4,0,28.8,56.4,62.5,Medium,51.4,56.2,Moderate,31.58,High,268.43,22.42,0
B04,Hostel,Dormitory,60000,6,2025-04-17 12:00:00,12,3,4,0,26.7,50.5,50.5,Medium,38.8,50.8,Moderate,28.93,Medium,245.9,20.54,0
B01,Academic Block,Classroom,45000,4,2025-04-17 14:00:00,14,3,4,0,29.8,61.1,79.3,High,54.0,80.8,Hot,38.54,High,327.59,27.36,0
B04,Hostel,Dormitory,60000,6,2025-04-17 14:00:00,14,3,4,0,27.4,77.6,59.6,Medium,47.2,62.1,Moderate,37.2,High,316.2,26.41,0
B03,Library,Library,22000,3,2025-04-17 16:00:00,16,3,4,0,30.3,62.1,36.6,Medium,45.4,43.8,Hot,21.73,Low,184.7,15.43,0
B02,Computer Lab,Laboratory,28000,3,2025-04-17 18:00:00,18,3,4,0,28.8,67.1,62.7,Medium,61.1,57.7,Moderate,33.54,High,285.09,23.81,0
B03,Library,Library,22000,3,2025-04-17 18:00:00,18,3,4,0,33.0,65.3,52.9,Medium,62.3,50.7,Hot,36.77,High,312.54,26.11,0
B06,Research Lab,Laboratory,35000,4,2025-04-17 18:00:00,18,3,4,0,30.5,58.6,62.9,Medium,66.6,56.8,Hot,37.36,High,317.56,26.53,0
B02,Computer Lab,Laboratory,28000,3,2025-04-17 19:00:00,19,3,4,0,30.1,59.4,16.0,Low,44.3,37.8,Hot,21.53,Low,183.0,15.29,0
B04,Hostel,Dormitory,60000,6,2025-04-17 19:00:00,19,3,4,0,29.5,51.6,26.8,Low,33.4,53.8,Hot,34.07,High,289.6,24.19,0
B06,Research Lab,Laboratory,35000,4,2025-04-17 21:00:00,21,3,4,0,29.3,62.9,11.2,Low,28.2,41.5,Hot,27.54,Medium,234.09,19.55,0
B03,Library,Library,22000,3,2025-04-17 23:00:00,23,3,4,0,31.3,60.4,4.9,Low,32.1,39.6,Hot,19.41,Low,164.98,13.78,0
B04,Hostel,Dormitory,60000,6,2025-04-17 23:00:00,23,3,4,0,32.2,53.2,42.4,Medium,51.1,72.0,Hot,49.03,High,416.76,34.81,0
B04,Hostel,Dormitory,60000,6,2025-04-17 23:00:00,23,3,4,0,32.0,67.4,34.3,Low,45.3,57.6,Hot,33.83,High,287.56,24.02,0
B01,Academic Block,Classroom,45000,4,2025-04-18 00:00:00,0,4,4,0,32.4,53.6,15.0,Low,48.1,52.5,Hot,22.79,Low,193.72,16.18,0
B01,Academic Block,Classroom,45000,4,2025-04-18 01:00:00,1,4,4,0,32.5,78.9,14.1,Low,50.9,48.1,Hot,28.5,Medium,242.25,20.24,0
B01,Academic Block,Classroom,45000,4,2025-04-18 01:00:00,1,4,4,0,31.3,62.8,4.6,Low,31.1,45.6,Hot,20.48,Low,174.08,14.54,0
B01,Academic Block,Classroom,45000,4,2025-04-18 01:00:00,1,4,4,0,29.1,61.6,16.4,Low,28.7,41.6,Hot,29.02,Medium,246.67,20.6,0
B02,Computer Lab,Laboratory,28000,3,2025-04-18 02:00:00,2,4,4,0,29.6,74.9,24.5,Low,52.1,59.2,Hot,33.02,High,280.67,23.44,0
B06,Research Lab,Laboratory,35000,4,2025-04-18 06:00:00,6,4,4,0,24.2,49.7,1.1,Low,25.7,32.5,Moderate,16.97,Low,144.24,12.05,0
B01,Academic Block,Classroom,45000,4,2025-04-18 06:00:00,6,4,4,0,28.5,60.2,12.6,Low,32.9,40.5,Moderate,21.46,Low,182.41,15.24,0
B03,Library,Library,22000,3,2025-04-18 07:00:00,7,4,4,0,27.6,59.9,17.3,Low,45.6,27.7,Moderate,16.17,Low,137.45,11.48,0
B03,Library,Library,22000,3,2025-04-18 09:00:00,9,4,4,0,29.8,59.9,49.7,Medium,58.9,48.0,Hot,27.35,Medium,232.48,19.42,0
B04,Hostel,Dormitory,60000,6,2025-04-18 10:00:00,10,4,4,0,26.5,65.4,56.1,Medium,44.2,59.2,Moderate,37.87,High,321.9,26.89,0
B04,Hostel,Dormitory,60000,6,2025-04-18 13:00:00,13,4,4,0,29.6,59.8,51.3,Medium,56.9,57.7,Hot,44.22,High,375.87,31.4,0
B02,Computer Lab,Laboratory,28000,3,2025-04-18 14:00:00,14,4,4,0,27.8,72.6,53.8,Medium,56.2,57.8,Moderate,32.4,High,275.4,23.0,0
B03,Library,Library,22000,3,2025-04-18 16:00:00,16,4,4,0,30.2,63.9,37.3,Medium,52.8,42.7,Hot,24.62,Medium,209.27,17.48,0
B01,Academic Block,Classroom,45000,4,2025-04-18 18:00:00,18,4,4,0,28.6,65.5,65.9,Medium,62.6,70.3,Moderate,33.41,High,283.98,23.72,0
B01,Academic Block,Classroom,45000,4,2025-04-18 21:00:00,21,4,4,0,33.3,61.6,11.5,Low,38.7,45.8,Hot,31.68,High,269.28,22.49,0
B02,Computer Lab,Laboratory,28000,3,2025-04-18 21:00:00,21,4,4,0,32.8,49.7,21.2,Low,47.0,50.2,Hot,32.24,High,274.04,22.89,0
B06,Research Lab,Laboratory,35000,4,2025-04-18 23:00:00,23,4,4,0,30.0,62.4,14.4,Low,49.3,45.2,Hot,29.31,Medium,249.14,20.81,0
B01,Academic Block,Classroom,45000,4,2025-04-19 01:00:00,1,5,4,1,30.3,62.4,8.3,Low,35.5,36.8,Hot,26.84,Medium,228.14,19.06,0
B02,Computer Lab,Laboratory,28000,3,2025-04-19 01:00:00,1,5,4,1,30.0,53.1,1.0,Low,30.9,30.9,Hot,23.8,Low,202.3,16.9,0
B05,Administration,Office,18000,3,2025-04-19 04:00:00,4,5,4,1,27.5,69.2,18.1,Low,36.9,46.3,Moderate,14.46,Low,122.91,10.27,0
B04,Hostel,Dormitory,60000,6,2025-04-19 06:00:00,6,5,4,1,27.8,48.5,12.8,Low,25.4,39.3,Moderate,30.53,Medium,259.5,21.68,0
B02,Computer Lab,Laboratory,28000,3,2025-04-19 07:00:00,7,5,4,1,26.8,81.2,9.2,Low,33.8,16.1,Moderate,18.78,Low,159.63,13.33,0
B03,Library,Library,22000,3,2025-04-19 07:00:00,7,5,4,1,28.9,61.6,8.2,Low,25.3,16.6,Moderate,18.56,Low,157.76,13.18,0
B05,Administration,Office,18000,3,2025-04-19 08:00:00,8,5,4,1,27.1,57.3,20.7,Low,44.0,35.9,Moderate,21.42,Low,182.07,15.21,0
B05,Administration,Office,18000,3,2025-04-19 11:00:00,11,5,4,1,31.6,64.0,21.7,Low,35.1,27.2,Hot,26.4,Medium,224.4,18.74,0
B02,Computer Lab,Laboratory,28000,3,2025-04-19 14:00:00,14,5,4,1,29.3,65.9,7.6,Low,40.9,24.8,Hot,24.39,Low,207.32,17.32,0
B03,Library,Library,22000,3,2025-04-19 15:00:00,15,5,4,1,30.1,75.2,0.0,Low,30.2,11.8,Hot,16.15,Low,137.27,11.47,0
B05,Administration,Office,18000,3,2025-04-19 17:00:00,17,5,4,1,31.6,72.2,10.5,Low,34.6,23.8,Hot,23.99,Low,203.92,17.03,0
B04,Hostel,Dormitory,60000,6,2025-04-19 19:00:00,19,5,4,1,32.6,49.6,33.6,Low,51.0,56.1,Hot,40.35,High,342.98,28.65,0
B01,Academic Block,Classroom,45000,4,2025-04-19 20:00:00,20,5,4,1,31.5,57.9,12.5,Low,43.3,45.4,Hot,36.32,High,308.72,25.79,0
B04,Hostel,Dormitory,60000,6,2025-04-19 20:00:00,20,5,4,1,32.2,52.9,21.0,Low,46.3,62.1,Hot,33.35,High,283.48,23.68,0
B01,Academic Block,Classroom,45000,4,2025-04-19 20:00:00,20,5,4,1,31.7,64.8,22.7,Low,47.4,48.5,Hot,29.16,Medium,247.86,20.7,0
B01,Academic Block,Classroom,45000,4,2025-04-19 21:00:00,21,5,4,1,30.2,70.7,0.0,Low,38.9,33.5,Hot,23.31,Low,198.14,16.55,0
B05,Administration,Office,18000,3,2025-04-19 22:00:00,22,5,4,1,29.6,52.1,6.8,Low,24.0,34.2,Hot,24.56,Medium,208.76,17.44,0
B04,Hostel,Dormitory,60000,6,2025-04-19 23:00:00,23,5,4,1,31.9,59.0,24.8,Low,47.3,59.1,Hot,39.8,High,338.3,28.26,0
B05,Administration,Office,18000,3,2025-04-20 04:00:00,4,6,4,1,30.7,56.0,4.5,Low,29.1,44.7,Hot,13.52,Low,114.92,9.6,0
B03,Library,Library,22000,3,2025-04-20 05:00:00,5,6,4,1,25.6,70.4,0.0,Low,18.9,30.3,Moderate,9.22,Low,78.37,6.55,0
B06,Research Lab,Laboratory,35000,4,2025-04-20 07:00:00,7,6,4,1,25.4,67.5,12.4,Low,23.9,23.5,Moderate,26.11,Medium,221.94,18.54,0
B01,Academic Block,Classroom,45000,4,2025-04-20 08:00:00,8,6,4,1,25.3,73.0,21.9,Low,21.8,33.5,Moderate,19.43,Low,165.16,13.8,0
B02,Computer Lab,Laboratory,28000,3,2025-04-20 10:00:00,10,6,4,1,28.9,58.9,10.8,Low,36.1,23.4,Moderate,23.93,Low,203.4,16.99,0
B03,Library,Library,22000,3,2025-04-20 12:00:00,12,6,4,1,29.8,60.3,4.9,Low,25.2,14.0,Hot,17.44,Low,148.24,12.38,0
B04,Hostel,Dormitory,60000,6,2025-04-20 12:00:00,12,6,4,1,27.0,66.2,21.9,Low,39.1,26.6,Moderate,37.99,High,322.92,26.97,0
B02,Computer Lab,Laboratory,28000,3,2025-04-20 13:00:00,13,6,4,1,32.3,57.3,17.9,Low,53.9,22.3,Hot,29.03,Medium,246.76,20.61,0
B02,Computer Lab,Laboratory,28000,3,2025-04-20 14:00:00,14,6,4,1,28.9,64.0,6.1,Low,43.9,24.7,Moderate,22.86,Low,194.31,16.23,0
B05,Administration,Office,18000,3,2025-04-20 14:00:00,14,6,4,1,31.6,68.6,14.3,Low,35.7,29.0,Hot,23.75,Low,201.88,16.86,0
B04,Hostel,Dormitory,60000,6,2025-04-20 14:00:00,14,6,4,1,30.7,75.4,19.6,Low,35.4,38.0,Hot,37.88,High,321.98,26.89,0
B04,Hostel,Dormitory,60000,6,2025-04-20 15:00:00,15,6,4,1,28.5,58.8,5.7,Low,38.4,14.2,Moderate,30.18,Medium,256.53,21.43,0
B03,Library,Library,22000,3,2025-04-20 15:00:00,15,6,4,1,29.4,76.5,12.9,Low,38.2,26.2,Hot,12.46,Low,105.91,8.85,0
B04,Hostel,Dormitory,60000,6,2025-04-20 15:00:00,15,6,4,1,28.7,58.5,9.3,Low,34.9,22.7,Moderate,33.17,High,281.94,23.55,0
B06,Research Lab,Laboratory,35000,4,2025-04-20 16:00:00,16,6,4,1,28.5,68.3,3.7,Low,25.1,19.6,Moderate,18.94,Low,160.99,13.45,0
B02,Computer Lab,Laboratory,28000,3,2025-04-20 17:00:00,17,6,4,1,30.5,57.1,13.2,Low,40.6,27.9,Hot,20.91,Low,177.74,14.85,0
B01,Academic Block,Classroom,45000,4,2025-04-20 18:00:00,18,6,4,1,29.4,54.3,15.0,Low,43.8,42.2,Hot,25.66,Medium,218.11,18.22,0
B05,Administration,Office,18000,3,2025-04-20 20:00:00,20,6,4,1,31.2,68.6,12.3,Low,36.2,60.0,Hot,23.31,Low,198.14,16.55,0
B02,Computer Lab,Laboratory,28000,3,2025-04-20 21:00:00,21,6,4,1,34.3,57.2,6.3,Low,47.1,41.5,Hot,60.72,High,516.12,43.11,1
B03,Library,Library,22000,3,2025-04-20 23:00:00,23,6,4,1,31.9,68.5,26.7,Low,48.1,63.1,Hot,20.29,Low,172.46,14.41,0
B01,Academic Block,Classroom,45000,4,2025-04-21 00:00:00,0,0,4,0,29.7,66.5,8.6,Low,33.0,37.1,Hot,26.26,Medium,223.21,18.64,0
B03,Library,Library,22000,3,2025-04-21 06:00:00,6,0,4,0,26.9,66.4,15.9,Low,34.1,46.4,Moderate,24.98,Medium,212.33,17.74,0
B01,Academic Block,Classroom,45000,4,2025-04-21 06:00:00,6,0,4,0,27.2,67.1,17.7,Low,29.3,44.3,Moderate,24.42,Low,207.57,17.34,0
B04,Hostel,Dormitory,60000,6,2025-04-21 08:00:00,8,0,4,0,30.7,68.1,33.6,Low,52.6,41.5,Hot,39.86,High,338.81,28.3,0
B06,Research Lab,Laboratory,35000,4,2025-04-21 09:00:00,9,0,4,0,26.0,70.7,64.6,Medium,43.6,66.1,Moderate,34.68,High,294.78,24.62,0
B05,Administration,Office,18000,3,2025-04-21 11:00:00,11,0,4,0,28.1,59.7,62.8,Medium,49.4,73.6,Moderate,24.69,Medium,209.86,17.53,0
B04,Hostel,Dormitory,60000,6,2025-04-21 12:00:00,12,0,4,0,29.2,64.6,49.2,Medium,55.6,47.2,Hot,39.87,High,338.9,28.31,0
B02,Computer Lab,Laboratory,28000,3,2025-04-21 13:00:00,13,0,4,0,30.8,70.9,57.9,Medium,53.0,65.1,Hot,34.32,High,291.72,24.37,0
B05,Administration,Office,18000,3,2025-04-21 14:00:00,14,0,4,0,29.0,62.1,66.8,Medium,50.4,63.0,Moderate,26.1,Medium,221.85,18.53,0
B01,Academic Block,Classroom,45000,4,2025-04-21 15:00:00,15,0,4,0,28.6,58.7,50.6,Medium,50.7,50.2,Moderate,36.66,High,311.61,26.03,0
B01,Academic Block,Classroom,45000,4,2025-04-21 16:00:00,16,0,4,0,31.0,55.9,66.8,Medium,70.4,63.9,Hot,36.88,High,313.48,26.18,0
B01,Academic Block,Classroom,45000,4,2025-04-21 17:00:00,17,0,4,0,32.9,64.6,69.6,Medium,71.0,77.1,Hot,46.23,High,392.96,32.82,0
B01,Academic Block,Classroom,45000,4,2025-04-21 19:00:00,19,0,4,0,31.1,58.4,27.1,Low,49.5,45.5,Hot,29.73,Medium,252.7,21.11,0
B05,Administration,Office,18000,3,2025-04-21 20:00:00,20,0,4,0,30.3,63.3,2.5,Low,41.8,39.1,Hot,19.98,Low,169.83,14.19,0
B04,Hostel,Dormitory,60000,6,2025-04-21 21:00:00,21,0,4,0,31.6,57.7,35.1,Medium,52.7,67.0,Hot,38.92,High,330.82,27.63,0
B04,Hostel,Dormitory,60000,6,2025-04-21 23:00:00,23,0,4,0,28.5,70.4,28.6,Low,43.1,51.6,Moderate,38.02,High,323.17,26.99,0
B03,Library,Library,22000,3,2025-04-22 01:00:00,1,1,4,0,29.8,62.2,15.4,Low,44.9,49.2,Hot,19.99,Low,169.92,14.19,0
B01,Academic Block,Classroom,45000,4,2025-04-22 01:00:00,1,1,4,0,31.9,69.5,18.1,Low,46.2,45.0,Hot,32.33,High,274.8,22.95,0
B04,Hostel,Dormitory,60000,6,2025-04-22 02:00:00,2,1,4,0,30.9,70.0,6.9,Low,38.1,50.0,Hot,35.37,High,300.64,25.11,0
B06,Research Lab,Laboratory,35000,4,2025-04-22 02:00:00,2,1,4,0,29.4,60.9,25.7,Low,43.4,47.8,Hot,31.17,High,264.94,22.13,0
B03,Library,Library,22000,3,2025-04-22 03:00:00,3,1,4,0,31.6,69.1,21.3,Low,46.7,53.9,Hot,33.08,High,281.18,23.49,0
B01,Academic Block,Classroom,45000,4,2025-04-22 04:00:00,4,1,4,0,31.5,57.4,17.5,Low,45.1,46.0,Hot,29.37,Medium,249.64,20.85,0
B02,Computer Lab,Laboratory,28000,3,2025-04-22 05:00:00,5,1,4,0,29.2,63.5,9.5,Low,38.5,41.4,Hot,34.83,High,296.06,24.73,0
B01,Academic Block,Classroom,45000,4,2025-04-22 05:00:00,5,1,4,0,26.0,58.7,8.1,Low,24.1,39.6,Moderate,26.56,Medium,225.76,18.86,0
B06,Research Lab,Laboratory,35000,4,2025-04-22 06:00:00,6,1,4,0,25.1,69.1,15.1,Low,29.6,51.9,Moderate,20.36,Low,173.06,14.46,0
B02,Computer Lab,Laboratory,28000,3,2025-04-22 06:00:00,6,1,4,0,30.0,63.1,9.2,Low,30.0,42.9,Hot,21.2,Low,180.2,15.05,0
B02,Computer Lab,Laboratory,28000,3,2025-04-22 07:00:00,7,1,4,0,28.1,66.1,8.3,Low,35.5,14.2,Moderate,26.14,Medium,222.19,18.56,0
B06,Research Lab,Laboratory,35000,4,2025-04-22 08:00:00,8,1,4,0,30.1,51.4,72.2,High,61.9,71.1,Hot,35.12,High,298.52,24.94,0
B04,Hostel,Dormitory,60000,6,2025-04-22 09:00:00,9,1,4,0,25.7,50.5,54.8,Medium,53.7,57.5,Moderate,37.56,High,319.26,26.67,0
B04,Hostel,Dormitory,60000,6,2025-04-22 10:00:00,10,1,4,0,27.6,55.0,56.8,Medium,51.8,62.9,Moderate,35.36,High,300.56,25.11,0
B06,Research Lab,Laboratory,35000,4,2025-04-22 11:00:00,11,1,4,0,29.7,64.7,71.9,High,56.8,70.7,Hot,35.17,High,298.94,24.97,0
B06,Research Lab,Laboratory,35000,4,2025-04-22 11:00:00,11,1,4,0,27.1,68.0,59.4,Medium,47.4,52.0,Moderate,45.1,High,383.35,32.02,1
B01,Academic Block,Classroom,45000,4,2025-04-22 11:00:00,11,1,4,0,29.7,69.1,62.2,Medium,59.5,67.6,Hot,38.32,High,325.72,27.21,0
B04,Hostel,Dormitory,60000,6,2025-04-22 11:00:00,11,1,4,0,28.0,59.8,43.5,Medium,41.9,53.4,Moderate,34.53,High,293.5,24.52,0
B01,Academic Block,Classroom,45000,4,2025-04-22 13:00:00,13,1,4,0,29.1,63.2,76.1,High,60.3,74.8,Hot,41.07,High,349.1,29.16,0
B06,Research Lab,Laboratory,35000,4,2025-04-22 15:00:00,15,1,4,0,28.4,57.4,56.2,Medium,56.9,58.7,Moderate,30.26,Medium,257.21,21.48,0
B01,Academic Block,Classroom,45000,4,2025-04-22 16:00:00,16,1,4,0,31.0,69.8,45.9,Medium,64.4,51.4,Hot,37.1,High,315.35,26.34,0
B02,Computer Lab,Laboratory,28000,3,2025-04-22 17:00:00,17,1,4,0,34.3,52.6,40.2,Medium,63.1,51.0,Hot,38.09,High,323.77,27.04,0
B05,Administration,Office,18000,3,2025-04-22 18:00:00,18,1,4,0,31.9,67.7,52.4,Medium,53.0,61.2,Hot,24.75,Medium,210.38,17.57,0
B04,Hostel,Dormitory,60000,6,2025-04-22 21:00:00,21,1,4,0,30.4,58.9,29.4,Low,40.9,59.8,Hot,34.24,High,291.04,24.31,0
B02,Computer Lab,Laboratory,28000,3,2025-04-22 21:00:00,21,1,4,0,33.6,69.1,10.4,Low,48.3,46.0,Hot,31.38,High,266.73,22.28,0
B01,Academic Block,Classroom,45000,4,2025-04-22 22:00:00,22,1,4,0,30.2,62.1,15.7,Low,39.0,47.8,Hot,32.36,High,275.06,22.98,0
B03,Library,Library,22000,3,2025-04-23 00:00:00,0,2,4,0,33.3,59.5,4.0,Low,32.9,50.1,Hot,24.62,Medium,209.27,17.48,0
B02,Computer Lab,Laboratory,28000,3,2025-04-23 01:00:00,1,2,4,0,28.3,57.1,13.5,Low,51.6,35.0,Moderate,33.14,High,281.69,23.53,0
B02,Computer Lab,Laboratory,28000,3,2025-04-23 02:00:00,2,2,4,0,30.1,76.1,18.2,Low,42.0,45.4,Hot,26.32,Medium,223.72,18.69,0
B04,Hostel,Dormitory,60000,6,2025-04-23 03:00:00,3,2,4,0,31.5,66.7,11.0,Low,48.4,39.3,Hot,35.84,High,304.64,25.45,0
B02,Computer Lab,Laboratory,28000,3,2025-04-23 04:00:00,4,2,4,0,27.4,66.7,8.7,Low,30.8,52.1,Moderate,28.4,Medium,241.4,20.16,0
B04,Hostel,Dormitory,60000,6,2025-04-23 05:00:00,5,2,4,0,28.4,64.0,5.9,Low,33.4,38.4,Moderate,26.12,Medium,222.02,18.55,0
B02,Computer Lab,Laboratory,28000,3,2025-04-23 05:00:00,5,2,4,0,30.0,56.4,20.0,Low,42.3,40.1,Hot,31.44,High,267.24,22.32,0
B03,Library,Library,22000,3,2025-04-23 08:00:00,8,2,4,0,24.3,70.3,45.3,Medium,38.4,45.0,Moderate,19.86,Low,168.81,14.1,0
B04,Hostel,Dormitory,60000,6,2025-04-23 08:00:00,8,2,4,0,29.1,61.3,62.0,Medium,49.9,64.4,Hot,38.38,High,326.23,27.25,0
B06,Research Lab,Laboratory,35000,4,2025-04-23 08:00:00,8,2,4,0,27.6,63.3,58.6,Medium,63.8,59.2,Moderate,34.97,High,297.24,24.83,0
B02,Computer Lab,Laboratory,28000,3,2025-04-23 09:00:00,9,2,4,0,29.9,67.3,51.5,Medium,54.4,53.2,Hot,29.08,Medium,247.18,20.65,0
B06,Research Lab,Laboratory,35000,4,2025-04-23 11:00:00,11,2,4,0,27.0,65.4,64.7,Medium,42.2,64.6,Moderate,41.78,High,355.13,29.66,0
B01,Academic Block,Classroom,45000,4,2025-04-23 11:00:00,11,2,4,0,26.2,64.2,70.2,High,52.7,73.5,Moderate,33.8,High,287.3,24.0,0
B04,Hostel,Dormitory,60000,6,2025-04-23 12:00:00,12,2,4,0,27.9,72.7,53.9,Medium,40.9,60.1,Moderate,36.95,High,314.08,26.23,0
B04,Hostel,Dormitory,60000,6,2025-04-23 17:00:00,17,2,4,0,30.3,55.0,55.9,Medium,49.4,52.9,Hot,36.99,High,314.42,26.26,0
B05,Administration,Office,18000,3,2025-04-23 17:00:00,17,2,4,0,30.8,48.8,63.8,Medium,58.8,64.4,Hot,24.87,Medium,211.4,17.66,0
B01,Academic Block,Classroom,45000,4,2025-04-23 20:00:00,20,2,4,0,31.0,54.6,15.2,Low,44.8,54.3,Hot,33.73,High,286.7,23.95,0
B05,Administration,Office,18000,3,2025-04-23 23:00:00,23,2,4,0,28.1,63.6,21.5,Low,23.4,52.3,Moderate,18.25,Low,155.12,12.96,0
B01,Academic Block,Classroom,45000,4,2025-04-23 23:00:00,23,2,4,0,31.0,65.1,13.4,Low,51.2,42.2,Hot,30.72,Medium,261.12,21.81,0
B02,Computer Lab,Laboratory,28000,3,2025-04-23 23:00:00,23,2,4,0,31.5,54.6,17.7,Low,39.3,42.6,Hot,25.07,Medium,213.1,17.8,0
B02,Computer Lab,Laboratory,28000,3,2025-04-24 00:00:00,0,3,4,0,30.5,86.4,0.0,Low,34.0,36.3,Hot,27.75,Medium,235.88,19.7,0
B01,Academic Block,Classroom,45000,4,2025-04-24 01:00:00,1,3,4,0,30.7,61.7,14.3,Low,49.9,44.7,Hot,28.23,Medium,239.96,20.04,0
B02,Computer Lab,Laboratory,28000,3,2025-04-24 05:00:00,5,3,4,0,28.5,63.3,29.7,Low,52.4,56.2,Moderate,22.96,Low,195.16,16.3,0
B02,Computer Lab,Laboratory,28000,3,2025-04-24 08:00:00,8,3,4,0,25.7,55.4,46.3,Medium,39.1,50.9,Moderate,26.21,Medium,222.78,18.61,0
B04,Hostel,Dormitory,60000,6,2025-04-24 09:00:00,9,3,4,0,27.4,53.0,65.0,Medium,58.8,60.4,Moderate,41.7,High,354.45,29.61,0
B01,Academic Block,Classroom,45000,4,2025-04-24 10:00:00,10,3,4,0,28.2,50.0,71.6,High,57.2,75.2,Moderate,73.19,High,622.12,51.96,1
B06,Research Lab,Laboratory,35000,4,2025-04-24 13:00:00,13,3,4,0,28.9,71.5,46.9,Medium,64.8,49.8,Moderate,34.85,High,296.23,24.74,0
B04,Hostel,Dormitory,60000,6,2025-04-24 16:00:00,16,3,4,0,28.5,70.7,51.3,Medium,45.6,63.4,Moderate,37.16,High,315.86,26.38,0
B02,Computer Lab,Laboratory,28000,3,2025-04-24 16:00:00,16,3,4,0,32.6,58.9,61.6,Medium,70.5,66.4,Hot,38.42,High,326.57,27.28,0
B03,Library,Library,22000,3,2025-04-24 17:00:00,17,3,4,0,29.7,52.7,61.3,Medium,51.8,60.6,Hot,26.42,Medium,224.57,18.76,0
B06,Research Lab,Laboratory,35000,4,2025-04-24 19:00:00,19,3,4,0,29.8,59.2,9.0,Low,30.7,35.4,Hot,30.73,Medium,261.2,21.82,0
B01,Academic Block,Classroom,45000,4,2025-04-24 20:00:00,20,3,4,0,31.8,69.5,16.9,Low,41.7,51.0,Hot,30.19,Medium,256.62,21.43,0
B01,Academic Block,Classroom,45000,4,2025-04-24 20:00:00,20,3,4,0,31.3,56.4,21.7,Low,34.5,53.6,Hot,27.77,Medium,236.04,19.72,0
B03,Library,Library,22000,3,2025-04-24 21:00:00,21,3,4,0,32.6,52.6,18.2,Low,39.9,45.1,Hot,32.03,High,272.26,22.74,0
B02,Computer Lab,Laboratory,28000,3,2025-04-25 01:00:00,1,4,4,0,31.7,57.0,20.4,Low,42.7,44.6,Hot,33.76,High,286.96,23.97,0
B02,Computer Lab,Laboratory,28000,3,2025-04-25 02:00:00,2,4,4,0,30.9,58.2,8.9,Low,37.6,41.6,Hot,27.12,Medium,230.52,19.26,0
B01,Academic Block,Classroom,45000,4,2025-04-25 06:00:00,6,4,4,0,28.1,67.7,16.8,Low,42.4,48.8,Moderate,25.55,Medium,217.18,18.14,0
B05,Administration,Office,18000,3,2025-04-25 07:00:00,7,4,4,0,28.7,46.6,28.1,Low,46.8,36.9,Moderate,40.64,High,345.44,28.85,1
B02,Computer Lab,Laboratory,28000,3,2025-04-25 09:00:00,9,4,4,0,25.6,65.7,51.2,Medium,44.2,53.4,Moderate,24.92,Medium,211.82,17.69,0
B04,Hostel,Dormitory,60000,6,2025-04-25 09:00:00,9,4,4,0,29.5,56.5,54.0,Medium,42.0,61.5,Hot,41.2,High,350.2,29.25,0
B06,Research Lab,Laboratory,35000,4,2025-04-25 09:00:00,9,4,4,0,27.3,59.4,51.0,Medium,34.6,50.1,Moderate,36.26,High,308.21,25.74,0
B04,Hostel,Dormitory,60000,6,2025-04-25 10:00:00,10,4,4,0,31.1,65.4,59.8,Medium,54.1,69.3,Hot,43.64,High,370.94,30.98,0
B04,Hostel,Dormitory,60000,6,2025-04-25 11:00:00,11,4,4,0,30.1,51.8,37.2,Medium,42.6,34.6,Hot,40.92,High,347.82,29.05,0
B02,Computer Lab,Laboratory,28000,3,2025-04-25 13:00:00,13,4,4,0,29.0,63.1,54.8,Medium,48.2,52.5,Moderate,33.77,High,287.04,23.98,0
B03,Library,Library,22000,3,2025-04-25 13:00:00,13,4,4,0,29.3,64.9,71.0,High,67.7,62.3,Hot,25.43,Medium,216.16,18.06,0
B04,Hostel,Dormitory,60000,6,2025-04-25 14:00:00,14,4,4,0,31.6,63.8,47.5,Medium,50.3,51.7,Hot,44.89,High,381.56,31.87,0
B02,Computer Lab,Laboratory,28000,3,2025-04-25 17:00:00,17,4,4,0,27.9,67.6,58.4,Medium,45.9,60.8,Moderate,29.74,Medium,252.79,21.12,0
B02,Computer Lab,Laboratory,28000,3,2025-04-25 19:00:00,19,4,4,0,31.5,63.8,20.7,Low,44.3,59.3,Hot,30.94,High,262.99,21.97,0
B03,Library,Library,22000,3,2025-04-25 19:00:00,19,4,4,0,34.3,62.6,11.0,Low,42.9,44.3,Hot,24.76,Medium,210.46,17.58,0
B05,Administration,Office,18000,3,2025-04-25 21:00:00,21,4,4,0,33.0,52.4,0.0,Low,43.4,39.2,Hot,17.53,Low,149.0,12.45,0
B06,Research Lab,Laboratory,35000,4,2025-04-25 22:00:00,22,4,4,0,30.3,70.3,4.5,Low,38.0,32.9,Hot,25.16,Medium,213.86,17.86,0
B03,Library,Library,22000,3,2025-04-26 03:00:00,3,5,4,1,29.9,52.8,21.2,Low,52.8,44.0,Hot,25.09,Medium,213.26,17.81,0
B05,Administration,Office,18000,3,2025-04-26 05:00:00,5,5,4,1,27.0,66.0,22.3,Low,35.1,58.3,Moderate,20.59,Low,175.02,14.62,0
B06,Research Lab,Laboratory,35000,4,2025-04-26 05:00:00,5,5,4,1,28.0,57.8,0.0,Low,42.4,39.7,Moderate,28.64,Medium,243.44,20.33,0
B03,Library,Library,22000,3,2025-04-26 09:00:00,9,5,4,1,28.5,50.2,5.4,Low,37.8,20.2,Moderate,19.75,Low,167.88,14.02,0
B06,Research Lab,Laboratory,35000,4,2025-04-26 10:00:00,10,5,4,1,28.9,57.9,7.3,Low,38.2,16.1,Moderate,25.97,Medium,220.74,18.44,0
B01,Academic Block,Classroom,45000,4,2025-04-26 10:00:00,10,5,4,1,29.3,60.7,9.3,Low,24.5,34.1,Hot,22.51,Low,191.34,15.98,0
B06,Research Lab,Laboratory,35000,4,2025-04-26 11:00:00,11,5,4,1,30.3,70.5,5.5,Low,24.0,23.3,Hot,32.59,High,277.02,23.14,0
B04,Hostel,Dormitory,60000,6,2025-04-26 13:00:00,13,5,4,1,27.6,75.7,12.7,Low,24.9,21.1,Moderate,35.72,High,303.62,25.36,0
B03,Library,Library,22000,3,2025-04-26 13:00:00,13,5,4,1,29.4,60.6,8.0,Low,37.4,21.3,Hot,39.93,High,339.4,28.35,1
B05,Administration,Office,18000,3,2025-04-26 14:00:00,14,5,4,1,28.6,52.4,9.0,Low,39.6,14.5,Moderate,13.11,Low,111.44,9.31,0
B01,Academic Block,Classroom,45000,4,2025-04-26 14:00:00,14,5,4,1,29.3,52.4,4.1,Low,37.8,18.7,Hot,25.72,Medium,218.62,18.26,0
B03,Library,Library,22000,3,2025-04-26 14:00:00,14,5,4,1,28.8,67.4,17.5,Low,38.6,25.8,Moderate,16.03,Low,136.26,11.38,0
B04,Hostel,Dormitory,60000,6,2025-04-26 15:00:00,15,5,4,1,31.2,65.0,2.3,Low,42.8,28.7,Hot,28.32,Medium,240.72,20.11,0
B05,Administration,Office,18000,3,2025-04-26 15:00:00,15,5,4,1,32.0,55.1,14.7,Low,50.3,29.8,Hot,27.31,Medium,232.14,19.39,0
B06,Research Lab,Laboratory,35000,4,2025-04-26 16:00:00,16,5,4,1,32.6,50.7,19.0,Low,43.9,16.6,Hot,28.09,Medium,238.76,19.94,0
B03,Library,Library,22000,3,2025-04-26 17:00:00,17,5,4,1,29.7,68.2,25.9,Low,46.3,43.6,Hot,21.98,Low,186.83,15.61,0
B02,Computer Lab,Laboratory,28000,3,2025-04-26 18:00:00,18,5,4,1,31.5,51.2,15.5,Low,44.8,28.6,Hot,31.28,High,265.88,22.21,0
B05,Administration,Office,18000,3,2025-04-26 19:00:00,19,5,4,1,30.1,57.8,13.6,Low,44.2,52.9,Hot,23.89,Low,203.06,16.96,0
B04,Hostel,Dormitory,60000,6,2025-04-26 19:00:00,19,5,4,1,30.1,64.2,20.2,Low,43.6,51.5,Hot,37.44,High,318.24,26.58,0
B01,Academic Block,Classroom,45000,4,2025-04-26 20:00:00,20,5,4,1,30.9,46.3,22.3,Low,45.4,52.5,Hot,36.54,High,310.59,25.94,0
B04,Hostel,Dormitory,60000,6,2025-04-26 20:00:00,20,5,4,1,32.4,65.8,33.0,Low,46.6,55.6,Hot,37.47,High,318.5,26.6,0
B02,Computer Lab,Laboratory,28000,3,2025-04-26 23:00:00,23,5,4,1,32.1,76.0,14.2,Low,44.4,48.9,Hot,30.97,High,263.24,21.99,0
B05,Administration,Office,18000,3,2025-04-27 02:00:00,2,6,4,1,31.0,61.0,14.8,Low,39.3,51.5,Hot,27.97,Medium,237.74,19.86,0
B02,Computer Lab,Laboratory,28000,3,2025-04-27 03:00:00,3,6,4,1,30.3,60.5,12.8,Low,33.0,35.8,Hot,22.49,Low,191.16,15.97,0
B02,Computer Lab,Laboratory,28000,3,2025-04-27 03:00:00,3,6,4,1,28.2,62.8,12.1,Low,37.2,40.0,Moderate,24.08,Low,204.68,17.1,0
B01,Academic Block,Classroom,45000,4,2025-04-27 04:00:00,4,6,4,1,30.7,62.0,9.4,Low,32.8,35.9,Hot,29.71,Medium,252.54,21.09,0
B02,Computer Lab,Laboratory,28000,3,2025-04-27 04:00:00,4,6,4,1,30.2,55.7,17.1,Low,40.5,56.7,Hot,23.59,Low,200.52,16.75,0
B03,Library,Library,22000,3,2025-04-27 07:00:00,7,6,4,1,27.4,55.2,1.5,Low,28.0,21.7,Moderate,17.6,Low,149.6,12.5,0
B01,Academic Block,Classroom,45000,4,2025-04-27 08:00:00,8,6,4,1,27.4,60.6,1.3,Low,26.8,14.2,Moderate,29.83,Medium,253.55,21.18,1
B03,Library,Library,22000,3,2025-04-27 08:00:00,8,6,4,1,27.0,64.5,6.1,Low,39.6,25.0,Moderate,15.17,Low,128.94,10.77,0
B01,Academic Block,Classroom,45000,4,2025-04-27 09:00:00,9,6,4,1,26.1,57.1,20.7,Low,44.5,23.7,Moderate,29.18,Medium,248.03,20.72,0
B01,Academic Block,Classroom,45000,4,2025-04-27 10:00:00,10,6,4,1,29.2,52.2,15.1,Low,36.5,27.8,Hot,28.92,Medium,245.82,20.53,0
B06,Research Lab,Laboratory,35000,4,2025-04-27 10:00:00,10,6,4,1,29.5,58.3,7.6,Low,42.1,25.4,Hot,28.73,Medium,244.2,20.4,0
B06,Research Lab,Laboratory,35000,4,2025-04-27 11:00:00,11,6,4,1,27.2,53.9,6.4,Low,22.1,17.1,Moderate,25.17,Medium,213.95,17.87,0
B02,Computer Lab,Laboratory,28000,3,2025-04-27 12:00:00,12,6,4,1,27.1,68.0,11.4,Low,26.1,23.5,Moderate,20.42,Low,173.57,14.5,0
B06,Research Lab,Laboratory,35000,4,2025-04-27 14:00:00,14,6,4,1,28.6,38.0,14.8,Low,36.7,28.6,Moderate,26.61,Medium,226.18,18.89,0
B02,Computer Lab,Laboratory,28000,3,2025-04-27 15:00:00,15,6,4,1,30.7,52.3,21.5,Low,36.8,36.9,Hot,24.48,Medium,208.08,17.38,0
B02,Computer Lab,Laboratory,28000,3,2025-04-27 16:00:00,16,6,4,1,28.9,71.8,26.4,Low,43.9,27.2,Moderate,29.01,Medium,246.58,20.6,0
B03,Library,Library,22000,3,2025-04-27 16:00:00,16,6,4,1,32.7,57.3,11.1,Low,44.9,22.5,Hot,21.36,Low,181.56,15.17,0
B02,Computer Lab,Laboratory,28000,3,2025-04-27 16:00:00,16,6,4,1,32.6,60.2,27.4,Low,48.4,31.0,Hot,29.3,Medium,249.05,20.8,0
B01,Academic Block,Classroom,45000,4,2025-04-27 18:00:00,18,6,4,1,32.3,58.3,12.6,Low,57.2,27.2,Hot,27.28,Medium,231.88,19.37,0
B05,Administration,Office,18000,3,2025-04-27 18:00:00,18,6,4,1,32.9,54.3,14.1,Low,46.8,24.0,Hot,25.06,Medium,213.01,17.79,0
B04,Hostel,Dormitory,60000,6,2025-04-27 18:00:00,18,6,4,1,31.8,67.2,18.9,Low,47.7,33.2,Hot,35.26,High,299.71,25.03,0
B01,Academic Block,Classroom,45000,4,2025-04-27 19:00:00,19,6,4,1,32.6,54.9,19.9,Low,49.0,43.2,Hot,33.39,High,283.82,23.71,0
B03,Library,Library,22000,3,2025-04-27 20:00:00,20,6,4,1,30.0,55.2,23.0,Low,37.0,49.9,Hot,20.81,Low,176.88,14.78,0
B06,Research Lab,Laboratory,35000,4,2025-04-27 20:00:00,20,6,4,1,34.1,62.3,3.0,Low,54.5,47.3,Hot,31.99,High,271.91,22.71,0
B06,Research Lab,Laboratory,35000,4,2025-04-27 20:00:00,20,6,4,1,31.2,46.5,12.9,Low,32.7,43.7,Hot,30.66,Medium,260.61,21.77,0
B04,Hostel,Dormitory,60000,6,2025-04-27 22:00:00,22,6,4,1,31.5,57.8,40.8,Medium,53.1,71.0,Hot,39.92,High,339.32,28.34,0
B06,Research Lab,Laboratory,35000,4,2025-04-27 22:00:00,22,6,4,1,35.4,53.0,4.5,Low,50.2,33.1,Hot,45.74,High,388.79,32.48,0
B03,Library,Library,22000,3,2025-04-27 23:00:00,23,6,4,1,31.1,58.0,0.0,Low,42.3,27.6,Hot,23.8,Low,202.3,16.9,0
B03,Library,Library,22000,3,2025-04-27 23:00:00,23,6,4,1,32.5,55.6,1.6,Low,37.6,43.2,Hot,24.29,Low,206.46,17.25,0
B01,Academic Block,Classroom,45000,4,2025-04-28 00:00:00,0,0,4,0,31.8,62.2,11.1,Low,46.0,47.4,Hot,56.8,High,482.8,40.33,1
B06,Research Lab,Laboratory,35000,4,2025-04-28 00:00:00,0,0,4,0,29.0,69.5,26.2,Low,35.5,52.6,Moderate,32.46,High,275.91,23.05,0
B02,Computer Lab,Laboratory,28000,3,2025-04-28 00:00:00,0,0,4,0,29.5,64.6,1.4,Low,44.0,44.2,Hot,26.14,Medium,222.19,18.56,0
B03,Library,Library,22000,3,2025-04-28 00:00:00,0,0,4,0,34.1,55.4,3.8,Low,42.1,34.7,Hot,37.02,High,314.67,26.28,0
B01,Academic Block,Classroom,45000,4,2025-04-28 00:00:00,0,0,4,0,31.9,63.9,8.5,Low,37.8,37.1,Hot,32.62,High,277.27,23.16,0
B01,Academic Block,Classroom,45000,4,2025-04-28 01:00:00,1,0,4,0,30.5,65.8,5.0,Low,33.2,38.8,Hot,22.39,Low,190.32,15.9,0
B04,Hostel,Dormitory,60000,6,2025-04-28 02:00:00,2,0,4,0,29.2,64.2,3.8,Low,36.1,36.5,Hot,29.95,Medium,254.58,21.26,0
B05,Administration,Office,18000,3,2025-04-28 02:00:00,2,0,4,0,30.5,67.9,0.0,Low,25.8,29.2,Hot,12.0,Low,102.0,8.52,0
B03,Library,Library,22000,3,2025-04-28 03:00:00,3,0,4,0,30.1,44.5,8.3,Low,42.8,40.6,Hot,16.85,Low,143.23,11.96,0
B06,Research Lab,Laboratory,35000,4,2025-04-28 03:00:00,3,0,4,0,29.9,61.3,25.7,Low,39.6,55.5,Hot,40.7,High,345.95,28.9,0
B03,Library,Library,22000,3,2025-04-28 06:00:00,6,0,4,0,29.9,63.2,15.9,Low,47.6,51.1,Hot,28.26,Medium,240.21,20.06,0
B06,Research Lab,Laboratory,35000,4,2025-04-28 07:00:00,7,0,4,0,26.8,53.2,20.2,Low,28.3,43.4,Moderate,19.92,Low,169.32,14.14,0
B04,Hostel,Dormitory,60000,6,2025-04-28 08:00:00,8,0,4,0,26.5,65.3,46.8,Medium,45.3,56.2,Moderate,35.31,High,300.14,25.07,0
B06,Research Lab,Laboratory,35000,4,2025-04-28 08:00:00,8,0,4,0,29.6,67.7,52.9,Medium,55.5,49.4,Hot,32.44,High,275.74,23.03,0
B03,Library,Library,22000,3,2025-04-28 09:00:00,9,0,4,0,31.3,58.4,58.5,Medium,61.2,72.5,Hot,40.66,High,345.61,28.87,0
B06,Research Lab,Laboratory,35000,4,2025-04-28 10:00:00,10,0,4,0,29.6,65.9,59.4,Medium,51.4,59.8,Hot,26.19,Medium,222.62,18.59,0
B04,Hostel,Dormitory,60000,6,2025-04-28 10:00:00,10,0,4,0,30.3,67.9,50.6,Medium,45.2,54.6,Hot,36.03,High,306.26,25.58,0
B03,Library,Library,22000,3,2025-04-28 12:00:00,12,0,4,0,28.9,71.3,66.6,Medium,53.0,61.6,Moderate,26.16,Medium,222.36,18.57,0
B02,Computer Lab,Laboratory,28000,3,2025-04-28 13:00:00,13,0,4,0,29.9,69.2,53.2,Medium,59.8,54.9,Hot,30.2,Medium,256.7,21.44,0
B01,Academic Block,Classroom,45000,4,2025-04-28 14:00:00,14,0,4,0,30.4,70.2,60.0,Medium,68.7,59.9,Hot,36.74,High,312.29,26.09,0
B06,Research Lab,Laboratory,35000,4,2025-04-28 14:00:00,14,0,4,0,30.0,57.5,64.8,Medium,47.3,67.0,Hot,38.39,High,326.32,27.26,0
B06,Research Lab,Laboratory,35000,4,2025-04-28 15:00:00,15,0,4,0,32.7,56.1,63.8,Medium,57.2,67.4,Hot,37.55,High,319.17,26.66,0
B06,Research Lab,Laboratory,35000,4,2025-04-28 16:00:00,16,0,4,0,32.7,41.5,51.5,Medium,46.9,51.7,Hot,36.1,High,306.85,25.63,0
B03,Library,Library,22000,3,2025-04-28 16:00:00,16,0,4,0,30.4,53.2,55.5,Medium,51.3,62.6,Hot,25.24,Medium,214.54,17.92,0
B05,Administration,Office,18000,3,2025-04-28 17:00:00,17,0,4,0,29.0,70.3,50.1,Medium,46.3,49.8,Moderate,21.52,Low,182.92,15.28,0
B01,Academic Block,Classroom,45000,4,2025-04-28 19:00:00,19,0,4,0,31.9,55.2,14.1,Low,35.6,51.2,Hot,46.17,High,392.44,32.78,1
B04,Hostel,Dormitory,60000,6,2025-04-28 19:00:00,19,0,4,0,30.2,63.6,28.7,Low,54.8,53.2,Hot,39.09,High,332.27,27.75,0
B02,Computer Lab,Laboratory,28000,3,2025-04-28 21:00:00,21,0,4,0,32.0,61.1,10.3,Low,48.5,37.1,Hot,22.6,Low,192.1,16.05,0
B02,Computer Lab,Laboratory,28000,3,2025-04-28 21:00:00,21,0,4,0,30.4,69.4,4.0,Low,38.0,36.5,Hot,23.01,Low,195.58,16.34,0
B02,Computer Lab,Laboratory,28000,3,2025-04-28 23:00:00,23,0,4,0,33.3,44.2,20.4,Low,46.8,49.1,Hot,31.13,High,264.6,22.1,0
B02,Computer Lab,Laboratory,28000,3,2025-04-29 00:00:00,0,1,4,0,32.1,61.8,13.8,Low,48.4,40.4,Hot,28.32,Medium,240.72,20.11,0
B02,Computer Lab,Laboratory,28000,3,2025-04-29 02:00:00,2,1,4,0,31.1,62.5,19.0,Low,37.0,47.4,Hot,27.25,Medium,231.62,19.35,0
B03,Library,Library,22000,3,2025-04-29 02:00:00,2,1,4,0,31.7,53.6,11.3,Low,42.8,40.8,Hot,15.24,Low,129.54,10.82,0
B01,Academic Block,Classroom,45000,4,2025-04-29 03:00:00,3,1,4,0,30.2,67.6,20.3,Low,38.2,50.2,Hot,32.24,High,274.04,22.89,0
B03,Library,Library,22000,3,2025-04-29 04:00:00,4,1,4,0,29.9,51.3,0.0,Low,48.3,37.7,Hot,21.16,Low,179.86,15.02,0
B01,Academic Block,Classroom,45000,4,2025-04-29 05:00:00,5,1,4,0,30.8,67.8,12.0,Low,31.9,43.6,Hot,37.2,High,316.2,26.41,0
B03,Library,Library,22000,3,2025-04-29 07:00:00,7,1,4,0,28.0,47.5,20.4,Low,36.3,25.6,Moderate,22.09,Low,187.76,15.68,0
B01,Academic Block,Classroom,45000,4,2025-04-29 08:00:00,8,1,4,0,29.0,55.5,52.7,Medium,43.3,52.7,Moderate,32.31,High,274.64,22.94,0
B04,Hostel,Dormitory,60000,6,2025-04-29 08:00:00,8,1,4,0,26.5,62.8,51.9,Medium,50.8,58.9,Moderate,33.49,High,284.67,23.78,0
B02,Computer Lab,Laboratory,28000,3,2025-04-29 09:00:00,9,1,4,0,28.3,63.9,62.8,Medium,57.8,58.8,Moderate,30.23,Medium,256.96,21.46,0
B02,Computer Lab,Laboratory,28000,3,2025-04-29 09:00:00,9,1,4,0,31.6,46.6,56.1,Medium,52.7,52.3,Hot,36.75,High,312.38,26.09,0
B02,Computer Lab,Laboratory,28000,3,2025-04-29 09:00:00,9,1,4,0,29.4,68.8,65.8,Medium,48.9,56.7,Hot,31.42,High,267.07,22.31,0
B02,Computer Lab,Laboratory,28000,3,2025-04-29 09:00:00,9,1,4,0,28.0,67.9,65.8,Medium,51.5,60.9,Moderate,29.4,Medium,249.9,20.87,0
B03,Library,Library,22000,3,2025-04-29 12:00:00,12,1,4,0,29.5,74.7,50.6,Medium,47.0,57.1,Hot,33.17,High,281.94,23.55,0
B01,Academic Block,Classroom,45000,4,2025-04-29 12:00:00,12,1,4,0,29.1,66.6,63.9,Medium,55.5,59.3,Hot,34.95,High,297.08,24.81,0
B05,Administration,Office,18000,3,2025-04-29 13:00:00,13,1,4,0,29.9,55.9,54.6,Medium,63.0,55.8,Hot,30.55,Medium,259.68,21.69,0
B02,Computer Lab,Laboratory,28000,3,2025-04-29 14:00:00,14,1,4,0,29.5,53.9,61.0,Medium,58.8,58.3,Hot,32.04,High,272.34,22.75,0
B06,Research Lab,Laboratory,35000,4,2025-04-29 14:00:00,14,1,4,0,30.9,57.3,60.2,Medium,61.6,57.4,Hot,40.96,High,348.16,29.08,0
B01,Academic Block,Classroom,45000,4,2025-04-29 14:00:00,14,1,4,0,30.9,75.5,66.6,Medium,59.3,71.5,Hot,34.81,High,295.88,24.72,0
B03,Library,Library,22000,3,2025-04-29 14:00:00,14,1,4,0,30.1,61.3,55.6,Medium,69.9,56.0,Hot,33.96,High,288.66,24.11,0
B01,Academic Block,Classroom,45000,4,2025-04-29 14:00:00,14,1,4,0,30.3,61.4,60.6,Medium,56.8,54.2,Hot,32.72,High,278.12,23.23,0
B04,Hostel,Dormitory,60000,6,2025-04-29 20:00:00,20,1,4,0,32.6,68.6,22.0,Low,51.1,43.9,Hot,44.14,High,375.19,31.34,0
B03,Library,Library,22000,3,2025-04-29 21:00:00,21,1,4,0,31.3,51.8,15.1,Low,48.6,41.0,Hot,29.07,Medium,247.1,20.64,0
B01,Academic Block,Classroom,45000,4,2025-04-30 01:00:00,1,2,4,0,31.4,63.7,10.6,Low,40.3,37.1,Hot,26.94,Medium,228.99,19.13,0
B03,Library,Library,22000,3,2025-04-30 04:00:00,4,2,4,0,30.3,64.4,4.8,Low,37.9,42.9,Hot,29.46,Medium,250.41,20.92,0
B06,Research Lab,Laboratory,35000,4,2025-04-30 05:00:00,5,2,4,0,31.0,66.9,6.9,Low,35.2,39.1,Hot,28.87,Medium,245.4,20.5,0
B01,Academic Block,Classroom,45000,4,2025-04-30 09:00:00,9,2,4,0,28.7,68.0,73.0,High,57.7,70.1,Moderate,41.0,High,348.5,29.11,0
B03,Library,Library,22000,3,2025-04-30 10:00:00,10,2,4,0,27.6,62.5,60.9,Medium,60.2,59.4,Moderate,23.63,Low,200.86,16.78,0
B06,Research Lab,Laboratory,35000,4,2025-04-30 10:00:00,10,2,4,0,28.3,52.7,63.4,Medium,60.5,61.5,Moderate,37.24,High,316.54,26.44,0
B04,Hostel,Dormitory,60000,6,2025-04-30 11:00:00,11,2,4,0,27.0,59.4,50.7,Medium,50.9,57.7,Moderate,37.95,High,322.58,26.94,0
B01,Academic Block,Classroom,45000,4,2025-04-30 12:00:00,12,2,4,0,30.3,66.7,61.8,Medium,62.0,66.4,Hot,34.24,High,291.04,24.31,0
B01,Academic Block,Classroom,45000,4,2025-04-30 16:00:00,16,2,4,0,28.1,75.5,75.9,High,57.3,80.9,Moderate,38.73,High,329.2,27.5,0
B01,Academic Block,Classroom,45000,4,2025-04-30 22:00:00,22,2,4,0,33.4,49.7,9.7,Low,49.6,37.9,Hot,36.56,High,310.76,25.96,0
B01,Academic Block,Classroom,45000,4,2025-05-01 01:00:00,1,3,5,0,32.5,50.0,13.9,Low,42.9,43.5,Hot,32.6,High,277.1,23.15,0
B01,Academic Block,Classroom,45000,4,2025-05-01 02:00:00,2,3,5,0,25.8,53.3,6.0,Low,19.1,40.5,Moderate,23.32,Low,198.22,16.56,0
B02,Computer Lab,Laboratory,28000,3,2025-05-01 02:00:00,2,3,5,0,32.2,53.9,10.3,Low,53.0,50.6,Hot,31.45,High,267.32,22.33,0
B05,Administration,Office,18000,3,2025-05-01 02:00:00,2,3,5,0,31.8,66.2,0.0,Low,36.4,31.5,Hot,22.78,Low,193.63,16.17,0
B02,Computer Lab,Laboratory,28000,3,2025-05-01 03:00:00,3,3,5,0,29.3,70.8,7.6,Low,42.1,45.4,Hot,28.57,Medium,242.84,20.28,0
B01,Academic Block,Classroom,45000,4,2025-05-01 06:00:00,6,3,5,0,26.7,49.1,1.3,Low,26.7,32.9,Moderate,40.32,High,342.72,28.63,1
B01,Academic Block,Classroom,45000,4,2025-05-01 10:00:00,10,3,5,0,27.3,54.7,68.1,Medium,37.2,70.9,Moderate,33.75,High,286.88,23.96,0
B01,Academic Block,Classroom,45000,4,2025-05-01 12:00:00,12,3,5,0,28.1,52.8,62.4,Medium,52.4,62.3,Moderate,31.08,High,264.18,22.07,0
B05,Administration,Office,18000,3,2025-05-01 12:00:00,12,3,5,0,31.2,54.0,60.6,Medium,46.7,55.2,Hot,31.55,High,268.18,22.4,0
B01,Academic Block,Classroom,45000,4,2025-05-01 14:00:00,14,3,5,0,29.6,59.8,81.5,High,66.7,75.5,Hot,39.69,High,337.36,28.18,0
B02,Computer Lab,Laboratory,28000,3,2025-05-01 14:00:00,14,3,5,0,31.6,56.9,51.7,Medium,54.0,56.8,Hot,66.59,High,566.02,47.28,1
B06,Research Lab,Laboratory,35000,4,2025-05-01 16:00:00,16,3,5,0,31.1,63.7,59.7,Medium,64.6,45.4,Hot,35.75,High,303.88,25.38,0
B04,Hostel,Dormitory,60000,6,2025-05-01 16:00:00,16,3,5,0,31.3,46.5,52.5,Medium,56.5,58.9,Hot,44.34,High,376.89,31.48,0
B03,Library,Library,22000,3,2025-05-01 19:00:00,19,3,5,0,29.8,57.5,5.4,Low,29.7,31.7,Hot,12.5,Low,106.25,8.88,0
B05,Administration,Office,18000,3,2025-05-01 19:00:00,19,3,5,0,30.5,70.2,19.7,Low,46.2,48.7,Hot,22.96,Low,195.16,16.3,0
B01,Academic Block,Classroom,45000,4,2025-05-01 22:00:00,22,3,5,0,33.9,67.7,23.5,Low,40.3,52.1,Hot,32.5,High,276.25,23.08,0
B03,Library,Library,22000,3,2025-05-01 23:00:00,23,3,5,0,31.4,71.5,20.4,Low,42.2,36.7,Hot,22.53,Low,191.5,16.0,0
B02,Computer Lab,Laboratory,28000,3,2025-05-02 02:00:00,2,4,5,0,30.8,63.1,5.3,Low,26.5,35.9,Hot,24.01,Low,204.08,17.05,0
B04,Hostel,Dormitory,60000,6,2025-05-02 02:00:00,2,4,5,0,33.0,54.0,7.1,Low,44.4,42.4,Hot,33.28,High,282.88,23.63,0
B02,Computer Lab,Laboratory,28000,3,2025-05-02 06:00:00,6,4,5,0,28.4,63.5,0.0,Low,33.0,44.3,Moderate,22.2,Low,188.7,15.76,0
B06,Research Lab,Laboratory,35000,4,2025-05-02 07:00:00,7,4,5,0,28.1,80.2,10.7,Low,35.5,27.1,Moderate,21.38,Low,181.73,15.18,0
B02,Computer Lab,Laboratory,28000,3,2025-05-02 08:00:00,8,4,5,0,30.1,57.2,58.0,Medium,49.3,63.0,Hot,34.16,High,290.36,24.25,0
B02,Computer Lab,Laboratory,28000,3,2025-05-02 09:00:00,9,4,5,0,28.4,75.1,64.3,Medium,62.1,52.4,Moderate,35.84,High,304.64,25.45,0
B05,Administration,Office,18000,3,2025-05-02 10:00:00,10,4,5,0,29.1,44.7,75.0,High,64.5,69.7,Hot,33.49,High,284.67,23.78,0
B02,Computer Lab,Laboratory,28000,3,2025-05-02 11:00:00,11,4,5,0,30.4,64.7,50.0,Medium,54.0,61.6,Hot,34.61,High,294.18,24.57,0
B04,Hostel,Dormitory,60000,6,2025-05-02 15:00:00,15,4,5,0,30.8,64.9,52.0,Medium,50.6,59.0,Hot,37.72,High,320.62,26.78,0
B02,Computer Lab,Laboratory,28000,3,2025-05-02 16:00:00,16,4,5,0,32.5,61.6,57.2,Medium,56.8,55.3,Hot,31.9,High,271.15,22.65,0
B02,Computer Lab,Laboratory,28000,3,2025-05-02 17:00:00,17,4,5,0,31.5,62.9,57.7,Medium,57.2,58.8,Hot,32.49,High,276.17,23.07,0
B01,Academic Block,Classroom,45000,4,2025-05-02 18:00:00,18,4,5,0,33.5,61.9,77.5,High,61.2,78.0,Hot,40.5,High,344.25,28.76,0
B05,Administration,Office,18000,3,2025-05-02 18:00:00,18,4,5,0,32.7,62.8,63.4,Medium,66.6,67.3,Hot,30.62,Medium,260.27,21.74,0
B05,Administration,Office,18000,3,2025-05-02 19:00:00,19,4,5,0,31.9,57.2,15.8,Low,50.9,46.2,Hot,33.25,High,282.62,23.61,0
B06,Research Lab,Laboratory,35000,4,2025-05-02 20:00:00,20,4,5,0,32.4,57.2,15.3,Low,54.3,45.3,Hot,35.56,High,302.26,25.25,0
B02,Computer Lab,Laboratory,28000,3,2025-05-02 20:00:00,20,4,5,0,28.6,52.6,13.5,Low,34.5,47.3,Moderate,27.11,Medium,230.44,19.25,0
B02,Computer Lab,Laboratory,28000,3,2025-05-02 21:00:00,21,4,5,0,34.0,62.9,6.6,Low,52.2,44.8,Hot,33.49,High,284.67,23.78,0
B01,Academic Block,Classroom,45000,4,2025-05-02 21:00:00,21,4,5,0,30.4,69.8,25.1,Low,52.5,51.9,Hot,28.88,Medium,245.48,20.5,0
B06,Research Lab,Laboratory,35000,4,2025-05-02 21:00:00,21,4,5,0,30.6,72.7,11.8,Low,35.8,34.6,Hot,28.66,Medium,243.61,20.35,0
B02,Computer Lab,Laboratory,28000,3,2025-05-02 22:00:00,22,4,5,0,31.4,54.1,15.7,Low,36.4,46.4,Hot,30.54,Medium,259.59,21.68,0
B04,Hostel,Dormitory,60000,6,2025-05-02 22:00:00,22,4,5,0,29.4,49.4,33.8,Low,51.7,54.0,Hot,39.89,High,339.06,28.32,0
B03,Library,Library,22000,3,2025-05-02 23:00:00,23,4,5,0,32.4,61.7,0.0,Low,35.4,44.7,Hot,24.42,Low,207.57,17.34,0
B05,Administration,Office,18000,3,2025-05-03 00:00:00,0,5,5,1,31.9,51.4,4.7,Low,35.1,33.8,Hot,24.15,Low,205.27,17.15,0
B06,Research Lab,Laboratory,35000,4,2025-05-03 00:00:00,0,5,5,1,30.6,64.5,12.8,Low,44.9,44.0,Hot,28.02,Medium,238.17,19.89,0
B01,Academic Block,Classroom,45000,4,2025-05-03 00:00:00,0,5,5,1,30.4,45.2,6.1,Low,28.9,36.0,Hot,20.2,Low,171.7,14.34,0
B02,Computer Lab,Laboratory,28000,3,2025-05-03 07:00:00,7,5,5,1,27.4,70.7,14.8,Low,32.2,23.5,Moderate,27.49,Medium,233.66,19.52,0
B03,Library,Library,22000,3,2025-05-03 07:00:00,7,5,5,1,29.4,62.6,5.6,Low,24.1,23.4,Hot,16.19,Low,137.62,11.49,0
B02,Computer Lab,Laboratory,28000,3,2025-05-03 10:00:00,10,5,5,1,26.2,50.6,12.1,Low,26.8,29.3,Moderate,19.79,Low,168.22,14.05,0
B03,Library,Library,22000,3,2025-05-03 10:00:00,10,5,5,1,28.0,64.7,0.0,Low,26.9,18.3,Moderate,13.64,Low,115.94,9.68,0
B05,Administration,Office,18000,3,2025-05-03 11:00:00,11,5,5,1,26.7,64.3,17.9,Low,30.2,33.3,Moderate,18.83,Low,160.05,13.37,0
B04,Hostel,Dormitory,60000,6,2025-05-03 11:00:00,11,5,5,1,30.1,64.6,15.2,Low,37.3,23.8,Hot,30.5,Medium,259.25,21.65,0
B01,Academic Block,Classroom,45000,4,2025-05-03 11:00:00,11,5,5,1,28.5,67.8,15.5,Low,24.8,21.1,Moderate,28.86,Medium,245.31,20.49,0
B01,Academic Block,Classroom,45000,4,2025-05-03 11:00:00,11,5,5,1,29.8,44.2,11.4,Low,32.0,19.8,Hot,30.12,Medium,256.02,21.39,0
B04,Hostel,Dormitory,60000,6,2025-05-03 12:00:00,12,5,5,1,31.2,56.7,7.1,Low,47.1,22.5,Hot,35.09,High,298.27,24.91,0
B05,Administration,Office,18000,3,2025-05-03 12:00:00,12,5,5,1,31.3,59.3,23.0,Low,46.6,38.3,Hot,21.35,Low,181.48,15.16,0
B04,Hostel,Dormitory,60000,6,2025-05-03 12:00:00,12,5,5,1,27.8,60.7,23.7,Low,35.7,26.6,Moderate,37.83,High,321.56,26.86,0
B02,Computer Lab,Laboratory,28000,3,2025-05-03 13:00:00,13,5,5,1,30.3,58.3,11.5,Low,35.0,21.8,Hot,29.07,Medium,247.1,20.64,0
B01,Academic Block,Classroom,45000,4,2025-05-03 16:00:00,16,5,5,1,33.1,65.9,8.0,Low,47.4,19.6,Hot,27.83,Medium,236.55,19.76,0
B06,Research Lab,Laboratory,35000,4,2025-05-03 16:00:00,16,5,5,1,32.4,47.0,0.0,Low,39.2,11.1,Hot,29.81,Medium,253.38,21.17,0
B05,Administration,Office,18000,3,2025-05-03 16:00:00,16,5,5,1,32.6,56.9,13.6,Low,37.1,28.2,Hot,24.11,Low,204.94,17.12,0
B02,Computer Lab,Laboratory,28000,3,2025-05-03 17:00:00,17,5,5,1,29.1,60.2,7.3,Low,32.1,25.5,Hot,25.53,Medium,217.0,18.13,0
B06,Research Lab,Laboratory,35000,4,2025-05-03 17:00:00,17,5,5,1,32.8,58.0,8.6,Low,35.0,33.7,Hot,30.99,High,263.41,22.0,0
B02,Computer Lab,Laboratory,28000,3,2025-05-03 17:00:00,17,5,5,1,30.6,53.7,18.7,Low,37.9,38.9,Hot,27.3,Medium,232.05,19.38,0
B04,Hostel,Dormitory,60000,6,2025-05-03 18:00:00,18,5,5,1,33.1,73.5,5.3,Low,45.9,22.9,Hot,46.24,High,393.04,32.83,0
B04,Hostel,Dormitory,60000,6,2025-05-03 20:00:00,20,5,5,1,33.3,65.2,45.4,Medium,59.7,66.8,Hot,45.74,High,388.79,32.48,0
B04,Hostel,Dormitory,60000,6,2025-05-03 23:00:00,23,5,5,1,32.7,74.3,24.9,Low,54.1,57.2,Hot,37.58,High,319.43,26.68,0
B01,Academic Block,Classroom,45000,4,2025-05-03 23:00:00,23,5,5,1,31.6,64.2,0.0,Low,38.1,25.2,Hot,25.46,Medium,216.41,18.08,0
B01,Academic Block,Classroom,45000,4,2025-05-04 00:00:00,0,6,5,1,33.4,63.6,7.4,Low,34.1,43.9,Hot,37.2,High,316.2,26.41,0
B03,Library,Library,22000,3,2025-05-04 00:00:00,0,6,5,1,32.2,59.2,14.5,Low,36.0,47.7,Hot,23.66,Low,201.11,16.8,0
B02,Computer Lab,Laboratory,28000,3,2025-05-04 01:00:00,1,6,5,1,31.4,70.8,13.0,Low,44.3,45.1,Hot,25.53,Medium,217.0,18.13,0
B01,Academic Block,Classroom,45000,4,2025-05-04 01:00:00,1,6,5,1,29.6,65.3,13.3,Low,38.9,41.1,Hot,27.28,Medium,231.88,19.37,0
B02,Computer Lab,Laboratory,28000,3,2025-05-04 01:00:00,1,6,5,1,31.5,58.5,10.1,Low,33.7,46.5,Hot,27.05,Medium,229.92,19.21,0
B01,Academic Block,Classroom,45000,4,2025-05-04 02:00:00,2,6,5,1,33.4,71.2,8.5,Low,41.4,36.4,Hot,36.13,High,307.1,25.65,0
B03,Library,Library,22000,3,2025-05-04 03:00:00,3,6,5,1,27.8,53.6,3.3,Low,43.0,42.8,Moderate,25.67,Medium,218.2,18.23,0
B04,Hostel,Dormitory,60000,6,2025-05-04 04:00:00,4,6,5,1,30.5,55.5,12.9,Low,45.4,47.7,Hot,33.94,High,288.49,24.1,0
B04,Hostel,Dormitory,60000,6,2025-05-04 05:00:00,5,6,5,1,30.3,80.4,19.4,Low,50.7,51.7,Hot,39.01,High,331.58,27.7,0
B02,Computer Lab,Laboratory,28000,3,2025-05-04 07:00:00,7,6,5,1,31.1,64.8,12.1,Low,33.5,19.2,Hot,25.48,Medium,216.58,18.09,0
B01,Academic Block,Classroom,45000,4,2025-05-04 07:00:00,7,6,5,1,29.6,42.9,6.7,Low,46.0,16.8,Hot,23.11,Low,196.44,16.41,0
B01,Academic Block,Classroom,45000,4,2025-05-04 10:00:00,10,6,5,1,28.7,69.2,13.0,Low,33.5,17.3,Moderate,30.82,Medium,261.97,21.88,0
B01,Academic Block,Classroom,45000,4,2025-05-04 11:00:00,11,6,5,1,29.7,54.1,22.2,Low,51.1,35.9,Hot,35.82,High,304.47,25.43,0
B04,Hostel,Dormitory,60000,6,2025-05-04 11:00:00,11,6,5,1,28.6,58.1,10.6,Low,37.7,23.1,Moderate,32.24,High,274.04,22.89,0
B03,Library,Library,22000,3,2025-05-04 12:00:00,12,6,5,1,31.3,77.8,3.3,Low,41.7,14.8,Hot,19.42,Low,165.07,13.79,0
B02,Computer Lab,Laboratory,28000,3,2025-05-04 12:00:00,12,6,5,1,27.1,74.9,13.5,Low,38.1,24.4,Moderate,20.16,Low,171.36,14.31,0
B04,Hostel,Dormitory,60000,6,2025-05-04 14:00:00,14,6,5,1,29.7,75.2,16.1,Low,40.1,32.3,Hot,35.49,High,301.67,25.2,0
B04,Hostel,Dormitory,60000,6,2025-05-04 14:00:00,14,6,5,1,31.1,55.9,18.1,Low,46.2,22.9,Hot,39.55,High,336.17,28.08,0
B05,Administration,Office,18000,3,2025-05-04 16:00:00,16,6,5,1,33.2,56.4,16.9,Low,40.0,25.5,Hot,25.28,Medium,214.88,17.95,0
B03,Library,Library,22000,3,2025-05-04 18:00:00,18,6,5,1,32.1,60.9,13.2,Low,42.0,17.0,Hot,27.54,Medium,234.09,19.55,0
B03,Library,Library,22000,3,2025-05-04 19:00:00,19,6,5,1,31.2,66.1,6.2,Low,43.4,34.4,Hot,22.33,Low,189.8,15.85,0
B02,Computer Lab,Laboratory,28000,3,2025-05-04 19:00:00,19,6,5,1,32.1,56.9,5.1,Low,40.6,37.6,Hot,26.41,Medium,224.48,18.75,0
B05,Administration,Office,18000,3,2025-05-04 20:00:00,20,6,5,1,31.9,72.6,9.6,Low,39.1,47.6,Hot,24.41,Low,207.48,17.33,0
B04,Hostel,Dormitory,60000,6,2025-05-04 23:00:00,23,6,5,1,31.4,63.3,36.3,Medium,51.0,65.4,Hot,32.74,High,278.29,23.25,0
B05,Administration,Office,18000,3,2025-05-05 00:00:00,0,0,5,0,30.8,70.8,7.4,Low,30.2,45.5,Hot,19.33,Low,164.3,13.72,0
B04,Hostel,Dormitory,60000,6,2025-05-05 01:00:00,1,0,5,0,30.4,55.2,8.6,Low,44.4,44.8,Hot,37.27,High,316.8,26.46,0
B03,Library,Library,22000,3,2025-05-05 01:00:00,1,0,5,0,28.4,59.3,5.8,Low,21.1,34.5,Moderate,9.77,Low,83.04,6.94,0
B04,Hostel,Dormitory,60000,6,2025-05-05 01:00:00,1,0,5,0,31.5,61.5,22.9,Low,45.0,60.6,Hot,33.36,High,283.56,23.69,0
B01,Academic Block,Classroom,45000,4,2025-05-05 01:00:00,1,0,5,0,32.0,56.2,10.4,Low,46.2,46.5,Hot,30.23,Medium,256.96,21.46,0
B06,Research Lab,Laboratory,35000,4,2025-05-05 02:00:00,2,0,5,0,32.7,66.2,16.7,Low,45.6,56.5,Hot,29.66,Medium,252.11,21.06,0
B03,Library,Library,22000,3,2025-05-05 04:00:00,4,0,5,0,30.8,67.8,23.1,Low,41.1,60.7,Hot,23.77,Low,202.04,16.88,0
B02,Computer Lab,Laboratory,28000,3,2025-05-05 08:00:00,8,0,5,0,29.7,59.6,52.1,Medium,58.7,53.6,Hot,25.57,Medium,217.34,18.15,0
B03,Library,Library,22000,3,2025-05-05 09:00:00,9,0,5,0,29.0,66.4,60.2,Medium,49.5,57.7,Moderate,29.99,Medium,254.92,21.29,0
B06,Research Lab,Laboratory,35000,4,2025-05-05 09:00:00,9,0,5,0,25.9,78.6,58.1,Medium,57.5,47.4,Moderate,36.32,High,308.72,25.79,0
B04,Hostel,Dormitory,60000,6,2025-05-05 12:00:00,12,0,5,0,29.9,68.4,60.8,Medium,54.2,61.4,Hot,35.21,High,299.29,25.0,0
B02,Computer Lab,Laboratory,28000,3,2025-05-05 13:00:00,13,0,5,0,30.1,65.5,53.3,Medium,51.8,54.8,Hot,33.31,High,283.14,23.65,0
B02,Computer Lab,Laboratory,28000,3,2025-05-05 13:00:00,13,0,5,0,31.5,68.9,60.3,Medium,62.6,57.0,Hot,35.21,High,299.29,25.0,0
B03,Library,Library,22000,3,2025-05-05 14:00:00,14,0,5,0,31.3,71.7,59.3,Medium,55.6,57.0,Hot,32.12,High,273.02,22.81,0
B02,Computer Lab,Laboratory,28000,3,2025-05-05 15:00:00,15,0,5,0,30.8,71.0,54.0,Medium,55.3,58.1,Hot,39.04,High,331.84,27.72,0
B04,Hostel,Dormitory,60000,6,2025-05-05 17:00:00,17,0,5,0,34.8,56.7,49.5,Medium,63.8,42.7,Hot,41.98,High,356.83,29.81,0
B04,Hostel,Dormitory,60000,6,2025-05-05 18:00:00,18,0,5,0,33.5,64.5,50.0,Medium,50.8,58.9,Hot,47.92,High,407.32,34.02,0
B06,Research Lab,Laboratory,35000,4,2025-05-05 19:00:00,19,0,5,0,32.9,56.6,19.7,Low,50.2,54.1,Hot,40.64,High,345.44,28.85,0
B04,Hostel,Dormitory,60000,6,2025-05-05 19:00:00,19,0,5,0,33.1,58.1,47.5,Medium,46.4,68.8,Hot,36.73,High,312.2,26.08,0
B02,Computer Lab,Laboratory,28000,3,2025-05-05 20:00:00,20,0,5,0,32.6,62.3,23.0,Low,47.1,51.9,Hot,35.61,High,302.68,25.28,0
B03,Library,Library,22000,3,2025-05-05 20:00:00,20,0,5,0,32.5,48.9,22.1,Low,44.5,53.2,Hot,24.35,Low,206.98,17.29,0
B03,Library,Library,22000,3,2025-05-05 21:00:00,21,0,5,0,29.2,64.2,0.0,Low,25.1,39.1,Hot,21.27,Low,180.8,15.1,0
B01,Academic Block,Classroom,45000,4,2025-05-05 23:00:00,23,0,5,0,30.5,55.8,12.9,Low,50.0,54.8,Hot,27.28,Medium,231.88,19.37,0
B06,Research Lab,Laboratory,35000,4,2025-05-06 04:00:00,4,1,5,0,28.7,53.7,12.4,Low,37.4,41.7,Moderate,25.61,Medium,217.68,18.18,0
B04,Hostel,Dormitory,60000,6,2025-05-06 05:00:00,5,1,5,0,29.8,66.7,17.6,Low,36.3,55.0,Hot,32.13,High,273.1,22.81,0
B02,Computer Lab,Laboratory,28000,3,2025-05-06 06:00:00,6,1,5,0,26.3,62.1,1.9,Low,29.3,35.3,Moderate,18.69,Low,158.86,13.27,0
B01,Academic Block,Classroom,45000,4,2025-05-06 06:00:00,6,1,5,0,28.0,64.1,17.1,Low,51.7,45.8,Moderate,30.6,Medium,260.1,21.73,0
B06,Research Lab,Laboratory,35000,4,2025-05-06 07:00:00,7,1,5,0,27.7,61.2,0.0,Low,24.3,13.7,Moderate,24.59,Medium,209.02,17.46,0
B02,Computer Lab,Laboratory,28000,3,2025-05-06 10:00:00,10,1,5,0,29.0,57.5,66.0,Medium,59.6,69.9,Moderate,36.12,High,307.02,25.65,0
B06,Research Lab,Laboratory,35000,4,2025-05-06 10:00:00,10,1,5,0,29.5,62.2,47.3,Medium,44.6,47.6,Hot,31.09,High,264.26,22.07,0
B06,Research Lab,Laboratory,35000,4,2025-05-06 11:00:00,11,1,5,0,28.2,52.9,67.4,Medium,57.6,66.1,Moderate,34.56,High,293.76,24.54,0
B01,Academic Block,Classroom,45000,4,2025-05-06 12:00:00,12,1,5,0,28.7,61.4,74.8,High,54.3,68.5,Moderate,36.48,High,310.08,25.9,0
B01,Academic Block,Classroom,45000,4,2025-05-06 13:00:00,13,1,5,0,29.0,75.7,64.3,Medium,54.1,61.1,Moderate,31.2,High,265.2,22.15,0
B03,Library,Library,22000,3,2025-05-06 15:00:00,15,1,5,0,30.5,52.2,58.0,Medium,56.5,65.3,Hot,28.33,Medium,240.8,20.11,0
B05,Administration,Office,18000,3,2025-05-06 16:00:00,16,1,5,0,31.5,69.8,62.7,Medium,67.0,62.0,Hot,34.66,High,294.61,24.61,0
B02,Computer Lab,Laboratory,28000,3,2025-05-06 17:00:00,17,1,5,0,33.9,72.5,48.4,Medium,49.5,48.0,Hot,37.73,High,320.7,26.79,0
B01,Academic Block,Classroom,45000,4,2025-05-06 18:00:00,18,1,5,0,30.8,54.9,70.5,High,70.7,65.7,Hot,42.25,High,359.12,30.0,0
B01,Academic Block,Classroom,45000,4,2025-05-06 20:00:00,20,1,5,0,35.2,59.1,20.3,Low,39.4,51.6,Hot,27.25,Medium,231.62,19.35,0
B04,Hostel,Dormitory,60000,6,2025-05-06 21:00:00,21,1,5,0,30.6,51.4,29.7,Low,47.8,57.0,Hot,42.67,High,362.7,30.3,0
B02,Computer Lab,Laboratory,28000,3,2025-05-06 22:00:00,22,1,5,0,33.7,47.9,16.5,Low,47.2,47.4,Hot,36.16,High,307.36,25.67,0
B06,Research Lab,Laboratory,35000,4,2025-05-06 22:00:00,22,1,5,0,31.6,60.9,5.9,Low,38.6,37.9,Hot,33.01,High,280.58,23.44,0
B01,Academic Block,Classroom,45000,4,2025-05-07 00:00:00,0,2,5,0,30.3,63.6,18.4,Low,41.6,54.0,Hot,23.78,Low,202.13,16.88,0
B05,Administration,Office,18000,3,2025-05-07 01:00:00,1,2,5,0,33.1,54.6,12.1,Low,47.3,47.0,Hot,24.25,Low,206.12,17.22,0
B04,Hostel,Dormitory,60000,6,2025-05-07 02:00:00,2,2,5,0,30.7,52.5,11.9,Low,42.6,42.8,Hot,33.25,High,282.62,23.61,0
B06,Research Lab,Laboratory,35000,4,2025-05-07 02:00:00,2,2,5,0,30.7,55.0,15.3,Low,39.9,47.1,Hot,30.75,Medium,261.38,21.83,0
B05,Administration,Office,18000,3,2025-05-07 05:00:00,5,2,5,0,28.8,68.2,22.7,Low,44.4,48.0,Moderate,28.34,Medium,240.89,20.12,0
B01,Academic Block,Classroom,45000,4,2025-05-07 05:00:00,5,2,5,0,28.3,68.6,15.7,Low,35.5,46.4,Moderate,27.17,Medium,230.95,19.29,0
B02,Computer Lab,Laboratory,28000,3,2025-05-07 06:00:00,6,2,5,0,28.6,66.6,4.4,Low,34.0,34.8,Moderate,28.09,Medium,238.76,19.94,0
B06,Research Lab,Laboratory,35000,4,2025-05-07 06:00:00,6,2,5,0,24.0,63.1,7.0,Low,33.0,41.2,Cool,29.68,Medium,252.28,21.07,0
B03,Library,Library,22000,3,2025-05-07 08:00:00,8,2,5,0,25.8,56.8,54.4,Medium,53.0,55.3,Moderate,28.11,Medium,238.94,19.96,0
B01,Academic Block,Classroom,45000,4,2025-05-07 08:00:00,8,2,5,0,29.2,70.8,70.1,High,63.8,66.4,Hot,36.75,High,312.38,26.09,0
B04,Hostel,Dormitory,60000,6,2025-05-07 08:00:00,8,2,5,0,30.4,72.2,42.9,Medium,44.0,47.9,Hot,41.97,High,356.74,29.8,0
B01,Academic Block,Classroom,45000,4,2025-05-07 08:00:00,8,2,5,0,30.7,56.8,69.0,Medium,62.4,68.2,Hot,31.73,High,269.7,22.53,0
B05,Administration,Office,18000,3,2025-05-07 09:00:00,9,2,5,0,27.3,62.0,68.9,Medium,56.4,72.1,Moderate,30.05,Medium,255.42,21.34,0
B05,Administration,Office,18000,3,2025-05-07 09:00:00,9,2,5,0,29.0,51.5,59.2,Medium,63.9,63.3,Moderate,33.72,High,286.62,23.94,0
B04,Hostel,Dormitory,60000,6,2025-05-07 10:00:00,10,2,5,0,25.6,68.3,64.8,Medium,53.9,68.4,Moderate,39.15,High,332.78,27.8,0
B03,Library,Library,22000,3,2025-05-07 10:00:00,10,2,5,0,28.4,76.8,49.7,Medium,45.2,50.5,Moderate,27.56,Medium,234.26,19.57,0
B01,Academic Block,Classroom,45000,4,2025-05-07 12:00:00,12,2,5,0,30.9,66.9,68.0,Medium,57.5,67.4,Hot,40.41,High,343.48,28.69,0
B06,Research Lab,Laboratory,35000,4,2025-05-07 12:00:00,12,2,5,0,29.6,76.8,44.2,Medium,33.9,56.8,Hot,30.27,Medium,257.3,21.49,0
B01,Academic Block,Classroom,45000,4,2025-05-07 13:00:00,13,2,5,0,29.6,58.6,64.4,Medium,55.8,62.8,Hot,70.38,High,598.23,49.97,1
B02,Computer Lab,Laboratory,28000,3,2025-05-07 13:00:00,13,2,5,0,30.1,51.8,57.8,Medium,52.6,59.0,Hot,29.01,Medium,246.58,20.6,0
B04,Hostel,Dormitory,60000,6,2025-05-07 13:00:00,13,2,5,0,32.0,69.9,48.0,Medium,51.7,51.7,Hot,34.3,High,291.55,24.35,0
B06,Research Lab,Laboratory,35000,4,2025-05-07 14:00:00,14,2,5,0,30.3,62.0,53.6,Medium,49.0,54.7,Hot,36.92,High,313.82,26.21,0
B02,Computer Lab,Laboratory,28000,3,2025-05-07 14:00:00,14,2,5,0,30.7,54.2,55.2,Medium,64.2,62.8,Hot,32.77,High,278.54,23.27,0
B04,Hostel,Dormitory,60000,6,2025-05-07 15:00:00,15,2,5,0,33.4,71.4,55.4,Medium,43.8,54.3,Hot,43.41,High,368.98,30.82,0
B04,Hostel,Dormitory,60000,6,2025-05-07 15:00:00,15,2,5,0,30.8,56.1,37.6,Medium,41.4,48.6,Hot,38.21,High,324.79,27.13,0
B01,Academic Block,Classroom,45000,4,2025-05-07 17:00:00,17,2,5,0,29.6,53.5,53.6,Medium,66.8,59.0,Hot,36.16,High,307.36,25.67,0
B02,Computer Lab,Laboratory,28000,3,2025-05-07 18:00:00,18,2,5,0,34.4,61.7,55.4,Medium,67.6,56.2,Hot,35.35,High,300.48,25.1,0
B01,Academic Block,Classroom,45000,4,2025-05-07 18:00:00,18,2,5,0,33.9,48.8,65.7,Medium,66.3,62.2,Hot,38.52,High,327.42,27.35,0
B04,Hostel,Dormitory,60000,6,2025-05-07 19:00:00,19,2,5,0,29.2,68.8,26.5,Low,42.2,54.7,Hot,39.09,High,332.27,27.75,0
B05,Administration,Office,18000,3,2025-05-07 20:00:00,20,2,5,0,32.4,51.0,12.4,Low,39.5,50.1,Hot,22.58,Low,191.93,16.03,0
B06,Research Lab,Laboratory,35000,4,2025-05-07 20:00:00,20,2,5,0,32.6,60.7,16.3,Low,37.1,52.6,Hot,32.02,High,272.17,22.73,0
B02,Computer Lab,Laboratory,28000,3,2025-05-07 20:00:00,20,2,5,0,34.7,59.5,18.9,Low,51.7,53.2,Hot,33.32,High,283.22,23.66,0
B01,Academic Block,Classroom,45000,4,2025-05-07 20:00:00,20,2,5,0,32.6,60.8,21.3,Low,51.3,50.5,Hot,34.67,High,294.7,24.62,0
B02,Computer Lab,Laboratory,28000,3,2025-05-07 22:00:00,22,2,5,0,32.6,49.9,2.7,Low,35.9,37.2,Hot,26.65,Medium,226.52,18.92,0
B05,Administration,Office,18000,3,2025-05-07 22:00:00,22,2,5,0,32.6,57.6,6.6,Low,30.5,43.1,Hot,28.51,Medium,242.34,20.24,0
B04,Hostel,Dormitory,60000,6,2025-05-07 22:00:00,22,2,5,0,31.7,69.3,25.9,Low,50.5,53.2,Hot,35.49,High,301.67,25.2,0
B06,Research Lab,Laboratory,35000,4,2025-05-07 22:00:00,22,2,5,0,34.3,56.1,19.1,Low,53.5,53.5,Hot,31.8,High,270.3,22.58,0
B05,Administration,Office,18000,3,2025-05-08 00:00:00,0,3,5,0,30.5,52.5,7.6,Low,43.0,41.5,Hot,17.3,Low,147.05,12.28,0
B04,Hostel,Dormitory,60000,6,2025-05-08 01:00:00,1,3,5,0,30.5,57.5,14.1,Low,39.3,50.6,Hot,38.54,High,327.59,27.36,0
B06,Research Lab,Laboratory,35000,4,2025-05-08 03:00:00,3,3,5,0,30.2,52.0,2.1,Low,22.5,29.5,Hot,21.2,Low,180.2,15.05,0
B04,Hostel,Dormitory,60000,6,2025-05-08 03:00:00,3,3,5,0,28.2,47.2,7.5,Low,26.4,37.6,Moderate,25.18,Medium,214.03,17.88,0
B06,Research Lab,Laboratory,35000,4,2025-05-08 04:00:00,4,3,5,0,32.3,57.9,5.7,Low,48.3,37.6,Hot,33.9,High,288.15,24.07,0
B05,Administration,Office,18000,3,2025-05-08 04:00:00,4,3,5,0,29.7,61.9,16.8,Low,31.6,49.7,Hot,27.16,Medium,230.86,19.28,0
B05,Administration,Office,18000,3,2025-05-08 04:00:00,4,3,5,0,30.9,65.2,3.3,Low,41.4,35.6,Hot,28.56,Medium,242.76,20.28,0
B05,Administration,Office,18000,3,2025-05-08 07:00:00,7,3,5,0,27.3,66.4,24.5,Low,32.0,44.3,Moderate,37.21,High,316.29,26.42,1
B02,Computer Lab,Laboratory,28000,3,2025-05-08 07:00:00,7,3,5,0,29.8,65.5,13.5,Low,32.0,19.0,Hot,13.65,Low,116.02,9.69,0
B04,Hostel,Dormitory,60000,6,2025-05-08 07:00:00,7,3,5,0,29.9,60.8,6.9,Low,47.6,25.3,Hot,32.05,High,272.42,22.76,0
B06,Research Lab,Laboratory,35000,4,2025-05-08 08:00:00,8,3,5,0,30.1,75.8,61.2,Medium,67.2,67.1,Hot,41.49,High,352.66,29.46,0
B01,Academic Block,Classroom,45000,4,2025-05-08 09:00:00,9,3,5,0,31.6,53.8,60.9,Medium,59.6,63.2,Hot,33.02,High,280.67,23.44,0
B03,Library,Library,22000,3,2025-05-08 12:00:00,12,3,5,0,28.8,59.7,47.5,Medium,46.0,49.0,Moderate,23.34,Low,198.39,16.57,0
B03,Library,Library,22000,3,2025-05-08 13:00:00,13,3,5,0,29.9,72.7,59.8,Medium,61.3,59.8,Hot,30.6,Medium,260.1,21.73,0
B03,Library,Library,22000,3,2025-05-08 13:00:00,13,3,5,0,28.9,59.2,64.5,Medium,45.5,67.5,Moderate,32.09,High,272.77,22.78,0
B02,Computer Lab,Laboratory,28000,3,2025-05-08 14:00:00,14,3,5,0,30.5,59.8,61.5,Medium,64.1,53.1,Hot,31.15,High,264.77,22.12,0
B04,Hostel,Dormitory,60000,6,2025-05-08 15:00:00,15,3,5,0,32.2,62.1,42.4,Medium,65.3,43.6,Hot,45.09,High,383.27,32.01,0
B01,Academic Block,Classroom,45000,4,2025-05-08 17:00:00,17,3,5,0,33.0,66.8,60.9,Medium,64.6,58.0,Hot,76.46,High,649.91,54.29,1
B01,Academic Block,Classroom,45000,4,2025-05-08 17:00:00,17,3,5,0,34.6,58.3,77.3,High,62.8,75.7,Hot,42.69,High,362.86,30.31,0
B01,Academic Block,Classroom,45000,4,2025-05-08 17:00:00,17,3,5,0,32.8,52.6,72.2,High,73.9,74.6,Hot,44.1,High,374.85,31.31,0
B01,Academic Block,Classroom,45000,4,2025-05-08 18:00:00,18,3,5,0,32.4,56.2,58.7,Medium,61.1,68.9,Hot,41.56,High,353.26,29.51,0
B06,Research Lab,Laboratory,35000,4,2025-05-08 18:00:00,18,3,5,0,30.8,64.1,53.8,Medium,53.8,46.0,Hot,40.61,High,345.18,28.83,0
B04,Hostel,Dormitory,60000,6,2025-05-08 19:00:00,19,3,5,0,33.9,55.8,33.3,Low,47.3,54.8,Hot,47.09,High,400.27,33.43,0
B06,Research Lab,Laboratory,35000,4,2025-05-08 21:00:00,21,3,5,0,32.4,55.8,11.0,Low,35.7,41.5,Hot,26.86,Medium,228.31,19.07,0
B01,Academic Block,Classroom,45000,4,2025-05-08 23:00:00,23,3,5,0,33.4,51.8,26.6,Low,56.8,57.7,Hot,37.2,High,316.2,26.41,0
B01,Academic Block,Classroom,45000,4,2025-05-08 23:00:00,23,3,5,0,31.5,68.2,6.9,Low,39.1,44.0,Hot,28.51,Medium,242.34,20.24,0
B06,Research Lab,Laboratory,35000,4,2025-05-09 03:00:00,3,4,5,0,32.0,58.5,16.2,Low,43.2,41.3,Hot,32.82,High,278.97,23.3,0
B01,Academic Block,Classroom,45000,4,2025-05-09 04:00:00,4,4,5,0,30.3,60.0,14.1,Low,40.6,47.5,Hot,28.49,Medium,242.16,20.23,0
B05,Administration,Office,18000,3,2025-05-09 06:00:00,6,4,5,0,30.5,65.4,0.4,Low,23.7,22.5,Hot,18.5,Low,157.25,13.14,0
B03,Library,Library,22000,3,2025-05-09 07:00:00,7,4,5,0,29.4,51.9,0.0,Low,33.2,16.5,Hot,18.47,Low,157.0,13.11,0
B06,Research Lab,Laboratory,35000,4,2025-05-09 09:00:00,9,4,5,0,27.4,63.4,56.1,Medium,49.3,56.9,Moderate,30.21,Medium,256.79,21.45,0
B02,Computer Lab,Laboratory,28000,3,2025-05-09 09:00:00,9,4,5,0,28.3,72.9,61.7,Medium,61.9,60.8,Moderate,33.75,High,286.88,23.96,0
B01,Academic Block,Classroom,45000,4,2025-05-09 09:00:00,9,4,5,0,26.9,63.0,77.7,High,61.0,71.3,Moderate,38.13,High,324.1,27.07,0
B04,Hostel,Dormitory,60000,6,2025-05-09 11:00:00,11,4,5,0,29.6,62.9,45.5,Medium,42.3,48.7,Hot,36.07,High,306.6,25.61,0
B01,Academic Block,Classroom,45000,4,2025-05-09 11:00:00,11,4,5,0,27.1,64.7,69.9,Medium,51.3,69.0,Moderate,31.39,High,266.82,22.29,0
B02,Computer Lab,Laboratory,28000,3,2025-05-09 11:00:00,11,4,5,0,29.8,68.6,56.8,Medium,60.2,65.9,Hot,34.53,High,293.5,24.52,0
B05,Administration,Office,18000,3,2025-05-09 12:00:00,12,4,5,0,24.3,67.0,74.8,High,42.5,64.7,Moderate,26.77,Medium,227.54,19.01,0
B05,Administration,Office,18000,3,2025-05-09 13:00:00,13,4,5,0,31.4,77.2,62.4,Medium,68.9,60.4,Hot,28.71,Medium,244.04,20.38,0
B01,Academic Block,Classroom,45000,4,2025-05-09 14:00:00,14,4,5,0,29.1,63.3,63.5,Medium,54.8,65.3,Hot,32.67,High,277.7,23.2,0
B04,Hostel,Dormitory,60000,6,2025-05-09 14:00:00,14,4,5,0,29.3,58.5,52.2,Medium,54.6,53.8,Hot,34.63,High,294.36,24.59,0
B02,Computer Lab,Laboratory,28000,3,2025-05-09 15:00:00,15,4,5,0,33.3,68.9,60.1,Medium,58.7,60.7,Hot,39.04,High,331.84,27.72,0
B05,Administration,Office,18000,3,2025-05-09 16:00:00,16,4,5,0,32.2,57.8,72.5,High,61.0,66.4,Hot,31.42,High,267.07,22.31,0
B04,Hostel,Dormitory,60000,6,2025-05-09 17:00:00,17,4,5,0,33.4,54.1,51.0,Medium,52.8,57.4,Hot,48.13,High,409.1,34.17,0
B06,Research Lab,Laboratory,35000,4,2025-05-09 18:00:00,18,4,5,0,31.0,51.9,61.8,Medium,67.1,50.5,Hot,39.17,High,332.94,27.81,0
B01,Academic Block,Classroom,45000,4,2025-05-09 18:00:00,18,4,5,0,33.9,61.2,55.0,Medium,64.2,51.3,Hot,41.67,High,354.2,29.59,0
B04,Hostel,Dormitory,60000,6,2025-05-09 19:00:00,19,4,5,0,32.5,55.8,23.9,Low,41.5,62.7,Hot,39.31,High,334.14,27.91,0
B01,Academic Block,Classroom,45000,4,2025-05-09 20:00:00,20,4,5,0,32.9,53.2,9.4,Low,47.1,35.9,Hot,34.18,High,290.53,24.27,0
B04,Hostel,Dormitory,60000,6,2025-05-09 21:00:00,21,4,5,0,34.9,53.1,32.7,Low,60.3,55.2,Hot,39.06,High,332.01,27.73,0
B05,Administration,Office,18000,3,2025-05-09 21:00:00,21,4,5,0,30.9,57.7,6.7,Low,44.9,36.1,Hot,21.75,Low,184.88,15.44,0
B02,Computer Lab,Laboratory,28000,3,2025-05-09 21:00:00,21,4,5,0,34.0,63.6,14.0,Low,48.2,42.8,Hot,31.69,High,269.36,22.5,0
B03,Library,Library,22000,3,2025-05-09 22:00:00,22,4,5,0,33.0,62.0,8.3,Low,43.7,41.1,Hot,29.84,Medium,253.64,21.19,0
B04,Hostel,Dormitory,60000,6,2025-05-09 22:00:00,22,4,5,0,32.1,58.3,43.9,Medium,48.0,73.3,Hot,36.79,High,312.71,26.12,0
B02,Computer Lab,Laboratory,28000,3,2025-05-09 23:00:00,23,4,5,0,30.5,64.5,10.6,Low,47.0,45.3,Hot,28.66,Medium,243.61,20.35,0
B06,Research Lab,Laboratory,35000,4,2025-05-10 01:00:00,1,5,5,1,31.0,59.5,15.0,Low,45.5,45.1,Hot,35.19,High,299.12,24.98,0
B04,Hostel,Dormitory,60000,6,2025-05-10 01:00:00,1,5,5,1,30.1,62.4,10.5,Low,44.2,51.6,Hot,34.09,High,289.77,24.2,0
B02,Computer Lab,Laboratory,28000,3,2025-05-10 02:00:00,2,5,5,1,32.6,54.3,11.3,Low,31.7,41.4,Hot,28.39,Medium,241.32,20.16,0
B04,Hostel,Dormitory,60000,6,2025-05-10 03:00:00,3,5,5,1,30.4,56.1,15.8,Low,46.4,47.1,Hot,36.15,High,307.27,25.67,0
B06,Research Lab,Laboratory,35000,4,2025-05-10 05:00:00,5,5,5,1,28.4,63.3,13.0,Low,36.2,45.3,Moderate,26.48,Medium,225.08,18.8,0
B01,Academic Block,Classroom,45000,4,2025-05-10 08:00:00,8,5,5,1,26.6,64.8,8.3,Low,36.2,25.5,Moderate,24.98,Medium,212.33,17.74,0
B04,Hostel,Dormitory,60000,6,2025-05-10 11:00:00,11,5,5,1,28.7,69.1,14.3,Low,29.9,20.0,Moderate,34.28,High,291.38,24.34,0
B02,Computer Lab,Laboratory,28000,3,2025-05-10 11:00:00,11,5,5,1,31.2,63.5,10.9,Low,51.3,18.1,Hot,28.76,Medium,244.46,20.42,0
B01,Academic Block,Classroom,45000,4,2025-05-10 18:00:00,18,5,5,1,32.7,55.4,16.1,Low,41.0,31.8,Hot,30.53,Medium,259.5,21.68,0
B02,Computer Lab,Laboratory,28000,3,2025-05-10 20:00:00,20,5,5,1,32.5,50.0,20.0,Low,52.8,58.9,Hot,35.25,High,299.62,25.03,0
B01,Academic Block,Classroom,45000,4,2025-05-10 20:00:00,20,5,5,1,35.3,62.9,18.9,Low,49.3,47.4,Hot,42.05,High,357.42,29.86,0
B06,Research Lab,Laboratory,35000,4,2025-05-10 20:00:00,20,5,5,1,32.2,61.6,4.6,Low,51.1,32.1,Hot,28.81,Medium,244.88,20.46,0
B03,Library,Library,22000,3,2025-05-10 21:00:00,21,5,5,1,31.5,66.6,0.0,Low,38.9,29.0,Hot,28.63,Medium,243.36,20.33,0
B04,Hostel,Dormitory,60000,6,2025-05-10 22:00:00,22,5,5,1,33.1,61.7,47.8,Medium,68.0,76.0,Hot,43.14,High,366.69,30.63,0
B06,Research Lab,Laboratory,35000,4,2025-05-10 22:00:00,22,5,5,1,33.2,71.1,15.7,Low,45.2,38.3,Hot,34.53,High,293.5,24.52,0
B04,Hostel,Dormitory,60000,6,2025-05-10 23:00:00,23,5,5,1,31.3,58.4,34.6,Low,42.2,61.3,Hot,39.36,High,334.56,27.95,0
B02,Computer Lab,Laboratory,28000,3,2025-05-11 00:00:00,0,6,5,1,30.7,60.7,7.0,Low,39.9,39.4,Hot,28.1,Medium,238.85,19.95,0
B02,Computer Lab,Laboratory,28000,3,2025-05-11 00:00:00,0,6,5,1,34.0,63.3,0.0,Low,40.8,31.6,Hot,24.44,Medium,207.74,17.35,0
B01,Academic Block,Classroom,45000,4,2025-05-11 03:00:00,3,6,5,1,29.7,67.3,0.0,Low,30.2,30.7,Hot,20.21,Low,171.78,14.35,0
B01,Academic Block,Classroom,45000,4,2025-05-11 03:00:00,3,6,5,1,28.2,64.7,9.6,Low,42.0,45.7,Moderate,24.84,Medium,211.14,17.64,0
B06,Research Lab,Laboratory,35000,4,2025-05-11 03:00:00,3,6,5,1,30.6,49.4,13.1,Low,31.9,48.7,Hot,26.62,Medium,226.27,18.9,0
B01,Academic Block,Classroom,45000,4,2025-05-11 04:00:00,4,6,5,1,31.2,47.7,23.8,Low,56.4,58.7,Hot,34.2,High,290.7,24.28,0
B02,Computer Lab,Laboratory,28000,3,2025-05-11 06:00:00,6,6,5,1,28.8,59.3,13.7,Low,35.9,47.7,Moderate,29.82,Medium,253.47,21.17,0
B03,Library,Library,22000,3,2025-05-11 10:00:00,10,6,5,1,29.9,61.2,16.7,Low,31.9,27.6,Hot,13.77,Low,117.04,9.78,0
B03,Library,Library,22000,3,2025-05-11 11:00:00,11,6,5,1,27.9,49.6,8.3,Low,35.9,22.0,Moderate,14.67,Low,124.7,10.42,0
B01,Academic Block,Classroom,45000,4,2025-05-11 12:00:00,12,6,5,1,30.8,60.2,8.8,Low,40.0,26.6,Hot,25.28,Medium,214.88,17.95,0
B04,Hostel,Dormitory,60000,6,2025-05-11 13:00:00,13,6,5,1,28.9,66.4,1.7,Low,32.1,7.7,Moderate,24.96,Medium,212.16,17.72,0
B01,Academic Block,Classroom,45000,4,2025-05-11 14:00:00,14,6,5,1,31.3,59.5,3.4,Low,34.2,19.8,Hot,25.09,Medium,213.26,17.81,0
B01,Academic Block,Classroom,45000,4,2025-05-11 16:00:00,16,6,5,1,33.0,60.7,3.3,Low,48.8,14.6,Hot,26.63,Medium,226.36,18.91,0
B01,Academic Block,Classroom,45000,4,2025-05-11 17:00:00,17,6,5,1,32.4,63.2,9.5,Low,45.3,24.0,Hot,31.24,High,265.54,22.18,0
B02,Computer Lab,Laboratory,28000,3,2025-05-11 19:00:00,19,6,5,1,30.9,49.1,0.4,Low,33.2,30.1,Hot,34.62,High,294.27,24.58,0
B01,Academic Block,Classroom,45000,4,2025-05-11 19:00:00,19,6,5,1,31.0,64.8,6.3,Low,40.8,44.0,Hot,25.16,Medium,213.86,17.86,0
B03,Library,Library,22000,3,2025-05-11 23:00:00,23,6,5,1,34.7,52.1,11.7,Low,42.3,46.7,Hot,33.31,High,283.14,23.65,0
B02,Computer Lab,Laboratory,28000,3,2025-05-12 00:00:00,0,0,5,0,30.7,58.8,0.0,Low,41.5,31.5,Hot,34.99,High,297.42,24.84,0
B06,Research Lab,Laboratory,35000,4,2025-05-12 01:00:00,1,0,5,0,32.6,54.3,22.4,Low,59.5,49.5,Hot,32.57,High,276.85,23.12,0
B06,Research Lab,Laboratory,35000,4,2025-05-12 01:00:00,1,0,5,0,31.6,67.2,24.5,Low,52.5,50.6,Hot,40.73,High,346.2,28.92,0
B01,Academic Block,Classroom,45000,4,2025-05-12 02:00:00,2,0,5,0,29.4,53.3,19.2,Low,36.1,49.7,Hot,24.5,Medium,208.25,17.4,0
B02,Computer Lab,Laboratory,28000,3,2025-05-12 04:00:00,4,0,5,0,29.1,71.4,14.7,Low,32.2,56.2,Hot,30.32,Medium,257.72,21.53,0
B03,Library,Library,22000,3,2025-05-12 07:00:00,7,0,5,0,31.5,76.5,14.3,Low,42.7,16.6,Hot,20.06,Low,170.51,14.24,0
B03,Library,Library,22000,3,2025-05-12 09:00:00,9,0,5,0,34.2,46.8,58.6,Medium,52.8,60.6,Hot,27.59,Medium,234.52,19.59,0
B04,Hostel,Dormitory,60000,6,2025-05-12 10:00:00,10,0,5,0,28.7,57.9,51.6,Medium,55.6,55.9,Moderate,41.83,High,355.56,29.7,0
B04,Hostel,Dormitory,60000,6,2025-05-12 11:00:00,11,0,5,0,28.9,66.2,52.3,Medium,54.7,51.6,Moderate,39.9,High,339.15,28.33,0
B06,Research Lab,Laboratory,35000,4,2025-05-12 12:00:00,12,0,5,0,27.4,56.1,47.2,Medium,45.3,42.0,Moderate,30.01,Medium,255.08,21.31,0
B04,Hostel,Dormitory,60000,6,2025-05-12 13:00:00,13,0,5,0,27.9,60.8,51.8,Medium,47.0,52.8,Moderate,30.82,Medium,261.97,21.88,0
B02,Computer Lab,Laboratory,28000,3,2025-05-12 14:00:00,14,0,5,0,29.6,62.6,62.3,Medium,54.8,55.6,Hot,37.51,High,318.83,26.63,0
B03,Library,Library,22000,3,2025-05-12 15:00:00,15,0,5,0,30.8,55.4,57.3,Medium,65.3,60.8,Hot,34.4,High,292.4,24.42,0
B02,Computer Lab,Laboratory,28000,3,2025-05-12 19:00:00,19,0,5,0,32.8,59.3,20.0,Low,44.0,43.1,Hot,24.61,Medium,209.18,17.47,0
B03,Library,Library,22000,3,2025-05-12 20:00:00,20,0,5,0,33.9,64.5,22.3,Low,42.0,51.5,Hot,29.52,Medium,250.92,20.96,0
B04,Hostel,Dormitory,60000,6,2025-05-12 22:00:00,22,0,5,0,33.0,58.1,28.3,Low,45.0,52.4,Hot,41.44,High,352.24,29.42,0
B04,Hostel,Dormitory,60000,6,2025-05-13 00:00:00,0,1,5,0,33.0,51.3,4.1,Low,47.2,43.7,Hot,33.09,High,281.27,23.49,0
B04,Hostel,Dormitory,60000,6,2025-05-13 03:00:00,3,1,5,0,29.5,69.6,20.8,Low,35.0,58.4,Hot,37.62,High,319.77,26.71,0
B03,Library,Library,22000,3,2025-05-13 06:00:00,6,1,5,0,29.1,71.4,16.7,Low,45.8,45.7,Hot,31.26,High,265.71,22.19,0
B04,Hostel,Dormitory,60000,6,2025-05-13 06:00:00,6,1,5,0,28.7,64.6,8.0,Low,33.7,35.7,Moderate,34.69,High,294.86,24.63,0
B04,Hostel,Dormitory,60000,6,2025-05-13 08:00:00,8,1,5,0,27.1,56.4,49.4,Medium,35.7,60.4,Moderate,41.34,High,351.39,29.35,0
B06,Research Lab,Laboratory,35000,4,2025-05-13 08:00:00,8,1,5,0,26.0,58.1,56.7,Medium,51.5,56.8,Moderate,35.1,High,298.35,24.92,0
B02,Computer Lab,Laboratory,28000,3,2025-05-13 09:00:00,9,1,5,0,28.0,46.0,60.7,Medium,50.4,62.1,Moderate,27.46,Medium,233.41,19.5,0
B02,Computer Lab,Laboratory,28000,3,2025-05-13 10:00:00,10,1,5,0,25.5,60.5,68.9,Medium,52.6,66.1,Moderate,34.43,High,292.65,24.45,0
B06,Research Lab,Laboratory,35000,4,2025-05-13 10:00:00,10,1,5,0,27.5,70.5,52.5,Medium,44.5,53.3,Moderate,26.73,Medium,227.2,18.98,0
B01,Academic Block,Classroom,45000,4,2025-05-13 11:00:00,11,1,5,0,30.4,55.9,68.6,Medium,66.5,64.0,Hot,34.87,High,296.4,24.76,0
B05,Administration,Office,18000,3,2025-05-13 14:00:00,14,1,5,0,31.2,53.3,64.5,Medium,61.8,53.9,Hot,28.96,Medium,246.16,20.56,0
B02,Computer Lab,Laboratory,28000,3,2025-05-13 15:00:00,15,1,5,0,31.5,67.0,44.9,Medium,65.8,57.5,Hot,33.17,High,281.94,23.55,0
B04,Hostel,Dormitory,60000,6,2025-05-13 17:00:00,17,1,5,0,34.1,65.8,68.5,Medium,70.0,67.4,Hot,45.27,High,384.8,32.14,0
B02,Computer Lab,Laboratory,28000,3,2025-05-13 19:00:00,19,1,5,0,31.8,55.8,13.5,Low,41.0,44.7,Hot,27.89,Medium,237.06,19.8,0
B06,Research Lab,Laboratory,35000,4,2025-05-13 20:00:00,20,1,5,0,34.0,61.4,20.1,Low,43.4,54.7,Hot,34.89,High,296.56,24.77,0
B06,Research Lab,Laboratory,35000,4,2025-05-13 22:00:00,22,1,5,0,31.5,53.7,0.7,Low,28.8,32.7,Hot,31.91,High,271.24,22.66,0
B05,Administration,Office,18000,3,2025-05-13 22:00:00,22,1,5,0,33.1,56.1,25.5,Low,48.1,56.0,Hot,29.01,Medium,246.58,20.6,0
B03,Library,Library,22000,3,2025-05-13 22:00:00,22,1,5,0,32.9,45.9,9.5,Low,42.4,38.3,Hot,28.76,Medium,244.46,20.42,0
B03,Library,Library,22000,3,2025-05-13 23:00:00,23,1,5,0,32.7,61.4,0.0,Low,48.8,33.3,Hot,23.69,Low,201.36,16.82,0
B01,Academic Block,Classroom,45000,4,2025-05-14 00:00:00,0,2,5,0,31.4,59.2,2.0,Low,35.2,39.4,Hot,30.63,Medium,260.36,21.75,0
B01,Academic Block,Classroom,45000,4,2025-05-14 00:00:00,0,2,5,0,32.5,54.3,3.4,Low,46.2,38.9,Hot,23.11,Low,196.44,16.41,0
B06,Research Lab,Laboratory,35000,4,2025-05-14 02:00:00,2,2,5,0,31.6,59.1,6.6,Low,38.9,38.3,Hot,24.89,Medium,211.56,17.67,0
B02,Computer Lab,Laboratory,28000,3,2025-05-14 03:00:00,3,2,5,0,28.3,60.9,3.0,Low,43.7,40.9,Moderate,28.02,Medium,238.17,19.89,0
B04,Hostel,Dormitory,60000,6,2025-05-14 04:00:00,4,2,5,0,31.3,54.2,17.7,Low,33.5,44.4,Hot,32.57,High,276.85,23.12,0
B03,Library,Library,22000,3,2025-05-14 06:00:00,6,2,5,0,27.4,65.9,13.3,Low,42.5,40.4,Moderate,20.71,Low,176.04,14.7,0
B01,Academic Block,Classroom,45000,4,2025-05-14 07:00:00,7,2,5,0,27.8,60.7,15.6,Low,32.9,24.4,Moderate,16.01,Low,136.08,11.37,0
B02,Computer Lab,Laboratory,28000,3,2025-05-14 09:00:00,9,2,5,0,29.4,60.5,61.8,Medium,60.3,60.2,Hot,32.02,High,272.17,22.73,0
B01,Academic Block,Classroom,45000,4,2025-05-14 09:00:00,9,2,5,0,30.0,50.8,64.9,Medium,66.5,62.0,Hot,31.41,High,266.98,22.3,0
B03,Library,Library,22000,3,2025-05-14 12:00:00,12,2,5,0,30.3,59.9,44.0,Medium,48.2,45.9,Hot,23.84,Low,202.64,16.93,0
B04,Hostel,Dormitory,60000,6,2025-05-14 13:00:00,13,2,5,0,31.0,58.9,40.4,Medium,43.8,49.8,Hot,38.11,High,323.94,27.06,0
B01,Academic Block,Classroom,45000,4,2025-05-14 13:00:00,13,2,5,0,28.8,56.2,56.3,Medium,44.8,64.7,Moderate,32.31,High,274.64,22.94,0
B05,Administration,Office,18000,3,2025-05-14 13:00:00,13,2,5,0,29.7,65.0,55.1,Medium,48.0,55.7,Hot,25.28,Medium,214.88,17.95,0
B06,Research Lab,Laboratory,35000,4,2025-05-14 13:00:00,13,2,5,0,27.4,48.3,70.7,High,39.9,71.0,Moderate,36.49,High,310.17,25.91,0
B03,Library,Library,22000,3,2025-05-14 14:00:00,14,2,5,0,29.6,57.9,44.4,Medium,47.9,44.6,Hot,23.95,Low,203.58,17.0,0
B02,Computer Lab,Laboratory,28000,3,2025-05-14 14:00:00,14,2,5,0,29.0,64.0,69.1,Medium,60.7,66.4,Moderate,33.14,High,281.69,23.53,0
B02,Computer Lab,Laboratory,28000,3,2025-05-14 17:00:00,17,2,5,0,32.4,73.8,51.4,Medium,58.2,55.9,Hot,31.1,High,264.35,22.08,0
B03,Library,Library,22000,3,2025-05-14 20:00:00,20,2,5,0,36.5,46.2,2.5,Low,44.7,32.7,Hot,34.98,High,297.33,24.84,0
B03,Library,Library,22000,3,2025-05-14 20:00:00,20,2,5,0,34.1,58.3,15.0,Low,41.7,50.0,Hot,25.33,Medium,215.3,17.98,0
B02,Computer Lab,Laboratory,28000,3,2025-05-14 21:00:00,21,2,5,0,29.6,65.2,20.9,Low,37.6,47.0,Hot,21.92,Low,186.32,15.56,0
B04,Hostel,Dormitory,60000,6,2025-05-14 23:00:00,23,2,5,0,30.1,61.4,20.6,Low,43.5,55.6,Hot,30.99,High,263.41,22.0,0
B06,Research Lab,Laboratory,35000,4,2025-05-15 00:00:00,0,3,5,0,30.1,52.3,11.4,Low,43.5,47.8,Hot,29.82,Medium,253.47,21.17,0
B02,Computer Lab,Laboratory,28000,3,2025-05-15 01:00:00,1,3,5,0,28.9,58.5,20.3,Low,30.6,55.8,Moderate,25.66,Medium,218.11,18.22,0
B03,Library,Library,22000,3,2025-05-15 04:00:00,4,3,5,0,29.6,44.2,18.4,Low,41.1,53.9,Hot,22.2,Low,188.7,15.76,0
B06,Research Lab,Laboratory,35000,4,2025-05-15 05:00:00,5,3,5,0,30.0,61.0,1.2,Low,36.4,45.6,Hot,30.8,Medium,261.8,21.87,0
B04,Hostel,Dormitory,60000,6,2025-05-15 05:00:00,5,3,5,0,27.7,52.9,10.6,Low,28.3,45.5,Moderate,26.94,Medium,228.99,19.13,0
B05,Administration,Office,18000,3,2025-05-15 12:00:00,12,3,5,0,29.7,64.4,51.4,Medium,55.1,46.3,Hot,27.71,Medium,235.54,19.67,0
B01,Academic Block,Classroom,45000,4,2025-05-15 15:00:00,15,3,5,0,31.9,54.9,69.2,Medium,67.6,67.5,Hot,39.02,High,331.67,27.7,0
B03,Library,Library,22000,3,2025-05-15 15:00:00,15,3,5,0,32.6,53.7,56.1,Medium,55.3,54.8,Hot,32.68,High,277.78,23.2,0
B06,Research Lab,Laboratory,35000,4,2025-05-15 16:00:00,16,3,5,0,32.3,60.3,62.8,Medium,55.3,55.3,Hot,38.28,High,325.38,27.18,0
B04,Hostel,Dormitory,60000,6,2025-05-15 18:00:00,18,3,5,0,33.3,60.2,44.3,Medium,68.8,54.6,Hot,41.17,High,349.94,29.23,0
B05,Administration,Office,18000,3,2025-05-15 20:00:00,20,3,5,0,33.0,64.7,7.1,Low,47.1,38.8,Hot,16.88,Low,143.48,11.98,0
B03,Library,Library,22000,3,2025-05-15 20:00:00,20,3,5,0,31.5,58.0,18.9,Low,44.8,41.7,Hot,27.56,Medium,234.26,19.57,0
B04,Hostel,Dormitory,60000,6,2025-05-15 20:00:00,20,3,5,0,31.9,58.7,39.2,Medium,47.5,61.2,Hot,39.61,High,336.68,28.12,0
B01,Academic Block,Classroom,45000,4,2025-05-15 21:00:00,21,3,5,0,31.0,50.5,23.7,Low,39.9,64.1,Hot,31.0,High,263.5,22.01,0
B05,Administration,Office,18000,3,2025-05-15 22:00:00,22,3,5,0,35.0,67.1,21.9,Low,54.5,58.3,Hot,30.9,High,262.65,21.94,0
B04,Hostel,Dormitory,60000,6,2025-05-15 22:00:00,22,3,5,0,30.6,54.0,20.5,Low,37.7,54.0,Hot,29.88,Medium,253.98,21.21,0
B03,Library,Library,22000,3,2025-05-15 22:00:00,22,3,5,0,34.2,62.7,20.6,Low,44.0,53.6,Hot,30.06,Medium,255.51,21.34,0
B05,Administration,Office,18000,3,2025-05-15 23:00:00,23,3,5,0,30.3,65.9,11.8,Low,38.3,39.3,Hot,21.03,Low,178.76,14.93,0
B05,Administration,Office,18000,3,2025-05-15 23:00:00,23,3,5,0,33.6,60.9,17.1,Low,50.7,42.9,Hot,26.79,Medium,227.72,19.02,0
B06,Research Lab,Laboratory,35000,4,2025-05-15 23:00:00,23,3,5,0,33.9,56.2,9.6,Low,55.4,45.0,Hot,40.88,High,347.48,29.02,0
B06,Research Lab,Laboratory,35000,4,2025-05-15 23:00:00,23,3,5,0,34.2,55.1,5.6,Low,45.4,47.1,Hot,34.53,High,293.5,24.52,0
B04,Hostel,Dormitory,60000,6,2025-05-15 23:00:00,23,3,5,0,30.9,59.8,30.0,Low,41.6,52.4,Hot,53.3,High,453.05,37.84,1
B02,Computer Lab,Laboratory,28000,3,2025-05-16 00:00:00,0,4,5,0,32.4,45.8,12.5,Low,41.5,43.9,Hot,28.92,Medium,245.82,20.53,0
B01,Academic Block,Classroom,45000,4,2025-05-16 03:00:00,3,4,5,0,29.7,61.1,14.0,Low,46.6,46.7,Hot,24.34,Low,206.89,17.28,0
B01,Academic Block,Classroom,45000,4,2025-05-16 05:00:00,5,4,5,0,28.4,72.7,18.8,Low,45.3,46.7,Moderate,27.83,Medium,236.55,19.76,0
B05,Administration,Office,18000,3,2025-05-16 07:00:00,7,4,5,0,29.2,60.1,4.7,Low,42.1,17.6,Hot,19.41,Low,164.98,13.78,0
B01,Academic Block,Classroom,45000,4,2025-05-16 07:00:00,7,4,5,0,30.4,60.5,4.1,Low,42.6,12.9,Hot,23.3,Low,198.05,16.54,0
B01,Academic Block,Classroom,45000,4,2025-05-16 07:00:00,7,4,5,0,28.3,55.2,0.6,Low,43.0,17.0,Moderate,26.37,Medium,224.14,18.72,0
B05,Administration,Office,18000,3,2025-05-16 09:00:00,9,4,5,0,29.7,62.5,61.1,Medium,56.5,61.7,Hot,29.55,Medium,251.18,20.98,0
B02,Computer Lab,Laboratory,28000,3,2025-05-16 11:00:00,11,4,5,0,28.3,56.9,52.7,Medium,54.3,57.6,Moderate,30.54,Medium,259.59,21.68,0
B01,Academic Block,Classroom,45000,4,2025-05-16 12:00:00,12,4,5,0,28.5,68.1,64.3,Medium,49.4,62.2,Moderate,35.67,High,303.2,25.33,0
B01,Academic Block,Classroom,45000,4,2025-05-16 15:00:00,15,4,5,0,31.1,68.1,66.8,Medium,61.2,68.7,Hot,35.6,High,302.6,25.28,0
B06,Research Lab,Laboratory,35000,4,2025-05-16 15:00:00,15,4,5,0,31.2,69.6,46.3,Medium,54.4,51.4,Hot,37.52,High,318.92,26.64,0
B06,Research Lab,Laboratory,35000,4,2025-05-16 17:00:00,17,4,5,0,33.5,48.1,54.9,Medium,64.6,62.4,Hot,38.49,High,327.17,27.33,0
B01,Academic Block,Classroom,45000,4,2025-05-16 17:00:00,17,4,5,0,30.6,65.6,69.1,Medium,55.9,65.5,Hot,41.43,High,352.16,29.42,0
B05,Administration,Office,18000,3,2025-05-16 19:00:00,19,4,5,0,36.3,60.5,12.5,Low,40.7,49.1,Hot,28.65,Medium,243.52,20.34,0
B04,Hostel,Dormitory,60000,6,2025-05-16 20:00:00,20,4,5,0,30.4,57.8,29.4,Low,41.9,55.9,Hot,35.64,High,302.94,25.3,0
B02,Computer Lab,Laboratory,28000,3,2025-05-16 20:00:00,20,4,5,0,33.4,66.6,11.8,Low,51.0,47.1,Hot,28.91,Medium,245.74,20.53,0
B05,Administration,Office,18000,3,2025-05-16 20:00:00,20,4,5,0,32.7,61.7,10.1,Low,41.5,49.2,Hot,44.23,High,375.96,31.4,1
B03,Library,Library,22000,3,2025-05-16 20:00:00,20,4,5,0,32.1,68.9,5.0,Low,42.7,44.6,Hot,20.18,Low,171.53,14.33,0
B01,Academic Block,Classroom,45000,4,2025-05-16 21:00:00,21,4,5,0,32.8,49.9,3.8,Low,37.2,36.8,Hot,28.87,Medium,245.4,20.5,0
B04,Hostel,Dormitory,60000,6,2025-05-16 22:00:00,22,4,5,0,33.8,53.0,50.8,Medium,65.3,70.5,Hot,40.82,High,346.97,28.98,0
B03,Library,Library,22000,3,2025-05-17 00:00:00,0,5,5,1,33.4,58.9,16.4,Low,45.6,52.2,Hot,29.6,Medium,251.6,21.02,0
B03,Library,Library,22000,3,2025-05-17 02:00:00,2,5,5,1,30.8,68.6,19.6,Low,42.0,47.4,Hot,26.08,Medium,221.68,18.52,0
B05,Administration,Office,18000,3,2025-05-17 02:00:00,2,5,5,1,31.7,62.8,16.2,Low,51.1,52.1,Hot,25.31,Medium,215.14,17.97,0
B04,Hostel,Dormitory,60000,6,2025-05-17 05:00:00,5,5,5,1,27.7,56.2,21.8,Low,47.3,45.4,Moderate,31.43,High,267.15,22.32,0
B01,Academic Block,Classroom,45000,4,2025-05-17 06:00:00,6,5,5,1,29.1,74.2,16.0,Low,46.5,49.4,Hot,30.32,Medium,257.72,21.53,0
B02,Computer Lab,Laboratory,28000,3,2025-05-17 07:00:00,7,5,5,1,29.8,59.1,0.0,Low,32.1,13.2,Hot,19.45,Low,165.32,13.81,0
B05,Administration,Office,18000,3,2025-05-17 09:00:00,9,5,5,1,25.8,57.9,6.1,Low,25.4,11.2,Moderate,12.06,Low,102.51,8.56,0
B06,Research Lab,Laboratory,35000,4,2025-05-17 11:00:00,11,5,5,1,29.9,55.7,13.7,Low,33.5,21.4,Hot,29.11,Medium,247.44,20.67,0
B03,Library,Library,22000,3,2025-05-17 11:00:00,11,5,5,1,29.5,52.1,13.5,Low,29.3,23.2,Hot,21.49,Low,182.66,15.26,0
B05,Administration,Office,18000,3,2025-05-17 11:00:00,11,5,5,1,31.6,44.0,12.9,Low,36.2,34.3,Hot,23.91,Low,203.24,16.98,0
B03,Library,Library,22000,3,2025-05-17 12:00:00,12,5,5,1,30.4,59.9,4.2,Low,31.5,3.2,Hot,38.99,High,331.42,27.68,1
B04,Hostel,Dormitory,60000,6,2025-05-17 12:00:00,12,5,5,1,30.9,49.4,8.1,Low,31.3,19.4,Hot,32.33,High,274.8,22.95,0
B05,Administration,Office,18000,3,2025-05-17 15:00:00,15,5,5,1,31.3,62.2,13.7,Low,32.4,23.5,Hot,19.33,Low,164.3,13.72,0
B05,Administration,Office,18000,3,2025-05-17 16:00:00,16,5,5,1,33.1,65.4,12.3,Low,36.5,19.4,Hot,22.65,Low,192.52,16.08,0
B01,Academic Block,Classroom,45000,4,2025-05-17 16:00:00,16,5,5,1,33.0,61.2,17.4,Low,45.6,26.1,Hot,23.69,Low,201.36,16.82,0
B01,Academic Block,Classroom,45000,4,2025-05-17 17:00:00,17,5,5,1,30.6,60.8,4.5,Low,39.7,17.6,Hot,27.18,Medium,231.03,19.3,0
B01,Academic Block,Classroom,45000,4,2025-05-17 17:00:00,17,5,5,1,33.0,47.8,15.4,Low,47.3,23.2,Hot,35.82,High,304.47,25.43,0
B04,Hostel,Dormitory,60000,6,2025-05-17 19:00:00,19,5,5,1,34.9,63.0,28.0,Low,49.9,57.8,Hot,41.98,High,356.83,29.81,0
B05,Administration,Office,18000,3,2025-05-17 19:00:00,19,5,5,1,34.6,70.9,9.5,Low,43.9,50.0,Hot,32.27,High,274.3,22.91,0
B01,Academic Block,Classroom,45000,4,2025-05-17 19:00:00,19,5,5,1,33.1,68.4,11.6,Low,46.2,43.5,Hot,28.29,Medium,240.46,20.09,0
B04,Hostel,Dormitory,60000,6,2025-05-17 19:00:00,19,5,5,1,33.6,48.8,19.9,Low,49.0,46.5,Hot,36.9,High,313.65,26.2,0
B05,Administration,Office,18000,3,2025-05-17 21:00:00,21,5,5,1,34.5,56.9,12.9,Low,50.4,44.1,Hot,25.41,Medium,215.98,18.04,0
B01,Academic Block,Classroom,45000,4,2025-05-17 21:00:00,21,5,5,1,31.4,57.9,20.8,Low,38.4,48.9,Hot,47.05,High,399.92,33.41,1
B01,Academic Block,Classroom,45000,4,2025-05-17 21:00:00,21,5,5,1,33.8,55.2,3.5,Low,52.9,43.1,Hot,37.76,High,320.96,26.81,0
B05,Administration,Office,18000,3,2025-05-18 01:00:00,1,6,5,1,28.8,62.1,25.0,Low,44.8,51.4,Moderate,23.9,Low,203.15,16.97,0
B04,Hostel,Dormitory,60000,6,2025-05-18 02:00:00,2,6,5,1,32.5,74.2,7.5,Low,46.0,43.1,Hot,38.6,High,328.1,27.41,0
B04,Hostel,Dormitory,60000,6,2025-05-18 02:00:00,2,6,5,1,30.6,61.3,16.1,Low,34.7,48.5,Hot,31.54,High,268.09,22.39,0
B05,Administration,Office,18000,3,2025-05-18 03:00:00,3,6,5,1,30.6,57.4,2.7,Low,29.9,37.6,Hot,22.27,Low,189.3,15.81,0
B02,Computer Lab,Laboratory,28000,3,2025-05-18 03:00:00,3,6,5,1,29.9,63.2,27.1,Low,39.5,49.6,Hot,26.24,Medium,223.04,18.63,0
B06,Research Lab,Laboratory,35000,4,2025-05-18 03:00:00,3,6,5,1,30.6,51.3,4.6,Low,41.5,35.4,Hot,26.53,Medium,225.5,18.84,0
B03,Library,Library,22000,3,2025-05-18 07:00:00,7,6,5,1,29.7,56.2,13.4,Low,31.6,24.1,Hot,23.78,Low,202.13,16.88,0
B05,Administration,Office,18000,3,2025-05-18 09:00:00,9,6,5,1,30.4,67.6,8.2,Low,40.7,15.2,Hot,16.66,Low,141.61,11.83,0
B05,Administration,Office,18000,3,2025-05-18 11:00:00,11,6,5,1,31.7,61.0,11.7,Low,50.3,18.9,Hot,19.07,Low,162.1,13.54,0
B03,Library,Library,22000,3,2025-05-18 11:00:00,11,6,5,1,29.9,75.8,12.8,Low,34.5,22.2,Hot,28.77,Medium,244.54,20.43,1
B03,Library,Library,22000,3,2025-05-18 11:00:00,11,6,5,1,27.3,65.0,9.7,Low,27.3,24.0,Moderate,17.02,Low,144.67,12.08,0
B01,Academic Block,Classroom,45000,4,2025-05-18 12:00:00,12,6,5,1,32.2,50.5,7.2,Low,36.5,27.4,Hot,35.4,High,300.9,25.13,0
B01,Academic Block,Classroom,45000,4,2025-05-18 12:00:00,12,6,5,1,28.0,51.5,11.7,Low,33.9,25.1,Moderate,23.19,Low,197.12,16.46,0
B01,Academic Block,Classroom,45000,4,2025-05-18 19:00:00,19,6,5,1,32.5,66.0,11.5,Low,48.6,44.3,Hot,26.56,Medium,225.76,18.86,0
B01,Academic Block,Classroom,45000,4,2025-05-18 19:00:00,19,6,5,1,32.4,51.8,14.3,Low,49.8,46.1,Hot,29.26,Medium,248.71,20.77,0
B04,Hostel,Dormitory,60000,6,2025-05-18 19:00:00,19,6,5,1,33.2,50.5,35.4,Medium,57.3,59.8,Hot,40.35,High,342.98,28.65,0
B05,Administration,Office,18000,3,2025-05-18 19:00:00,19,6,5,1,31.2,56.4,17.7,Low,31.1,47.8,Hot,22.34,Low,189.89,15.86,0
B03,Library,Library,22000,3,2025-05-18 21:00:00,21,6,5,1,31.2,67.0,15.9,Low,41.0,49.7,Hot,25.42,Medium,216.07,18.05,0
B02,Computer Lab,Laboratory,28000,3,2025-05-18 21:00:00,21,6,5,1,33.1,55.9,12.9,Low,39.2,49.4,Hot,23.21,Low,197.28,16.48,0
B05,Administration,Office,18000,3,2025-05-18 22:00:00,22,6,5,1,31.7,53.7,10.2,Low,43.5,30.4,Hot,18.1,Low,153.85,12.85,0
B06,Research Lab,Laboratory,35000,4,2025-05-18 22:00:00,22,6,5,1,35.0,65.5,1.3,Low,49.3,39.6,Hot,30.51,Medium,259.34,21.66,0
B05,Administration,Office,18000,3,2025-05-18 23:00:00,23,6,5,1,31.8,66.9,13.1,Low,39.2,43.4,Hot,26.62,Medium,226.27,18.9,0
B02,Computer Lab,Laboratory,28000,3,2025-05-19 00:00:00,0,0,5,0,30.7,72.1,19.7,Low,54.1,52.2,Hot,26.21,Medium,222.78,18.61,0
B01,Academic Block,Classroom,45000,4,2025-05-19 00:00:00,0,0,5,0,34.8,66.6,6.6,Low,39.9,41.8,Hot,34.19,High,290.62,24.27,0
B04,Hostel,Dormitory,60000,6,2025-05-19 00:00:00,0,0,5,0,33.0,66.0,7.3,Low,45.5,39.8,Hot,38.51,High,327.33,27.34,0
B02,Computer Lab,Laboratory,28000,3,2025-05-19 02:00:00,2,0,5,0,35.3,51.5,21.1,Low,64.2,53.5,Hot,35.83,High,304.56,25.44,0
B06,Research Lab,Laboratory,35000,4,2025-05-19 05:00:00,5,0,5,0,27.0,68.0,23.4,Low,42.7,54.0,Moderate,19.72,Low,167.62,14.0,0
B02,Computer Lab,Laboratory,28000,3,2025-05-19 05:00:00,5,0,5,0,30.1,69.4,6.2,Low,40.3,39.5,Hot,29.96,Medium,254.66,21.27,0
B05,Administration,Office,18000,3,2025-05-19 05:00:00,5,0,5,0,30.6,73.5,29.9,Low,44.9,56.9,Hot,29.08,Medium,247.18,20.65,0
B01,Academic Block,Classroom,45000,4,2025-05-19 07:00:00,7,0,5,0,29.4,62.7,14.9,Low,42.2,21.2,Hot,25.99,Medium,220.92,18.45,0
B01,Academic Block,Classroom,45000,4,2025-05-19 10:00:00,10,0,5,0,29.0,58.4,73.1,High,54.9,69.9,Moderate,32.52,High,276.42,23.09,0
B06,Research Lab,Laboratory,35000,4,2025-05-19 11:00:00,11,0,5,0,31.7,53.5,56.3,Medium,63.9,47.3,Hot,43.24,High,367.54,30.7,0
B03,Library,Library,22000,3,2025-05-19 11:00:00,11,0,5,0,30.5,67.5,56.7,Medium,50.8,59.0,Hot,26.05,Medium,221.42,18.5,0
B01,Academic Block,Classroom,45000,4,2025-05-19 12:00:00,12,0,5,0,27.7,58.2,69.6,Medium,53.1,70.9,Moderate,36.35,High,308.98,25.81,0
B02,Computer Lab,Laboratory,28000,3,2025-05-19 12:00:00,12,0,5,0,28.9,62.6,52.5,Medium,45.8,47.1,Moderate,24.7,Medium,209.95,17.54,0
B05,Administration,Office,18000,3,2025-05-19 13:00:00,13,0,5,0,29.0,55.6,74.3,High,56.5,69.3,Moderate,30.45,Medium,258.82,21.62,0
B06,Research Lab,Laboratory,35000,4,2025-05-19 13:00:00,13,0,5,0,30.5,59.5,58.5,Medium,53.0,66.0,Hot,31.18,High,265.03,22.14,0
B03,Library,Library,22000,3,2025-05-19 14:00:00,14,0,5,0,32.7,61.9,51.4,Medium,45.2,64.5,Hot,31.81,High,270.38,22.59,0
B01,Academic Block,Classroom,45000,4,2025-05-19 18:00:00,18,0,5,0,32.4,61.0,58.5,Medium,59.4,58.4,Hot,37.07,High,315.1,26.32,0
B04,Hostel,Dormitory,60000,6,2025-05-19 18:00:00,18,0,5,0,32.6,64.1,54.9,Medium,55.4,56.5,Hot,41.22,High,350.37,29.27,0
B03,Library,Library,22000,3,2025-05-19 19:00:00,19,0,5,0,31.7,50.0,13.8,Low,34.4,45.0,Hot,22.26,Low,189.21,15.8,0
B03,Library,Library,22000,3,2025-05-19 19:00:00,19,0,5,0,34.3,56.7,5.2,Low,39.9,39.7,Hot,30.66,Medium,260.61,21.77,0
B01,Academic Block,Classroom,45000,4,2025-05-19 20:00:00,20,0,5,0,35.1,53.6,13.0,Low,50.3,50.9,Hot,35.56,High,302.26,25.25,0
B03,Library,Library,22000,3,2025-05-19 21:00:00,21,0,5,0,33.1,51.6,15.4,Low,34.7,46.6,Hot,27.17,Medium,230.95,19.29,0
B02,Computer Lab,Laboratory,28000,3,2025-05-19 21:00:00,21,0,5,0,35.6,51.3,9.2,Low,46.7,35.0,Hot,44.27,High,376.3,31.43,0
B04,Hostel,Dormitory,60000,6,2025-05-19 23:00:00,23,0,5,0,31.8,53.3,34.6,Low,56.6,62.2,Hot,35.68,High,303.28,25.33,0
B04,Hostel,Dormitory,60000,6,2025-05-20 01:00:00,1,1,5,0,29.7,63.7,12.0,Low,35.5,42.1,Hot,29.85,Medium,253.73,21.19,0
B02,Computer Lab,Laboratory,28000,3,2025-05-20 02:00:00,2,1,5,0,32.5,61.8,10.5,Low,51.3,37.3,Hot,24.25,Low,206.12,17.22,0
B01,Academic Block,Classroom,45000,4,2025-05-20 03:00:00,3,1,5,0,30.6,66.6,5.3,Low,43.8,33.4,Hot,21.24,Low,180.54,15.08,0
B05,Administration,Office,18000,3,2025-05-20 04:00:00,4,1,5,0,29.4,63.8,13.4,Low,40.2,44.5,Hot,27.38,Medium,232.73,19.44,0
B02,Computer Lab,Laboratory,28000,3,2025-05-20 06:00:00,6,1,5,0,29.7,62.4,0.0,Low,33.7,38.1,Hot,22.72,Low,193.12,16.13,0
B06,Research Lab,Laboratory,35000,4,2025-05-20 06:00:00,6,1,5,0,27.2,63.8,22.1,Low,37.1,54.4,Moderate,18.44,Low,156.74,13.09,0
B01,Academic Block,Classroom,45000,4,2025-05-20 06:00:00,6,1,5,0,26.9,68.2,20.3,Low,38.9,56.3,Moderate,25.5,Medium,216.75,18.1,0
B06,Research Lab,Laboratory,35000,4,2025-05-20 07:00:00,7,1,5,0,29.5,46.7,4.8,Low,47.2,14.8,Hot,24.81,Medium,210.88,17.62,0
B04,Hostel,Dormitory,60000,6,2025-05-20 07:00:00,7,1,5,0,30.0,60.6,1.9,Low,38.1,14.6,Hot,26.99,Medium,229.42,19.16,0
B04,Hostel,Dormitory,60000,6,2025-05-20 08:00:00,8,1,5,0,31.4,62.1,59.2,Medium,66.6,62.6,Hot,41.27,High,350.8,29.3,0
B05,Administration,Office,18000,3,2025-05-20 09:00:00,9,1,5,0,30.7,73.0,61.5,Medium,50.2,64.7,Hot,28.96,Medium,246.16,20.56,0
B05,Administration,Office,18000,3,2025-05-20 10:00:00,10,1,5,0,30.5,52.8,63.1,Medium,54.1,59.7,Hot,27.02,Medium,229.67,19.18,0
B04,Hostel,Dormitory,60000,6,2025-05-20 11:00:00,11,1,5,0,31.8,51.5,51.2,Medium,55.7,50.0,Hot,43.78,High,372.13,31.08,0
B02,Computer Lab,Laboratory,28000,3,2025-05-20 13:00:00,13,1,5,0,31.5,43.9,49.6,Medium,62.5,54.6,Hot,34.12,High,290.02,24.23,0
B02,Computer Lab,Laboratory,28000,3,2025-05-20 18:00:00,18,1,5,0,32.5,49.3,64.3,Medium,50.7,67.6,Hot,36.52,High,310.42,25.93,0
B05,Administration,Office,18000,3,2025-05-20 19:00:00,19,1,5,0,34.6,56.3,15.1,Low,66.1,45.1,Hot,29.47,Medium,250.5,20.92,0
B01,Academic Block,Classroom,45000,4,2025-05-20 20:00:00,20,1,5,0,34.6,52.3,12.1,Low,46.9,46.4,Hot,30.0,Medium,255.0,21.3,0
B04,Hostel,Dormitory,60000,6,2025-05-20 21:00:00,21,1,5,0,33.2,53.2,16.1,Low,52.9,47.1,Hot,34.92,High,296.82,24.79,0
B04,Hostel,Dormitory,60000,6,2025-05-20 22:00:00,22,1,5,0,31.2,60.2,35.5,Medium,48.9,58.4,Hot,38.87,High,330.4,27.6,0
B02,Computer Lab,Laboratory,28000,3,2025-05-20 22:00:00,22,1,5,0,30.3,64.8,14.6,Low,35.2,49.6,Hot,24.2,Low,205.7,17.18,0
B02,Computer Lab,Laboratory,28000,3,2025-05-20 22:00:00,22,1,5,0,34.3,57.6,11.3,Low,56.4,42.3,Hot,35.68,High,303.28,25.33,0
B01,Academic Block,Classroom,45000,4,2025-05-20 23:00:00,23,1,5,0,33.4,58.5,18.8,Low,45.9,41.5,Hot,31.46,High,267.41,22.34,0
B02,Computer Lab,Laboratory,28000,3,2025-05-21 00:00:00,0,2,5,0,33.3,61.2,19.9,Low,43.0,46.6,Hot,28.99,Medium,246.42,20.58,0
B06,Research Lab,Laboratory,35000,4,2025-05-21 00:00:00,0,2,5,0,33.7,45.2,14.3,Low,48.4,34.5,Hot,34.61,High,294.18,24.57,0
B03,Library,Library,22000,3,2025-05-21 04:00:00,4,2,5,0,29.0,62.7,1.4,Low,36.7,49.6,Moderate,20.36,Low,173.06,14.46,0
B03,Library,Library,22000,3,2025-05-21 04:00:00,4,2,5,0,27.5,62.5,3.1,Low,33.0,43.8,Moderate,12.91,Low,109.74,9.17,0
B02,Computer Lab,Laboratory,28000,3,2025-05-21 08:00:00,8,2,5,0,30.1,60.9,53.9,Medium,55.9,48.8,Hot,25.85,Medium,219.73,18.35,0
B05,Administration,Office,18000,3,2025-05-21 08:00:00,8,2,5,0,31.1,56.0,61.0,Medium,60.0,57.8,Hot,31.4,High,266.9,22.29,0
B04,Hostel,Dormitory,60000,6,2025-05-21 10:00:00,10,2,5,0,30.1,59.5,56.9,Medium,61.9,58.8,Hot,37.92,High,322.32,26.92,0
B02,Computer Lab,Laboratory,28000,3,2025-05-21 11:00:00,11,2,5,0,27.7,65.7,61.1,Medium,52.0,68.8,Moderate,32.23,High,273.96,22.88,0
B05,Administration,Office,18000,3,2025-05-21 12:00:00,12,2,5,0,30.7,71.7,61.5,Medium,53.3,64.7,Hot,29.53,Medium,251.0,20.97,0
B01,Academic Block,Classroom,45000,4,2025-05-21 15:00:00,15,2,5,0,30.2,49.0,71.0,High,63.9,69.4,Hot,40.88,High,347.48,29.02,0
B04,Hostel,Dormitory,60000,6,2025-05-21 16:00:00,16,2,5,0,30.0,65.0,45.6,Medium,35.6,46.3,Hot,41.86,High,355.81,29.72,0
B06,Research Lab,Laboratory,35000,4,2025-05-21 17:00:00,17,2,5,0,32.7,67.4,63.2,Medium,65.0,64.8,Hot,35.95,High,305.58,25.52,0
B01,Academic Block,Classroom,45000,4,2025-05-21 17:00:00,17,2,5,0,33.0,49.7,68.2,Medium,72.7,68.3,Hot,40.12,High,341.02,28.49,0
B01,Academic Block,Classroom,45000,4,2025-05-21 18:00:00,18,2,5,0,32.9,57.4,70.3,High,68.8,67.9,Hot,39.85,High,338.72,28.29,0
B03,Library,Library,22000,3,2025-05-21 19:00:00,19,2,5,0,33.9,59.8,17.9,Low,38.2,48.0,Hot,32.97,High,280.24,23.41,0
B04,Hostel,Dormitory,60000,6,2025-05-22 01:00:00,1,3,5,0,30.7,74.5,11.7,Low,48.4,41.5,Hot,29.73,Medium,252.7,21.11,0
B03,Library,Library,22000,3,2025-05-22 04:00:00,4,3,5,0,30.5,75.8,0.0,Low,32.0,41.4,Hot,25.62,Medium,217.77,18.19,0
B06,Research Lab,Laboratory,35000,4,2025-05-22 05:00:00,5,3,5,0,29.2,52.7,7.4,Low,36.7,32.1,Hot,28.38,Medium,241.23,20.15,0
B06,Research Lab,Laboratory,35000,4,2025-05-22 05:00:00,5,3,5,0,29.6,59.2,17.5,Low,47.5,49.7,Hot,27.79,Medium,236.22,19.73,0
B06,Research Lab,Laboratory,35000,4,2025-05-22 06:00:00,6,3,5,0,30.1,62.3,8.0,Low,33.7,41.1,Hot,30.53,Medium,259.5,21.68,0
B04,Hostel,Dormitory,60000,6,2025-05-22 07:00:00,7,3,5,0,31.0,64.1,7.3,Low,39.6,10.6,Hot,30.81,Medium,261.88,21.88,0
B01,Academic Block,Classroom,45000,4,2025-05-22 08:00:00,8,3,5,0,29.8,62.6,67.0,Medium,49.7,63.4,Hot,28.52,Medium,242.42,20.25,0
B03,Library,Library,22000,3,2025-05-22 11:00:00,11,3,5,0,30.9,53.6,62.6,Medium,56.8,56.9,Hot,30.42,Medium,258.57,21.6,0
B03,Library,Library,22000,3,2025-05-22 11:00:00,11,3,5,0,30.0,54.1,58.1,Medium,47.7,53.4,Hot,26.63,Medium,226.36,18.91,0
B03,Library,Library,22000,3,2025-05-22 13:00:00,13,3,5,0,31.6,48.9,67.1,Medium,63.7,61.4,Hot,30.45,Medium,258.82,21.62,0
B01,Academic Block,Classroom,45000,4,2025-05-22 16:00:00,16,3,5,0,33.9,43.7,69.4,Medium,57.0,73.3,Hot,38.05,High,323.42,27.02,0
B02,Computer Lab,Laboratory,28000,3,2025-05-22 19:00:00,19,3,5,0,36.1,45.2,14.5,Low,49.9,45.6,Hot,38.79,High,329.72,27.54,0
B06,Research Lab,Laboratory,35000,4,2025-05-22 20:00:00,20,3,5,0,35.2,65.0,10.4,Low,44.0,46.5,Hot,36.03,High,306.26,25.58,0
B06,Research Lab,Laboratory,35000,4,2025-05-22 21:00:00,21,3,5,0,33.2,63.4,1.1,Low,36.3,29.8,Hot,28.62,Medium,243.27,20.32,0
B03,Library,Library,22000,3,2025-05-22 23:00:00,23,3,5,0,34.5,61.3,13.0,Low,53.7,41.7,Hot,27.27,Medium,231.8,19.36,0
B02,Computer Lab,Laboratory,28000,3,2025-05-23 00:00:00,0,4,5,0,33.2,56.9,12.3,Low,38.0,42.1,Hot,28.5,Medium,242.25,20.24,0
B02,Computer Lab,Laboratory,28000,3,2025-05-23 03:00:00,3,4,5,0,30.0,60.7,16.6,Low,37.0,48.2,Hot,24.81,Medium,210.88,17.62,0
B03,Library,Library,22000,3,2025-05-23 03:00:00,3,4,5,0,31.7,57.8,14.1,Low,43.5,48.2,Hot,23.33,Low,198.3,16.56,0
B02,Computer Lab,Laboratory,28000,3,2025-05-23 04:00:00,4,4,5,0,28.7,50.9,13.9,Low,40.8,46.8,Moderate,28.34,Medium,240.89,20.12,0
B01,Academic Block,Classroom,45000,4,2025-05-23 04:00:00,4,4,5,0,31.3,64.5,19.9,Low,32.9,45.9,Hot,27.57,Medium,234.34,19.57,0
B05,Administration,Office,18000,3,2025-05-23 04:00:00,4,4,5,0,33.0,64.6,10.2,Low,42.3,46.4,Hot,25.42,Medium,216.07,18.05,0
B03,Library,Library,22000,3,2025-05-23 05:00:00,5,4,5,0,31.2,52.0,17.9,Low,47.4,45.4,Hot,23.39,Low,198.82,16.61,0
B02,Computer Lab,Laboratory,28000,3,2025-05-23 05:00:00,5,4,5,0,31.8,51.5,21.0,Low,55.0,52.1,Hot,25.03,Medium,212.76,17.77,0
B02,Computer Lab,Laboratory,28000,3,2025-05-23 06:00:00,6,4,5,0,29.1,64.2,8.1,Low,35.8,34.2,Hot,25.16,Medium,213.86,17.86,0
B01,Academic Block,Classroom,45000,4,2025-05-23 06:00:00,6,4,5,0,30.4,63.1,9.1,Low,29.9,40.5,Hot,23.81,Low,202.38,16.91,0
B02,Computer Lab,Laboratory,28000,3,2025-05-23 07:00:00,7,4,5,0,30.5,65.7,6.6,Low,37.5,22.5,Hot,27.42,Medium,233.07,19.47,0
B01,Academic Block,Classroom,45000,4,2025-05-23 09:00:00,9,4,5,0,29.0,71.7,57.1,Medium,49.7,58.3,Moderate,38.11,High,323.94,27.06,0
B01,Academic Block,Classroom,45000,4,2025-05-23 11:00:00,11,4,5,0,31.0,52.8,79.5,High,66.1,70.5,Hot,36.25,High,308.12,25.74,0
B04,Hostel,Dormitory,60000,6,2025-05-23 12:00:00,12,4,5,0,31.1,59.5,73.3,High,73.1,72.7,Hot,48.11,High,408.94,34.16,0
B01,Academic Block,Classroom,45000,4,2025-05-23 16:00:00,16,4,5,0,33.5,51.2,68.1,Medium,57.5,62.2,Hot,38.08,High,323.68,27.04,0
B06,Research Lab,Laboratory,35000,4,2025-05-23 19:00:00,19,4,5,0,31.8,53.1,9.7,Low,47.6,33.5,Hot,29.42,Medium,250.07,20.89,0
B01,Academic Block,Classroom,45000,4,2025-05-23 20:00:00,20,4,5,0,35.3,53.8,24.2,Low,57.8,58.3,Hot,39.7,High,337.45,28.19,0
B01,Academic Block,Classroom,45000,4,2025-05-24 02:00:00,2,5,5,1,32.1,69.4,16.2,Low,47.8,42.1,Hot,23.92,Low,203.32,16.98,0
B04,Hostel,Dormitory,60000,6,2025-05-24 03:00:00,3,5,5,1,30.8,68.1,6.7,Low,39.8,44.0,Hot,27.67,Medium,235.2,19.65,0
B01,Academic Block,Classroom,45000,4,2025-05-24 04:00:00,4,5,5,1,30.3,60.2,5.9,Low,49.5,38.2,Hot,27.96,Medium,237.66,19.85,0
B01,Academic Block,Classroom,45000,4,2025-05-24 07:00:00,7,5,5,1,29.5,46.3,17.7,Low,47.4,31.5,Hot,18.32,Low,155.72,13.01,0
B02,Computer Lab,Laboratory,28000,3,2025-05-24 07:00:00,7,5,5,1,28.3,65.1,14.7,Low,33.0,22.1,Moderate,27.24,Medium,231.54,19.34,0
B02,Computer Lab,Laboratory,28000,3,2025-05-24 10:00:00,10,5,5,1,31.5,62.4,19.9,Low,44.4,34.2,Hot,33.4,High,283.9,23.71,0
B02,Computer Lab,Laboratory,28000,3,2025-05-24 12:00:00,12,5,5,1,31.9,52.9,16.9,Low,37.2,24.9,Hot,28.96,Medium,246.16,20.56,0
B01,Academic Block,Classroom,45000,4,2025-05-24 13:00:00,13,5,5,1,32.5,64.8,3.5,Low,48.5,16.3,Hot,28.38,Medium,241.23,20.15,0
B04,Hostel,Dormitory,60000,6,2025-05-24 14:00:00,14,5,5,1,33.7,51.4,6.6,Low,43.7,9.2,Hot,39.88,High,338.98,28.31,0
B01,Academic Block,Classroom,45000,4,2025-05-24 14:00:00,14,5,5,1,31.7,65.4,5.9,Low,28.0,11.3,Hot,24.07,Low,204.6,17.09,0
B04,Hostel,Dormitory,60000,6,2025-05-24 15:00:00,15,5,5,1,29.5,63.1,13.5,Low,23.5,28.9,Hot,29.26,Medium,248.71,20.77,0
B03,Library,Library,22000,3,2025-05-24 17:00:00,17,5,5,1,33.8,47.7,11.1,Low,41.8,20.0,Hot,45.0,High,382.5,31.95,1
B06,Research Lab,Laboratory,35000,4,2025-05-24 20:00:00,20,5,5,1,34.3,55.0,8.8,Low,40.2,31.8,Hot,30.3,Medium,257.55,21.51,0
B02,Computer Lab,Laboratory,28000,3,2025-05-24 22:00:00,22,5,5,1,35.5,57.6,9.8,Low,45.1,39.2,Hot,38.77,High,329.54,27.53,0
B01,Academic Block,Classroom,45000,4,2025-05-25 01:00:00,1,6,5,1,33.6,60.2,16.7,Low,45.5,50.2,Hot,37.6,High,319.6,26.7,0
B03,Library,Library,22000,3,2025-05-25 01:00:00,1,6,5,1,32.2,66.5,10.7,Low,49.9,37.0,Hot,21.81,Low,185.38,15.49,0
B05,Administration,Office,18000,3,2025-05-25 02:00:00,2,6,5,1,31.3,68.1,7.2,Low,47.8,45.6,Hot,20.28,Low,172.38,14.4,0
B04,Hostel,Dormitory,60000,6,2025-05-25 02:00:00,2,6,5,1,33.0,56.9,2.9,Low,54.2,34.4,Hot,35.83,High,304.56,25.44,0
B06,Research Lab,Laboratory,35000,4,2025-05-25 03:00:00,3,6,5,1,27.0,67.3,5.7,Low,41.2,37.3,Moderate,29.76,Medium,252.96,21.13,0
B01,Academic Block,Classroom,45000,4,2025-05-25 04:00:00,4,6,5,1,30.9,71.5,19.5,Low,46.6,45.8,Hot,28.5,Medium,242.25,20.24,0
B04,Hostel,Dormitory,60000,6,2025-05-25 04:00:00,4,6,5,1,31.9,52.3,7.3,Low,32.0,31.1,Hot,34.11,High,289.94,24.22,0
B03,Library,Library,22000,3,2025-05-25 06:00:00,6,6,5,1,29.6,57.1,24.7,Low,47.1,52.0,Hot,20.31,Low,172.64,14.42,0
B04,Hostel,Dormitory,60000,6,2025-05-25 06:00:00,6,6,5,1,29.2,50.1,16.4,Low,29.2,46.8,Hot,37.46,High,318.41,26.6,0
B05,Administration,Office,18000,3,2025-05-25 08:00:00,8,6,5,1,29.9,56.7,6.3,Low,38.4,21.5,Hot,14.98,Low,127.33,10.64,0
B06,Research Lab,Laboratory,35000,4,2025-05-25 09:00:00,9,6,5,1,31.6,61.2,7.7,Low,31.0,16.9,Hot,26.05,Medium,221.42,18.5,0
B01,Academic Block,Classroom,45000,4,2025-05-25 09:00:00,9,6,5,1,30.2,46.0,0.0,Low,46.4,6.7,Hot,19.11,Low,162.44,13.57,0
B01,Academic Block,Classroom,45000,4,2025-05-25 09:00:00,9,6,5,1,28.6,65.2,8.9,Low,37.3,30.1,Moderate,29.2,Medium,248.2,20.73,0
B04,Hostel,Dormitory,60000,6,2025-05-25 10:00:00,10,6,5,1,31.6,56.4,25.6,Low,45.0,35.0,Hot,55.64,High,472.94,39.5,1
B01,Academic Block,Classroom,45000,4,2025-05-25 10:00:00,10,6,5,1,31.9,59.0,23.4,Low,43.3,32.1,Hot,36.42,High,309.57,25.86,0
B01,Academic Block,Classroom,45000,4,2025-05-25 11:00:00,11,6,5,1,28.9,53.7,23.3,Low,40.4,37.6,Moderate,23.69,Low,201.36,16.82,0
B03,Library,Library,22000,3,2025-05-25 12:00:00,12,6,5,1,34.7,56.5,16.3,Low,44.2,22.2,Hot,31.68,High,269.28,22.49,0
B05,Administration,Office,18000,3,2025-05-25 13:00:00,13,6,5,1,31.0,72.0,10.8,Low,38.0,17.3,Hot,21.72,Low,184.62,15.42,0
B05,Administration,Office,18000,3,2025-05-25 16:00:00,16,6,5,1,33.9,55.1,12.7,Low,33.8,27.6,Hot,21.81,Low,185.38,15.49,0
B04,Hostel,Dormitory,60000,6,2025-05-25 19:00:00,19,6,5,1,34.5,41.9,35.8,Medium,49.5,70.7,Hot,41.57,High,353.34,29.51,0
B04,Hostel,Dormitory,60000,6,2025-05-25 20:00:00,20,6,5,1,32.5,67.5,31.9,Low,43.1,51.7,Hot,40.72,High,346.12,28.91,0
B02,Computer Lab,Laboratory,28000,3,2025-05-25 20:00:00,20,6,5,1,32.8,62.6,6.5,Low,44.8,39.5,Hot,29.42,Medium,250.07,20.89,0
B02,Computer Lab,Laboratory,28000,3,2025-05-25 21:00:00,21,6,5,1,33.5,58.9,11.5,Low,44.9,45.1,Hot,28.95,Medium,246.08,20.55,0
B04,Hostel,Dormitory,60000,6,2025-05-25 21:00:00,21,6,5,1,30.6,64.5,22.5,Low,48.6,53.9,Hot,42.45,High,360.83,30.14,0
B01,Academic Block,Classroom,45000,4,2025-05-25 21:00:00,21,6,5,1,34.7,57.8,16.2,Low,46.0,45.4,Hot,34.87,High,296.4,24.76,0
B05,Administration,Office,18000,3,2025-05-25 22:00:00,22,6,5,1,30.4,72.2,5.6,Low,37.8,34.4,Hot,18.84,Low,160.14,13.38,0
B01,Academic Block,Classroom,45000,4,2025-05-25 23:00:00,23,6,5,1,32.9,63.9,16.0,Low,33.0,36.4,Hot,26.29,Medium,223.46,18.67,0
B02,Computer Lab,Laboratory,28000,3,2025-05-26 00:00:00,0,0,5,0,31.5,56.6,4.4,Low,44.1,48.1,Hot,26.25,Medium,223.12,18.64,0
B04,Hostel,Dormitory,60000,6,2025-05-26 00:00:00,0,0,5,0,33.4,68.7,10.8,Low,51.9,50.8,Hot,51.15,High,434.78,36.32,1
B05,Administration,Office,18000,3,2025-05-26 01:00:00,1,0,5,0,28.7,74.8,13.9,Low,40.8,41.8,Moderate,20.1,Low,170.85,14.27,0
B03,Library,Library,22000,3,2025-05-26 03:00:00,3,0,5,0,28.5,68.6,10.9,Low,30.2,43.0,Moderate,22.29,Low,189.46,15.83,0
B01,Academic Block,Classroom,45000,4,2025-05-26 04:00:00,4,0,5,0,29.6,64.2,16.5,Low,42.8,44.0,Hot,32.72,High,278.12,23.23,0
B01,Academic Block,Classroom,45000,4,2025-05-26 04:00:00,4,0,5,0,31.3,54.0,15.1,Low,43.1,44.5,Hot,27.92,Medium,237.32,19.82,0
B03,Library,Library,22000,3,2025-05-26 05:00:00,5,0,5,0,30.5,65.4,9.0,Low,26.7,40.7,Hot,22.52,Low,191.42,15.99,0
B03,Library,Library,22000,3,2025-05-26 07:00:00,7,0,5,0,31.2,62.8,7.9,Low,46.8,14.5,Hot,20.86,Low,177.31,14.81,0
B01,Academic Block,Classroom,45000,4,2025-05-26 07:00:00,7,0,5,0,29.8,61.0,7.4,Low,30.2,19.9,Hot,18.21,Low,154.78,12.93,0
B04,Hostel,Dormitory,60000,6,2025-05-26 09:00:00,9,0,5,0,29.6,66.2,45.4,Medium,53.0,49.3,Hot,30.46,Medium,258.91,21.63,0
B02,Computer Lab,Laboratory,28000,3,2025-05-26 10:00:00,10,0,5,0,28.2,63.0,73.5,High,57.1,61.6,Moderate,32.86,High,279.31,23.33,0
B02,Computer Lab,Laboratory,28000,3,2025-05-26 10:00:00,10,0,5,0,29.5,65.2,54.4,Medium,60.6,51.9,Hot,25.26,Medium,214.71,17.93,0
B01,Academic Block,Classroom,45000,4,2025-05-26 10:00:00,10,0,5,0,29.8,68.4,74.2,High,54.8,63.3,Hot,34.44,High,292.74,24.45,0
B02,Computer Lab,Laboratory,28000,3,2025-05-26 10:00:00,10,0,5,0,26.7,54.3,59.9,Medium,46.4,54.4,Moderate,28.23,Medium,239.96,20.04,0
B05,Administration,Office,18000,3,2025-05-26 10:00:00,10,0,5,0,28.5,55.0,60.2,Medium,56.9,58.6,Moderate,20.49,Low,174.16,14.55,0
B02,Computer Lab,Laboratory,28000,3,2025-05-26 11:00:00,11,0,5,0,30.8,54.0,60.2,Medium,53.3,59.1,Hot,24.31,Low,206.64,17.26,0
B01,Academic Block,Classroom,45000,4,2025-05-26 11:00:00,11,0,5,0,30.4,74.3,68.4,Medium,67.6,65.2,Hot,34.2,High,290.7,24.28,0
B04,Hostel,Dormitory,60000,6,2025-05-26 11:00:00,11,0,5,0,29.7,65.7,38.7,Medium,42.9,54.2,Hot,41.49,High,352.66,29.46,0
B05,Administration,Office,18000,3,2025-05-26 13:00:00,13,0,5,0,30.1,66.0,62.2,Medium,59.9,62.9,Hot,29.59,Medium,251.52,21.01,0
B03,Library,Library,22000,3,2025-05-26 15:00:00,15,0,5,0,29.4,69.4,54.9,Medium,52.5,57.8,Hot,24.83,Medium,211.05,17.63,0
B05,Administration,Office,18000,3,2025-05-26 15:00:00,15,0,5,0,28.8,54.6,60.4,Medium,49.4,60.6,Moderate,23.39,Low,198.82,16.61,0
B05,Administration,Office,18000,3,2025-05-26 16:00:00,16,0,5,0,32.1,45.1,47.8,Medium,62.8,43.4,Hot,30.07,Medium,255.6,21.35,0
B04,Hostel,Dormitory,60000,6,2025-05-26 17:00:00,17,0,5,0,35.2,56.4,48.7,Medium,54.5,50.6,Hot,45.89,High,390.06,32.58,0
B01,Academic Block,Classroom,45000,4,2025-05-26 20:00:00,20,0,5,0,33.6,64.4,23.3,Low,52.2,52.2,Hot,36.84,High,313.14,26.16,0
B06,Research Lab,Laboratory,35000,4,2025-05-26 21:00:00,21,0,5,0,35.0,55.6,15.9,Low,34.0,50.4,Hot,41.54,High,353.09,29.49,0
B01,Academic Block,Classroom,45000,4,2025-05-27 00:00:00,0,1,5,0,30.8,50.8,4.6,Low,39.4,32.6,Hot,30.65,Medium,260.52,21.76,0
B03,Library,Library,22000,3,2025-05-27 02:00:00,2,1,5,0,32.0,53.1,18.3,Low,51.7,45.6,Hot,29.91,Medium,254.24,21.24,0
B06,Research Lab,Laboratory,35000,4,2025-05-27 06:00:00,6,1,5,0,28.8,53.7,4.2,Low,32.8,32.5,Moderate,24.95,Medium,212.08,17.71,0
B04,Hostel,Dormitory,60000,6,2025-05-27 07:00:00,7,1,5,0,28.5,57.9,13.9,Low,37.8,21.8,Moderate,22.87,Low,194.4,16.24,0
B04,Hostel,Dormitory,60000,6,2025-05-27 08:00:00,8,1,5,0,30.7,52.3,52.9,Medium,64.4,52.9,Hot,33.12,High,281.52,23.52,0
B05,Administration,Office,18000,3,2025-05-27 08:00:00,8,1,5,0,29.4,62.5,60.1,Medium,60.7,53.8,Hot,29.04,Medium,246.84,20.62,0
B05,Administration,Office,18000,3,2025-05-27 09:00:00,9,1,5,0,27.6,59.1,70.0,Medium,41.2,71.4,Moderate,23.98,Low,203.83,17.03,0
B03,Library,Library,22000,3,2025-05-27 09:00:00,9,1,5,0,29.8,65.6,60.2,Medium,51.8,55.0,Hot,33.66,High,286.11,23.9,0
B01,Academic Block,Classroom,45000,4,2025-05-27 09:00:00,9,1,5,0,28.6,55.3,61.2,Medium,51.6,64.1,Moderate,37.87,High,321.9,26.89,0
B01,Academic Block,Classroom,45000,4,2025-05-27 10:00:00,10,1,5,0,27.7,64.6,64.6,Medium,54.7,61.0,Moderate,33.02,High,280.67,23.44,0
B05,Administration,Office,18000,3,2025-05-27 10:00:00,10,1,5,0,28.3,62.1,56.7,Medium,50.8,54.9,Moderate,23.54,Low,200.09,16.71,0
B04,Hostel,Dormitory,60000,6,2025-05-27 11:00:00,11,1,5,0,33.2,61.2,47.0,Medium,53.5,54.3,Hot,39.0,High,331.5,27.69,0
B06,Research Lab,Laboratory,35000,4,2025-05-27 11:00:00,11,1,5,0,32.0,63.2,63.4,Medium,56.7,65.5,Hot,43.75,High,371.88,31.06,0
B04,Hostel,Dormitory,60000,6,2025-05-27 13:00:00,13,1,5,0,28.0,67.1,50.9,Medium,40.0,55.3,Moderate,36.34,High,308.89,25.8,0
B03,Library,Library,22000,3,2025-05-27 15:00:00,15,1,5,0,31.8,65.4,62.1,Medium,53.3,52.8,Hot,27.83,Medium,236.55,19.76,0
B06,Research Lab,Laboratory,35000,4,2025-05-27 16:00:00,16,1,5,0,32.4,62.9,47.7,Medium,60.5,56.7,Hot,36.8,High,312.8,26.13,0
B04,Hostel,Dormitory,60000,6,2025-05-27 16:00:00,16,1,5,0,32.2,61.3,52.9,Medium,50.6,61.9,Hot,40.64,High,345.44,28.85,0
B03,Library,Library,22000,3,2025-05-27 17:00:00,17,1,5,0,32.0,54.7,60.7,Medium,54.4,59.0,Hot,37.18,High,316.03,26.4,0
B02,Computer Lab,Laboratory,28000,3,2025-05-27 17:00:00,17,1,5,0,34.1,63.7,59.5,Medium,53.9,54.6,Hot,38.63,High,328.36,27.43,0
B01,Academic Block,Classroom,45000,4,2025-05-27 20:00:00,20,1,5,0,35.0,52.1,2.5,Low,46.6,30.7,Hot,33.31,High,283.14,23.65,0
B06,Research Lab,Laboratory,35000,4,2025-05-27 22:00:00,22,1,5,0,34.9,55.0,4.7,Low,50.6,36.8,Hot,30.37,Medium,258.14,21.56,0
B01,Academic Block,Classroom,45000,4,2025-05-27 23:00:00,23,1,5,0,33.5,52.2,18.4,Low,54.1,43.2,Hot,35.28,High,299.88,25.05,0
B01,Academic Block,Classroom,45000,4,2025-05-27 23:00:00,23,1,5,0,33.9,51.7,8.3,Low,42.0,39.9,Hot,32.13,High,273.1,22.81,0
B01,Academic Block,Classroom,45000,4,2025-05-27 23:00:00,23,1,5,0,32.5,56.8,6.5,Low,40.8,36.9,Hot,31.33,High,266.3,22.24,0
B01,Academic Block,Classroom,45000,4,2025-05-28 00:00:00,0,2,5,0,30.2,59.2,9.6,Low,38.3,35.3,Hot,26.9,Medium,228.65,19.1,0
B03,Library,Library,22000,3,2025-05-28 03:00:00,3,2,5,0,28.7,56.3,10.2,Low,33.1,39.1,Moderate,18.67,Low,158.7,13.26,0
B05,Administration,Office,18000,3,2025-05-28 06:00:00,6,2,5,0,28.6,62.3,20.3,Low,41.0,50.5,Moderate,21.27,Low,180.8,15.1,0
B01,Academic Block,Classroom,45000,4,2025-05-28 06:00:00,6,2,5,0,29.6,62.4,0.0,Low,40.5,30.3,Hot,22.52,Low,191.42,15.99,0
B05,Administration,Office,18000,3,2025-05-28 07:00:00,7,2,5,0,27.7,59.0,16.0,Low,41.8,25.1,Moderate,19.34,Low,164.39,13.73,0
B04,Hostel,Dormitory,60000,6,2025-05-28 07:00:00,7,2,5,0,28.0,78.6,22.2,Low,37.6,35.9,Moderate,36.53,High,310.5,25.94,0
B05,Administration,Office,18000,3,2025-05-28 07:00:00,7,2,5,0,29.1,64.0,18.6,Low,36.1,25.0,Hot,22.53,Low,191.5,16.0,0
B01,Academic Block,Classroom,45000,4,2025-05-28 07:00:00,7,2,5,0,31.0,61.0,28.3,Low,39.2,31.4,Hot,28.09,Medium,238.76,19.94,0
B01,Academic Block,Classroom,45000,4,2025-05-28 08:00:00,8,2,5,0,30.1,56.2,63.4,Medium,46.3,63.0,Hot,33.05,High,280.92,23.47,0
B03,Library,Library,22000,3,2025-05-28 08:00:00,8,2,5,0,28.3,63.3,61.1,Medium,56.0,66.5,Moderate,30.02,Medium,255.17,21.31,0
B05,Administration,Office,18000,3,2025-05-28 08:00:00,8,2,5,0,29.7,62.9,62.1,Medium,55.6,63.6,Hot,29.25,Medium,248.62,20.77,0
B01,Academic Block,Classroom,45000,4,2025-05-28 10:00:00,10,2,5,0,27.9,62.7,63.0,Medium,52.7,58.7,Moderate,32.38,High,275.23,22.99,0
B01,Academic Block,Classroom,45000,4,2025-05-28 11:00:00,11,2,5,0,28.9,71.8,51.1,Medium,65.0,49.8,Moderate,48.36,High,411.06,34.34,1
B05,Administration,Office,18000,3,2025-05-28 12:00:00,12,2,5,0,28.1,50.6,59.4,Medium,61.3,56.9,Moderate,23.54,Low,200.09,16.71,0
B04,Hostel,Dormitory,60000,6,2025-05-28 12:00:00,12,2,5,0,31.2,57.4,58.5,Medium,57.3,57.1,Hot,38.13,High,324.1,27.07,0
B04,Hostel,Dormitory,60000,6,2025-05-28 15:00:00,15,2,5,0,31.7,64.6,39.0,Medium,52.4,56.6,Hot,39.04,High,331.84,27.72,0
B02,Computer Lab,Laboratory,28000,3,2025-05-28 16:00:00,16,2,5,0,32.4,52.8,73.5,High,57.8,70.6,Hot,39.22,High,333.37,27.85,0
B01,Academic Block,Classroom,45000,4,2025-05-28 16:00:00,16,2,5,0,33.8,47.1,69.5,Medium,69.4,76.1,Hot,36.05,High,306.42,25.6,0
B01,Academic Block,Classroom,45000,4,2025-05-28 17:00:00,17,2,5,0,31.5,56.2,58.9,Medium,59.1,63.3,Hot,38.75,High,329.38,27.51,0
B05,Administration,Office,18000,3,2025-05-28 17:00:00,17,2,5,0,33.7,65.3,64.3,Medium,58.3,50.6,Hot,28.9,Medium,245.65,20.52,0
B02,Computer Lab,Laboratory,28000,3,2025-05-28 18:00:00,18,2,5,0,36.3,49.8,63.6,Medium,69.5,60.1,Hot,41.81,High,355.38,29.69,0
B01,Academic Block,Classroom,45000,4,2025-05-28 18:00:00,18,2,5,0,31.9,57.0,63.2,Medium,66.2,62.0,Hot,36.82,High,312.97,26.14,0
B06,Research Lab,Laboratory,35000,4,2025-05-28 21:00:00,21,2,5,0,31.2,63.0,7.6,Low,51.6,41.5,Hot,31.77,High,270.04,22.56,0
B03,Library,Library,22000,3,2025-05-28 21:00:00,21,2,5,0,31.6,55.7,25.8,Low,37.2,54.7,Hot,30.69,Medium,260.86,21.79,0
B04,Hostel,Dormitory,60000,6,2025-05-28 22:00:00,22,2,5,0,33.9,54.8,29.6,Low,44.9,48.6,Hot,39.04,High,331.84,27.72,0
B03,Library,Library,22000,3,2025-05-28 23:00:00,23,2,5,0,35.6,52.0,11.0,Low,47.7,34.4,Hot,33.94,High,288.49,24.1,0
B06,Research Lab,Laboratory,35000,4,2025-05-29 03:00:00,3,3,5,0,33.7,54.1,21.3,Low,49.9,50.7,Hot,33.97,High,288.74,24.12,0
B01,Academic Block,Classroom,45000,4,2025-05-29 04:00:00,4,3,5,0,31.9,51.3,11.5,Low,51.9,41.6,Hot,35.16,High,298.86,24.96,0
B04,Hostel,Dormitory,60000,6,2025-05-29 04:00:00,4,3,5,0,32.0,57.6,17.4,Low,51.5,54.4,Hot,37.58,High,319.43,26.68,0
B06,Research Lab,Laboratory,35000,4,2025-05-29 08:00:00,8,3,5,0,30.3,68.2,55.5,Medium,41.9,56.6,Hot,28.42,Medium,241.57,20.18,0
B03,Library,Library,22000,3,2025-05-29 08:00:00,8,3,5,0,30.7,71.5,50.0,Medium,50.6,56.3,Hot,25.49,Medium,216.66,18.1,0
B04,Hostel,Dormitory,60000,6,2025-05-29 10:00:00,10,3,5,0,30.4,69.4,53.7,Medium,44.8,58.5,Hot,38.84,High,330.14,27.58,0
B01,Academic Block,Classroom,45000,4,2025-05-29 11:00:00,11,3,5,0,29.0,62.8,59.7,Medium,45.7,59.4,Moderate,31.48,High,267.58,22.35,0
B04,Hostel,Dormitory,60000,6,2025-05-29 11:00:00,11,3,5,0,32.8,70.4,53.8,Medium,61.8,60.9,Hot,40.01,High,340.08,28.41,0
B06,Research Lab,Laboratory,35000,4,2025-05-29 16:00:00,16,3,5,0,34.6,73.4,52.4,Medium,61.9,52.0,Hot,36.28,High,308.38,25.76,0
B04,Hostel,Dormitory,60000,6,2025-05-29 16:00:00,16,3,5,0,31.5,61.1,53.8,Medium,65.9,55.1,Hot,44.76,High,380.46,31.78,0
B05,Administration,Office,18000,3,2025-05-29 17:00:00,17,3,5,0,34.0,50.9,71.3,High,58.1,68.8,Hot,26.63,Medium,226.36,18.91,0
B03,Library,Library,22000,3,2025-05-29 18:00:00,18,3,5,0,35.6,65.7,40.9,Medium,58.6,41.4,Hot,36.09,High,306.77,25.62,0
B01,Academic Block,Classroom,45000,4,2025-05-29 18:00:00,18,3,5,0,34.0,49.4,63.7,Medium,60.7,57.0,Hot,36.09,High,306.77,25.62,0
B01,Academic Block,Classroom,45000,4,2025-05-29 19:00:00,19,3,5,0,33.3,52.2,0.0,Low,49.8,28.5,Hot,67.47,High,573.5,47.9,1
B03,Library,Library,22000,3,2025-05-29 20:00:00,20,3,5,0,35.8,41.8,9.9,Low,42.9,37.2,Hot,23.02,Low,195.67,16.34,0
B06,Research Lab,Laboratory,35000,4,2025-05-29 21:00:00,21,3,5,0,34.0,62.9,14.4,Low,47.9,45.1,Hot,27.35,Medium,232.48,19.42,0
B04,Hostel,Dormitory,60000,6,2025-05-29 22:00:00,22,3,5,0,32.4,42.9,29.6,Low,40.7,58.7,Hot,37.12,High,315.52,26.36,0
B06,Research Lab,Laboratory,35000,4,2025-05-29 22:00:00,22,3,5,0,31.6,66.7,0.0,Low,46.0,28.7,Hot,32.5,High,276.25,23.08,0
B01,Academic Block,Classroom,45000,4,2025-05-29 22:00:00,22,3,5,0,29.0,74.5,18.3,Low,50.0,49.0,Moderate,35.96,High,305.66,25.53,0
B04,Hostel,Dormitory,60000,6,2025-05-29 23:00:00,23,3,5,0,36.0,68.3,21.8,Low,48.6,50.1,Hot,47.55,High,404.17,33.76,0
B01,Academic Block,Classroom,45000,4,2025-05-30 00:00:00,0,4,5,0,31.4,51.0,17.8,Low,38.2,53.0,Hot,30.23,Medium,256.96,21.46,0
B01,Academic Block,Classroom,45000,4,2025-05-30 01:00:00,1,4,5,0,33.6,45.1,6.8,Low,44.8,37.6,Hot,28.13,Medium,239.1,19.97,0
B04,Hostel,Dormitory,60000,6,2025-05-30 01:00:00,1,4,5,0,30.8,55.9,5.9,Low,33.0,47.3,Hot,30.46,Medium,258.91,21.63,0
B01,Academic Block,Classroom,45000,4,2025-05-30 01:00:00,1,4,5,0,32.4,65.2,12.1,Low,49.8,47.9,Hot,29.04,Medium,246.84,20.62,0
B01,Academic Block,Classroom,45000,4,2025-05-30 06:00:00,6,4,5,0,30.6,68.9,19.5,Low,45.0,48.0,Hot,27.96,Medium,237.66,19.85,0
B01,Academic Block,Classroom,45000,4,2025-05-30 08:00:00,8,4,5,0,27.8,67.4,80.3,High,66.1,72.5,Moderate,35.09,High,298.27,24.91,0
B02,Computer Lab,Laboratory,28000,3,2025-05-30 11:00:00,11,4,5,0,31.7,63.3,55.9,Medium,50.5,61.4,Hot,51.27,High,435.8,36.4,1
B04,Hostel,Dormitory,60000,6,2025-05-30 11:00:00,11,4,5,0,30.0,77.5,41.9,Medium,40.8,44.8,Hot,34.15,High,290.27,24.25,0
B02,Computer Lab,Laboratory,28000,3,2025-05-30 14:00:00,14,4,5,0,32.5,55.7,61.2,Medium,62.5,61.1,Hot,37.58,High,319.43,26.68,0
B05,Administration,Office,18000,3,2025-05-30 15:00:00,15,4,5,0,34.4,52.0,53.3,Medium,71.1,52.4,Hot,35.46,High,301.41,25.18,0
B06,Research Lab,Laboratory,35000,4,2025-05-30 15:00:00,15,4,5,0,33.3,50.0,64.0,Medium,57.1,60.2,Hot,36.01,High,306.08,25.57,0
B05,Administration,Office,18000,3,2025-05-30 17:00:00,17,4,5,0,32.9,61.7,65.8,Medium,65.4,58.2,Hot,28.32,Medium,240.72,20.11,0
B05,Administration,Office,18000,3,2025-05-30 20:00:00,20,4,5,0,36.6,54.5,21.5,Low,49.8,58.0,Hot,37.35,High,317.48,26.52,0
B06,Research Lab,Laboratory,35000,4,2025-05-30 20:00:00,20,4,5,0,33.6,63.9,19.4,Low,54.0,47.6,Hot,35.72,High,303.62,25.36,0
B02,Computer Lab,Laboratory,28000,3,2025-05-30 21:00:00,21,4,5,0,33.7,54.9,13.0,Low,40.3,45.4,Hot,30.82,Medium,261.97,21.88,0
B03,Library,Library,22000,3,2025-05-30 21:00:00,21,4,5,0,33.4,62.7,12.2,Low,46.4,46.6,Hot,22.12,Low,188.02,15.71,0
B03,Library,Library,22000,3,2025-05-30 22:00:00,22,4,5,0,31.6,57.0,5.8,Low,46.0,46.1,Hot,26.71,Medium,227.04,18.96,0
B06,Research Lab,Laboratory,35000,4,2025-05-30 22:00:00,22,4,5,0,31.4,58.7,5.6,Low,30.8,36.4,Hot,28.11,Medium,238.94,19.96,0
B01,Academic Block,Classroom,45000,4,2025-05-30 22:00:00,22,4,5,0,32.6,58.4,11.7,Low,46.8,32.3,Hot,35.66,High,303.11,25.32,0
B02,Computer Lab,Laboratory,28000,3,2025-05-30 22:00:00,22,4,5,0,31.9,47.6,4.5,Low,37.2,38.8,Hot,28.05,Medium,238.42,19.92,0
B01,Academic Block,Classroom,45000,4,2025-05-30 22:00:00,22,4,5,0,33.0,57.6,10.1,Low,48.4,45.1,Hot,30.8,Medium,261.8,21.87,0
B01,Academic Block,Classroom,45000,4,2025-05-30 23:00:00,23,4,5,0,34.3,61.5,8.7,Low,47.4,38.8,Hot,30.99,High,263.41,22.0,0
B03,Library,Library,22000,3,2025-05-31 00:00:00,0,5,5,1,32.1,52.4,16.1,Low,41.3,49.8,Hot,30.83,Medium,262.06,21.89,0
B05,Administration,Office,18000,3,2025-05-31 00:00:00,0,5,5,1,33.0,72.0,11.8,Low,43.4,43.9,Hot,28.46,Medium,241.91,20.21,0
B02,Computer Lab,Laboratory,28000,3,2025-05-31 00:00:00,0,5,5,1,31.9,59.5,19.0,Low,33.4,47.5,Hot,29.55,Medium,251.18,20.98,0
B04,Hostel,Dormitory,60000,6,2025-05-31 02:00:00,2,5,5,1,35.5,52.2,9.9,Low,53.0,49.1,Hot,45.77,High,389.04,32.5,0
B04,Hostel,Dormitory,60000,6,2025-05-31 03:00:00,3,5,5,1,33.4,53.7,3.8,Low,53.2,36.2,Hot,38.9,High,330.65,27.62,0
B05,Administration,Office,18000,3,2025-05-31 03:00:00,3,5,5,1,30.8,70.0,15.8,Low,38.1,55.1,Hot,16.32,Low,138.72,11.59,0
B01,Academic Block,Classroom,45000,4,2025-05-31 03:00:00,3,5,5,1,31.6,53.9,11.1,Low,40.9,43.5,Hot,32.4,High,275.4,23.0,0
B06,Research Lab,Laboratory,35000,4,2025-05-31 04:00:00,4,5,5,1,28.7,64.1,10.1,Low,45.0,38.4,Moderate,29.89,Medium,254.06,21.22,0
B05,Administration,Office,18000,3,2025-05-31 05:00:00,5,5,5,1,30.0,67.2,9.0,Low,26.8,32.2,Hot,15.01,Low,127.58,10.66,0
B05,Administration,Office,18000,3,2025-05-31 06:00:00,6,5,5,1,29.1,65.6,11.9,Low,40.0,49.9,Hot,22.65,Low,192.52,16.08,0
B06,Research Lab,Laboratory,35000,4,2025-05-31 07:00:00,7,5,5,1,30.9,56.3,10.1,Low,49.6,27.3,Hot,26.4,Medium,224.4,18.74,0
B01,Academic Block,Classroom,45000,4,2025-05-31 11:00:00,11,5,5,1,28.9,67.8,15.6,Low,34.1,30.7,Moderate,23.93,Low,203.4,16.99,0
B01,Academic Block,Classroom,45000,4,2025-05-31 11:00:00,11,5,5,1,32.8,59.9,17.2,Low,42.2,34.3,Hot,31.38,High,266.73,22.28,0
B03,Library,Library,22000,3,2025-05-31 13:00:00,13,5,5,1,31.1,48.1,9.4,Low,47.6,31.0,Hot,23.43,Low,199.16,16.64,0
B03,Library,Library,22000,3,2025-05-31 13:00:00,13,5,5,1,29.9,69.6,26.0,Low,36.8,23.8,Hot,21.57,Low,183.34,15.31,0
B06,Research Lab,Laboratory,35000,4,2025-05-31 15:00:00,15,5,5,1,32.3,54.9,8.0,Low,46.5,12.2,Hot,24.03,Low,204.26,17.06,0
B03,Library,Library,22000,3,2025-05-31 18:00:00,18,5,5,1,34.5,56.2,12.1,Low,49.0,22.7,Hot,27.96,Medium,237.66,19.85,0
B04,Hostel,Dormitory,60000,6,2025-05-31 19:00:00,19,5,5,1,34.4,59.6,20.6,Low,56.3,55.3,Hot,48.03,High,408.26,34.1,0
B01,Academic Block,Classroom,45000,4,2025-05-31 21:00:00,21,5,5,1,33.9,54.2,11.3,Low,44.6,44.9,Hot,33.73,High,286.7,23.95,0
B04,Hostel,Dormitory,60000,6,2025-06-01 00:00:00,0,6,6,1,34.0,63.1,10.6,Low,54.5,44.4,Hot,39.22,High,333.37,27.85,0
B06,Research Lab,Laboratory,35000,4,2025-06-01 01:00:00,1,6,6,1,33.5,50.5,11.7,Low,42.5,41.5,Hot,35.37,High,300.64,25.11,0
B01,Academic Block,Classroom,45000,4,2025-06-01 02:00:00,2,6,6,1,33.0,54.6,18.8,Low,37.5,44.9,Hot,31.92,High,271.32,22.66,0
B03,Library,Library,22000,3,2025-06-01 02:00:00,2,6,6,1,31.3,68.5,23.8,Low,35.8,52.4,Hot,23.13,Low,196.6,16.42,0
B04,Hostel,Dormitory,60000,6,2025-06-01 03:00:00,3,6,6,1,30.8,60.5,19.8,Low,36.2,48.6,Hot,37.98,High,322.83,26.97,0
B01,Academic Block,Classroom,45000,4,2025-06-01 04:00:00,4,6,6,1,30.4,53.3,11.3,Low,43.1,41.2,Hot,28.79,Medium,244.72,20.44,0
B01,Academic Block,Classroom,45000,4,2025-06-01 04:00:00,4,6,6,1,30.0,61.6,13.4,Low,34.6,48.2,Hot,55.02,High,467.67,39.06,1
B03,Library,Library,22000,3,2025-06-01 06:00:00,6,6,6,1,30.2,63.7,22.7,Low,42.6,52.0,Hot,23.28,Low,197.88,16.53,0
B04,Hostel,Dormitory,60000,6,2025-06-01 06:00:00,6,6,6,1,30.0,49.9,5.0,Low,36.7,41.0,Hot,31.91,High,271.24,22.66,0
B01,Academic Block,Classroom,45000,4,2025-06-01 07:00:00,7,6,6,1,32.3,70.7,17.5,Low,40.0,27.6,Hot,32.4,High,275.4,23.0,0
B01,Academic Block,Classroom,45000,4,2025-06-01 09:00:00,9,6,6,1,29.0,74.3,5.8,Low,35.6,22.8,Moderate,22.57,Low,191.84,16.02,0
B01,Academic Block,Classroom,45000,4,2025-06-01 18:00:00,18,6,6,1,32.0,60.2,20.0,Low,50.6,24.5,Hot,38.45,High,326.83,27.3,0
B03,Library,Library,22000,3,2025-06-01 18:00:00,18,6,6,1,34.4,56.1,11.1,Low,46.4,16.3,Hot,24.86,Medium,211.31,17.65,0
B04,Hostel,Dormitory,60000,6,2025-06-01 20:00:00,20,6,6,1,33.8,58.1,25.8,Low,55.8,52.7,Hot,39.35,High,334.48,27.94,0
B04,Hostel,Dormitory,60000,6,2025-06-01 22:00:00,22,6,6,1,32.4,65.3,27.4,Low,46.0,59.4,Hot,42.6,High,362.1,30.25,0
B05,Administration,Office,18000,3,2025-06-01 22:00:00,22,6,6,1,34.6,60.5,8.5,Low,47.2,39.6,Hot,27.27,Medium,231.8,19.36,0
B04,Hostel,Dormitory,60000,6,2025-06-01 22:00:00,22,6,6,1,33.0,60.3,38.7,Medium,53.9,74.2,Hot,44.53,High,378.5,31.62,0
B01,Academic Block,Classroom,45000,4,2025-06-01 22:00:00,22,6,6,1,35.7,66.1,21.4,Low,58.6,46.0,Hot,43.58,High,370.43,30.94,0
B02,Computer Lab,Laboratory,28000,3,2025-06-01 23:00:00,23,6,6,1,31.7,67.6,9.2,Low,43.2,40.9,Hot,29.68,Medium,252.28,21.07,0
B03,Library,Library,22000,3,2025-06-01 23:00:00,23,6,6,1,32.3,52.4,5.9,Low,36.8,30.2,Hot,24.3,Low,206.55,17.25,0
B03,Library,Library,22000,3,2025-06-01 23:00:00,23,6,6,1,33.3,64.6,26.2,Low,52.4,62.0,Hot,27.74,Medium,235.79,19.7,0
B01,Academic Block,Classroom,45000,4,2025-06-02 00:00:00,0,0,6,0,34.8,65.2,17.7,Low,43.5,47.7,Hot,31.92,High,271.32,22.66,0
B03,Library,Library,22000,3,2025-06-02 01:00:00,1,0,6,0,31.2,62.0,6.6,Low,41.3,28.2,Hot,16.78,Low,142.63,11.91,0
B01,Academic Block,Classroom,45000,4,2025-06-02 02:00:00,2,0,6,0,32.3,63.4,14.5,Low,43.4,44.3,Hot,28.1,Medium,238.85,19.95,0
B01,Academic Block,Classroom,45000,4,2025-06-02 03:00:00,3,0,6,0,29.5,59.2,9.1,Low,37.6,29.0,Hot,23.93,Low,203.4,16.99,0
B05,Administration,Office,18000,3,2025-06-02 03:00:00,3,0,6,0,32.6,50.5,3.0,Low,39.9,43.3,Hot,20.65,Low,175.52,14.66,0
B05,Administration,Office,18000,3,2025-06-02 04:00:00,4,0,6,0,29.8,74.4,9.8,Low,33.8,37.8,Hot,18.84,Low,160.14,13.38,0
B04,Hostel,Dormitory,60000,6,2025-06-02 05:00:00,5,0,6,0,31.3,50.6,2.4,Low,33.2,37.0,Hot,31.17,High,264.94,22.13,0
B06,Research Lab,Laboratory,35000,4,2025-06-02 07:00:00,7,0,6,0,30.8,72.1,8.6,Low,45.3,17.7,Hot,31.08,High,264.18,22.07,0
B01,Academic Block,Classroom,45000,4,2025-06-02 08:00:00,8,0,6,0,27.0,62.9,63.9,Medium,62.7,61.9,Moderate,28.56,Medium,242.76,20.28,0
B02,Computer Lab,Laboratory,28000,3,2025-06-02 09:00:00,9,0,6,0,30.1,69.7,55.0,Medium,55.5,60.3,Hot,36.38,High,309.23,25.83,0
B04,Hostel,Dormitory,60000,6,2025-06-02 11:00:00,11,0,6,0,29.6,61.5,57.4,Medium,54.0,56.0,Hot,41.54,High,353.09,29.49,0
B06,Research Lab,Laboratory,35000,4,2025-06-02 11:00:00,11,0,6,0,31.1,66.7,61.6,Medium,50.6,64.0,Hot,33.07,High,281.1,23.48,0
B05,Administration,Office,18000,3,2025-06-02 11:00:00,11,0,6,0,29.0,64.9,58.2,Medium,42.4,44.6,Moderate,33.78,High,287.13,23.98,1
B05,Administration,Office,18000,3,2025-06-02 12:00:00,12,0,6,0,29.9,56.4,65.0,Medium,47.3,57.4,Hot,52.02,High,442.17,36.93,1
B03,Library,Library,22000,3,2025-06-02 13:00:00,13,0,6,0,33.0,59.5,64.0,Medium,65.4,63.3,Hot,35.96,High,305.66,25.53,0
B01,Academic Block,Classroom,45000,4,2025-06-02 15:00:00,15,0,6,0,34.0,56.8,60.8,Medium,52.2,57.0,Hot,36.05,High,306.42,25.6,0
B02,Computer Lab,Laboratory,28000,3,2025-06-02 16:00:00,16,0,6,0,31.3,64.5,49.6,Medium,58.1,58.1,Hot,29.22,Medium,248.37,20.75,0
B06,Research Lab,Laboratory,35000,4,2025-06-02 16:00:00,16,0,6,0,35.4,57.7,51.2,Medium,55.5,57.6,Hot,40.47,High,344.0,28.73,0
B02,Computer Lab,Laboratory,28000,3,2025-06-02 17:00:00,17,0,6,0,29.3,63.6,61.4,Medium,55.6,67.9,Hot,21.95,Low,186.58,15.58,0
B04,Hostel,Dormitory,60000,6,2025-06-02 19:00:00,19,0,6,0,34.0,50.6,42.4,Medium,54.0,67.3,Hot,45.83,High,389.56,32.54,0
B03,Library,Library,22000,3,2025-06-02 19:00:00,19,0,6,0,31.8,50.6,17.9,Low,37.5,44.7,Hot,22.21,Low,188.78,15.77,0
B02,Computer Lab,Laboratory,28000,3,2025-06-02 19:00:00,19,0,6,0,34.2,58.1,21.0,Low,41.0,53.8,Hot,34.09,High,289.77,24.2,0
B05,Administration,Office,18000,3,2025-06-02 21:00:00,21,0,6,0,33.3,59.6,0.0,Low,30.0,29.7,Hot,28.53,Medium,242.5,20.26,0
B01,Academic Block,Classroom,45000,4,2025-06-02 22:00:00,22,0,6,0,32.0,52.0,6.2,Low,33.7,38.2,Hot,26.77,Medium,227.54,19.01,0
B06,Research Lab,Laboratory,35000,4,2025-06-02 23:00:00,23,0,6,0,32.1,63.3,4.2,Low,53.0,40.2,Hot,33.66,High,286.11,23.9,0
B04,Hostel,Dormitory,60000,6,2025-06-03 00:00:00,0,1,6,0,31.6,64.0,15.9,Low,50.7,43.4,Hot,35.61,High,302.68,25.28,0
B04,Hostel,Dormitory,60000,6,2025-06-03 00:00:00,0,1,6,0,32.9,59.8,10.6,Low,44.4,54.9,Hot,36.2,High,307.7,25.7,0
B04,Hostel,Dormitory,60000,6,2025-06-03 02:00:00,2,1,6,0,33.2,58.6,0.0,Low,38.0,38.6,Hot,41.04,High,348.84,29.14,0
B04,Hostel,Dormitory,60000,6,2025-06-03 02:00:00,2,1,6,0,34.7,48.4,17.3,Low,45.4,43.4,Hot,38.7,High,328.95,27.48,0
B04,Hostel,Dormitory,60000,6,2025-06-03 03:00:00,3,1,6,0,31.0,51.2,20.2,Low,43.9,54.9,Hot,38.06,High,323.51,27.02,0
B02,Computer Lab,Laboratory,28000,3,2025-06-03 03:00:00,3,1,6,0,31.7,62.4,26.1,Low,43.2,62.7,Hot,32.08,High,272.68,22.78,0
B06,Research Lab,Laboratory,35000,4,2025-06-03 04:00:00,4,1,6,0,32.6,53.1,13.2,Low,40.2,37.4,Hot,32.8,High,278.8,23.29,0
B01,Academic Block,Classroom,45000,4,2025-06-03 06:00:00,6,1,6,0,29.4,56.2,16.3,Low,41.9,53.6,Hot,30.13,Medium,256.1,21.39,0
B04,Hostel,Dormitory,60000,6,2025-06-03 07:00:00,7,1,6,0,28.7,64.0,4.0,Low,27.4,11.7,Moderate,30.32,Medium,257.72,21.53,0
B03,Library,Library,22000,3,2025-06-03 08:00:00,8,1,6,0,32.7,73.1,43.4,Medium,39.6,47.5,Hot,26.3,Medium,223.55,18.67,0
B06,Research Lab,Laboratory,35000,4,2025-06-03 08:00:00,8,1,6,0,29.5,58.6,67.5,Medium,53.6,66.5,Hot,34.15,High,290.27,24.25,0
B05,Administration,Office,18000,3,2025-06-03 08:00:00,8,1,6,0,30.1,75.3,66.5,Medium,66.6,61.6,Hot,30.67,Medium,260.7,21.78,0
B01,Academic Block,Classroom,45000,4,2025-06-03 09:00:00,9,1,6,0,27.4,62.5,75.3,High,46.3,68.2,Moderate,26.59,Medium,226.02,18.88,0
B05,Administration,Office,18000,3,2025-06-03 09:00:00,9,1,6,0,29.1,65.7,60.9,Medium,46.7,56.4,Hot,27.32,Medium,232.22,19.4,0
B02,Computer Lab,Laboratory,28000,3,2025-06-03 10:00:00,10,1,6,0,32.9,65.4,75.4,High,62.2,68.8,Hot,37.23,High,316.46,26.43,0
B01,Academic Block,Classroom,45000,4,2025-06-03 11:00:00,11,1,6,0,31.1,67.3,68.8,Medium,50.9,61.6,Hot,39.36,High,334.56,27.95,0
B02,Computer Lab,Laboratory,28000,3,2025-06-03 12:00:00,12,1,6,0,30.7,62.8,53.5,Medium,63.4,60.7,Hot,27.34,Medium,232.39,19.41,0
B01,Academic Block,Classroom,45000,4,2025-06-03 13:00:00,13,1,6,0,33.4,56.7,64.4,Medium,63.6,55.9,Hot,40.92,High,347.82,29.05,0
B06,Research Lab,Laboratory,35000,4,2025-06-03 13:00:00,13,1,6,0,28.8,67.8,47.6,Medium,38.2,59.7,Moderate,32.33,High,274.8,22.95,0
B05,Administration,Office,18000,3,2025-06-03 16:00:00,16,1,6,0,32.2,62.2,56.1,Medium,57.2,56.4,Hot,30.49,Medium,259.16,21.65,0
B03,Library,Library,22000,3,2025-06-03 16:00:00,16,1,6,0,36.2,53.0,52.2,Medium,63.6,43.7,Hot,41.73,High,354.7,29.63,0
B01,Academic Block,Classroom,45000,4,2025-06-03 17:00:00,17,1,6,0,33.1,68.4,77.4,High,65.6,76.9,Hot,41.43,High,352.16,29.42,0
B03,Library,Library,22000,3,2025-06-03 19:00:00,19,1,6,0,33.6,61.3,11.5,Low,43.9,41.7,Hot,27.71,Medium,235.54,19.67,0
B06,Research Lab,Laboratory,35000,4,2025-06-03 20:00:00,20,1,6,0,35.5,51.4,19.6,Low,50.4,43.7,Hot,33.67,High,286.2,23.91,0
B01,Academic Block,Classroom,45000,4,2025-06-03 23:00:00,23,1,6,0,35.1,50.9,11.3,Low,49.4,41.8,Hot,35.56,High,302.26,25.25,0
B01,Academic Block,Classroom,45000,4,2025-06-04 00:00:00,0,2,6,0,30.9,74.0,4.8,Low,39.9,34.7,Hot,26.24,Medium,223.04,18.63,0
B02,Computer Lab,Laboratory,28000,3,2025-06-04 00:00:00,0,2,6,0,33.4,54.8,15.8,Low,37.1,53.3,Hot,30.3,Medium,257.55,21.51,0
B01,Academic Block,Classroom,45000,4,2025-06-04 04:00:00,4,2,6,0,33.4,63.6,6.1,Low,43.0,35.7,Hot,25.29,Medium,214.96,17.96,0
B02,Computer Lab,Laboratory,28000,3,2025-06-04 09:00:00,9,2,6,0,28.9,64.5,56.0,Medium,53.1,50.4,Moderate,37.22,High,316.37,26.43,0
B01,Academic Block,Classroom,45000,4,2025-06-04 12:00:00,12,2,6,0,30.2,65.9,80.8,High,59.4,72.1,Hot,33.91,High,288.23,24.08,0
B04,Hostel,Dormitory,60000,6,2025-06-04 12:00:00,12,2,6,0,30.8,73.7,55.2,Medium,65.4,51.4,Hot,40.01,High,340.08,28.41,0
B02,Computer Lab,Laboratory,28000,3,2025-06-04 12:00:00,12,2,6,0,31.8,66.5,53.1,Medium,55.7,60.2,Hot,29.45,Medium,250.32,20.91,0
B04,Hostel,Dormitory,60000,6,2025-06-04 16:00:00,16,2,6,0,30.7,66.3,56.1,Medium,58.3,58.1,Hot,35.6,High,302.6,25.28,0
B05,Administration,Office,18000,3,2025-06-04 16:00:00,16,2,6,0,28.1,61.1,56.1,Medium,47.9,49.7,Moderate,19.61,Low,166.68,13.92,0
B03,Library,Library,22000,3,2025-06-04 18:00:00,18,2,6,0,33.9,53.2,42.6,Medium,54.5,41.7,Hot,36.58,High,310.93,25.97,0
B01,Academic Block,Classroom,45000,4,2025-06-04 19:00:00,19,2,6,0,35.5,73.5,19.6,Low,53.2,47.5,Hot,31.65,High,269.02,22.47,0
B01,Academic Block,Classroom,45000,4,2025-06-04 20:00:00,20,2,6,0,33.3,58.1,14.1,Low,37.0,36.4,Hot,28.88,Medium,245.48,20.5,0
B03,Library,Library,22000,3,2025-06-04 21:00:00,21,2,6,0,32.8,58.0,10.6,Low,47.6,37.4,Hot,24.31,Low,206.64,17.26,0
B01,Academic Block,Classroom,45000,4,2025-06-04 21:00:00,21,2,6,0,33.5,60.2,0.3,Low,33.4,36.8,Hot,27.03,Medium,229.76,19.19,0
B01,Academic Block,Classroom,45000,4,2025-06-04 22:00:00,22,2,6,0,35.9,57.6,9.8,Low,53.7,51.4,Hot,34.36,High,292.06,24.4,0
B02,Computer Lab,Laboratory,28000,3,2025-06-04 22:00:00,22,2,6,0,32.5,70.1,13.3,Low,41.9,35.8,Hot,27.75,Medium,235.88,19.7,0
B03,Library,Library,22000,3,2025-06-04 22:00:00,22,2,6,0,34.4,61.3,3.8,Low,56.0,51.5,Hot,24.83,Medium,211.05,17.63,0
B06,Research Lab,Laboratory,35000,4,2025-06-05 01:00:00,1,3,6,0,30.6,51.4,12.3,Low,45.7,46.1,Hot,33.11,High,281.44,23.51,0
B06,Research Lab,Laboratory,35000,4,2025-06-05 02:00:00,2,3,6,0,30.2,56.2,22.9,Low,48.7,46.5,Hot,36.16,High,307.36,25.67,0
B04,Hostel,Dormitory,60000,6,2025-06-05 02:00:00,2,3,6,0,33.1,58.6,13.6,Low,45.6,52.8,Hot,42.69,High,362.86,30.31,0
B03,Library,Library,22000,3,2025-06-05 03:00:00,3,3,6,0,33.8,65.1,16.1,Low,52.9,49.2,Hot,22.13,Low,188.1,15.71,0
B02,Computer Lab,Laboratory,28000,3,2025-06-05 03:00:00,3,3,6,0,32.6,48.3,8.9,Low,46.8,45.9,Hot,23.06,Low,196.01,16.37,0
B05,Administration,Office,18000,3,2025-06-05 04:00:00,4,3,6,0,27.7,66.3,4.6,Low,20.2,42.6,Moderate,11.08,Low,94.18,7.87,0
B04,Hostel,Dormitory,60000,6,2025-06-05 04:00:00,4,3,6,0,30.2,66.0,8.1,Low,32.4,46.5,Hot,34.49,High,293.17,24.49,0
B04,Hostel,Dormitory,60000,6,2025-06-05 07:00:00,7,3,6,0,30.3,66.9,19.4,Low,36.1,23.3,Hot,30.99,High,263.41,22.0,0
B03,Library,Library,22000,3,2025-06-05 08:00:00,8,3,6,0,29.9,60.5,54.2,Medium,48.5,59.7,Hot,35.93,High,305.4,25.51,0
B01,Academic Block,Classroom,45000,4,2025-06-05 09:00:00,9,3,6,0,27.0,70.7,65.2,Medium,50.3,64.2,Moderate,32.23,High,273.96,22.88,0
B01,Academic Block,Classroom,45000,4,2025-06-05 09:00:00,9,3,6,0,28.0,56.9,63.1,Medium,56.0,65.2,Moderate,36.88,High,313.48,26.18,0
B03,Library,Library,22000,3,2025-06-05 09:00:00,9,3,6,0,28.7,68.7,46.0,Medium,55.2,46.1,Moderate,29.5,Medium,250.75,20.94,0
B01,Academic Block,Classroom,45000,4,2025-06-05 10:00:00,10,3,6,0,30.0,60.6,76.2,High,64.7,68.9,Hot,33.5,High,284.75,23.78,0
B03,Library,Library,22000,3,2025-06-05 10:00:00,10,3,6,0,27.2,63.5,53.4,Medium,55.5,52.2,Moderate,22.85,Low,194.23,16.22,0
B03,Library,Library,22000,3,2025-06-05 10:00:00,10,3,6,0,31.0,60.4,51.2,Medium,47.8,57.1,Hot,33.59,High,285.52,23.85,0
B02,Computer Lab,Laboratory,28000,3,2025-06-05 11:00:00,11,3,6,0,30.3,65.3,59.4,Medium,52.7,59.1,Hot,27.18,Medium,231.03,19.3,0
B02,Computer Lab,Laboratory,28000,3,2025-06-05 11:00:00,11,3,6,0,28.8,54.2,55.1,Medium,50.0,53.6,Moderate,30.31,Medium,257.64,21.52,0
B04,Hostel,Dormitory,60000,6,2025-06-05 13:00:00,13,3,6,0,31.6,65.9,53.2,Medium,51.9,53.2,Hot,42.96,High,365.16,30.5,0
B04,Hostel,Dormitory,60000,6,2025-06-05 16:00:00,16,3,6,0,30.7,66.5,46.2,Medium,45.1,55.9,Hot,68.62,High,583.27,48.72,1
B02,Computer Lab,Laboratory,28000,3,2025-06-05 18:00:00,18,3,6,0,33.5,56.1,59.7,Medium,63.9,62.2,Hot,37.14,High,315.69,26.37,0
B06,Research Lab,Laboratory,35000,4,2025-06-05 21:00:00,21,3,6,0,31.1,60.1,11.6,Low,36.2,46.0,Hot,27.84,Medium,236.64,19.77,0
B01,Academic Block,Classroom,45000,4,2025-06-05 22:00:00,22,3,6,0,31.1,54.1,25.0,Low,50.0,55.1,Hot,26.91,Medium,228.74,19.11,0
B03,Library,Library,22000,3,2025-06-05 22:00:00,22,3,6,0,32.9,50.6,25.4,Low,41.2,59.4,Hot,24.53,Medium,208.5,17.42,0
B03,Library,Library,22000,3,2025-06-05 22:00:00,22,3,6,0,32.5,60.4,17.5,Low,50.2,42.8,Hot,32.18,High,273.53,22.85,0
B01,Academic Block,Classroom,45000,4,2025-06-05 23:00:00,23,3,6,0,33.8,59.4,11.4,Low,46.5,48.0,Hot,33.71,High,286.54,23.93,0
B05,Administration,Office,18000,3,2025-06-05 23:00:00,23,3,6,0,33.2,56.1,17.6,Low,47.6,48.6,Hot,24.34,Low,206.89,17.28,0
B03,Library,Library,22000,3,2025-06-06 00:00:00,0,4,6,0,36.0,47.5,17.4,Low,52.8,43.4,Hot,34.66,High,294.61,24.61,0
B02,Computer Lab,Laboratory,28000,3,2025-06-06 02:00:00,2,4,6,0,31.5,63.0,8.7,Low,39.7,41.4,Hot,26.04,Medium,221.34,18.49,0
B06,Research Lab,Laboratory,35000,4,2025-06-06 03:00:00,3,4,6,0,26.4,61.4,0.5,Low,27.7,34.0,Moderate,19.47,Low,165.5,13.82,0
B03,Library,Library,22000,3,2025-06-06 04:00:00,4,4,6,0,27.8,57.5,0.0,Low,28.8,36.7,Moderate,15.75,Low,133.88,11.18,0
B04,Hostel,Dormitory,60000,6,2025-06-06 05:00:00,5,4,6,0,28.6,71.1,11.2,Low,37.6,47.9,Moderate,27.14,Medium,230.69,19.27,0
B03,Library,Library,22000,3,2025-06-06 05:00:00,5,4,6,0,35.5,49.8,8.5,Low,50.6,35.7,Hot,35.69,High,303.36,25.34,0
B01,Academic Block,Classroom,45000,4,2025-06-06 07:00:00,7,4,6,0,29.9,65.0,8.2,Low,34.4,29.7,Hot,27.79,Medium,236.22,19.73,0
B01,Academic Block,Classroom,45000,4,2025-06-06 10:00:00,10,4,6,0,31.8,49.1,61.0,Medium,67.3,52.3,Hot,39.13,High,332.6,27.78,0
B05,Administration,Office,18000,3,2025-06-06 10:00:00,10,4,6,0,31.6,49.7,56.8,Medium,55.0,53.9,Hot,48.21,High,409.78,34.23,1
B05,Administration,Office,18000,3,2025-06-06 10:00:00,10,4,6,0,28.2,65.8,67.3,Medium,50.5,75.3,Moderate,27.15,Medium,230.77,19.28,0
B02,Computer Lab,Laboratory,28000,3,2025-06-06 11:00:00,11,4,6,0,27.7,60.5,37.6,Medium,42.5,35.8,Moderate,25.08,Medium,213.18,17.81,0
B02,Computer Lab,Laboratory,28000,3,2025-06-06 12:00:00,12,4,6,0,31.8,51.4,62.9,Medium,55.1,59.2,Hot,30.47,Medium,259.0,21.63,0
B01,Academic Block,Classroom,45000,4,2025-06-06 12:00:00,12,4,6,0,27.5,69.6,64.7,Medium,55.3,59.6,Moderate,35.77,High,304.04,25.4,0
B03,Library,Library,22000,3,2025-06-06 15:00:00,15,4,6,0,33.8,60.6,65.0,Medium,63.1,51.7,Hot,37.21,High,316.29,26.42,0
B04,Hostel,Dormitory,60000,6,2025-06-06 15:00:00,15,4,6,0,32.2,44.3,52.9,Medium,61.3,54.1,Hot,43.64,High,370.94,30.98,0
B02,Computer Lab,Laboratory,28000,3,2025-06-06 15:00:00,15,4,6,0,33.3,65.1,46.7,Medium,56.3,52.2,Hot,35.84,High,304.64,25.45,0
B04,Hostel,Dormitory,60000,6,2025-06-06 15:00:00,15,4,6,0,32.8,51.3,37.9,Medium,52.1,45.6,Hot,37.22,High,316.37,26.43,0
B06,Research Lab,Laboratory,35000,4,2025-06-06 16:00:00,16,4,6,0,33.4,46.3,50.8,Medium,55.9,50.1,Hot,39.3,High,334.05,27.9,0
B02,Computer Lab,Laboratory,28000,3,2025-06-06 17:00:00,17,4,6,0,33.4,52.5,60.7,Medium,66.7,50.6,Hot,34.7,High,294.95,24.64,0
B02,Computer Lab,Laboratory,28000,3,2025-06-06 19:00:00,19,4,6,0,34.2,57.3,0.0,Low,40.5,31.5,Hot,27.3,Medium,232.05,19.38,0
B01,Academic Block,Classroom,45000,4,2025-06-06 19:00:00,19,4,6,0,33.9,58.4,12.8,Low,47.5,40.1,Hot,29.57,Medium,251.34,20.99,0
B01,Academic Block,Classroom,45000,4,2025-06-06 21:00:00,21,4,6,0,31.7,48.2,16.9,Low,49.7,48.9,Hot,28.64,Medium,243.44,20.33,0
B01,Academic Block,Classroom,45000,4,2025-06-06 22:00:00,22,4,6,0,33.0,48.7,8.3,Low,42.2,38.3,Hot,27.92,Medium,237.32,19.82,0
B05,Administration,Office,18000,3,2025-06-06 22:00:00,22,4,6,0,36.8,50.2,5.8,Low,48.1,41.3,Hot,33.96,High,288.66,24.11,0
B05,Administration,Office,18000,3,2025-06-06 22:00:00,22,4,6,0,34.1,52.8,0.0,Low,40.4,25.3,Hot,20.75,Low,176.38,14.73,0
B04,Hostel,Dormitory,60000,6,2025-06-06 23:00:00,23,4,6,0,35.0,62.3,42.6,Medium,59.5,70.0,Hot,88.99,High,756.42,63.18,1
B05,Administration,Office,18000,3,2025-06-06 23:00:00,23,4,6,0,31.8,56.7,24.8,Low,51.2,56.0,Hot,28.13,Medium,239.1,19.97,0
B01,Academic Block,Classroom,45000,4,2025-06-06 23:00:00,23,4,6,0,31.8,64.8,20.5,Low,49.5,44.7,Hot,35.37,High,300.64,25.11,0
B06,Research Lab,Laboratory,35000,4,2025-06-07 00:00:00,0,5,6,1,31.1,67.8,10.1,Low,42.9,38.8,Hot,30.86,Medium,262.31,21.91,0
B05,Administration,Office,18000,3,2025-06-07 02:00:00,2,5,6,1,29.9,65.0,11.6,Low,45.5,41.9,Hot,14.72,Low,125.12,10.45,0
B01,Academic Block,Classroom,45000,4,2025-06-07 02:00:00,2,5,6,1,29.4,40.0,16.8,Low,39.7,52.8,Hot,26.91,Medium,228.74,19.11,0
B06,Research Lab,Laboratory,35000,4,2025-06-07 04:00:00,4,5,6,1,31.2,57.9,13.0,Low,49.5,43.1,Hot,33.29,High,282.96,23.64,0
B05,Administration,Office,18000,3,2025-06-07 05:00:00,5,5,6,1,29.9,59.9,0.0,Low,40.5,36.5,Hot,16.1,Low,136.85,11.43,0
B06,Research Lab,Laboratory,35000,4,2025-06-07 05:00:00,5,5,6,1,31.8,59.2,18.4,Low,40.2,48.6,Hot,36.02,High,306.17,25.57,0
B01,Academic Block,Classroom,45000,4,2025-06-07 06:00:00,6,5,6,1,29.7,46.7,20.5,Low,45.8,54.8,Hot,33.61,High,285.68,23.86,0
B03,Library,Library,22000,3,2025-06-07 07:00:00,7,5,6,1,26.3,58.6,19.5,Low,23.4,30.3,Moderate,19.69,Low,167.36,13.98,0
B04,Hostel,Dormitory,60000,6,2025-06-07 07:00:00,7,5,6,1,30.6,51.0,15.2,Low,48.0,20.0,Hot,37.1,High,315.35,26.34,0
B04,Hostel,Dormitory,60000,6,2025-06-07 13:00:00,13,5,6,1,28.3,55.9,18.7,Low,37.5,27.6,Moderate,35.66,High,303.11,25.32,0
B05,Administration,Office,18000,3,2025-06-07 15:00:00,15,5,6,1,32.7,57.0,2.1,Low,35.3,21.4,Hot,21.87,Low,185.9,15.53,0
B06,Research Lab,Laboratory,35000,4,2025-06-07 17:00:00,17,5,6,1,32.1,54.1,11.3,Low,31.6,25.0,Hot,32.03,High,272.26,22.74,0
B01,Academic Block,Classroom,45000,4,2025-06-07 19:00:00,19,5,6,1,34.2,51.7,7.3,Low,43.7,34.2,Hot,28.2,Medium,239.7,20.02,0
B03,Library,Library,22000,3,2025-06-07 20:00:00,20,5,6,1,31.7,58.3,22.2,Low,52.5,60.4,Hot,29.59,Medium,251.52,21.01,0
B04,Hostel,Dormitory,60000,6,2025-06-07 23:00:00,23,5,6,1,34.5,54.0,33.3,Low,55.6,56.8,Hot,44.88,High,381.48,31.86,0
B04,Hostel,Dormitory,60000,6,2025-06-08 01:00:00,1,6,6,1,32.5,60.4,10.9,Low,40.3,47.7,Hot,45.14,High,383.69,32.05,0
B02,Computer Lab,Laboratory,28000,3,2025-06-08 03:00:00,3,6,6,1,30.9,57.3,4.9,Low,36.6,45.6,Hot,44.87,High,381.4,31.86,1
B06,Research Lab,Laboratory,35000,4,2025-06-08 04:00:00,4,6,6,1,28.3,51.4,4.6,Low,40.9,43.7,Moderate,31.0,High,263.5,22.01,0
B05,Administration,Office,18000,3,2025-06-08 05:00:00,5,6,6,1,33.2,51.2,4.1,Low,45.8,33.6,Hot,27.59,Medium,234.52,19.59,0
B06,Research Lab,Laboratory,35000,4,2025-06-08 05:00:00,5,6,6,1,29.1,59.4,17.2,Low,38.6,53.3,Hot,28.19,Medium,239.62,20.01,0
B02,Computer Lab,Laboratory,28000,3,2025-06-08 08:00:00,8,6,6,1,30.3,57.6,16.2,Low,46.2,28.3,Hot,20.58,Low,174.93,14.61,0
B01,Academic Block,Classroom,45000,4,2025-06-08 08:00:00,8,6,6,1,28.5,52.3,13.8,Low,41.3,18.7,Moderate,23.62,Low,200.77,16.77,0
B03,Library,Library,22000,3,2025-06-08 09:00:00,9,6,6,1,35.6,61.3,17.5,Low,45.3,27.7,Hot,29.74,Medium,252.79,21.12,0
B06,Research Lab,Laboratory,35000,4,2025-06-08 11:00:00,11,6,6,1,30.7,62.6,6.4,Low,35.8,14.8,Hot,55.07,High,468.1,39.1,1
B01,Academic Block,Classroom,45000,4,2025-06-08 12:00:00,12,6,6,1,30.0,56.8,0.0,Low,42.9,16.9,Hot,26.08,Medium,221.68,18.52,0
B03,Library,Library,22000,3,2025-06-08 13:00:00,13,6,6,1,32.3,58.0,16.8,Low,48.5,31.5,Hot,25.46,Medium,216.41,18.08,0
B01,Academic Block,Classroom,45000,4,2025-06-08 15:00:00,15,6,6,1,33.5,50.7,11.6,Low,55.4,29.3,Hot,35.3,High,300.05,25.06,0
B02,Computer Lab,Laboratory,28000,3,2025-06-08 15:00:00,15,6,6,1,33.0,64.6,17.8,Low,49.6,28.0,Hot,52.16,High,443.36,37.03,1
B06,Research Lab,Laboratory,35000,4,2025-06-08 17:00:00,17,6,6,1,32.8,73.2,15.0,Low,40.4,21.6,Hot,34.32,High,291.72,24.37,0
B05,Administration,Office,18000,3,2025-06-08 17:00:00,17,6,6,1,34.0,53.3,11.5,Low,45.5,17.6,Hot,22.27,Low,189.3,15.81,0
B06,Research Lab,Laboratory,35000,4,2025-06-08 18:00:00,18,6,6,1,33.4,66.8,13.4,Low,49.9,28.4,Hot,71.51,High,607.84,50.77,1
B02,Computer Lab,Laboratory,28000,3,2025-06-08 19:00:00,19,6,6,1,33.8,51.9,21.9,Low,48.9,56.3,Hot,38.32,High,325.72,27.21,0
B06,Research Lab,Laboratory,35000,4,2025-06-08 19:00:00,19,6,6,1,32.6,55.2,10.0,Low,42.9,45.2,Hot,41.09,High,349.27,29.17,0
B03,Library,Library,22000,3,2025-06-08 23:00:00,23,6,6,1,31.1,70.2,17.2,Low,54.6,43.6,Hot,26.92,Medium,228.82,19.11,0
B04,Hostel,Dormitory,60000,6,2025-06-08 23:00:00,23,6,6,1,34.1,56.9,34.2,Low,52.3,57.4,Hot,46.44,High,394.74,32.97,0
B05,Administration,Office,18000,3,2025-06-09 00:00:00,0,0,6,0,33.8,62.8,0.3,Low,43.3,32.4,Hot,26.13,Medium,222.1,18.55,0
B01,Academic Block,Classroom,45000,4,2025-06-09 01:00:00,1,0,6,0,34.4,55.6,2.8,Low,44.9,29.6,Hot,34.24,High,291.04,24.31,0
B05,Administration,Office,18000,3,2025-06-09 02:00:00,2,0,6,0,32.0,46.8,11.7,Low,47.6,46.3,Hot,28.0,Medium,238.0,19.88,0
B02,Computer Lab,Laboratory,28000,3,2025-06-09 03:00:00,3,0,6,0,31.1,76.5,8.5,Low,40.9,40.7,Hot,21.58,Low,183.43,15.32,0
B04,Hostel,Dormitory,60000,6,2025-06-09 03:00:00,3,0,6,0,29.3,60.0,5.3,Low,35.8,46.1,Hot,32.87,High,279.4,23.34,0
B01,Academic Block,Classroom,45000,4,2025-06-09 05:00:00,5,0,6,0,30.4,61.8,19.5,Low,54.0,44.8,Hot,31.04,High,263.84,22.04,0
B01,Academic Block,Classroom,45000,4,2025-06-09 06:00:00,6,0,6,0,30.7,55.3,1.5,Low,35.6,35.4,Hot,24.11,Low,204.94,17.12,0
B01,Academic Block,Classroom,45000,4,2025-06-09 07:00:00,7,0,6,0,27.2,68.7,10.6,Low,37.5,16.7,Moderate,34.07,High,289.6,24.19,1
B01,Academic Block,Classroom,45000,4,2025-06-09 08:00:00,8,0,6,0,31.5,64.7,60.5,Medium,50.6,58.5,Hot,33.6,High,285.6,23.86,0
B05,Administration,Office,18000,3,2025-06-09 09:00:00,9,0,6,0,28.9,51.0,73.1,High,58.0,73.8,Moderate,30.17,Medium,256.44,21.42,0
B04,Hostel,Dormitory,60000,6,2025-06-09 11:00:00,11,0,6,0,30.2,62.0,68.6,Medium,58.2,66.7,Hot,41.0,High,348.5,29.11,0
B02,Computer Lab,Laboratory,28000,3,2025-06-09 14:00:00,14,0,6,0,32.8,64.9,56.6,Medium,58.8,52.6,Hot,37.18,High,316.03,26.4,0
B02,Computer Lab,Laboratory,28000,3,2025-06-09 14:00:00,14,0,6,0,31.9,67.9,64.7,Medium,50.1,56.0,Hot,31.77,High,270.04,22.56,0
B01,Academic Block,Classroom,45000,4,2025-06-09 15:00:00,15,0,6,0,34.5,61.9,75.5,High,66.8,69.9,Hot,43.67,High,371.2,31.01,0
B03,Library,Library,22000,3,2025-06-09 16:00:00,16,0,6,0,33.8,63.1,61.2,Medium,57.4,61.9,Hot,35.27,High,299.8,25.04,0
B02,Computer Lab,Laboratory,28000,3,2025-06-09 17:00:00,17,0,6,0,33.1,54.7,64.3,Medium,69.0,67.3,Hot,34.72,High,295.12,24.65,0
B06,Research Lab,Laboratory,35000,4,2025-06-09 19:00:00,19,0,6,0,29.2,53.0,0.0,Low,27.8,31.3,Hot,20.02,Low,170.17,14.21,0
B01,Academic Block,Classroom,45000,4,2025-06-09 21:00:00,21,0,6,0,35.3,54.6,20.2,Low,54.8,46.3,Hot,39.86,High,338.81,28.3,0
B06,Research Lab,Laboratory,35000,4,2025-06-09 21:00:00,21,0,6,0,32.1,50.6,14.5,Low,47.3,56.5,Hot,33.01,High,280.58,23.44,0
B04,Hostel,Dormitory,60000,6,2025-06-09 22:00:00,22,0,6,0,34.9,51.9,30.4,Low,50.3,57.7,Hot,39.88,High,338.98,28.31,0
B04,Hostel,Dormitory,60000,6,2025-06-09 23:00:00,23,0,6,0,34.1,52.4,31.5,Low,47.7,63.4,Hot,40.8,High,346.8,28.97,0
B02,Computer Lab,Laboratory,28000,3,2025-06-10 01:00:00,1,1,6,0,32.1,52.7,13.8,Low,41.3,39.0,Hot,30.54,Medium,259.59,21.68,0
B06,Research Lab,Laboratory,35000,4,2025-06-10 01:00:00,1,1,6,0,33.9,61.6,10.2,Low,42.6,44.3,Hot,30.39,Medium,258.32,21.58,0
B04,Hostel,Dormitory,60000,6,2025-06-10 02:00:00,2,1,6,0,32.7,51.8,9.5,Low,36.7,45.8,Hot,71.52,High,607.92,50.78,1
B03,Library,Library,22000,3,2025-06-10 05:00:00,5,1,6,0,31.0,73.0,5.2,Low,36.2,39.2,Hot,23.87,Low,202.9,16.95,0
B04,Hostel,Dormitory,60000,6,2025-06-10 05:00:00,5,1,6,0,27.9,69.6,15.6,Low,38.0,38.0,Moderate,34.41,High,292.48,24.43,0
B04,Hostel,Dormitory,60000,6,2025-06-10 06:00:00,6,1,6,0,30.3,69.1,10.9,Low,31.6,38.6,Hot,33.04,High,280.84,23.46,0
B02,Computer Lab,Laboratory,28000,3,2025-06-10 09:00:00,9,1,6,0,28.1,57.7,53.2,Medium,48.4,56.7,Moderate,32.34,High,274.89,22.96,0
B02,Computer Lab,Laboratory,28000,3,2025-06-10 10:00:00,10,1,6,0,28.5,63.6,59.5,Medium,49.4,51.6,Moderate,38.28,High,325.38,27.18,0
B01,Academic Block,Classroom,45000,4,2025-06-10 11:00:00,11,1,6,0,30.0,53.7,66.9,Medium,58.4,77.8,Hot,34.48,High,293.08,24.48,0
B03,Library,Library,22000,3,2025-06-10 12:00:00,12,1,6,0,33.1,60.0,58.4,Medium,71.7,64.5,Hot,32.98,High,280.33,23.42,0
B02,Computer Lab,Laboratory,28000,3,2025-06-10 13:00:00,13,1,6,0,32.0,47.0,58.6,Medium,49.4,51.4,Hot,41.65,High,354.02,29.57,0
B02,Computer Lab,Laboratory,28000,3,2025-06-10 14:00:00,14,1,6,0,32.6,66.4,63.1,Medium,60.5,63.6,Hot,41.82,High,355.47,29.69,0
B03,Library,Library,22000,3,2025-06-10 15:00:00,15,1,6,0,33.6,53.6,53.0,Medium,61.1,55.1,Hot,32.42,High,275.57,23.02,0
B01,Academic Block,Classroom,45000,4,2025-06-10 15:00:00,15,1,6,0,31.1,62.2,65.2,Medium,56.1,69.3,Hot,33.58,High,285.43,23.84,0
B03,Library,Library,22000,3,2025-06-10 16:00:00,16,1,6,0,30.6,63.9,56.8,Medium,57.6,45.1,Hot,27.12,Medium,230.52,19.26,0
B06,Research Lab,Laboratory,35000,4,2025-06-10 17:00:00,17,1,6,0,30.7,56.6,61.5,Medium,48.4,62.0,Hot,42.64,High,362.44,30.27,0
B06,Research Lab,Laboratory,35000,4,2025-06-10 17:00:00,17,1,6,0,33.7,52.5,67.3,Medium,62.5,59.5,Hot,41.57,High,353.34,29.51,0
B01,Academic Block,Classroom,45000,4,2025-06-10 19:00:00,19,1,6,0,35.3,55.9,19.3,Low,34.7,51.7,Hot,38.95,High,331.08,27.65,0
B01,Academic Block,Classroom,45000,4,2025-06-10 19:00:00,19,1,6,0,35.2,62.5,11.7,Low,46.4,38.3,Hot,35.68,High,303.28,25.33,0
B01,Academic Block,Classroom,45000,4,2025-06-10 19:00:00,19,1,6,0,32.6,57.9,2.1,Low,32.4,43.4,Hot,29.86,Medium,253.81,21.2,0
B05,Administration,Office,18000,3,2025-06-10 21:00:00,21,1,6,0,35.9,60.5,16.8,Low,52.8,49.1,Hot,33.6,High,285.6,23.86,0
B03,Library,Library,22000,3,2025-06-10 21:00:00,21,1,6,0,36.9,61.0,15.7,Low,60.8,37.8,Hot,34.21,High,290.79,24.29,0
B02,Computer Lab,Laboratory,28000,3,2025-06-10 22:00:00,22,1,6,0,34.6,56.0,13.5,Low,49.1,32.4,Hot,32.12,High,273.02,22.81,0
B06,Research Lab,Laboratory,35000,4,2025-06-10 23:00:00,23,1,6,0,35.6,55.7,17.4,Low,50.1,50.5,Hot,43.81,High,372.38,31.11,0
B01,Academic Block,Classroom,45000,4,2025-06-11 01:00:00,1,2,6,0,33.8,58.9,9.4,Low,41.4,38.6,Hot,31.03,High,263.76,22.03,0
B06,Research Lab,Laboratory,35000,4,2025-06-11 01:00:00,1,2,6,0,32.1,67.3,0.8,Low,36.8,38.5,Hot,31.11,High,264.44,22.09,0
B05,Administration,Office,18000,3,2025-06-11 03:00:00,3,2,6,0,30.4,58.3,5.9,Low,35.6,36.1,Hot,23.82,Low,202.47,16.91,0
B03,Library,Library,22000,3,2025-06-11 05:00:00,5,2,6,0,28.1,70.5,0.0,Low,31.1,41.0,Moderate,20.45,Low,173.82,14.52,0
B04,Hostel,Dormitory,60000,6,2025-06-11 06:00:00,6,2,6,0,29.5,63.2,15.1,Low,41.6,51.4,Hot,36.43,High,309.65,25.87,0
B01,Academic Block,Classroom,45000,4,2025-06-11 07:00:00,7,2,6,0,29.6,56.2,11.5,Low,33.1,25.8,Hot,19.57,Low,166.34,13.89,0
B04,Hostel,Dormitory,60000,6,2025-06-11 07:00:00,7,2,6,0,29.7,60.9,18.0,Low,47.0,24.0,Hot,34.06,High,289.51,24.18,0
B03,Library,Library,22000,3,2025-06-11 08:00:00,8,2,6,0,29.8,53.3,60.2,Medium,53.8,57.2,Hot,32.88,High,279.48,23.34,0
B02,Computer Lab,Laboratory,28000,3,2025-06-11 09:00:00,9,2,6,0,26.6,54.3,55.4,Medium,47.8,55.3,Moderate,37.37,High,317.64,26.53,0
B04,Hostel,Dormitory,60000,6,2025-06-11 09:00:00,9,2,6,0,31.2,64.3,45.2,Medium,60.1,43.7,Hot,43.71,High,371.54,31.03,0
B04,Hostel,Dormitory,60000,6,2025-06-11 14:00:00,14,2,6,0,33.3,63.9,45.5,Medium,43.5,52.4,Hot,42.16,High,358.36,29.93,0
B06,Research Lab,Laboratory,35000,4,2025-06-11 15:00:00,15,2,6,0,33.0,58.4,72.2,High,49.8,67.5,Hot,41.88,High,355.98,29.73,0
B06,Research Lab,Laboratory,35000,4,2025-06-11 16:00:00,16,2,6,0,31.2,60.4,57.7,Medium,59.1,57.4,Hot,39.11,High,332.44,27.77,0
B06,Research Lab,Laboratory,35000,4,2025-06-11 17:00:00,17,2,6,0,33.9,53.8,56.9,Medium,61.4,55.1,Hot,33.15,High,281.77,23.54,0
B06,Research Lab,Laboratory,35000,4,2025-06-11 17:00:00,17,2,6,0,33.4,59.5,60.8,Medium,70.7,60.5,Hot,37.05,High,314.92,26.31,0
B03,Library,Library,22000,3,2025-06-11 18:00:00,18,2,6,0,34.4,71.4,43.8,Medium,50.9,48.7,Hot,32.61,High,277.18,23.15,0
B01,Academic Block,Classroom,45000,4,2025-06-11 19:00:00,19,2,6,0,36.2,63.1,9.2,Low,51.7,39.2,Hot,36.79,High,312.71,26.12,0
B05,Administration,Office,18000,3,2025-06-11 22:00:00,22,2,6,0,33.4,57.7,6.0,Low,40.5,38.3,Hot,23.15,Low,196.77,16.44,0
B05,Administration,Office,18000,3,2025-06-11 23:00:00,23,2,6,0,33.6,57.0,4.5,Low,48.1,36.0,Hot,26.63,Medium,226.36,18.91,0
B03,Library,Library,22000,3,2025-06-12 00:00:00,0,3,6,0,31.7,57.0,10.2,Low,27.9,40.3,Hot,24.17,Low,205.45,17.16,0
B06,Research Lab,Laboratory,35000,4,2025-06-12 01:00:00,1,3,6,0,33.8,48.1,12.3,Low,44.0,44.3,Hot,28.41,Medium,241.48,20.17,0
B06,Research Lab,Laboratory,35000,4,2025-06-12 01:00:00,1,3,6,0,33.5,54.8,3.2,Low,46.2,24.6,Hot,26.82,Medium,227.97,19.04,0
B03,Library,Library,22000,3,2025-06-12 02:00:00,2,3,6,0,32.3,63.9,9.4,Low,37.1,49.1,Hot,23.06,Low,196.01,16.37,0
B05,Administration,Office,18000,3,2025-06-12 04:00:00,4,3,6,0,29.4,55.0,12.6,Low,37.4,48.3,Hot,22.53,Low,191.5,16.0,0
B01,Academic Block,Classroom,45000,4,2025-06-12 04:00:00,4,3,6,0,29.9,59.1,15.2,Low,39.8,47.2,Hot,27.01,Medium,229.58,19.18,0
B05,Administration,Office,18000,3,2025-06-12 04:00:00,4,3,6,0,28.2,54.6,10.1,Low,36.7,46.8,Moderate,17.37,Low,147.65,12.33,0
B02,Computer Lab,Laboratory,28000,3,2025-06-12 04:00:00,4,3,6,0,29.9,66.6,14.3,Low,32.7,38.9,Hot,30.6,Medium,260.1,21.73,0
B03,Library,Library,22000,3,2025-06-12 06:00:00,6,3,6,0,31.3,51.0,9.5,Low,37.2,33.4,Hot,24.75,Medium,210.38,17.57,0
B05,Administration,Office,18000,3,2025-06-12 06:00:00,6,3,6,0,30.8,64.5,21.0,Low,46.2,41.3,Hot,22.57,Low,191.84,16.02,0
B03,Library,Library,22000,3,2025-06-12 08:00:00,8,3,6,0,30.2,68.0,58.7,Medium,59.8,61.2,Hot,35.77,High,304.04,25.4,0
B01,Academic Block,Classroom,45000,4,2025-06-12 09:00:00,9,3,6,0,32.2,57.0,61.9,Medium,61.1,62.1,Hot,37.83,High,321.56,26.86,0
B01,Academic Block,Classroom,45000,4,2025-06-12 09:00:00,9,3,6,0,30.5,55.8,63.1,Medium,55.3,64.1,Hot,38.46,High,326.91,27.31,0
B02,Computer Lab,Laboratory,28000,3,2025-06-12 09:00:00,9,3,6,0,29.2,65.0,61.5,Medium,55.0,65.8,Hot,29.57,Medium,251.34,20.99,0
B02,Computer Lab,Laboratory,28000,3,2025-06-12 10:00:00,10,3,6,0,29.2,72.9,55.1,Medium,57.3,44.5,Hot,26.53,Medium,225.5,18.84,0
B06,Research Lab,Laboratory,35000,4,2025-06-12 10:00:00,10,3,6,0,29.9,70.5,45.3,Medium,51.3,43.0,Hot,29.69,Medium,252.36,21.08,0
B02,Computer Lab,Laboratory,28000,3,2025-06-12 12:00:00,12,3,6,0,30.3,60.2,60.9,Medium,49.2,57.4,Hot,34.73,High,295.2,24.66,0
B02,Computer Lab,Laboratory,28000,3,2025-06-12 14:00:00,14,3,6,0,33.4,52.1,56.1,Medium,53.4,60.4,Hot,36.45,High,309.83,25.88,0
B02,Computer Lab,Laboratory,28000,3,2025-06-12 15:00:00,15,3,6,0,33.1,56.9,63.6,Medium,62.5,63.4,Hot,37.61,High,319.68,26.7,0
B04,Hostel,Dormitory,60000,6,2025-06-12 15:00:00,15,3,6,0,32.0,47.6,51.3,Medium,46.0,66.6,Hot,41.82,High,355.47,29.69,0
B04,Hostel,Dormitory,60000,6,2025-06-12 16:00:00,16,3,6,0,32.5,55.1,55.5,Medium,63.1,51.2,Hot,43.43,High,369.16,30.84,0
B03,Library,Library,22000,3,2025-06-12 16:00:00,16,3,6,0,34.0,61.0,72.5,High,61.4,72.0,Hot,40.67,High,345.7,28.88,0
B01,Academic Block,Classroom,45000,4,2025-06-12 17:00:00,17,3,6,0,34.9,54.5,75.6,High,62.7,76.5,Hot,41.84,High,355.64,29.71,0
B04,Hostel,Dormitory,60000,6,2025-06-12 19:00:00,19,3,6,0,31.1,55.9,29.5,Low,56.8,64.4,Hot,33.93,High,288.4,24.09,0
B01,Academic Block,Classroom,45000,4,2025-06-12 19:00:00,19,3,6,0,33.6,57.7,15.0,Low,43.1,45.2,Hot,38.24,High,325.04,27.15,0
B04,Hostel,Dormitory,60000,6,2025-06-12 21:00:00,21,3,6,0,34.0,55.9,32.8,Low,54.8,53.1,Hot,40.72,High,346.12,28.91,0
B04,Hostel,Dormitory,60000,6,2025-06-12 21:00:00,21,3,6,0,34.7,62.5,33.9,Low,58.3,63.7,Hot,48.76,High,414.46,34.62,0
B06,Research Lab,Laboratory,35000,4,2025-06-12 21:00:00,21,3,6,0,34.1,48.4,1.0,Low,50.8,37.2,Hot,34.94,High,296.99,24.81,0
B03,Library,Library,22000,3,2025-06-12 23:00:00,23,3,6,0,34.0,61.5,19.4,Low,44.8,52.4,Hot,33.99,High,288.92,24.13,0
B03,Library,Library,22000,3,2025-06-13 00:00:00,0,4,6,0,32.6,58.6,0.0,Low,40.1,41.8,Hot,21.79,Low,185.22,15.47,0
B02,Computer Lab,Laboratory,28000,3,2025-06-13 01:00:00,1,4,6,0,31.3,63.0,11.9,Low,40.2,42.7,Hot,30.87,Medium,262.4,21.92,0
B01,Academic Block,Classroom,45000,4,2025-06-13 02:00:00,2,4,6,0,33.1,48.8,0.0,Low,54.4,29.8,Hot,29.72,Medium,252.62,21.1,0
B06,Research Lab,Laboratory,35000,4,2025-06-13 03:00:00,3,4,6,0,32.7,65.0,7.1,Low,29.6,43.2,Hot,27.84,Medium,236.64,19.77,0
B04,Hostel,Dormitory,60000,6,2025-06-13 05:00:00,5,4,6,0,31.5,63.6,13.5,Low,40.9,46.7,Hot,41.26,High,350.71,29.29,0
B02,Computer Lab,Laboratory,28000,3,2025-06-13 08:00:00,8,4,6,0,31.2,71.8,64.9,Medium,59.2,62.1,Hot,32.83,High,279.06,23.31,0
B01,Academic Block,Classroom,45000,4,2025-06-13 08:00:00,8,4,6,0,28.5,56.4,73.8,High,56.9,65.3,Moderate,31.78,High,270.13,22.56,0
B03,Library,Library,22000,3,2025-06-13 12:00:00,12,4,6,0,30.2,56.7,53.5,Medium,44.8,56.8,Hot,23.32,Low,198.22,16.56,0
B04,Hostel,Dormitory,60000,6,2025-06-13 13:00:00,13,4,6,0,33.1,46.0,57.9,Medium,49.1,62.7,Hot,41.63,High,353.86,29.56,0
B05,Administration,Office,18000,3,2025-06-13 13:00:00,13,4,6,0,32.0,53.6,62.3,Medium,50.6,53.8,Hot,30.0,Medium,255.0,21.3,0
B03,Library,Library,22000,3,2025-06-13 15:00:00,15,4,6,0,32.6,69.0,49.9,Medium,61.7,52.6,Hot,30.64,Medium,260.44,21.75,0
B06,Research Lab,Laboratory,35000,4,2025-06-13 15:00:00,15,4,6,0,32.1,61.4,61.4,Medium,59.6,64.0,Hot,39.77,High,338.04,28.24,0
B02,Computer Lab,Laboratory,28000,3,2025-06-13 16:00:00,16,4,6,0,34.9,52.0,52.4,Medium,51.0,63.3,Hot,33.39,High,283.82,23.71,0
B04,Hostel,Dormitory,60000,6,2025-06-13 20:00:00,20,4,6,0,31.3,60.9,31.1,Low,56.2,58.7,Hot,38.77,High,329.54,27.53,0
B01,Academic Block,Classroom,45000,4,2025-06-13 20:00:00,20,4,6,0,34.4,57.0,8.6,Low,57.1,49.2,Hot,29.85,Medium,253.73,21.19,0
B01,Academic Block,Classroom,45000,4,2025-06-13 22:00:00,22,4,6,0,33.6,44.8,1.1,Low,43.1,40.0,Hot,29.44,Medium,250.24,20.9,0
B01,Academic Block,Classroom,45000,4,2025-06-13 23:00:00,23,4,6,0,31.5,47.7,14.3,Low,44.7,50.0,Hot,29.17,Medium,247.95,20.71,0
B03,Library,Library,22000,3,2025-06-14 00:00:00,0,5,6,1,35.4,64.4,13.0,Low,49.2,40.7,Hot,30.36,Medium,258.06,21.56,0
B06,Research Lab,Laboratory,35000,4,2025-06-14 00:00:00,0,5,6,1,28.9,67.0,20.1,Low,35.7,62.5,Moderate,30.14,Medium,256.19,21.4,0
B01,Academic Block,Classroom,45000,4,2025-06-14 00:00:00,0,5,6,1,33.2,48.0,0.0,Low,29.2,35.3,Hot,24.22,Low,205.87,17.2,0
B04,Hostel,Dormitory,60000,6,2025-06-14 01:00:00,1,5,6,1,33.3,57.5,7.0,Low,36.3,41.3,Hot,34.88,High,296.48,24.76,0
B03,Library,Library,22000,3,2025-06-14 03:00:00,3,5,6,1,30.0,56.0,19.9,Low,41.0,50.0,Hot,31.26,High,265.71,22.19,0
B01,Academic Block,Classroom,45000,4,2025-06-14 04:00:00,4,5,6,1,31.4,67.5,15.7,Low,45.9,53.0,Hot,30.02,Medium,255.17,21.31,0
B05,Administration,Office,18000,3,2025-06-14 05:00:00,5,5,6,1,30.2,64.0,17.1,Low,39.4,57.6,Hot,21.75,Low,184.88,15.44,0
B02,Computer Lab,Laboratory,28000,3,2025-06-14 05:00:00,5,5,6,1,32.0,51.7,22.2,Low,45.2,54.9,Hot,24.04,Low,204.34,17.07,0
B04,Hostel,Dormitory,60000,6,2025-06-14 07:00:00,7,5,6,1,35.3,57.6,6.6,Low,46.5,18.0,Hot,40.03,High,340.26,28.42,0
B05,Administration,Office,18000,3,2025-06-14 08:00:00,8,5,6,1,30.5,60.3,6.0,Low,38.0,28.0,Hot,14.4,Low,122.4,10.22,0
B05,Administration,Office,18000,3,2025-06-14 08:00:00,8,5,6,1,30.9,60.0,18.0,Low,38.8,22.2,Hot,12.55,Low,106.68,8.91,0
B01,Academic Block,Classroom,45000,4,2025-06-14 08:00:00,8,5,6,1,28.5,58.6,16.4,Low,39.9,23.8,Moderate,26.93,Medium,228.9,19.12,0
B01,Academic Block,Classroom,45000,4,2025-06-14 08:00:00,8,5,6,1,30.3,60.9,11.1,Low,32.2,16.4,Hot,26.82,Medium,227.97,19.04,0
B04,Hostel,Dormitory,60000,6,2025-06-14 09:00:00,9,5,6,1,29.5,55.4,10.9,Low,39.2,21.3,Hot,25.84,Medium,219.64,18.35,0
B03,Library,Library,22000,3,2025-06-14 11:00:00,11,5,6,1,31.7,51.3,5.2,Low,30.2,23.9,Hot,16.37,Low,139.15,11.62,0
B03,Library,Library,22000,3,2025-06-14 12:00:00,12,5,6,1,28.8,53.2,23.0,Low,33.1,31.1,Moderate,17.94,Low,152.49,12.74,0
B02,Computer Lab,Laboratory,28000,3,2025-06-14 12:00:00,12,5,6,1,29.4,54.1,26.2,Low,38.2,34.9,Hot,33.35,High,283.48,23.68,0
B01,Academic Block,Classroom,45000,4,2025-06-14 14:00:00,14,5,6,1,33.7,61.0,19.8,Low,49.2,31.7,Hot,33.95,High,288.58,24.1,0
B02,Computer Lab,Laboratory,28000,3,2025-06-14 15:00:00,15,5,6,1,32.8,61.9,16.6,Low,46.7,26.3,Hot,31.94,High,271.49,22.68,0
B02,Computer Lab,Laboratory,28000,3,2025-06-14 16:00:00,16,5,6,1,35.0,67.2,16.1,Low,43.9,21.5,Hot,37.12,High,315.52,26.36,0
B03,Library,Library,22000,3,2025-06-14 18:00:00,18,5,6,1,34.2,56.0,14.3,Low,38.5,17.5,Hot,31.49,High,267.66,22.36,0
B04,Hostel,Dormitory,60000,6,2025-06-14 18:00:00,18,5,6,1,34.5,62.3,0.0,Low,49.7,21.5,Hot,38.48,High,327.08,27.32,0
B04,Hostel,Dormitory,60000,6,2025-06-14 19:00:00,19,5,6,1,33.4,58.6,28.7,Low,51.0,53.3,Hot,42.28,High,359.38,30.02,0
B05,Administration,Office,18000,3,2025-06-14 19:00:00,19,5,6,1,33.6,60.2,17.7,Low,46.3,44.8,Hot,26.82,Medium,227.97,19.04,0
B01,Academic Block,Classroom,45000,4,2025-06-14 20:00:00,20,5,6,1,35.4,62.3,6.1,Low,48.4,32.1,Hot,27.64,Medium,234.94,19.62,0
B01,Academic Block,Classroom,45000,4,2025-06-14 20:00:00,20,5,6,1,33.8,62.0,13.1,Low,40.1,44.1,Hot,33.31,High,283.14,23.65,0
B06,Research Lab,Laboratory,35000,4,2025-06-14 21:00:00,21,5,6,1,35.7,57.2,20.1,Low,58.1,52.8,Hot,37.71,High,320.54,26.77,0
B01,Academic Block,Classroom,45000,4,2025-06-14 21:00:00,21,5,6,1,33.7,53.7,20.2,Low,51.6,48.3,Hot,23.92,Low,203.32,16.98,0
B01,Academic Block,Classroom,45000,4,2025-06-14 22:00:00,22,5,6,1,31.9,61.4,18.6,Low,42.6,50.7,Hot,27.99,Medium,237.92,19.87,0
B03,Library,Library,22000,3,2025-06-14 23:00:00,23,5,6,1,31.5,69.4,14.0,Low,41.6,35.6,Hot,21.89,Low,186.06,15.54,0
B03,Library,Library,22000,3,2025-06-14 23:00:00,23,5,6,1,33.1,59.7,17.6,Low,44.7,49.1,Hot,30.32,Medium,257.72,21.53,0
B01,Academic Block,Classroom,45000,4,2025-06-14 23:00:00,23,5,6,1,34.8,54.4,10.3,Low,54.6,40.7,Hot,34.4,High,292.4,24.42,0
B03,Library,Library,22000,3,2025-06-15 00:00:00,0,6,6,1,32.0,65.1,23.9,Low,49.0,45.7,Hot,23.81,Low,202.38,16.91,0
B03,Library,Library,22000,3,2025-06-15 00:00:00,0,6,6,1,34.1,48.0,0.9,Low,45.3,27.6,Hot,21.4,Low,181.9,15.19,0
B06,Research Lab,Laboratory,35000,4,2025-06-15 03:00:00,3,6,6,1,31.6,57.2,12.5,Low,42.1,40.1,Hot,29.5,Medium,250.75,20.94,0
B02,Computer Lab,Laboratory,28000,3,2025-06-15 05:00:00,5,6,6,1,31.5,52.9,8.7,Low,40.1,35.5,Hot,27.87,Medium,236.9,19.79,0
B01,Academic Block,Classroom,45000,4,2025-06-15 06:00:00,6,6,6,1,29.8,60.3,16.8,Low,51.2,49.3,Hot,30.96,High,263.16,21.98,0
B06,Research Lab,Laboratory,35000,4,2025-06-15 09:00:00,9,6,6,1,30.3,69.5,9.6,Low,36.1,24.4,Hot,29.99,Medium,254.92,21.29,0
B06,Research Lab,Laboratory,35000,4,2025-06-15 10:00:00,10,6,6,1,31.7,64.1,28.9,Low,48.9,37.5,Hot,27.43,Medium,233.16,19.48,0
B02,Computer Lab,Laboratory,28000,3,2025-06-15 10:00:00,10,6,6,1,30.2,47.8,18.4,Low,53.6,30.7,Hot,28.76,Medium,244.46,20.42,0
B05,Administration,Office,18000,3,2025-06-15 13:00:00,13,6,6,1,30.7,56.1,5.0,Low,45.4,10.9,Hot,19.27,Low,163.79,13.68,0
B03,Library,Library,22000,3,2025-06-15 15:00:00,15,6,6,1,29.8,50.7,0.0,Low,36.3,17.5,Hot,18.1,Low,153.85,12.85,0
B05,Administration,Office,18000,3,2025-06-15 15:00:00,15,6,6,1,33.3,65.8,4.0,Low,32.7,21.3,Hot,23.11,Low,196.44,16.41,0
B01,Academic Block,Classroom,45000,4,2025-06-15 16:00:00,16,6,6,1,31.8,55.5,15.9,Low,56.2,28.3,Hot,36.44,High,309.74,25.87,0
B04,Hostel,Dormitory,60000,6,2025-06-15 16:00:00,16,6,6,1,32.2,59.8,10.2,Low,40.5,22.2,Hot,33.52,High,284.92,23.8,0
B03,Library,Library,22000,3,2025-06-15 17:00:00,17,6,6,1,31.8,60.4,8.0,Low,40.9,17.3,Hot,22.72,Low,193.12,16.13,0
B01,Academic Block,Classroom,45000,4,2025-06-15 20:00:00,20,6,6,1,33.6,59.6,6.9,Low,49.5,41.9,Hot,28.74,Medium,244.29,20.41,0
B02,Computer Lab,Laboratory,28000,3,2025-06-15 20:00:00,20,6,6,1,37.1,35.1,17.8,Low,52.2,46.4,Hot,35.34,High,300.39,25.09,0
B03,Library,Library,22000,3,2025-06-15 23:00:00,23,6,6,1,33.9,60.4,9.7,Low,46.1,46.9,Hot,23.59,Low,200.52,16.75,0
B03,Library,Library,22000,3,2025-06-15 23:00:00,23,6,6,1,32.4,55.2,9.0,Low,42.3,43.1,Hot,19.2,Low,163.2,13.63,0
B02,Computer Lab,Laboratory,28000,3,2025-06-16 05:00:00,5,0,6,0,29.9,67.0,19.0,Low,38.7,48.4,Hot,24.79,Medium,210.72,17.6,0
B02,Computer Lab,Laboratory,28000,3,2025-06-16 05:00:00,5,0,6,0,28.4,63.7,22.9,Low,41.6,50.5,Moderate,32.83,High,279.06,23.31,0
B04,Hostel,Dormitory,60000,6,2025-06-16 07:00:00,7,0,6,0,28.4,66.7,4.2,Low,29.2,17.4,Moderate,26.0,Medium,221.0,18.46,0
B04,Hostel,Dormitory,60000,6,2025-06-16 08:00:00,8,0,6,0,28.1,57.4,59.2,Medium,44.9,58.6,Moderate,36.19,High,307.62,25.69,0
B04,Hostel,Dormitory,60000,6,2025-06-16 10:00:00,10,0,6,0,30.7,52.5,50.2,Medium,56.5,52.3,Hot,34.67,High,294.7,24.62,0
B01,Academic Block,Classroom,45000,4,2025-06-16 12:00:00,12,0,6,0,31.7,65.9,73.0,High,70.5,63.3,Hot,38.06,High,323.51,27.02,0
B01,Academic Block,Classroom,45000,4,2025-06-16 12:00:00,12,0,6,0,31.1,64.1,71.2,High,56.8,69.6,Hot,33.13,High,281.6,23.52,0
B04,Hostel,Dormitory,60000,6,2025-06-16 13:00:00,13,0,6,0,32.0,61.0,51.1,Medium,52.7,54.2,Hot,39.76,High,337.96,28.23,0
B01,Academic Block,Classroom,45000,4,2025-06-16 13:00:00,13,0,6,0,30.3,62.3,67.0,Medium,58.4,59.4,Hot,34.08,High,289.68,24.2,0
B05,Administration,Office,18000,3,2025-06-16 13:00:00,13,0,6,0,29.7,64.2,67.4,Medium,57.5,66.7,Hot,28.36,Medium,241.06,20.14,0
B02,Computer Lab,Laboratory,28000,3,2025-06-16 15:00:00,15,0,6,0,30.8,51.3,51.1,Medium,41.9,53.3,Hot,35.41,High,300.98,25.14,0
B06,Research Lab,Laboratory,35000,4,2025-06-16 16:00:00,16,0,6,0,31.2,67.6,50.8,Medium,51.8,48.9,Hot,40.98,High,348.33,29.1,0
B02,Computer Lab,Laboratory,28000,3,2025-06-16 17:00:00,17,0,6,0,33.9,56.8,73.4,High,77.9,73.1,Hot,48.58,High,412.93,34.49,0
B04,Hostel,Dormitory,60000,6,2025-06-16 17:00:00,17,0,6,0,36.4,55.0,59.2,Medium,75.0,66.1,Hot,52.14,High,443.19,37.02,0
B05,Administration,Office,18000,3,2025-06-16 20:00:00,20,0,6,0,32.4,56.2,18.9,Low,55.6,46.3,Hot,26.76,Medium,227.46,19.0,0
B03,Library,Library,22000,3,2025-06-16 20:00:00,20,0,6,0,33.5,40.9,10.9,Low,48.2,43.7,Hot,27.49,Medium,233.66,19.52,0
B03,Library,Library,22000,3,2025-06-16 21:00:00,21,0,6,0,34.2,61.7,0.5,Low,38.9,41.6,Hot,28.98,Medium,246.33,20.58,0
B01,Academic Block,Classroom,45000,4,2025-06-16 23:00:00,23,0,6,0,33.0,51.6,8.3,Low,44.2,30.3,Hot,27.9,Medium,237.15,19.81,0
B04,Hostel,Dormitory,60000,6,2025-06-17 00:00:00,0,1,6,0,33.5,59.0,14.9,Low,49.5,55.6,Hot,36.01,High,306.08,25.57,0
B01,Academic Block,Classroom,45000,4,2025-06-17 04:00:00,4,1,6,0,30.1,55.2,20.1,Low,39.6,50.5,Hot,21.51,Low,182.84,15.27,0
B05,Administration,Office,18000,3,2025-06-17 05:00:00,5,1,6,0,29.6,58.9,15.0,Low,28.6,50.0,Hot,23.29,Low,197.96,16.54,0
B06,Research Lab,Laboratory,35000,4,2025-06-17 06:00:00,6,1,6,0,30.0,58.2,15.2,Low,45.2,37.9,Hot,29.79,Medium,253.22,21.15,0
B02,Computer Lab,Laboratory,28000,3,2025-06-17 08:00:00,8,1,6,0,30.5,54.7,57.6,Medium,52.8,51.4,Hot,29.92,Medium,254.32,21.24,0
B03,Library,Library,22000,3,2025-06-17 10:00:00,10,1,6,0,32.2,57.7,59.4,Medium,62.9,54.7,Hot,37.38,High,317.73,26.54,0
B01,Academic Block,Classroom,45000,4,2025-06-17 11:00:00,11,1,6,0,31.1,56.8,60.2,Medium,48.0,54.9,Hot,31.96,High,271.66,22.69,0
B05,Administration,Office,18000,3,2025-06-17 13:00:00,13,1,6,0,31.1,52.8,63.6,Medium,54.8,51.0,Hot,34.02,High,289.17,24.15,0
B01,Academic Block,Classroom,45000,4,2025-06-17 14:00:00,14,1,6,0,33.2,66.7,65.0,Medium,65.2,57.8,Hot,36.27,High,308.3,25.75,0
B02,Computer Lab,Laboratory,28000,3,2025-06-17 16:00:00,16,1,6,0,34.5,51.8,68.9,Medium,70.4,62.5,Hot,42.25,High,359.12,30.0,0
B06,Research Lab,Laboratory,35000,4,2025-06-17 17:00:00,17,1,6,0,33.0,62.5,38.8,Medium,57.9,36.9,Hot,37.48,High,318.58,26.61,0
B01,Academic Block,Classroom,45000,4,2025-06-17 19:00:00,19,1,6,0,33.7,62.7,10.9,Low,44.5,50.6,Hot,30.88,High,262.48,21.92,0
B04,Hostel,Dormitory,60000,6,2025-06-17 19:00:00,19,1,6,0,33.3,64.8,33.7,Low,53.3,63.5,Hot,37.26,High,316.71,26.45,0
B06,Research Lab,Laboratory,35000,4,2025-06-17 21:00:00,21,1,6,0,35.2,53.0,0.0,Low,46.1,31.3,Hot,34.63,High,294.36,24.59,0
B01,Academic Block,Classroom,45000,4,2025-06-17 22:00:00,22,1,6,0,33.8,56.6,17.2,Low,49.2,50.8,Hot,31.23,High,265.46,22.17,0
B05,Administration,Office,18000,3,2025-06-17 23:00:00,23,1,6,0,31.3,58.8,11.1,Low,44.1,45.0,Hot,17.31,Low,147.14,12.29,0
B01,Academic Block,Classroom,45000,4,2025-06-18 01:00:00,1,2,6,0,33.1,62.2,5.3,Low,34.9,30.4,Hot,22.91,Low,194.74,16.27,0
B03,Library,Library,22000,3,2025-06-18 03:00:00,3,2,6,0,33.7,56.3,19.1,Low,58.9,51.5,Hot,30.36,Medium,258.06,21.56,0
B02,Computer Lab,Laboratory,28000,3,2025-06-18 06:00:00,6,2,6,0,32.6,62.1,6.8,Low,40.4,38.0,Hot,20.73,Low,176.2,14.72,0
B01,Academic Block,Classroom,45000,4,2025-06-18 06:00:00,6,2,6,0,29.5,59.6,17.7,Low,39.1,51.7,Hot,26.74,Medium,227.29,18.99,0
B02,Computer Lab,Laboratory,28000,3,2025-06-18 07:00:00,7,2,6,0,29.0,69.6,13.3,Low,35.5,19.6,Moderate,26.59,Medium,226.02,18.88,0
B05,Administration,Office,18000,3,2025-06-18 08:00:00,8,2,6,0,32.8,58.7,59.8,Medium,61.8,62.6,Hot,26.6,Medium,226.1,18.89,0
B05,Administration,Office,18000,3,2025-06-18 09:00:00,9,2,6,0,32.4,58.2,55.6,Medium,49.5,62.0,Hot,24.98,Medium,212.33,17.74,0
B06,Research Lab,Laboratory,35000,4,2025-06-18 09:00:00,9,2,6,0,30.8,62.7,53.8,Medium,51.7,57.3,Hot,36.11,High,306.94,25.64,0
B05,Administration,Office,18000,3,2025-06-18 10:00:00,10,2,6,0,27.7,74.3,68.9,Medium,42.9,57.7,Moderate,16.16,Low,137.36,11.47,0
B03,Library,Library,22000,3,2025-06-18 13:00:00,13,2,6,0,30.6,56.3,63.0,Medium,54.7,74.5,Hot,30.21,Medium,256.79,21.45,0
B01,Academic Block,Classroom,45000,4,2025-06-18 14:00:00,14,2,6,0,30.4,68.0,71.5,High,61.1,71.6,Hot,35.03,High,297.76,24.87,0
B04,Hostel,Dormitory,60000,6,2025-06-18 17:00:00,17,2,6,0,36.1,50.4,50.8,Medium,66.6,51.9,Hot,53.83,High,457.56,38.22,0
B03,Library,Library,22000,3,2025-06-18 17:00:00,17,2,6,0,31.1,60.4,59.8,Medium,57.0,63.0,Hot,35.9,High,305.15,25.49,0
B01,Academic Block,Classroom,45000,4,2025-06-18 18:00:00,18,2,6,0,36.4,50.3,68.8,Medium,71.7,77.2,Hot,84.92,High,721.82,60.29,1
B02,Computer Lab,Laboratory,28000,3,2025-06-18 18:00:00,18,2,6,0,33.6,55.5,54.6,Medium,49.9,48.9,Hot,33.61,High,285.68,23.86,0
B01,Academic Block,Classroom,45000,4,2025-06-18 19:00:00,19,2,6,0,32.1,54.6,5.6,Low,41.1,44.7,Hot,29.59,Medium,251.52,21.01,0
B05,Administration,Office,18000,3,2025-06-18 20:00:00,20,2,6,0,35.5,61.5,9.8,Low,55.3,41.5,Hot,33.02,High,280.67,23.44,0
B06,Research Lab,Laboratory,35000,4,2025-06-18 21:00:00,21,2,6,0,34.9,53.6,7.6,Low,48.7,39.1,Hot,37.79,High,321.21,26.83,0
B01,Academic Block,Classroom,45000,4,2025-06-18 21:00:00,21,2,6,0,32.0,63.1,12.9,Low,38.0,43.4,Hot,21.2,Low,180.2,15.05,0
B04,Hostel,Dormitory,60000,6,2025-06-18 21:00:00,21,2,6,0,33.9,54.2,43.2,Medium,57.6,56.9,Hot,38.45,High,326.83,27.3,0
B04,Hostel,Dormitory,60000,6,2025-06-18 21:00:00,21,2,6,0,36.0,56.2,34.0,Low,65.3,62.9,Hot,50.19,High,426.62,35.63,0
B01,Academic Block,Classroom,45000,4,2025-06-18 23:00:00,23,2,6,0,32.8,69.0,22.3,Low,50.7,39.6,Hot,27.94,Medium,237.49,19.84,0
B01,Academic Block,Classroom,45000,4,2025-06-19 05:00:00,5,3,6,0,33.1,53.3,12.0,Low,47.8,41.4,Hot,32.92,High,279.82,23.37,0
B05,Administration,Office,18000,3,2025-06-19 06:00:00,6,3,6,0,29.1,56.6,10.8,Low,31.8,40.6,Hot,22.01,Low,187.08,15.63,0
B02,Computer Lab,Laboratory,28000,3,2025-06-19 06:00:00,6,3,6,0,27.8,61.0,1.4,Low,28.8,34.1,Moderate,24.23,Low,205.96,17.2,0
B01,Academic Block,Classroom,45000,4,2025-06-19 06:00:00,6,3,6,0,30.3,60.6,16.5,Low,40.3,36.6,Hot,29.37,Medium,249.64,20.85,0
B04,Hostel,Dormitory,60000,6,2025-06-19 07:00:00,7,3,6,0,27.9,67.0,7.4,Low,44.1,25.0,Moderate,28.93,Medium,245.9,20.54,0
B04,Hostel,Dormitory,60000,6,2025-06-19 08:00:00,8,3,6,0,30.2,61.1,45.0,Medium,45.0,39.5,Hot,31.95,High,271.58,22.68,0
B04,Hostel,Dormitory,60000,6,2025-06-19 09:00:00,9,3,6,0,30.1,62.6,43.9,Medium,51.5,43.3,Hot,43.73,High,371.7,31.05,0
B05,Administration,Office,18000,3,2025-06-19 10:00:00,10,3,6,0,29.1,53.6,65.2,Medium,59.6,61.2,Hot,21.16,Low,179.86,15.02,0
B04,Hostel,Dormitory,60000,6,2025-06-19 15:00:00,15,3,6,0,35.3,58.9,47.0,Medium,64.8,48.7,Hot,47.0,High,399.5,33.37,0
B01,Academic Block,Classroom,45000,4,2025-06-19 15:00:00,15,3,6,0,32.5,61.3,78.1,High,64.7,75.5,Hot,38.43,High,326.65,27.29,0
B01,Academic Block,Classroom,45000,4,2025-06-19 17:00:00,17,3,6,0,34.7,61.9,74.4,High,66.9,70.9,Hot,48.07,High,408.6,34.13,0
B01,Academic Block,Classroom,45000,4,2025-06-19 18:00:00,18,3,6,0,35.1,54.6,62.9,Medium,77.2,71.8,Hot,44.28,High,376.38,31.44,0
B06,Research Lab,Laboratory,35000,4,2025-06-19 19:00:00,19,3,6,0,36.6,55.7,0.0,Low,44.7,36.7,Hot,34.26,High,291.21,24.32,0
B03,Library,Library,22000,3,2025-06-19 19:00:00,19,3,6,0,32.1,64.3,12.8,Low,40.2,46.0,Hot,23.02,Low,195.67,16.34,0
B06,Research Lab,Laboratory,35000,4,2025-06-19 20:00:00,20,3,6,0,31.4,52.5,9.8,Low,45.9,39.5,Hot,33.26,High,282.71,23.61,0
B03,Library,Library,22000,3,2025-06-19 21:00:00,21,3,6,0,36.5,43.2,18.2,Low,53.2,50.2,Hot,61.05,High,518.92,43.35,1
B03,Library,Library,22000,3,2025-06-19 21:00:00,21,3,6,0,34.8,49.4,12.1,Low,39.5,41.6,Hot,30.64,Medium,260.44,21.75,0
B02,Computer Lab,Laboratory,28000,3,2025-06-20 01:00:00,1,4,6,0,32.7,54.4,20.1,Low,52.2,47.7,Hot,32.18,High,273.53,22.85,0
B01,Academic Block,Classroom,45000,4,2025-06-20 01:00:00,1,4,6,0,32.3,66.7,15.5,Low,41.6,62.5,Hot,28.08,Medium,238.68,19.94,0
B06,Research Lab,Laboratory,35000,4,2025-06-20 06:00:00,6,4,6,0,29.8,75.4,3.1,Low,32.7,45.0,Hot,24.29,Low,206.46,17.25,0
B03,Library,Library,22000,3,2025-06-20 07:00:00,7,4,6,0,31.4,53.5,6.8,Low,55.3,15.8,Hot,24.72,Medium,210.12,17.55,0
B04,Hostel,Dormitory,60000,6,2025-06-20 07:00:00,7,4,6,0,27.9,62.1,8.8,Low,32.3,24.8,Moderate,33.13,High,281.6,23.52,0
B04,Hostel,Dormitory,60000,6,2025-06-20 07:00:00,7,4,6,0,30.8,56.7,10.8,Low,40.0,24.5,Hot,27.8,Medium,236.3,19.74,0
B05,Administration,Office,18000,3,2025-06-20 09:00:00,9,4,6,0,31.6,63.1,60.8,Medium,64.0,57.3,Hot,24.34,Low,206.89,17.28,0
B04,Hostel,Dormitory,60000,6,2025-06-20 09:00:00,9,4,6,0,31.2,62.0,56.0,Medium,50.6,67.4,Hot,40.2,High,341.7,28.54,0
B06,Research Lab,Laboratory,35000,4,2025-06-20 09:00:00,9,4,6,0,30.0,54.9,62.3,Medium,59.6,60.7,Hot,36.72,High,312.12,26.07,0
B01,Academic Block,Classroom,45000,4,2025-06-20 10:00:00,10,4,6,0,30.3,56.4,63.7,Medium,62.8,69.7,Hot,36.58,High,310.93,25.97,0
B06,Research Lab,Laboratory,35000,4,2025-06-20 10:00:00,10,4,6,0,32.2,58.2,63.4,Medium,68.5,59.3,Hot,41.19,High,350.12,29.24,0
B06,Research Lab,Laboratory,35000,4,2025-06-20 10:00:00,10,4,6,0,31.1,68.7,50.6,Medium,58.0,58.4,Hot,33.85,High,287.73,24.03,0
B01,Academic Block,Classroom,45000,4,2025-06-20 11:00:00,11,4,6,0,33.2,53.9,71.5,High,58.6,75.3,Hot,44.5,High,378.25,31.6,0
B02,Computer Lab,Laboratory,28000,3,2025-06-20 14:00:00,14,4,6,0,29.4,50.6,64.9,Medium,58.7,58.8,Hot,38.67,High,328.7,27.46,0
B04,Hostel,Dormitory,60000,6,2025-06-20 16:00:00,16,4,6,0,34.4,66.6,52.9,Medium,52.8,53.0,Hot,46.44,High,394.74,32.97,0
B05,Administration,Office,18000,3,2025-06-20 18:00:00,18,4,6,0,32.5,62.5,66.4,Medium,69.5,64.4,Hot,31.13,High,264.6,22.1,0
B05,Administration,Office,18000,3,2025-06-20 20:00:00,20,4,6,0,33.9,49.7,16.6,Low,53.7,55.6,Hot,18.67,Low,158.7,13.26,0
B03,Library,Library,22000,3,2025-06-20 22:00:00,22,4,6,0,35.8,58.5,19.3,Low,52.9,57.2,Hot,30.69,Medium,260.86,21.79,0
B01,Academic Block,Classroom,45000,4,2025-06-20 22:00:00,22,4,6,0,32.2,64.9,17.2,Low,45.5,45.9,Hot,31.45,High,267.32,22.33,0
B06,Research Lab,Laboratory,35000,4,2025-06-20 23:00:00,23,4,6,0,36.6,56.4,20.5,Low,53.4,48.5,Hot,42.91,High,364.73,30.47,0
B05,Administration,Office,18000,3,2025-06-21 01:00:00,1,5,6,1,34.2,67.2,1.0,Low,42.2,37.0,Hot,24.1,Low,204.85,17.11,0
B06,Research Lab,Laboratory,35000,4,2025-06-21 03:00:00,3,5,6,1,32.4,63.0,12.9,Low,49.0,36.8,Hot,31.48,High,267.58,22.35,0
B06,Research Lab,Laboratory,35000,4,2025-06-21 03:00:00,3,5,6,1,30.1,63.1,11.7,Low,36.8,50.1,Hot,34.5,High,293.25,24.49,0
B02,Computer Lab,Laboratory,28000,3,2025-06-21 07:00:00,7,5,6,1,29.8,62.6,13.1,Low,51.8,20.5,Hot,22.42,Low,190.57,15.92,0
B02,Computer Lab,Laboratory,28000,3,2025-06-21 08:00:00,8,5,6,1,29.5,62.4,18.3,Low,40.9,29.2,Hot,20.02,Low,170.17,14.21,0
B06,Research Lab,Laboratory,35000,4,2025-06-21 09:00:00,9,5,6,1,28.2,68.6,12.9,Low,43.1,31.7,Moderate,18.35,Low,155.98,13.03,0
B02,Computer Lab,Laboratory,28000,3,2025-06-21 09:00:00,9,5,6,1,31.7,58.6,12.6,Low,31.9,26.7,Hot,29.97,Medium,254.74,21.28,0
B01,Academic Block,Classroom,45000,4,2025-06-21 10:00:00,10,5,6,1,29.7,67.9,15.3,Low,35.8,24.5,Hot,21.19,Low,180.12,15.04,0
B02,Computer Lab,Laboratory,28000,3,2025-06-21 12:00:00,12,5,6,1,30.7,62.6,1.5,Low,41.7,11.0,Hot,23.35,Low,198.48,16.58,0
B01,Academic Block,Classroom,45000,4,2025-06-21 12:00:00,12,5,6,1,30.8,61.1,22.9,Low,45.8,31.9,Hot,31.93,High,271.4,22.67,0
B01,Academic Block,Classroom,45000,4,2025-06-21 13:00:00,13,5,6,1,31.2,57.9,11.3,Low,40.7,22.0,Hot,32.83,High,279.06,23.31,0
B01,Academic Block,Classroom,45000,4,2025-06-21 14:00:00,14,5,6,1,32.8,56.7,22.3,Low,53.6,44.8,Hot,33.17,High,281.94,23.55,0
B04,Hostel,Dormitory,60000,6,2025-06-21 16:00:00,16,5,6,1,32.1,61.6,6.0,Low,53.0,15.5,Hot,53.01,High,450.58,37.64,1
B02,Computer Lab,Laboratory,28000,3,2025-06-21 17:00:00,17,5,6,1,34.9,64.2,5.6,Low,38.2,16.5,Hot,32.05,High,272.42,22.76,0
B02,Computer Lab,Laboratory,28000,3,2025-06-21 18:00:00,18,5,6,1,32.8,62.3,10.4,Low,49.1,17.8,Hot,25.4,Medium,215.9,18.03,0
B03,Library,Library,22000,3,2025-06-21 19:00:00,19,5,6,1,33.9,52.9,12.3,Low,43.1,42.9,Hot,27.08,Medium,230.18,19.23,0
B04,Hostel,Dormitory,60000,6,2025-06-21 20:00:00,20,5,6,1,32.0,48.2,28.4,Low,53.1,58.9,Hot,34.3,High,291.55,24.35,0
B03,Library,Library,22000,3,2025-06-21 20:00:00,20,5,6,1,35.6,61.7,6.4,Low,44.0,35.1,Hot,26.45,Medium,224.82,18.78,0
B04,Hostel,Dormitory,60000,6,2025-06-21 22:00:00,22,5,6,1,35.7,75.2,34.6,Low,59.9,62.7,Hot,54.35,High,461.98,38.59,0
B05,Administration,Office,18000,3,2025-06-21 23:00:00,23,5,6,1,34.5,55.5,22.1,Low,54.0,45.5,Hot,33.15,High,281.77,23.54,0
B01,Academic Block,Classroom,45000,4,2025-06-21 23:00:00,23,5,6,1,33.7,54.8,23.6,Low,45.1,57.4,Hot,31.93,High,271.4,22.67,0
B01,Academic Block,Classroom,45000,4,2025-06-22 01:00:00,1,6,6,1,32.5,64.7,9.9,Low,39.5,40.1,Hot,28.26,Medium,240.21,20.06,0
B02,Computer Lab,Laboratory,28000,3,2025-06-22 01:00:00,1,6,6,1,30.2,54.8,4.4,Low,35.2,36.7,Hot,27.63,Medium,234.86,19.62,0
B03,Library,Library,22000,3,2025-06-22 02:00:00,2,6,6,1,30.0,71.5,10.2,Low,28.2,49.7,Hot,19.63,Low,166.86,13.94,0
B02,Computer Lab,Laboratory,28000,3,2025-06-22 02:00:00,2,6,6,1,33.1,61.4,24.0,Low,51.1,50.8,Hot,61.15,High,519.78,43.42,1
B01,Academic Block,Classroom,45000,4,2025-06-22 03:00:00,3,6,6,1,31.2,59.9,19.2,Low,52.1,51.4,Hot,25.4,Medium,215.9,18.03,0
B06,Research Lab,Laboratory,35000,4,2025-06-22 03:00:00,3,6,6,1,29.4,56.1,14.7,Low,30.9,49.6,Hot,27.37,Medium,232.64,19.43,0
B05,Administration,Office,18000,3,2025-06-22 04:00:00,4,6,6,1,28.9,68.1,8.7,Low,39.4,48.0,Moderate,17.17,Low,145.95,12.19,0
B04,Hostel,Dormitory,60000,6,2025-06-22 05:00:00,5,6,6,1,31.5,56.7,18.4,Low,45.6,50.4,Hot,37.38,High,317.73,26.54,0
B02,Computer Lab,Laboratory,28000,3,2025-06-22 05:00:00,5,6,6,1,31.9,64.4,27.8,Low,43.4,54.3,Hot,31.35,High,266.48,22.26,0
B01,Academic Block,Classroom,45000,4,2025-06-22 06:00:00,6,6,6,1,28.0,65.4,11.0,Low,46.9,40.6,Moderate,26.27,Medium,223.3,18.65,0
B04,Hostel,Dormitory,60000,6,2025-06-22 07:00:00,7,6,6,1,30.3,69.8,0.0,Low,41.8,16.6,Hot,60.56,High,514.76,43.0,1
B02,Computer Lab,Laboratory,28000,3,2025-06-22 10:00:00,10,6,6,1,30.8,61.5,4.8,Low,45.0,14.8,Hot,26.52,Medium,225.42,18.83,0
B04,Hostel,Dormitory,60000,6,2025-06-22 11:00:00,11,6,6,1,29.7,83.1,12.4,Low,38.4,27.0,Hot,28.04,Medium,238.34,19.91,0
B05,Administration,Office,18000,3,2025-06-22 14:00:00,14,6,6,1,33.9,61.8,10.9,Low,36.2,24.2,Hot,24.07,Low,204.6,17.09,0
B03,Library,Library,22000,3,2025-06-22 14:00:00,14,6,6,1,31.5,60.8,21.5,Low,45.7,25.3,Hot,23.75,Low,201.88,16.86,0
B04,Hostel,Dormitory,60000,6,2025-06-22 17:00:00,17,6,6,1,30.8,57.6,7.9,Low,37.9,14.8,Hot,31.83,High,270.56,22.6,0
B03,Library,Library,22000,3,2025-06-22 17:00:00,17,6,6,1,33.1,64.7,10.8,Low,49.9,23.5,Hot,33.31,High,283.14,23.65,0
B02,Computer Lab,Laboratory,28000,3,2025-06-22 17:00:00,17,6,6,1,35.5,54.0,7.5,Low,43.4,19.2,Hot,32.86,High,279.31,23.33,0
B03,Library,Library,22000,3,2025-06-22 18:00:00,18,6,6,1,33.2,53.0,17.5,Low,54.3,32.2,Hot,33.01,High,280.58,23.44,0
B04,Hostel,Dormitory,60000,6,2025-06-22 19:00:00,19,6,6,1,32.4,55.8,26.0,Low,44.1,49.9,Hot,31.3,High,266.05,22.22,0
B06,Research Lab,Laboratory,35000,4,2025-06-22 22:00:00,22,6,6,1,34.7,55.9,10.4,Low,50.7,46.5,Hot,33.82,High,287.47,24.01,0
B04,Hostel,Dormitory,60000,6,2025-06-23 02:00:00,2,0,6,0,32.4,74.8,1.3,Low,34.7,39.8,Hot,57.97,High,492.74,41.16,1
B02,Computer Lab,Laboratory,28000,3,2025-06-23 03:00:00,3,0,6,0,31.5,61.8,8.3,Low,39.8,35.3,Hot,32.68,High,277.78,23.2,0
B01,Academic Block,Classroom,45000,4,2025-06-23 06:00:00,6,0,6,0,31.0,55.6,23.6,Low,36.5,51.6,Hot,21.86,Low,185.81,15.52,0
B05,Administration,Office,18000,3,2025-06-23 06:00:00,6,0,6,0,29.2,69.3,24.4,Low,41.9,60.1,Hot,25.94,Medium,220.49,18.42,0
B01,Academic Block,Classroom,45000,4,2025-06-23 06:00:00,6,0,6,0,29.4,62.8,16.7,Low,33.1,49.5,Hot,28.74,Medium,244.29,20.41,0
B04,Hostel,Dormitory,60000,6,2025-06-23 07:00:00,7,0,6,0,31.2,69.1,15.1,Low,45.2,25.8,Hot,36.32,High,308.72,25.79,0
B05,Administration,Office,18000,3,2025-06-23 09:00:00,9,0,6,0,28.6,75.5,58.3,Medium,56.5,63.0,Moderate,26.04,Medium,221.34,18.49,0
B02,Computer Lab,Laboratory,28000,3,2025-06-23 10:00:00,10,0,6,0,32.7,48.4,60.2,Medium,60.3,57.7,Hot,37.34,High,317.39,26.51,0
B04,Hostel,Dormitory,60000,6,2025-06-23 11:00:00,11,0,6,0,32.4,42.5,52.2,Medium,53.1,52.5,Hot,41.35,High,351.48,29.36,0
B04,Hostel,Dormitory,60000,6,2025-06-23 14:00:00,14,0,6,0,30.3,74.7,51.1,Medium,55.3,54.2,Hot,36.9,High,313.65,26.2,0
B02,Computer Lab,Laboratory,28000,3,2025-06-23 15:00:00,15,0,6,0,34.7,52.4,64.4,Medium,71.1,70.4,Hot,45.2,High,384.2,32.09,0
B03,Library,Library,22000,3,2025-06-23 17:00:00,17,0,6,0,33.6,46.2,48.3,Medium,56.8,46.6,Hot,31.98,High,271.83,22.71,0
B06,Research Lab,Laboratory,35000,4,2025-06-23 17:00:00,17,0,6,0,35.5,52.9,76.7,High,68.6,74.9,Hot,43.86,High,372.81,31.14,0
B05,Administration,Office,18000,3,2025-06-23 19:00:00,19,0,6,0,34.1,50.9,23.4,Low,42.4,50.6,Hot,29.42,Medium,250.07,20.89,0
B02,Computer Lab,Laboratory,28000,3,2025-06-23 20:00:00,20,0,6,0,33.7,52.6,6.3,Low,44.6,45.9,Hot,30.46,Medium,258.91,21.63,0
B02,Computer Lab,Laboratory,28000,3,2025-06-23 20:00:00,20,0,6,0,33.6,64.1,12.8,Low,51.7,48.4,Hot,30.91,High,262.74,21.95,0
B01,Academic Block,Classroom,45000,4,2025-06-23 21:00:00,21,0,6,0,30.3,58.2,7.8,Low,46.2,40.5,Hot,21.78,Low,185.13,15.46,0
B03,Library,Library,22000,3,2025-06-23 22:00:00,22,0,6,0,35.1,45.6,16.5,Low,50.8,50.4,Hot,29.1,Medium,247.35,20.66,0
B05,Administration,Office,18000,3,2025-06-23 22:00:00,22,0,6,0,32.7,59.1,11.4,Low,34.8,40.7,Hot,21.49,Low,182.66,15.26,0
B04,Hostel,Dormitory,60000,6,2025-06-24 00:00:00,0,1,6,0,34.4,51.5,0.0,Low,39.5,31.8,Hot,38.41,High,326.48,27.27,0
B02,Computer Lab,Laboratory,28000,3,2025-06-24 01:00:00,1,1,6,0,35.0,55.3,5.6,Low,52.4,51.8,Hot,33.05,High,280.92,23.47,0
B02,Computer Lab,Laboratory,28000,3,2025-06-24 01:00:00,1,1,6,0,31.6,58.4,21.3,Low,49.7,49.1,Hot,39.72,High,337.62,28.2,0
B05,Administration,Office,18000,3,2025-06-24 03:00:00,3,1,6,0,30.5,66.5,10.5,Low,32.8,43.8,Hot,15.34,Low,130.39,10.89,0
B02,Computer Lab,Laboratory,28000,3,2025-06-24 05:00:00,5,1,6,0,32.1,55.8,10.4,Low,53.7,40.8,Hot,25.56,Medium,217.26,18.15,0
B02,Computer Lab,Laboratory,28000,3,2025-06-24 07:00:00,7,1,6,0,29.4,66.4,16.7,Low,32.7,21.1,Hot,22.5,Low,191.25,15.98,0
B06,Research Lab,Laboratory,35000,4,2025-06-24 09:00:00,9,1,6,0,32.0,48.2,65.4,Medium,58.6,58.9,Hot,39.53,High,336.0,28.07,0
B01,Academic Block,Classroom,45000,4,2025-06-24 11:00:00,11,1,6,0,29.5,67.7,66.0,Medium,59.6,66.2,Hot,33.82,High,287.47,24.01,0
B02,Computer Lab,Laboratory,28000,3,2025-06-24 14:00:00,14,1,6,0,34.1,66.8,43.6,Medium,56.6,40.6,Hot,33.95,High,288.58,24.1,0
B01,Academic Block,Classroom,45000,4,2025-06-24 16:00:00,16,1,6,0,32.5,57.4,61.0,Medium,58.3,57.2,Hot,33.06,High,281.01,23.47,0
B03,Library,Library,22000,3,2025-06-24 17:00:00,17,1,6,0,33.9,52.1,39.9,Medium,55.5,48.2,Hot,32.87,High,279.4,23.34,0
B01,Academic Block,Classroom,45000,4,2025-06-24 17:00:00,17,1,6,0,34.9,49.5,56.8,Medium,69.3,58.7,Hot,51.35,High,436.48,36.46,0
B04,Hostel,Dormitory,60000,6,2025-06-24 21:00:00,21,1,6,0,34.7,57.1,32.5,Low,65.8,57.3,Hot,41.11,High,349.44,29.19,0
B06,Research Lab,Laboratory,35000,4,2025-06-24 21:00:00,21,1,6,0,35.5,65.1,12.3,Low,50.4,42.0,Hot,39.2,High,333.2,27.83,0
B04,Hostel,Dormitory,60000,6,2025-06-24 21:00:00,21,1,6,0,31.7,56.7,40.9,Medium,48.0,60.5,Hot,45.04,High,382.84,31.98,0
B03,Library,Library,22000,3,2025-06-25 00:00:00,0,2,6,0,32.4,66.9,11.8,Low,43.5,55.0,Hot,26.32,Medium,223.72,18.69,0
B05,Administration,Office,18000,3,2025-06-25 00:00:00,0,2,6,0,33.1,50.5,5.9,Low,53.9,34.5,Hot,26.33,Medium,223.8,18.69,0
B03,Library,Library,22000,3,2025-06-25 04:00:00,4,2,6,0,29.8,58.7,20.4,Low,46.1,55.4,Hot,23.64,Low,200.94,16.78,0
B01,Academic Block,Classroom,45000,4,2025-06-25 05:00:00,5,2,6,0,32.0,59.1,24.3,Low,54.5,42.2,Hot,38.34,High,325.89,27.22,0
B06,Research Lab,Laboratory,35000,4,2025-06-25 09:00:00,9,2,6,0,29.3,63.1,65.2,Medium,60.9,68.3,Hot,38.9,High,330.65,27.62,0
B01,Academic Block,Classroom,45000,4,2025-06-25 10:00:00,10,2,6,0,29.1,59.4,66.1,Medium,61.6,69.5,Hot,39.0,High,331.5,27.69,0
B05,Administration,Office,18000,3,2025-06-25 10:00:00,10,2,6,0,31.7,68.4,60.5,Medium,58.9,55.7,Hot,29.39,Medium,249.82,20.87,0
B01,Academic Block,Classroom,45000,4,2025-06-25 13:00:00,13,2,6,0,29.9,69.9,58.3,Medium,63.3,55.6,Hot,36.8,High,312.8,26.13,0
B04,Hostel,Dormitory,60000,6,2025-06-25 13:00:00,13,2,6,0,30.0,59.8,45.5,Medium,33.3,54.5,Hot,36.04,High,306.34,25.59,0
B01,Academic Block,Classroom,45000,4,2025-06-25 13:00:00,13,2,6,0,32.2,55.6,63.5,Medium,64.0,56.9,Hot,40.33,High,342.8,28.63,0
B02,Computer Lab,Laboratory,28000,3,2025-06-25 14:00:00,14,2,6,0,34.0,53.6,49.5,Medium,61.8,54.3,Hot,36.32,High,308.72,25.79,0
B06,Research Lab,Laboratory,35000,4,2025-06-25 15:00:00,15,2,6,0,32.7,66.1,56.5,Medium,53.8,54.0,Hot,41.73,High,354.7,29.63,0
B05,Administration,Office,18000,3,2025-06-25 15:00:00,15,2,6,0,30.1,56.3,60.7,Medium,57.9,65.0,Hot,30.41,Medium,258.48,21.59,0
B04,Hostel,Dormitory,60000,6,2025-06-25 16:00:00,16,2,6,0,34.0,47.6,59.9,Medium,66.1,69.2,Hot,45.2,High,384.2,32.09,0
B05,Administration,Office,18000,3,2025-06-25 21:00:00,21,2,6,0,33.0,49.4,0.7,Low,29.7,30.5,Hot,24.95,Medium,212.08,17.71,0
B01,Academic Block,Classroom,45000,4,2025-06-25 21:00:00,21,2,6,0,35.6,61.2,13.2,Low,51.3,47.8,Hot,35.61,High,302.68,25.28,0
B04,Hostel,Dormitory,60000,6,2025-06-25 22:00:00,22,2,6,0,33.1,49.0,22.5,Low,55.7,56.8,Hot,36.02,High,306.17,25.57,0
B02,Computer Lab,Laboratory,28000,3,2025-06-26 00:00:00,0,3,6,0,34.7,54.4,0.0,Low,53.0,25.0,Hot,30.97,High,263.24,21.99,0
B02,Computer Lab,Laboratory,28000,3,2025-06-26 00:00:00,0,3,6,0,32.3,59.9,8.5,Low,45.3,46.4,Hot,28.53,Medium,242.5,20.26,0
B05,Administration,Office,18000,3,2025-06-26 03:00:00,3,3,6,0,30.4,48.9,12.1,Low,38.9,45.8,Hot,17.42,Low,148.07,12.37,0
B01,Academic Block,Classroom,45000,4,2025-06-26 03:00:00,3,3,6,0,28.6,63.4,20.9,Low,45.1,53.9,Moderate,29.79,Medium,253.22,21.15,0
B03,Library,Library,22000,3,2025-06-26 04:00:00,4,3,6,0,30.0,58.7,10.1,Low,32.9,33.4,Hot,22.13,Low,188.1,15.71,0
B05,Administration,Office,18000,3,2025-06-26 04:00:00,4,3,6,0,31.2,46.7,8.2,Low,44.2,44.9,Hot,22.42,Low,190.57,15.92,0
B06,Research Lab,Laboratory,35000,4,2025-06-26 06:00:00,6,3,6,0,30.4,62.0,7.1,Low,37.4,39.4,Hot,30.83,Medium,262.06,21.89,0
B05,Administration,Office,18000,3,2025-06-26 07:00:00,7,3,6,0,31.0,63.0,8.4,Low,46.3,15.6,Hot,19.59,Low,166.52,13.91,0
B03,Library,Library,22000,3,2025-06-26 07:00:00,7,3,6,0,31.9,60.8,0.0,Low,35.0,18.5,Hot,16.04,Low,136.34,11.39,0
B04,Hostel,Dormitory,60000,6,2025-06-26 07:00:00,7,3,6,0,30.1,64.5,6.3,Low,47.2,23.8,Hot,30.3,Medium,257.55,21.51,0
B06,Research Lab,Laboratory,35000,4,2025-06-26 07:00:00,7,3,6,0,30.1,62.7,17.6,Low,48.1,27.8,Hot,26.14,Medium,222.19,18.56,0
B01,Academic Block,Classroom,45000,4,2025-06-26 07:00:00,7,3,6,0,31.7,64.8,0.0,Low,39.7,16.8,Hot,25.36,Medium,215.56,18.01,0
B05,Administration,Office,18000,3,2025-06-26 09:00:00,9,3,6,0,30.4,54.1,59.8,Medium,57.8,59.0,Hot,28.74,Medium,244.29,20.41,0
B01,Academic Block,Classroom,45000,4,2025-06-26 10:00:00,10,3,6,0,28.9,52.1,64.6,Medium,65.3,56.6,Moderate,41.46,High,352.41,29.44,0
B05,Administration,Office,18000,3,2025-06-26 13:00:00,13,3,6,0,30.7,52.3,67.7,Medium,72.4,65.1,Hot,25.83,Medium,219.55,18.34,0
B03,Library,Library,22000,3,2025-06-26 13:00:00,13,3,6,0,28.3,56.7,55.7,Medium,48.9,62.8,Moderate,29.69,Medium,252.36,21.08,0
B01,Academic Block,Classroom,45000,4,2025-06-26 14:00:00,14,3,6,0,30.6,74.7,69.6,Medium,58.1,73.3,Hot,33.08,High,281.18,23.49,0
B05,Administration,Office,18000,3,2025-06-26 18:00:00,18,3,6,0,31.2,54.4,57.5,Medium,64.6,54.0,Hot,31.06,High,264.01,22.05,0
B01,Academic Block,Classroom,45000,4,2025-06-26 20:00:00,20,3,6,0,34.5,53.7,0.0,Low,28.5,36.2,Hot,28.43,Medium,241.66,20.19,0
B04,Hostel,Dormitory,60000,6,2025-06-26 20:00:00,20,3,6,0,35.8,54.7,28.3,Low,39.5,56.6,Hot,44.56,High,378.76,31.64,0
B04,Hostel,Dormitory,60000,6,2025-06-27 00:00:00,0,4,6,0,31.6,57.2,11.0,Low,36.8,45.7,Hot,40.52,High,344.42,28.77,0
B04,Hostel,Dormitory,60000,6,2025-06-27 02:00:00,2,4,6,0,30.6,73.2,20.1,Low,44.6,50.3,Hot,30.33,Medium,257.8,21.53,0
B02,Computer Lab,Laboratory,28000,3,2025-06-27 02:00:00,2,4,6,0,33.4,46.2,2.0,Low,34.8,40.1,Hot,30.14,Medium,256.19,21.4,0
B02,Computer Lab,Laboratory,28000,3,2025-06-27 03:00:00,3,4,6,0,30.8,75.7,26.6,Low,37.9,52.9,Hot,30.15,Medium,256.27,21.41,0
B01,Academic Block,Classroom,45000,4,2025-06-27 05:00:00,5,4,6,0,30.9,61.3,13.2,Low,38.0,50.4,Hot,32.15,High,273.27,22.83,0
B04,Hostel,Dormitory,60000,6,2025-06-27 07:00:00,7,4,6,0,31.1,66.9,6.7,Low,47.2,17.4,Hot,33.56,High,285.26,23.83,0
B05,Administration,Office,18000,3,2025-06-27 09:00:00,9,4,6,0,29.0,61.9,57.0,Medium,50.5,58.7,Moderate,38.16,High,324.36,27.09,0
B03,Library,Library,22000,3,2025-06-27 09:00:00,9,4,6,0,29.0,67.5,53.8,Medium,58.4,58.7,Moderate,47.82,High,406.47,33.95,1
B06,Research Lab,Laboratory,35000,4,2025-06-27 12:00:00,12,4,6,0,30.2,54.2,58.3,Medium,56.1,59.8,Hot,37.58,High,319.43,26.68,0
B02,Computer Lab,Laboratory,28000,3,2025-06-27 12:00:00,12,4,6,0,28.6,52.6,58.9,Medium,62.1,47.5,Moderate,33.23,High,282.46,23.59,0
B01,Academic Block,Classroom,45000,4,2025-06-27 14:00:00,14,4,6,0,32.7,77.0,71.1,High,63.0,69.8,Hot,41.67,High,354.2,29.59,0
B04,Hostel,Dormitory,60000,6,2025-06-27 15:00:00,15,4,6,0,33.4,71.7,46.4,Medium,59.6,53.2,Hot,43.61,High,370.68,30.96,0
B03,Library,Library,22000,3,2025-06-27 19:00:00,19,4,6,0,34.0,50.4,12.7,Low,47.7,46.0,Hot,28.69,Medium,243.86,20.37,0
B06,Research Lab,Laboratory,35000,4,2025-06-27 20:00:00,20,4,6,0,36.0,61.2,9.7,Low,48.1,47.0,Hot,32.63,High,277.36,23.17,0
B01,Academic Block,Classroom,45000,4,2025-06-27 21:00:00,21,4,6,0,33.5,66.3,23.5,Low,54.1,58.5,Hot,37.01,High,314.58,26.28,0
B02,Computer Lab,Laboratory,28000,3,2025-06-27 22:00:00,22,4,6,0,34.6,61.9,0.0,Low,47.2,31.5,Hot,33.57,High,285.35,23.83,0
B02,Computer Lab,Laboratory,28000,3,2025-06-27 22:00:00,22,4,6,0,34.4,56.0,27.0,Low,53.5,46.7,Hot,36.36,High,309.06,25.82,0
B02,Computer Lab,Laboratory,28000,3,2025-06-27 22:00:00,22,4,6,0,32.5,73.2,5.8,Low,29.8,33.4,Hot,28.57,Medium,242.84,20.28,0
B02,Computer Lab,Laboratory,28000,3,2025-06-27 23:00:00,23,4,6,0,35.1,61.7,4.4,Low,38.4,38.7,Hot,35.0,High,297.5,24.85,0
B03,Library,Library,22000,3,2025-06-28 00:00:00,0,5,6,1,33.1,52.0,9.9,Low,38.3,45.5,Hot,27.2,Medium,231.2,19.31,0
B01,Academic Block,Classroom,45000,4,2025-06-28 02:00:00,2,5,6,1,33.4,55.6,13.5,Low,47.0,44.5,Hot,32.74,High,278.29,23.25,0
B04,Hostel,Dormitory,60000,6,2025-06-28 02:00:00,2,5,6,1,30.0,53.5,9.5,Low,37.9,35.2,Hot,33.62,High,285.77,23.87,0
B01,Academic Block,Classroom,45000,4,2025-06-28 03:00:00,3,5,6,1,31.6,59.0,16.2,Low,38.8,48.6,Hot,33.94,High,288.49,24.1,0
B03,Library,Library,22000,3,2025-06-28 04:00:00,4,5,6,1,30.3,59.8,8.9,Low,33.5,41.7,Hot,26.49,Medium,225.16,18.81,0
B02,Computer Lab,Laboratory,28000,3,2025-06-28 04:00:00,4,5,6,1,29.7,66.5,7.5,Low,41.0,41.4,Hot,22.33,Low,189.8,15.85,0
B05,Administration,Office,18000,3,2025-06-28 06:00:00,6,5,6,1,32.3,64.3,5.5,Low,36.5,48.2,Hot,21.63,Low,183.86,15.36,0
B05,Administration,Office,18000,3,2025-06-28 07:00:00,7,5,6,1,30.3,63.5,20.8,Low,27.8,34.7,Hot,23.77,Low,202.04,16.88,0
B02,Computer Lab,Laboratory,28000,3,2025-06-28 08:00:00,8,5,6,1,27.7,65.4,14.7,Low,36.7,25.4,Moderate,25.56,Medium,217.26,18.15,0
B03,Library,Library,22000,3,2025-06-28 09:00:00,9,5,6,1,29.3,68.9,3.9,Low,31.6,11.3,Hot,15.89,Low,135.06,11.28,0
B01,Academic Block,Classroom,45000,4,2025-06-28 16:00:00,16,5,6,1,34.4,55.9,8.8,Low,50.3,28.3,Hot,33.25,High,282.62,23.61,0
B04,Hostel,Dormitory,60000,6,2025-06-28 16:00:00,16,5,6,1,31.7,42.9,2.7,Low,34.2,8.2,Hot,34.61,High,294.18,24.57,0
B06,Research Lab,Laboratory,35000,4,2025-06-28 16:00:00,16,5,6,1,31.5,74.6,31.1,Low,46.9,36.9,Hot,38.88,High,330.48,27.6,0
B03,Library,Library,22000,3,2025-06-28 17:00:00,17,5,6,1,33.1,52.1,13.3,Low,46.7,19.0,Hot,33.52,High,284.92,23.8,0
B04,Hostel,Dormitory,60000,6,2025-06-28 17:00:00,17,5,6,1,34.1,62.6,0.0,Low,28.9,13.0,Hot,28.41,Medium,241.48,20.17,0
B05,Administration,Office,18000,3,2025-06-28 18:00:00,18,5,6,1,32.6,56.5,2.5,Low,36.7,16.4,Hot,24.39,Low,207.32,17.32,0
B02,Computer Lab,Laboratory,28000,3,2025-06-28 20:00:00,20,5,6,1,34.5,67.2,3.2,Low,39.3,30.8,Hot,28.66,Medium,243.61,20.35,0
B04,Hostel,Dormitory,60000,6,2025-06-28 22:00:00,22,5,6,1,33.7,51.3,34.0,Low,50.4,48.3,Hot,45.32,High,385.22,32.18,0
B05,Administration,Office,18000,3,2025-06-28 23:00:00,23,5,6,1,33.6,53.1,0.1,Low,38.1,30.2,Hot,18.76,Low,159.46,13.32,0
B01,Academic Block,Classroom,45000,4,2025-06-29 01:00:00,1,6,6,1,28.9,58.4,2.4,Low,33.5,30.0,Moderate,21.74,Low,184.79,15.44,0
B04,Hostel,Dormitory,60000,6,2025-06-29 01:00:00,1,6,6,1,32.5,62.9,10.2,Low,43.9,37.9,Hot,35.56,High,302.26,25.25,0
B03,Library,Library,22000,3,2025-06-29 01:00:00,1,6,6,1,32.1,60.9,11.4,Low,46.2,42.1,Hot,27.3,Medium,232.05,19.38,0
B06,Research Lab,Laboratory,35000,4,2025-06-29 02:00:00,2,6,6,1,32.5,63.0,8.1,Low,45.1,48.7,Hot,30.55,Medium,259.68,21.69,0
B04,Hostel,Dormitory,60000,6,2025-06-29 03:00:00,3,6,6,1,30.4,61.6,9.1,Low,45.7,38.8,Hot,31.25,High,265.62,22.19,0
B03,Library,Library,22000,3,2025-06-29 04:00:00,4,6,6,1,30.4,67.2,2.0,Low,41.9,33.8,Hot,15.26,Low,129.71,10.83,0
B01,Academic Block,Classroom,45000,4,2025-06-29 04:00:00,4,6,6,1,31.7,66.3,15.1,Low,51.4,45.8,Hot,28.44,Medium,241.74,20.19,0
B01,Academic Block,Classroom,45000,4,2025-06-29 05:00:00,5,6,6,1,32.7,69.4,0.0,Low,46.9,38.3,Hot,32.22,High,273.87,22.88,0
B06,Research Lab,Laboratory,35000,4,2025-06-29 05:00:00,5,6,6,1,28.5,64.6,10.8,Low,32.7,45.9,Moderate,31.74,High,269.79,22.54,0
B04,Hostel,Dormitory,60000,6,2025-06-29 06:00:00,6,6,6,1,31.0,62.6,24.5,Low,43.2,43.8,Hot,32.2,High,273.7,22.86,0
B06,Research Lab,Laboratory,35000,4,2025-06-29 08:00:00,8,6,6,1,31.8,71.9,9.4,Low,39.8,16.8,Hot,25.44,Medium,216.24,18.06,0
B03,Library,Library,22000,3,2025-06-29 11:00:00,11,6,6,1,31.6,68.1,2.2,Low,45.4,22.2,Hot,19.74,Low,167.79,14.02,0
B06,Research Lab,Laboratory,35000,4,2025-06-29 11:00:00,11,6,6,1,32.3,62.8,11.2,Low,41.4,20.8,Hot,29.54,Medium,251.09,20.97,0
B04,Hostel,Dormitory,60000,6,2025-06-29 12:00:00,12,6,6,1,30.1,51.2,9.8,Low,43.0,27.2,Hot,33.33,High,283.3,23.66,0
B01,Academic Block,Classroom,45000,4,2025-06-29 13:00:00,13,6,6,1,33.3,46.6,13.3,Low,34.0,28.6,Hot,29.02,Medium,246.67,20.6,0
B01,Academic Block,Classroom,45000,4,2025-06-29 14:00:00,14,6,6,1,30.9,64.6,13.2,Low,28.4,13.7,Hot,20.06,Low,170.51,14.24,0
B03,Library,Library,22000,3,2025-06-29 14:00:00,14,6,6,1,32.0,64.0,18.7,Low,52.7,20.7,Hot,17.84,Low,151.64,12.67,0
B02,Computer Lab,Laboratory,28000,3,2025-06-29 14:00:00,14,6,6,1,31.2,55.0,8.5,Low,43.0,19.7,Hot,24.69,Medium,209.86,17.53,0
B04,Hostel,Dormitory,60000,6,2025-06-29 16:00:00,16,6,6,1,32.3,61.6,6.1,Low,48.3,21.6,Hot,36.94,High,313.99,26.23,0
B05,Administration,Office,18000,3,2025-06-29 17:00:00,17,6,6,1,30.8,54.0,6.3,Low,29.3,18.4,Hot,18.93,Low,160.9,13.44,0
B03,Library,Library,22000,3,2025-06-29 17:00:00,17,6,6,1,30.4,64.7,7.4,Low,39.2,19.6,Hot,26.57,Medium,225.84,18.86,0
B03,Library,Library,22000,3,2025-06-29 18:00:00,18,6,6,1,35.4,60.9,14.0,Low,40.6,25.7,Hot,23.55,Low,200.18,16.72,0
B02,Computer Lab,Laboratory,28000,3,2025-06-29 19:00:00,19,6,6,1,31.2,64.2,2.3,Low,43.3,36.2,Hot,27.15,Medium,230.77,19.28,0
B05,Administration,Office,18000,3,2025-06-29 19:00:00,19,6,6,1,34.3,59.9,5.4,Low,44.7,38.9,Hot,31.16,High,264.86,22.12,0
B04,Hostel,Dormitory,60000,6,2025-06-29 20:00:00,20,6,6,1,32.0,57.3,32.4,Low,49.2,47.4,Hot,37.52,High,318.92,26.64,0
B01,Academic Block,Classroom,45000,4,2025-06-29 20:00:00,20,6,6,1,32.7,57.4,20.4,Low,52.2,48.7,Hot,28.32,Medium,240.72,20.11,0
B04,Hostel,Dormitory,60000,6,2025-06-29 21:00:00,21,6,6,1,34.9,65.2,25.8,Low,52.2,52.7,Hot,33.48,High,284.58,23.77,0
B06,Research Lab,Laboratory,35000,4,2025-06-29 22:00:00,22,6,6,1,33.9,60.8,14.4,Low,46.3,40.5,Hot,33.03,High,280.76,23.45,0
B01,Academic Block,Classroom,45000,4,2025-06-29 22:00:00,22,6,6,1,33.5,61.6,10.5,Low,36.2,39.0,Hot,29.14,Medium,247.69,20.69,0
B06,Research Lab,Laboratory,35000,4,2025-06-29 22:00:00,22,6,6,1,35.4,57.3,15.5,Low,58.2,38.3,Hot,35.6,High,302.6,25.28,0
B06,Research Lab,Laboratory,35000,4,2025-06-29 22:00:00,22,6,6,1,33.2,63.0,12.4,Low,45.7,46.2,Hot,34.2,High,290.7,24.28,0
B01,Academic Block,Classroom,45000,4,2025-06-29 22:00:00,22,6,6,1,35.5,63.3,12.2,Low,52.3,38.4,Hot,42.37,High,360.14,30.08,0
B04,Hostel,Dormitory,60000,6,2025-06-29 23:00:00,23,6,6,1,31.8,55.2,49.9,Medium,47.5,71.8,Hot,36.25,High,308.12,25.74,0
B01,Academic Block,Classroom,45000,4,2025-06-30 01:00:00,1,0,6,0,30.7,64.6,32.5,Low,55.9,56.9,Hot,28.87,Medium,245.4,20.5,0
B05,Administration,Office,18000,3,2025-06-30 03:00:00,3,0,6,0,31.2,58.5,10.2,Low,41.6,41.7,Hot,21.7,Low,184.45,15.41,0
B01,Academic Block,Classroom,45000,4,2025-06-30 05:00:00,5,0,6,0,30.5,62.8,5.6,Low,48.1,43.8,Hot,30.63,Medium,260.36,21.75,0
B03,Library,Library,22000,3,2025-06-30 06:00:00,6,0,6,0,28.9,67.7,13.7,Low,43.7,41.6,Moderate,20.2,Low,171.7,14.34,0
B02,Computer Lab,Laboratory,28000,3,2025-06-30 06:00:00,6,0,6,0,29.8,51.0,16.2,Low,25.5,46.6,Hot,27.42,Medium,233.07,19.47,0
B01,Academic Block,Classroom,45000,4,2025-06-30 06:00:00,6,0,6,0,32.2,51.7,21.2,Low,50.9,54.1,Hot,27.31,Medium,232.14,19.39,0
B06,Research Lab,Laboratory,35000,4,2025-06-30 07:00:00,7,0,6,0,29.4,56.9,0.0,Low,39.3,15.8,Hot,25.45,Medium,216.32,18.07,0
B06,Research Lab,Laboratory,35000,4,2025-06-30 08:00:00,8,0,6,0,27.0,58.3,55.9,Medium,52.8,53.0,Moderate,32.05,High,272.42,22.76,0
B04,Hostel,Dormitory,60000,6,2025-06-30 09:00:00,9,0,6,0,27.4,61.9,47.4,Medium,48.0,42.8,Moderate,40.83,High,347.06,28.99,0
B01,Academic Block,Classroom,45000,4,2025-06-30 09:00:00,9,0,6,0,33.1,70.4,61.0,Medium,60.5,56.6,Hot,42.25,High,359.12,30.0,0
B03,Library,Library,22000,3,2025-06-30 09:00:00,9,0,6,0,32.2,67.5,44.4,Medium,54.1,49.2,Hot,29.63,Medium,251.86,21.04,0
B01,Academic Block,Classroom,45000,4,2025-06-30 09:00:00,9,0,6,0,29.3,57.5,65.0,Medium,64.7,63.5,Hot,31.73,High,269.7,22.53,0
B05,Administration,Office,18000,3,2025-06-30 13:00:00,13,0,6,0,32.6,65.0,67.6,Medium,71.9,68.9,Hot,25.51,Medium,216.84,18.11,0
B01,Academic Block,Classroom,45000,4,2025-06-30 15:00:00,15,0,6,0,32.8,58.5,57.9,Medium,59.0,56.8,Hot,34.33,High,291.8,24.37,0
B05,Administration,Office,18000,3,2025-06-30 17:00:00,17,0,6,0,35.2,59.2,63.3,Medium,61.5,58.6,Hot,43.46,High,369.41,30.86,0
B01,Academic Block,Classroom,45000,4,2025-06-30 20:00:00,20,0,6,0,32.3,52.3,14.9,Low,51.7,38.7,Hot,24.81,Medium,210.88,17.62,0
B01,Academic Block,Classroom,45000,4,2025-06-30 21:00:00,21,0,6,0,32.3,49.9,23.5,Low,52.6,46.6,Hot,29.25,Medium,248.62,20.77,0
B06,Research Lab,Laboratory,35000,4,2025-06-30 22:00:00,22,0,6,0,35.6,61.6,16.4,Low,51.8,42.1,Hot,38.33,High,325.8,27.21,0
B03,Library,Library,22000,3,2025-06-30 22:00:00,22,0,6,0,31.4,60.1,11.4,Low,35.4,50.1,Hot,27.87,Medium,236.9,19.79,0
B06,Research Lab,Laboratory,35000,4,2025-07-01 04:00:00,4,1,7,0,31.0,63.9,14.2,Low,31.4,39.7,Hot,24.2,Low,205.7,17.18,0
B04,Hostel,Dormitory,60000,6,2025-07-01 04:00:00,4,1,7,0,30.8,71.5,17.3,Low,46.7,42.1,Hot,36.87,High,313.4,26.18,0
B04,Hostel,Dormitory,60000,6,2025-07-01 05:00:00,5,1,7,0,31.7,58.0,12.8,Low,38.9,41.0,Hot,32.29,High,274.46,22.93,0
B03,Library,Library,22000,3,2025-07-01 05:00:00,5,1,7,0,30.7,58.8,17.5,Low,38.6,53.3,Hot,19.43,Low,165.16,13.8,0
B02,Computer Lab,Laboratory,28000,3,2025-07-01 05:00:00,5,1,7,0,30.3,73.1,9.7,Low,41.2,44.6,Hot,24.66,Medium,209.61,17.51,0
B05,Administration,Office,18000,3,2025-07-01 08:00:00,8,1,7,0,29.3,61.7,71.1,High,55.0,67.0,Hot,28.37,Medium,241.14,20.14,0
B01,Academic Block,Classroom,45000,4,2025-07-01 09:00:00,9,1,7,0,28.5,56.6,63.0,Medium,51.0,54.3,Moderate,27.93,Medium,237.4,19.83,0
B04,Hostel,Dormitory,60000,6,2025-07-01 09:00:00,9,1,7,0,29.7,66.4,46.2,Medium,46.0,49.0,Hot,40.96,High,348.16,29.08,0
B06,Research Lab,Laboratory,35000,4,2025-07-01 10:00:00,10,1,7,0,31.9,57.8,55.5,Medium,61.5,60.1,Hot,42.67,High,362.7,30.3,0
B03,Library,Library,22000,3,2025-07-01 10:00:00,10,1,7,0,29.8,55.4,48.1,Medium,45.2,57.2,Hot,23.94,Low,203.49,17.0,0
B05,Administration,Office,18000,3,2025-07-01 11:00:00,11,1,7,0,32.6,59.5,68.0,Medium,54.0,54.3,Hot,33.85,High,287.73,24.03,0
B01,Academic Block,Classroom,45000,4,2025-07-01 11:00:00,11,1,7,0,31.6,65.5,55.6,Medium,51.0,52.0,Hot,29.24,Medium,248.54,20.76,0
B04,Hostel,Dormitory,60000,6,2025-07-01 12:00:00,12,1,7,0,31.6,51.6,48.0,Medium,62.7,50.6,Hot,40.35,High,342.98,28.65,0
B05,Administration,Office,18000,3,2025-07-01 14:00:00,14,1,7,0,31.7,51.4,65.0,Medium,56.7,69.1,Hot,33.69,High,286.36,23.92,0
B01,Academic Block,Classroom,45000,4,2025-07-01 15:00:00,15,1,7,0,31.5,59.2,66.7,Medium,63.4,57.6,Hot,39.52,High,335.92,28.06,0
B05,Administration,Office,18000,3,2025-07-01 18:00:00,18,1,7,0,36.2,48.3,62.4,Medium,65.5,55.4,Hot,38.33,High,325.8,27.21,0
B06,Research Lab,Laboratory,35000,4,2025-07-01 19:00:00,19,1,7,0,35.0,48.1,11.0,Low,46.1,40.0,Hot,39.83,High,338.56,28.28,0
B06,Research Lab,Laboratory,35000,4,2025-07-01 20:00:00,20,1,7,0,33.7,58.1,13.2,Low,53.9,37.0,Hot,31.71,High,269.54,22.51,0
B05,Administration,Office,18000,3,2025-07-01 20:00:00,20,1,7,0,36.5,63.5,5.0,Low,48.6,28.0,Hot,30.36,Medium,258.06,21.56,0
B01,Academic Block,Classroom,45000,4,2025-07-01 20:00:00,20,1,7,0,34.9,62.6,8.6,Low,56.2,51.2,Hot,35.9,High,305.15,25.49,0
B01,Academic Block,Classroom,45000,4,2025-07-01 21:00:00,21,1,7,0,31.7,58.9,10.2,Low,52.7,40.5,Hot,31.63,High,268.86,22.46,0
B03,Library,Library,22000,3,2025-07-01 22:00:00,22,1,7,0,33.0,67.6,15.2,Low,54.6,42.2,Hot,29.49,Medium,250.66,20.94,0
B03,Library,Library,22000,3,2025-07-01 23:00:00,23,1,7,0,34.4,69.6,18.6,Low,45.7,42.1,Hot,24.42,Low,207.57,17.34,0
B01,Academic Block,Classroom,45000,4,2025-07-01 23:00:00,23,1,7,0,35.6,60.0,11.1,Low,49.4,42.2,Hot,38.42,High,326.57,27.28,0
B02,Computer Lab,Laboratory,28000,3,2025-07-02 00:00:00,0,2,7,0,36.4,53.3,17.1,Low,60.8,44.2,Hot,34.25,High,291.12,24.32,0
B04,Hostel,Dormitory,60000,6,2025-07-02 01:00:00,1,2,7,0,32.5,69.9,12.6,Low,48.1,47.5,Hot,40.56,High,344.76,28.8,0
B03,Library,Library,22000,3,2025-07-02 01:00:00,1,2,7,0,33.3,69.0,11.5,Low,51.3,37.4,Hot,33.01,High,280.58,23.44,0
B03,Library,Library,22000,3,2025-07-02 02:00:00,2,2,7,0,31.0,62.0,17.5,Low,49.8,47.1,Hot,23.05,Low,195.92,16.37,0
B02,Computer Lab,Laboratory,28000,3,2025-07-02 02:00:00,2,2,7,0,30.6,69.1,1.9,Low,44.0,35.2,Hot,22.82,Low,193.97,16.2,0
B03,Library,Library,22000,3,2025-07-02 02:00:00,2,2,7,0,29.4,56.0,15.1,Low,32.7,48.1,Hot,27.17,Medium,230.95,19.29,0
B03,Library,Library,22000,3,2025-07-02 02:00:00,2,2,7,0,32.5,44.5,7.2,Low,41.1,38.6,Hot,24.17,Low,205.45,17.16,0
B04,Hostel,Dormitory,60000,6,2025-07-02 05:00:00,5,2,7,0,32.4,52.3,19.3,Low,41.6,51.4,Hot,32.66,High,277.61,23.19,0
B01,Academic Block,Classroom,45000,4,2025-07-02 06:00:00,6,2,7,0,31.3,61.4,7.4,Low,38.7,41.1,Hot,24.84,Medium,211.14,17.64,0
B01,Academic Block,Classroom,45000,4,2025-07-02 06:00:00,6,2,7,0,30.3,60.2,9.8,Low,39.7,45.7,Hot,24.51,Medium,208.34,17.4,0
B02,Computer Lab,Laboratory,28000,3,2025-07-02 08:00:00,8,2,7,0,31.7,66.4,47.8,Medium,54.8,52.9,Hot,37.77,High,321.04,26.82,0
B04,Hostel,Dormitory,60000,6,2025-07-02 09:00:00,9,2,7,0,34.4,47.1,53.6,Medium,57.6,53.4,Hot,41.63,High,353.86,29.56,0
B06,Research Lab,Laboratory,35000,4,2025-07-02 10:00:00,10,2,7,0,28.9,51.6,55.9,Medium,44.4,64.3,Moderate,24.88,Medium,211.48,17.66,0
B01,Academic Block,Classroom,45000,4,2025-07-02 10:00:00,10,2,7,0,26.5,69.1,62.8,Medium,41.0,58.6,Moderate,30.3,Medium,257.55,21.51,0
B02,Computer Lab,Laboratory,28000,3,2025-07-02 10:00:00,10,2,7,0,30.7,50.4,59.0,Medium,67.3,66.0,Hot,36.41,High,309.48,25.85,0
B05,Administration,Office,18000,3,2025-07-02 11:00:00,11,2,7,0,32.1,57.4,51.0,Medium,63.5,57.8,Hot,32.07,High,272.6,22.77,0
B03,Library,Library,22000,3,2025-07-02 12:00:00,12,2,7,0,28.6,62.3,50.0,Medium,51.4,55.0,Moderate,16.61,Low,141.18,11.79,0
B03,Library,Library,22000,3,2025-07-02 13:00:00,13,2,7,0,32.6,54.4,53.6,Medium,40.7,54.3,Hot,28.89,Medium,245.56,20.51,0
B05,Administration,Office,18000,3,2025-07-02 13:00:00,13,2,7,0,30.9,64.3,73.0,High,56.7,65.8,Hot,28.86,Medium,245.31,20.49,0
B03,Library,Library,22000,3,2025-07-02 14:00:00,14,2,7,0,32.4,44.6,56.2,Medium,61.4,57.7,Hot,33.23,High,282.46,23.59,0
B04,Hostel,Dormitory,60000,6,2025-07-02 14:00:00,14,2,7,0,30.5,73.4,53.8,Medium,59.2,55.9,Hot,33.26,High,282.71,23.61,0
B02,Computer Lab,Laboratory,28000,3,2025-07-02 15:00:00,15,2,7,0,30.9,58.0,59.2,Medium,54.9,58.5,Hot,34.49,High,293.17,24.49,0
B01,Academic Block,Classroom,45000,4,2025-07-02 15:00:00,15,2,7,0,30.8,59.2,90.5,High,70.9,85.2,Hot,41.26,High,350.71,29.29,0
B03,Library,Library,22000,3,2025-07-02 17:00:00,17,2,7,0,34.3,76.4,61.2,Medium,63.0,65.0,Hot,39.58,High,336.43,28.1,0
B02,Computer Lab,Laboratory,28000,3,2025-07-02 21:00:00,21,2,7,0,32.9,49.2,0.0,Low,46.4,30.4,Hot,30.01,Medium,255.08,21.31,0
B05,Administration,Office,18000,3,2025-07-02 21:00:00,21,2,7,0,34.2,50.3,13.6,Low,46.5,41.5,Hot,29.61,Medium,251.68,21.02,0
B04,Hostel,Dormitory,60000,6,2025-07-02 22:00:00,22,2,7,0,33.7,67.9,39.6,Medium,54.5,57.9,Hot,38.39,High,326.32,27.26,0
B02,Computer Lab,Laboratory,28000,3,2025-07-03 00:00:00,0,3,7,0,31.1,49.2,1.8,Low,34.0,37.8,Hot,25.42,Medium,216.07,18.05,0
B06,Research Lab,Laboratory,35000,4,2025-07-03 02:00:00,2,3,7,0,32.0,62.9,12.7,Low,47.0,52.0,Hot,36.53,High,310.5,25.94,0
B01,Academic Block,Classroom,45000,4,2025-07-03 03:00:00,3,3,7,0,31.7,55.4,8.2,Low,42.8,34.2,Hot,40.48,High,344.08,28.74,1
B01,Academic Block,Classroom,45000,4,2025-07-03 06:00:00,6,3,7,0,31.7,48.3,6.0,Low,32.6,35.3,Hot,30.19,Medium,256.62,21.43,0
B01,Academic Block,Classroom,45000,4,2025-07-03 09:00:00,9,3,7,0,32.2,62.9,76.0,High,67.3,64.8,Hot,36.12,High,307.02,25.65,0
B02,Computer Lab,Laboratory,28000,3,2025-07-03 10:00:00,10,3,7,0,28.6,66.0,54.2,Medium,52.0,52.6,Moderate,29.96,Medium,254.66,21.27,0
B01,Academic Block,Classroom,45000,4,2025-07-03 10:00:00,10,3,7,0,30.7,60.4,62.0,Medium,63.1,50.8,Hot,29.59,Medium,251.52,21.01,0
B02,Computer Lab,Laboratory,28000,3,2025-07-03 11:00:00,11,3,7,0,27.1,77.8,52.5,Medium,47.0,59.8,Moderate,29.28,Medium,248.88,20.79,0
B01,Academic Block,Classroom,45000,4,2025-07-03 11:00:00,11,3,7,0,31.7,54.2,59.0,Medium,52.3,62.6,Hot,32.76,High,278.46,23.26,0
B01,Academic Block,Classroom,45000,4,2025-07-03 11:00:00,11,3,7,0,32.1,65.4,62.8,Medium,57.5,63.0,Hot,41.1,High,349.35,29.18,0
B05,Administration,Office,18000,3,2025-07-03 14:00:00,14,3,7,0,27.9,65.0,58.5,Medium,62.1,63.4,Moderate,33.98,High,288.83,24.13,0
B02,Computer Lab,Laboratory,28000,3,2025-07-03 15:00:00,15,3,7,0,31.9,66.3,50.5,Medium,54.2,57.1,Hot,28.15,Medium,239.27,19.99,0
B06,Research Lab,Laboratory,35000,4,2025-07-03 15:00:00,15,3,7,0,31.1,56.6,58.6,Medium,63.1,58.6,Hot,32.64,High,277.44,23.17,0
B05,Administration,Office,18000,3,2025-07-03 16:00:00,16,3,7,0,32.4,49.4,45.0,Medium,46.2,42.0,Hot,30.54,Medium,259.59,21.68,0
B03,Library,Library,22000,3,2025-07-03 17:00:00,17,3,7,0,32.5,54.2,55.6,Medium,60.7,52.9,Hot,28.8,Medium,244.8,20.45,0
B03,Library,Library,22000,3,2025-07-03 17:00:00,17,3,7,0,33.2,58.0,61.7,Medium,52.6,60.8,Hot,32.35,High,274.98,22.97,0
B04,Hostel,Dormitory,60000,6,2025-07-03 19:00:00,19,3,7,0,35.3,61.5,28.3,Low,54.3,52.3,Hot,49.34,High,419.39,35.03,0
B02,Computer Lab,Laboratory,28000,3,2025-07-03 20:00:00,20,3,7,0,33.4,58.4,14.5,Low,41.2,54.5,Hot,36.98,High,314.33,26.26,0
B06,Research Lab,Laboratory,35000,4,2025-07-03 20:00:00,20,3,7,0,32.4,60.6,10.2,Low,36.7,43.4,Hot,26.18,Medium,222.53,18.59,0
B01,Academic Block,Classroom,45000,4,2025-07-03 22:00:00,22,3,7,0,33.3,70.4,28.5,Low,44.1,56.9,Hot,40.77,High,346.54,28.95,0
B06,Research Lab,Laboratory,35000,4,2025-07-03 23:00:00,23,3,7,0,32.9,58.5,18.8,Low,44.9,53.8,Hot,35.96,High,305.66,25.53,0
B02,Computer Lab,Laboratory,28000,3,2025-07-04 01:00:00,1,4,7,0,32.2,55.5,5.9,Low,29.0,40.8,Hot,52.09,High,442.77,36.98,1
B02,Computer Lab,Laboratory,28000,3,2025-07-04 03:00:00,3,4,7,0,30.4,63.8,21.0,Low,33.8,49.4,Hot,25.03,Medium,212.76,17.77,0
B06,Research Lab,Laboratory,35000,4,2025-07-04 04:00:00,4,4,7,0,31.4,47.9,28.9,Low,47.6,64.2,Hot,30.71,Medium,261.04,21.8,0
B02,Computer Lab,Laboratory,28000,3,2025-07-04 06:00:00,6,4,7,0,32.1,47.3,10.5,Low,31.4,45.0,Hot,21.81,Low,185.38,15.49,0
B01,Academic Block,Classroom,45000,4,2025-07-04 09:00:00,9,4,7,0,28.0,61.7,70.0,Medium,46.2,65.0,Moderate,28.4,Medium,241.4,20.16,0
B03,Library,Library,22000,3,2025-07-04 09:00:00,9,4,7,0,30.6,54.0,62.0,Medium,67.9,62.4,Hot,33.41,High,283.98,23.72,0
B01,Academic Block,Classroom,45000,4,2025-07-04 10:00:00,10,4,7,0,31.6,55.5,58.8,Medium,67.3,56.5,Hot,38.35,High,325.98,27.23,0
B03,Library,Library,22000,3,2025-07-04 11:00:00,11,4,7,0,29.8,67.7,42.1,Medium,43.8,42.5,Hot,27.68,Medium,235.28,19.65,0
B06,Research Lab,Laboratory,35000,4,2025-07-04 12:00:00,12,4,7,0,32.7,62.5,59.9,Medium,62.2,63.9,Hot,40.14,High,341.19,28.5,0
B01,Academic Block,Classroom,45000,4,2025-07-04 12:00:00,12,4,7,0,30.8,59.8,60.8,Medium,52.2,58.1,Hot,34.49,High,293.17,24.49,0
B05,Administration,Office,18000,3,2025-07-04 13:00:00,13,4,7,0,29.7,61.8,61.2,Medium,50.6,57.1,Hot,24.53,Medium,208.5,17.42,0
B05,Administration,Office,18000,3,2025-07-04 15:00:00,15,4,7,0,30.5,57.6,69.9,Medium,41.0,68.3,Hot,27.22,Medium,231.37,19.33,0
B04,Hostel,Dormitory,60000,6,2025-07-04 15:00:00,15,4,7,0,33.6,64.1,55.0,Medium,69.3,61.5,Hot,48.76,High,414.46,34.62,0
B03,Library,Library,22000,3,2025-07-04 16:00:00,16,4,7,0,33.9,63.4,58.8,Medium,65.3,48.6,Hot,60.89,High,517.57,43.23,1
B06,Research Lab,Laboratory,35000,4,2025-07-04 19:00:00,19,4,7,0,36.1,63.1,11.1,Low,53.7,39.7,Hot,39.29,High,333.96,27.9,0
B03,Library,Library,22000,3,2025-07-04 20:00:00,20,4,7,0,34.9,63.7,7.5,Low,49.0,29.5,Hot,25.15,Medium,213.77,17.86,0
B06,Research Lab,Laboratory,35000,4,2025-07-05 01:00:00,1,5,7,1,32.2,59.6,7.0,Low,39.6,23.3,Hot,27.7,Medium,235.45,19.67,0
B05,Administration,Office,18000,3,2025-07-05 02:00:00,2,5,7,1,32.6,54.0,24.2,Low,44.6,53.4,Hot,21.45,Low,182.32,15.23,0
B02,Computer Lab,Laboratory,28000,3,2025-07-05 03:00:00,3,5,7,1,31.4,58.7,27.8,Low,46.4,49.3,Hot,29.09,Medium,247.26,20.65,0
B02,Computer Lab,Laboratory,28000,3,2025-07-05 03:00:00,3,5,7,1,30.8,61.2,19.6,Low,51.5,53.5,Hot,23.82,Low,202.47,16.91,0
B01,Academic Block,Classroom,45000,4,2025-07-05 03:00:00,3,5,7,1,30.5,55.9,10.0,Low,38.9,36.5,Hot,25.99,Medium,220.92,18.45,0
B01,Academic Block,Classroom,45000,4,2025-07-05 05:00:00,5,5,7,1,27.8,74.2,4.2,Low,43.6,41.1,Moderate,22.81,Low,193.88,16.2,0
B03,Library,Library,22000,3,2025-07-05 06:00:00,6,5,7,1,29.0,73.2,31.0,Low,38.8,59.7,Moderate,23.64,Low,200.94,16.78,0
B01,Academic Block,Classroom,45000,4,2025-07-05 11:00:00,11,5,7,1,30.4,59.8,15.2,Low,31.5,21.7,Hot,23.25,Low,197.62,16.51,0
B06,Research Lab,Laboratory,35000,4,2025-07-05 13:00:00,13,5,7,1,27.3,70.4,15.0,Low,29.3,23.7,Moderate,27.16,Medium,230.86,19.28,0
B03,Library,Library,22000,3,2025-07-05 14:00:00,14,5,7,1,31.1,64.0,7.8,Low,38.2,21.7,Hot,15.73,Low,133.71,11.17,0
B03,Library,Library,22000,3,2025-07-05 16:00:00,16,5,7,1,34.2,54.2,16.8,Low,56.2,30.3,Hot,23.28,Low,197.88,16.53,0
B05,Administration,Office,18000,3,2025-07-05 17:00:00,17,5,7,1,35.3,59.6,10.5,Low,44.7,29.7,Hot,27.01,Medium,229.58,19.18,0
B02,Computer Lab,Laboratory,28000,3,2025-07-05 19:00:00,19,5,7,1,33.0,53.2,4.6,Low,32.7,39.5,Hot,29.38,Medium,249.73,20.86,0
B06,Research Lab,Laboratory,35000,4,2025-07-05 20:00:00,20,5,7,1,33.0,52.4,9.6,Low,43.2,42.0,Hot,30.68,Medium,260.78,21.78,0
B01,Academic Block,Classroom,45000,4,2025-07-05 22:00:00,22,5,7,1,32.5,62.3,14.8,Low,51.4,46.2,Hot,30.65,Medium,260.52,21.76,0
B05,Administration,Office,18000,3,2025-07-06 00:00:00,0,6,7,1,32.0,62.8,22.7,Low,45.9,50.7,Hot,25.57,Medium,217.34,18.15,0
B05,Administration,Office,18000,3,2025-07-06 02:00:00,2,6,7,1,33.5,77.1,1.0,Low,42.3,33.4,Hot,25.82,Medium,219.47,18.33,0
B04,Hostel,Dormitory,60000,6,2025-07-06 03:00:00,3,6,7,1,33.7,57.0,3.3,Low,42.1,32.8,Hot,35.34,High,300.39,25.09,0
B02,Computer Lab,Laboratory,28000,3,2025-07-06 03:00:00,3,6,7,1,28.8,58.3,9.0,Low,34.1,43.7,Moderate,25.25,Medium,214.62,17.93,0
B06,Research Lab,Laboratory,35000,4,2025-07-06 04:00:00,4,6,7,1,29.6,67.8,5.4,Low,50.0,34.8,Hot,31.5,High,267.75,22.36,0
B04,Hostel,Dormitory,60000,6,2025-07-06 06:00:00,6,6,7,1,27.3,63.0,12.0,Low,41.6,44.9,Moderate,26.79,Medium,227.72,19.02,0
B01,Academic Block,Classroom,45000,4,2025-07-06 09:00:00,9,6,7,1,29.8,56.6,8.6,Low,48.3,21.3,Hot,30.89,High,262.56,21.93,0
B01,Academic Block,Classroom,45000,4,2025-07-06 10:00:00,10,6,7,1,29.4,57.4,12.9,Low,55.1,27.9,Hot,31.7,High,269.45,22.51,0
B04,Hostel,Dormitory,60000,6,2025-07-06 10:00:00,10,6,7,1,30.6,59.3,13.2,Low,47.8,26.1,Hot,30.96,High,263.16,21.98,0
B02,Computer Lab,Laboratory,28000,3,2025-07-06 12:00:00,12,6,7,1,31.8,66.9,2.5,Low,35.7,13.0,Hot,27.32,Medium,232.22,19.4,0
B05,Administration,Office,18000,3,2025-07-06 13:00:00,13,6,7,1,32.1,62.3,10.5,Low,47.2,17.3,Hot,17.2,Low,146.2,12.21,0
B02,Computer Lab,Laboratory,28000,3,2025-07-06 13:00:00,13,6,7,1,28.8,56.1,6.4,Low,45.9,25.0,Moderate,25.56,Medium,217.26,18.15,0
B03,Library,Library,22000,3,2025-07-06 14:00:00,14,6,7,1,31.8,72.4,20.0,Low,47.8,27.9,Hot,29.5,Medium,250.75,20.94,0
B01,Academic Block,Classroom,45000,4,2025-07-06 17:00:00,17,6,7,1,30.7,54.1,7.2,Low,36.1,27.4,Hot,22.7,Low,192.95,16.12,0
B04,Hostel,Dormitory,60000,6,2025-07-06 18:00:00,18,6,7,1,36.2,50.9,8.5,Low,56.8,8.3,Hot,39.15,High,332.78,27.8,0
B01,Academic Block,Classroom,45000,4,2025-07-06 22:00:00,22,6,7,1,33.0,66.8,5.6,Low,34.1,40.1,Hot,30.86,Medium,262.31,21.91,0
B03,Library,Library,22000,3,2025-07-06 22:00:00,22,6,7,1,31.5,70.3,11.8,Low,42.1,48.1,Hot,22.94,Low,194.99,16.29,0
B02,Computer Lab,Laboratory,28000,3,2025-07-06 23:00:00,23,6,7,1,32.4,61.6,10.9,Low,47.1,43.6,Hot,30.52,Medium,259.42,21.67,0
B01,Academic Block,Classroom,45000,4,2025-07-06 23:00:00,23,6,7,1,33.5,49.2,22.4,Low,47.9,52.9,Hot,42.49,High,361.16,30.17,0
B03,Library,Library,22000,3,2025-07-07 00:00:00,0,0,7,0,33.9,58.6,11.8,Low,49.3,46.7,Hot,26.69,Medium,226.86,18.95,0
B02,Computer Lab,Laboratory,28000,3,2025-07-07 02:00:00,2,0,7,0,33.7,48.5,21.4,Low,52.5,55.2,Hot,28.37,Medium,241.14,20.14,0
B02,Computer Lab,Laboratory,28000,3,2025-07-07 03:00:00,3,0,7,0,31.4,77.3,22.8,Low,48.3,55.1,Hot,28.1,Medium,238.85,19.95,0
B01,Academic Block,Classroom,45000,4,2025-07-07 04:00:00,4,0,7,0,30.3,62.8,9.5,Low,37.1,48.3,Hot,28.04,Medium,238.34,19.91,0
B02,Computer Lab,Laboratory,28000,3,2025-07-07 06:00:00,6,0,7,0,31.1,65.7,10.8,Low,37.7,40.7,Hot,22.66,Low,192.61,16.09,0
B03,Library,Library,22000,3,2025-07-07 08:00:00,8,0,7,0,30.8,57.8,50.9,Medium,53.0,61.5,Hot,26.31,Medium,223.64,18.68,0
B01,Academic Block,Classroom,45000,4,2025-07-07 09:00:00,9,0,7,0,30.0,73.6,58.0,Medium,46.5,53.3,Hot,36.82,High,312.97,26.14,0
B03,Library,Library,22000,3,2025-07-07 11:00:00,11,0,7,0,31.6,56.2,71.4,High,70.5,73.3,Hot,39.58,High,336.43,28.1,0
B02,Computer Lab,Laboratory,28000,3,2025-07-07 14:00:00,14,0,7,0,30.9,54.3,54.8,Medium,58.4,58.1,Hot,32.52,High,276.42,23.09,0
B02,Computer Lab,Laboratory,28000,3,2025-07-07 15:00:00,15,0,7,0,32.3,61.3,52.5,Medium,57.9,65.6,Hot,34.47,High,293.0,24.47,0
B05,Administration,Office,18000,3,2025-07-07 17:00:00,17,0,7,0,30.2,67.0,55.3,Medium,50.1,58.0,Hot,22.66,Low,192.61,16.09,0
B04,Hostel,Dormitory,60000,6,2025-07-07 18:00:00,18,0,7,0,35.6,71.4,46.6,Medium,61.6,53.4,Hot,47.94,High,407.49,34.04,0
B05,Administration,Office,18000,3,2025-07-07 19:00:00,19,0,7,0,33.0,69.9,9.9,Low,43.9,34.2,Hot,32.71,High,278.04,23.22,0
B03,Library,Library,22000,3,2025-07-07 19:00:00,19,0,7,0,35.8,64.7,20.7,Low,49.5,54.8,Hot,31.42,High,267.07,22.31,0
B01,Academic Block,Classroom,45000,4,2025-07-07 19:00:00,19,0,7,0,32.7,54.0,24.7,Low,54.2,54.9,Hot,32.55,High,276.67,23.11,0
B04,Hostel,Dormitory,60000,6,2025-07-07 19:00:00,19,0,7,0,34.2,52.7,17.4,Low,41.3,51.7,Hot,41.6,High,353.6,29.54,0
B01,Academic Block,Classroom,45000,4,2025-07-07 19:00:00,19,0,7,0,33.8,51.8,23.1,Low,43.9,47.6,Hot,32.19,High,273.62,22.85,0
B02,Computer Lab,Laboratory,28000,3,2025-07-07 21:00:00,21,0,7,0,32.8,57.7,23.7,Low,54.4,50.3,Hot,31.13,High,264.6,22.1,0
B01,Academic Block,Classroom,45000,4,2025-07-07 23:00:00,23,0,7,0,33.9,44.5,7.7,Low,53.1,41.7,Hot,37.97,High,322.74,26.96,0
B06,Research Lab,Laboratory,35000,4,2025-07-07 23:00:00,23,0,7,0,35.1,66.5,5.6,Low,47.2,38.8,Hot,30.84,Medium,262.14,21.9,0
B02,Computer Lab,Laboratory,28000,3,2025-07-07 23:00:00,23,0,7,0,35.9,49.1,15.7,Low,44.6,48.1,Hot,32.18,High,273.53,22.85,0
B01,Academic Block,Classroom,45000,4,2025-07-08 01:00:00,1,1,7,0,33.4,50.2,7.5,Low,51.1,41.5,Hot,34.39,High,292.32,24.42,0
B05,Administration,Office,18000,3,2025-07-08 02:00:00,2,1,7,0,30.0,58.2,22.5,Low,43.5,49.4,Hot,22.15,Low,188.27,15.73,0
B01,Academic Block,Classroom,45000,4,2025-07-08 04:00:00,4,1,7,0,28.7,52.6,15.4,Low,38.2,45.4,Moderate,22.71,Low,193.04,16.12,0
B01,Academic Block,Classroom,45000,4,2025-07-08 04:00:00,4,1,7,0,32.5,63.5,6.7,Low,50.5,36.3,Hot,31.45,High,267.32,22.33,0
B01,Academic Block,Classroom,45000,4,2025-07-08 05:00:00,5,1,7,0,28.9,55.1,14.0,Low,42.3,59.3,Moderate,26.5,Medium,225.25,18.81,0
B03,Library,Library,22000,3,2025-07-08 05:00:00,5,1,7,0,31.3,63.5,12.5,Low,38.9,46.1,Hot,24.15,Low,205.27,17.15,0
B01,Academic Block,Classroom,45000,4,2025-07-08 06:00:00,6,1,7,0,30.2,67.3,0.0,Low,25.3,43.8,Hot,24.02,Low,204.17,17.05,0
B01,Academic Block,Classroom,45000,4,2025-07-08 09:00:00,9,1,7,0,31.8,55.7,59.7,Medium,56.6,54.6,Hot,30.72,Medium,261.12,21.81,0
B05,Administration,Office,18000,3,2025-07-08 09:00:00,9,1,7,0,30.6,55.5,58.1,Medium,58.7,58.1,Hot,32.19,High,273.62,22.85,0
B01,Academic Block,Classroom,45000,4,2025-07-08 10:00:00,10,1,7,0,30.0,55.4,69.3,Medium,62.5,64.7,Hot,41.85,High,355.72,29.71,0
B04,Hostel,Dormitory,60000,6,2025-07-08 11:00:00,11,1,7,0,33.4,50.7,55.0,Medium,52.4,58.2,Hot,40.24,High,342.04,28.57,0
B01,Academic Block,Classroom,45000,4,2025-07-08 14:00:00,14,1,7,0,33.0,55.7,75.0,High,62.2,72.3,Hot,46.06,High,391.51,32.7,0
B04,Hostel,Dormitory,60000,6,2025-07-08 14:00:00,14,1,7,0,32.6,59.4,46.1,Medium,37.5,43.9,Hot,38.86,High,330.31,27.59,0
B02,Computer Lab,Laboratory,28000,3,2025-07-08 14:00:00,14,1,7,0,30.7,50.8,48.4,Medium,54.7,53.7,Hot,21.89,Low,186.06,15.54,0
B01,Academic Block,Classroom,45000,4,2025-07-08 15:00:00,15,1,7,0,30.6,56.0,60.7,Medium,46.4,61.9,Hot,35.48,High,301.58,25.19,0
B02,Computer Lab,Laboratory,28000,3,2025-07-08 18:00:00,18,1,7,0,33.1,59.6,53.9,Medium,56.1,56.9,Hot,28.63,Medium,243.36,20.33,0
B01,Academic Block,Classroom,45000,4,2025-07-08 21:00:00,21,1,7,0,31.5,60.0,6.4,Low,34.0,45.6,Hot,26.27,Medium,223.3,18.65,0
B04,Hostel,Dormitory,60000,6,2025-07-08 21:00:00,21,1,7,0,33.2,39.8,31.8,Low,55.3,63.6,Hot,44.13,High,375.1,31.33,0
B06,Research Lab,Laboratory,35000,4,2025-07-09 00:00:00,0,2,7,0,33.9,62.3,16.9,Low,49.6,55.8,Hot,37.2,High,316.2,26.41,0
B02,Computer Lab,Laboratory,28000,3,2025-07-09 00:00:00,0,2,7,0,34.2,66.3,9.1,Low,40.7,43.5,Hot,29.2,Medium,248.2,20.73,0
B06,Research Lab,Laboratory,35000,4,2025-07-09 00:00:00,0,2,7,0,32.2,55.2,15.5,Low,44.7,51.2,Hot,34.41,High,292.48,24.43,0
B01,Academic Block,Classroom,45000,4,2025-07-09 01:00:00,1,2,7,0,36.7,43.5,18.8,Low,57.1,48.1,Hot,43.11,High,366.44,30.61,0
B03,Library,Library,22000,3,2025-07-09 03:00:00,3,2,7,0,33.1,53.2,11.9,Low,46.0,44.9,Hot,24.4,Low,207.4,17.32,0
B06,Research Lab,Laboratory,35000,4,2025-07-09 05:00:00,5,2,7,0,30.3,55.2,4.0,Low,16.1,40.9,Hot,24.35,Low,206.98,17.29,0
B06,Research Lab,Laboratory,35000,4,2025-07-09 05:00:00,5,2,7,0,32.0,67.8,10.0,Low,55.4,40.0,Hot,32.61,High,277.18,23.15,0
B02,Computer Lab,Laboratory,28000,3,2025-07-09 07:00:00,7,2,7,0,28.9,54.2,19.1,Low,42.3,29.6,Moderate,21.57,Low,183.34,15.31,0
B01,Academic Block,Classroom,45000,4,2025-07-09 07:00:00,7,2,7,0,30.2,58.3,16.4,Low,47.2,20.9,Hot,24.59,Medium,209.02,17.46,0
B01,Academic Block,Classroom,45000,4,2025-07-09 08:00:00,8,2,7,0,29.2,73.4,59.1,Medium,49.3,65.5,Hot,36.51,High,310.33,25.92,0
B02,Computer Lab,Laboratory,28000,3,2025-07-09 09:00:00,9,2,7,0,28.0,63.7,67.0,Medium,48.6,71.6,Moderate,40.27,High,342.3,28.59,0
B01,Academic Block,Classroom,45000,4,2025-07-09 12:00:00,12,2,7,0,31.5,61.2,64.3,Medium,56.4,57.2,Hot,38.2,High,324.7,27.12,0
B01,Academic Block,Classroom,45000,4,2025-07-09 13:00:00,13,2,7,0,31.2,59.3,59.1,Medium,69.2,65.1,Hot,37.89,High,322.06,26.9,0
B05,Administration,Office,18000,3,2025-07-09 13:00:00,13,2,7,0,31.3,66.8,62.5,Medium,56.7,66.7,Hot,36.33,High,308.8,25.79,0
B06,Research Lab,Laboratory,35000,4,2025-07-09 16:00:00,16,2,7,0,32.7,61.7,48.1,Medium,55.7,52.7,Hot,58.27,High,495.3,41.37,1
B01,Academic Block,Classroom,45000,4,2025-07-09 16:00:00,16,2,7,0,31.4,72.9,71.2,High,73.0,70.0,Hot,39.23,High,333.46,27.85,0
B03,Library,Library,22000,3,2025-07-09 17:00:00,17,2,7,0,35.5,70.3,62.9,Medium,64.1,65.0,Hot,40.87,High,347.4,29.02,0
B06,Research Lab,Laboratory,35000,4,2025-07-09 17:00:00,17,2,7,0,33.5,60.4,51.8,Medium,58.9,47.3,Hot,35.62,High,302.77,25.29,0
B04,Hostel,Dormitory,60000,6,2025-07-09 18:00:00,18,2,7,0,33.1,58.3,49.8,Medium,49.5,63.9,Hot,36.83,High,313.06,26.15,0
B05,Administration,Office,18000,3,2025-07-09 19:00:00,19,2,7,0,31.7,60.8,18.1,Low,55.5,37.7,Hot,27.58,Medium,234.43,19.58,0
B03,Library,Library,22000,3,2025-07-09 19:00:00,19,2,7,0,35.8,52.4,2.7,Low,41.2,29.7,Hot,32.21,High,273.79,22.87,0
B02,Computer Lab,Laboratory,28000,3,2025-07-09 22:00:00,22,2,7,0,34.8,58.1,3.5,Low,43.2,42.9,Hot,35.4,High,300.9,25.13,0
B05,Administration,Office,18000,3,2025-07-09 23:00:00,23,2,7,0,33.2,48.3,10.3,Low,23.7,47.3,Hot,26.38,Medium,224.23,18.73,0
B02,Computer Lab,Laboratory,28000,3,2025-07-09 23:00:00,23,2,7,0,31.2,55.1,10.0,Low,39.0,51.0,Hot,28.19,Medium,239.62,20.01,0
B01,Academic Block,Classroom,45000,4,2025-07-09 23:00:00,23,2,7,0,35.6,62.0,12.3,Low,48.3,44.7,Hot,36.66,High,311.61,26.03,0
B06,Research Lab,Laboratory,35000,4,2025-07-10 01:00:00,1,3,7,0,31.7,63.4,11.3,Low,38.9,38.9,Hot,50.88,High,432.48,36.12,1
B04,Hostel,Dormitory,60000,6,2025-07-10 01:00:00,1,3,7,0,31.2,59.1,2.7,Low,27.1,37.4,Hot,36.04,High,306.34,25.59,0
B02,Computer Lab,Laboratory,28000,3,2025-07-10 02:00:00,2,3,7,0,31.6,62.7,0.7,Low,40.8,39.8,Hot,28.05,Medium,238.42,19.92,0
B02,Computer Lab,Laboratory,28000,3,2025-07-10 02:00:00,2,3,7,0,32.3,69.7,2.8,Low,28.1,33.6,Hot,26.84,Medium,228.14,19.06,0
B05,Administration,Office,18000,3,2025-07-10 06:00:00,6,3,7,0,29.7,58.5,15.5,Low,29.3,41.3,Hot,21.06,Low,179.01,14.95,0
B04,Hostel,Dormitory,60000,6,2025-07-10 07:00:00,7,3,7,0,24.7,55.2,18.7,Low,29.8,29.2,Moderate,30.87,Medium,262.4,21.92,0
B01,Academic Block,Classroom,45000,4,2025-07-10 10:00:00,10,3,7,0,30.4,65.1,66.0,Medium,65.5,60.9,Hot,32.41,High,275.48,23.01,0
B03,Library,Library,22000,3,2025-07-10 10:00:00,10,3,7,0,31.4,63.6,59.9,Medium,57.6,59.1,Hot,35.38,High,300.73,25.12,0
B06,Research Lab,Laboratory,35000,4,2025-07-10 11:00:00,11,3,7,0,29.0,67.1,54.5,Medium,53.5,52.8,Moderate,30.99,High,263.41,22.0,0
B01,Academic Block,Classroom,45000,4,2025-07-10 12:00:00,12,3,7,0,33.1,50.1,64.0,Medium,58.4,65.9,Hot,39.1,High,332.35,27.76,0
B02,Computer Lab,Laboratory,28000,3,2025-07-10 13:00:00,13,3,7,0,32.5,48.5,65.3,Medium,57.7,61.7,Hot,33.66,High,286.11,23.9,0
B01,Academic Block,Classroom,45000,4,2025-07-10 14:00:00,14,3,7,0,32.4,60.9,69.9,Medium,68.5,64.8,Hot,38.64,High,328.44,27.43,0
B01,Academic Block,Classroom,45000,4,2025-07-10 16:00:00,16,3,7,0,31.2,61.4,67.8,Medium,67.7,69.4,Hot,39.71,High,337.54,28.19,0
B03,Library,Library,22000,3,2025-07-10 16:00:00,16,3,7,0,33.1,56.0,53.9,Medium,65.5,49.9,Hot,33.6,High,285.6,23.86,0
B02,Computer Lab,Laboratory,28000,3,2025-07-10 18:00:00,18,3,7,0,34.0,67.9,50.7,Medium,63.0,48.5,Hot,35.77,High,304.04,25.4,0
B03,Library,Library,22000,3,2025-07-10 21:00:00,21,3,7,0,33.5,58.1,12.6,Low,47.1,46.1,Hot,24.93,Medium,211.9,17.7,0
B06,Research Lab,Laboratory,35000,4,2025-07-10 23:00:00,23,3,7,0,34.5,66.0,14.2,Low,38.9,41.3,Hot,35.32,High,300.22,25.08,0
B01,Academic Block,Classroom,45000,4,2025-07-11 01:00:00,1,4,7,0,31.7,65.8,27.5,Low,43.7,62.1,Hot,35.79,High,304.21,25.41,0
B05,Administration,Office,18000,3,2025-07-11 03:00:00,3,4,7,0,30.8,52.7,11.4,Low,35.5,38.3,Hot,26.1,Medium,221.85,18.53,0
B02,Computer Lab,Laboratory,28000,3,2025-07-11 03:00:00,3,4,7,0,30.2,54.6,9.4,Low,38.5,41.5,Hot,58.28,High,495.38,41.38,1
B04,Hostel,Dormitory,60000,6,2025-07-11 04:00:00,4,4,7,0,30.0,52.0,14.0,Low,44.0,41.2,Hot,31.35,High,266.48,22.26,0
B01,Academic Block,Classroom,45000,4,2025-07-11 05:00:00,5,4,7,0,30.0,64.0,22.1,Low,40.1,58.9,Hot,26.42,Medium,224.57,18.76,0
B06,Research Lab,Laboratory,35000,4,2025-07-11 06:00:00,6,4,7,0,29.7,61.9,14.5,Low,24.0,40.6,Hot,26.27,Medium,223.3,18.65,0
B04,Hostel,Dormitory,60000,6,2025-07-11 07:00:00,7,4,7,0,29.4,70.9,10.7,Low,44.6,32.6,Hot,31.94,High,271.49,22.68,0
B02,Computer Lab,Laboratory,28000,3,2025-07-11 08:00:00,8,4,7,0,31.1,64.3,53.3,Medium,49.7,55.4,Hot,27.96,Medium,237.66,19.85,0
B05,Administration,Office,18000,3,2025-07-11 08:00:00,8,4,7,0,31.9,50.4,56.9,Medium,52.7,56.8,Hot,32.15,High,273.27,22.83,0
B04,Hostel,Dormitory,60000,6,2025-07-11 09:00:00,9,4,7,0,27.8,59.5,56.5,Medium,54.1,46.9,Moderate,34.52,High,293.42,24.51,0
B01,Academic Block,Classroom,45000,4,2025-07-11 10:00:00,10,4,7,0,32.2,44.5,64.6,Medium,57.9,71.8,Hot,35.67,High,303.2,25.33,0
B01,Academic Block,Classroom,45000,4,2025-07-11 11:00:00,11,4,7,0,31.3,62.0,80.6,High,65.1,78.0,Hot,40.83,High,347.06,28.99,0
B01,Academic Block,Classroom,45000,4,2025-07-11 13:00:00,13,4,7,0,29.8,80.7,67.2,Medium,59.6,59.3,Hot,30.78,Medium,261.63,21.85,0
B05,Administration,Office,18000,3,2025-07-11 15:00:00,15,4,7,0,31.7,60.6,66.1,Medium,61.5,62.0,Hot,59.01,High,501.58,41.9,1
B01,Academic Block,Classroom,45000,4,2025-07-11 15:00:00,15,4,7,0,32.6,60.3,62.7,Medium,59.5,53.8,Hot,40.06,High,340.51,28.44,0
B01,Academic Block,Classroom,45000,4,2025-07-11 16:00:00,16,4,7,0,30.2,60.7,60.8,Medium,56.8,56.7,Hot,34.52,High,293.42,24.51,0
B01,Academic Block,Classroom,45000,4,2025-07-11 17:00:00,17,4,7,0,33.0,61.1,71.9,High,78.9,68.4,Hot,44.22,High,375.87,31.4,0
B02,Computer Lab,Laboratory,28000,3,2025-07-11 19:00:00,19,4,7,0,34.4,56.4,20.4,Low,57.2,58.5,Hot,38.98,High,331.33,27.68,0
B02,Computer Lab,Laboratory,28000,3,2025-07-11 20:00:00,20,4,7,0,32.6,63.2,5.0,Low,46.6,51.2,Hot,29.67,Medium,252.2,21.07,0
B04,Hostel,Dormitory,60000,6,2025-07-11 22:00:00,22,4,7,0,31.2,54.6,26.9,Low,48.9,57.8,Hot,25.91,Medium,220.24,18.4,0
B02,Computer Lab,Laboratory,28000,3,2025-07-11 22:00:00,22,4,7,0,33.7,52.9,7.4,Low,53.8,32.8,Hot,35.8,High,304.3,25.42,0
B01,Academic Block,Classroom,45000,4,2025-07-11 22:00:00,22,4,7,0,36.7,46.6,16.7,Low,58.1,59.2,Hot,40.31,High,342.64,28.62,0
B01,Academic Block,Classroom,45000,4,2025-07-12 01:00:00,1,5,7,1,31.1,59.9,14.5,Low,49.8,37.0,Hot,32.12,High,273.02,22.81,0
B06,Research Lab,Laboratory,35000,4,2025-07-12 03:00:00,3,5,7,1,30.1,53.2,11.3,Low,47.1,47.8,Hot,34.27,High,291.3,24.33,0
B01,Academic Block,Classroom,45000,4,2025-07-12 06:00:00,6,5,7,1,29.6,71.5,6.5,Low,40.6,40.2,Hot,19.98,Low,169.83,14.19,0
B04,Hostel,Dormitory,60000,6,2025-07-12 07:00:00,7,5,7,1,32.1,56.3,23.3,Low,50.1,38.6,Hot,37.46,High,318.41,26.6,0
B04,Hostel,Dormitory,60000,6,2025-07-12 09:00:00,9,5,7,1,27.2,49.5,18.8,Low,34.5,25.3,Moderate,35.76,High,303.96,25.39,0
B02,Computer Lab,Laboratory,28000,3,2025-07-12 12:00:00,12,5,7,1,31.8,51.6,0.0,Low,49.8,20.2,Hot,26.36,Medium,224.06,18.72,0
B02,Computer Lab,Laboratory,28000,3,2025-07-12 13:00:00,13,5,7,1,30.4,61.6,18.0,Low,41.6,35.8,Hot,30.56,Medium,259.76,21.7,0
B03,Library,Library,22000,3,2025-07-12 14:00:00,14,5,7,1,31.1,64.7,10.0,Low,33.7,24.6,Hot,17.56,Low,149.26,12.47,0
B03,Library,Library,22000,3,2025-07-12 15:00:00,15,5,7,1,30.7,62.9,7.8,Low,41.1,20.9,Hot,22.97,Low,195.24,16.31,0
B06,Research Lab,Laboratory,35000,4,2025-07-12 16:00:00,16,5,7,1,32.3,53.4,17.4,Low,43.9,33.2,Hot,27.06,Medium,230.01,19.21,0
B04,Hostel,Dormitory,60000,6,2025-07-12 17:00:00,17,5,7,1,31.6,55.7,14.5,Low,36.7,32.6,Hot,37.54,High,319.09,26.65,0
B01,Academic Block,Classroom,45000,4,2025-07-12 18:00:00,18,5,7,1,32.6,54.1,12.6,Low,38.2,22.1,Hot,27.5,Medium,233.75,19.52,0
B01,Academic Block,Classroom,45000,4,2025-07-12 18:00:00,18,5,7,1,29.7,65.2,5.7,Low,36.5,16.1,Hot,29.65,Medium,252.02,21.05,0
B04,Hostel,Dormitory,60000,6,2025-07-12 21:00:00,21,5,7,1,31.0,61.0,39.1,Medium,50.9,61.1,Hot,44.02,High,374.17,31.25,0
B03,Library,Library,22000,3,2025-07-12 22:00:00,22,5,7,1,33.9,54.7,3.3,Low,34.4,26.2,Hot,22.64,Low,192.44,16.07,0
B05,Administration,Office,18000,3,2025-07-13 01:00:00,1,6,7,1,34.0,53.2,17.4,Low,45.6,52.7,Hot,33.6,High,285.6,23.86,0
B01,Academic Block,Classroom,45000,4,2025-07-13 03:00:00,3,6,7,1,35.9,52.6,12.6,Low,55.4,44.4,Hot,35.39,High,300.82,25.13,0
B01,Academic Block,Classroom,45000,4,2025-07-13 03:00:00,3,6,7,1,32.5,59.1,11.7,Low,27.7,42.4,Hot,31.31,High,266.14,22.23,0
B04,Hostel,Dormitory,60000,6,2025-07-13 04:00:00,4,6,7,1,29.8,70.5,8.1,Low,35.4,38.9,Hot,31.99,High,271.91,22.71,0
B04,Hostel,Dormitory,60000,6,2025-07-13 05:00:00,5,6,7,1,27.2,64.5,13.2,Low,34.2,47.1,Moderate,29.54,Medium,251.09,20.97,0
B03,Library,Library,22000,3,2025-07-13 06:00:00,6,6,7,1,30.7,58.1,2.4,Low,40.5,33.5,Hot,24.25,Low,206.12,17.22,0
B02,Computer Lab,Laboratory,28000,3,2025-07-13 10:00:00,10,6,7,1,27.7,59.9,20.6,Low,36.2,34.9,Moderate,22.82,Low,193.97,16.2,0
B02,Computer Lab,Laboratory,28000,3,2025-07-13 10:00:00,10,6,7,1,28.7,74.0,9.2,Low,33.0,20.0,Moderate,21.13,Low,179.6,15.0,0
B06,Research Lab,Laboratory,35000,4,2025-07-13 11:00:00,11,6,7,1,31.5,65.6,7.2,Low,43.3,14.7,Hot,28.46,Medium,241.91,20.21,0
B05,Administration,Office,18000,3,2025-07-13 14:00:00,14,6,7,1,32.1,66.2,10.6,Low,41.6,26.0,Hot,25.67,Medium,218.2,18.23,0
B04,Hostel,Dormitory,60000,6,2025-07-13 16:00:00,16,6,7,1,31.2,65.3,9.4,Low,50.5,17.7,Hot,34.84,High,296.14,24.74,0
B02,Computer Lab,Laboratory,28000,3,2025-07-13 17:00:00,17,6,7,1,30.5,60.3,20.7,Low,46.3,30.2,Hot,26.4,Medium,224.4,18.74,0
B04,Hostel,Dormitory,60000,6,2025-07-13 17:00:00,17,6,7,1,33.4,66.7,0.0,Low,45.4,19.7,Hot,33.9,High,288.15,24.07,0
B05,Administration,Office,18000,3,2025-07-13 18:00:00,18,6,7,1,33.9,47.6,11.5,Low,45.9,23.9,Hot,24.75,Medium,210.38,17.57,0
B05,Administration,Office,18000,3,2025-07-13 18:00:00,18,6,7,1,35.6,67.4,23.1,Low,63.8,32.9,Hot,33.64,High,285.94,23.88,0
B01,Academic Block,Classroom,45000,4,2025-07-13 19:00:00,19,6,7,1,29.8,66.4,12.5,Low,35.1,42.2,Hot,22.89,Low,194.56,16.25,0
B05,Administration,Office,18000,3,2025-07-13 21:00:00,21,6,7,1,33.7,61.4,13.3,Low,38.8,45.8,Hot,23.51,Low,199.84,16.69,0
B04,Hostel,Dormitory,60000,6,2025-07-13 22:00:00,22,6,7,1,34.7,51.9,31.8,Low,53.4,55.7,Hot,46.19,High,392.62,32.79,0
B02,Computer Lab,Laboratory,28000,3,2025-07-13 22:00:00,22,6,7,1,32.7,65.4,7.5,Low,40.3,43.3,Hot,26.37,Medium,224.14,18.72,0
B01,Academic Block,Classroom,45000,4,2025-07-13 22:00:00,22,6,7,1,31.0,68.2,15.8,Low,40.9,45.2,Hot,26.9,Medium,228.65,19.1,0
B04,Hostel,Dormitory,60000,6,2025-07-14 00:00:00,0,0,7,0,31.2,55.1,10.7,Low,52.2,42.1,Hot,35.54,High,302.09,25.23,0
B03,Library,Library,22000,3,2025-07-14 04:00:00,4,0,7,0,30.6,55.8,13.0,Low,35.3,39.7,Hot,19.26,Low,163.71,13.67,0
B04,Hostel,Dormitory,60000,6,2025-07-14 05:00:00,5,0,7,0,29.4,54.2,15.8,Low,38.5,49.4,Hot,31.71,High,269.54,22.51,0
B02,Computer Lab,Laboratory,28000,3,2025-07-14 05:00:00,5,0,7,0,30.6,64.4,15.1,Low,31.0,43.6,Hot,26.93,Medium,228.9,19.12,0
B01,Academic Block,Classroom,45000,4,2025-07-14 05:00:00,5,0,7,0,32.1,58.6,12.7,Low,54.0,39.1,Hot,33.45,High,284.33,23.75,0
B01,Academic Block,Classroom,45000,4,2025-07-14 08:00:00,8,0,7,0,29.0,76.7,72.9,High,44.2,67.1,Moderate,31.0,High,263.5,22.01,0
B03,Library,Library,22000,3,2025-07-14 09:00:00,9,0,7,0,31.5,49.1,62.0,Medium,59.7,65.6,Hot,28.52,Medium,242.42,20.25,0
B02,Computer Lab,Laboratory,28000,3,2025-07-14 10:00:00,10,0,7,0,29.7,55.1,64.3,Medium,48.3,66.1,Hot,36.96,High,314.16,26.24,0
B03,Library,Library,22000,3,2025-07-14 10:00:00,10,0,7,0,30.4,60.8,62.3,Medium,48.6,50.5,Hot,48.11,High,408.94,34.16,1
B06,Research Lab,Laboratory,35000,4,2025-07-14 12:00:00,12,0,7,0,30.4,65.3,68.3,Medium,53.7,62.8,Hot,33.78,High,287.13,23.98,0
B06,Research Lab,Laboratory,35000,4,2025-07-14 13:00:00,13,0,7,0,31.6,64.1,50.4,Medium,48.3,60.0,Hot,28.45,Medium,241.82,20.2,0
B04,Hostel,Dormitory,60000,6,2025-07-14 14:00:00,14,0,7,0,32.4,59.7,70.3,High,64.9,74.0,Hot,49.41,High,419.98,35.08,0
B06,Research Lab,Laboratory,35000,4,2025-07-14 15:00:00,15,0,7,0,33.1,61.0,59.9,Medium,53.3,53.7,Hot,43.26,High,367.71,30.71,0
B01,Academic Block,Classroom,45000,4,2025-07-14 17:00:00,17,0,7,0,33.0,59.4,64.9,Medium,68.8,68.2,Hot,39.88,High,338.98,28.31,0
B04,Hostel,Dormitory,60000,6,2025-07-14 18:00:00,18,0,7,0,28.3,69.7,52.2,Medium,57.6,47.0,Moderate,38.21,High,324.79,27.13,0
B03,Library,Library,22000,3,2025-07-14 18:00:00,18,0,7,0,34.2,53.7,44.6,Medium,67.5,44.3,Hot,33.27,High,282.8,23.62,0
B04,Hostel,Dormitory,60000,6,2025-07-14 19:00:00,19,0,7,0,30.6,57.4,33.6,Low,38.1,54.8,Hot,32.5,High,276.25,23.08,0
B04,Hostel,Dormitory,60000,6,2025-07-14 19:00:00,19,0,7,0,32.6,63.7,26.4,Low,43.6,58.5,Hot,41.04,High,348.84,29.14,0
B02,Computer Lab,Laboratory,28000,3,2025-07-14 19:00:00,19,0,7,0,29.9,72.1,12.5,Low,35.7,44.5,Hot,30.83,Medium,262.06,21.89,0
B06,Research Lab,Laboratory,35000,4,2025-07-14 19:00:00,19,0,7,0,36.1,51.7,13.0,Low,46.5,47.3,Hot,38.28,High,325.38,27.18,0
B03,Library,Library,22000,3,2025-07-14 20:00:00,20,0,7,0,34.2,59.3,7.9,Low,49.5,31.1,Hot,29.93,Medium,254.4,21.25,0
B04,Hostel,Dormitory,60000,6,2025-07-14 21:00:00,21,0,7,0,33.0,56.0,19.4,Low,48.5,54.0,Hot,35.98,High,305.83,25.55,0
B02,Computer Lab,Laboratory,28000,3,2025-07-15 00:00:00,0,1,7,0,34.7,61.1,13.9,Low,42.2,53.6,Hot,30.32,Medium,257.72,21.53,0
B04,Hostel,Dormitory,60000,6,2025-07-15 00:00:00,0,1,7,0,33.4,46.8,12.0,Low,43.0,45.2,Hot,39.57,High,336.34,28.09,0
B02,Computer Lab,Laboratory,28000,3,2025-07-15 01:00:00,1,1,7,0,32.3,56.7,13.3,Low,43.0,54.9,Hot,35.49,High,301.67,25.2,0
B04,Hostel,Dormitory,60000,6,2025-07-15 01:00:00,1,1,7,0,32.7,54.8,9.0,Low,41.4,46.1,Hot,34.42,High,292.57,24.44,0
B03,Library,Library,22000,3,2025-07-15 01:00:00,1,1,7,0,31.5,57.4,7.4,Low,35.3,49.6,Hot,22.53,Low,191.5,16.0,0
B04,Hostel,Dormitory,60000,6,2025-07-15 02:00:00,2,1,7,0,29.7,43.5,10.5,Low,30.9,41.7,Hot,33.77,High,287.04,23.98,0
B01,Academic Block,Classroom,45000,4,2025-07-15 02:00:00,2,1,7,0,33.0,72.8,13.0,Low,48.9,46.4,Hot,30.53,Medium,259.5,21.68,0
B01,Academic Block,Classroom,45000,4,2025-07-15 02:00:00,2,1,7,0,31.4,42.4,16.7,Low,35.7,44.1,Hot,30.58,Medium,259.93,21.71,0
B03,Library,Library,22000,3,2025-07-15 02:00:00,2,1,7,0,28.9,65.2,6.3,Low,38.9,32.5,Moderate,16.57,Low,140.84,11.76,0
B05,Administration,Office,18000,3,2025-07-15 06:00:00,6,1,7,0,30.6,51.5,17.5,Low,43.0,44.1,Hot,24.01,Low,204.08,17.05,0
B04,Hostel,Dormitory,60000,6,2025-07-15 07:00:00,7,1,7,0,29.7,52.5,16.6,Low,34.5,28.9,Hot,31.32,High,266.22,22.24,0
B02,Computer Lab,Laboratory,28000,3,2025-07-15 07:00:00,7,1,7,0,32.2,60.2,15.6,Low,46.9,20.4,Hot,23.12,Low,196.52,16.42,0
B06,Research Lab,Laboratory,35000,4,2025-07-15 11:00:00,11,1,7,0,30.5,65.4,71.6,High,56.1,69.3,Hot,33.79,High,287.21,23.99,0
B04,Hostel,Dormitory,60000,6,2025-07-15 12:00:00,12,1,7,0,28.8,54.4,38.7,Medium,49.2,33.1,Moderate,36.21,High,307.79,25.71,0
B05,Administration,Office,18000,3,2025-07-15 13:00:00,13,1,7,0,28.4,54.5,76.4,High,53.5,70.6,Moderate,33.1,High,281.35,23.5,0
B04,Hostel,Dormitory,60000,6,2025-07-15 14:00:00,14,1,7,0,33.4,49.2,46.4,Medium,57.4,51.1,Hot,38.21,High,324.79,27.13,0
B03,Library,Library,22000,3,2025-07-15 14:00:00,14,1,7,0,31.5,61.3,56.6,Medium,56.6,53.9,Hot,33.52,High,284.92,23.8,0
B01,Academic Block,Classroom,45000,4,2025-07-15 14:00:00,14,1,7,0,30.3,53.4,66.9,Medium,54.6,63.6,Hot,36.61,High,311.18,25.99,0
B04,Hostel,Dormitory,60000,6,2025-07-15 15:00:00,15,1,7,0,31.0,69.2,41.6,Medium,48.9,46.1,Hot,41.45,High,352.33,29.43,0
B01,Academic Block,Classroom,45000,4,2025-07-15 17:00:00,17,1,7,0,34.9,49.0,70.3,High,64.0,65.8,Hot,42.31,High,359.64,30.04,0
B03,Library,Library,22000,3,2025-07-15 21:00:00,21,1,7,0,34.2,61.4,18.0,Low,55.3,49.9,Hot,32.16,High,273.36,22.83,0
B04,Hostel,Dormitory,60000,6,2025-07-15 23:00:00,23,1,7,0,34.6,68.1,35.0,Low,50.7,52.8,Hot,49.59,High,421.52,35.21,0
B01,Academic Block,Classroom,45000,4,2025-07-15 23:00:00,23,1,7,0,33.3,58.8,1.7,Low,40.5,30.3,Hot,30.46,Medium,258.91,21.63,0
B02,Computer Lab,Laboratory,28000,3,2025-07-15 23:00:00,23,1,7,0,31.7,47.1,3.3,Low,26.1,32.3,Hot,22.12,Low,188.02,15.71,0
B01,Academic Block,Classroom,45000,4,2025-07-16 04:00:00,4,2,7,0,33.2,61.2,7.1,Low,38.5,39.3,Hot,35.5,High,301.75,25.2,0
B01,Academic Block,Classroom,45000,4,2025-07-16 06:00:00,6,2,7,0,29.2,59.9,20.9,Low,44.1,59.7,Hot,30.59,Medium,260.02,21.72,0
B02,Computer Lab,Laboratory,28000,3,2025-07-16 06:00:00,6,2,7,0,31.0,59.9,12.7,Low,43.5,47.4,Hot,29.0,Medium,246.5,20.59,0
B01,Academic Block,Classroom,45000,4,2025-07-16 06:00:00,6,2,7,0,31.4,71.0,0.0,Low,39.5,26.4,Hot,33.05,High,280.92,23.47,0
B02,Computer Lab,Laboratory,28000,3,2025-07-16 07:00:00,7,2,7,0,29.6,61.7,26.5,Low,42.8,35.9,Hot,32.19,High,273.62,22.85,0
B03,Library,Library,22000,3,2025-07-16 10:00:00,10,2,7,0,28.1,66.1,65.4,Medium,55.4,61.3,Moderate,29.56,Medium,251.26,20.99,0
B01,Academic Block,Classroom,45000,4,2025-07-16 12:00:00,12,2,7,0,29.5,56.8,59.0,Medium,62.8,57.0,Hot,30.98,High,263.33,22.0,0
B01,Academic Block,Classroom,45000,4,2025-07-16 13:00:00,13,2,7,0,32.0,57.4,63.7,Medium,54.7,59.1,Hot,35.29,High,299.96,25.06,0
B01,Academic Block,Classroom,45000,4,2025-07-16 14:00:00,14,2,7,0,32.3,67.0,64.6,Medium,68.5,62.0,Hot,39.25,High,333.62,27.87,0
B04,Hostel,Dormitory,60000,6,2025-07-16 15:00:00,15,2,7,0,34.0,58.8,54.7,Medium,55.5,47.1,Hot,43.97,High,373.74,31.22,0
B04,Hostel,Dormitory,60000,6,2025-07-16 15:00:00,15,2,7,0,33.7,60.0,52.4,Medium,61.2,53.7,Hot,42.66,High,362.61,30.29,0
B04,Hostel,Dormitory,60000,6,2025-07-16 17:00:00,17,2,7,0,31.5,66.8,46.2,Medium,48.1,51.2,Hot,38.61,High,328.18,27.41,0
B01,Academic Block,Classroom,45000,4,2025-07-16 17:00:00,17,2,7,0,35.1,68.3,75.8,High,75.2,67.8,Hot,48.61,High,413.18,34.51,0
B01,Academic Block,Classroom,45000,4,2025-07-16 17:00:00,17,2,7,0,31.4,51.8,78.8,High,56.8,71.5,Hot,38.81,High,329.88,27.56,0
B04,Hostel,Dormitory,60000,6,2025-07-16 17:00:00,17,2,7,0,33.8,54.5,50.7,Medium,53.0,47.1,Hot,41.49,High,352.66,29.46,0
B01,Academic Block,Classroom,45000,4,2025-07-16 18:00:00,18,2,7,0,36.9,65.7,62.6,Medium,68.1,59.9,Hot,48.35,High,410.98,34.33,0
B01,Academic Block,Classroom,45000,4,2025-07-16 18:00:00,18,2,7,0,33.7,72.0,77.8,High,63.6,73.8,Hot,43.91,High,373.23,31.18,0
B01,Academic Block,Classroom,45000,4,2025-07-16 18:00:00,18,2,7,0,30.6,58.7,51.2,Medium,49.1,52.5,Hot,32.76,High,278.46,23.26,0
B01,Academic Block,Classroom,45000,4,2025-07-16 19:00:00,19,2,7,0,33.0,60.5,5.7,Low,41.1,42.5,Hot,26.56,Medium,225.76,18.86,0
B01,Academic Block,Classroom,45000,4,2025-07-16 19:00:00,19,2,7,0,36.7,58.1,18.9,Low,45.6,53.9,Hot,38.71,High,329.04,27.48,0
B04,Hostel,Dormitory,60000,6,2025-07-16 19:00:00,19,2,7,0,33.1,60.2,41.7,Medium,55.3,63.3,Hot,42.35,High,359.98,30.07,0
B06,Research Lab,Laboratory,35000,4,2025-07-16 19:00:00,19,2,7,0,35.4,58.4,9.8,Low,49.8,41.2,Hot,39.76,High,337.96,28.23,0
B02,Computer Lab,Laboratory,28000,3,2025-07-16 19:00:00,19,2,7,0,32.0,69.0,28.0,Low,38.4,50.5,Hot,27.87,Medium,236.9,19.79,0
B02,Computer Lab,Laboratory,28000,3,2025-07-16 22:00:00,22,2,7,0,32.7,46.2,0.0,Low,40.7,32.6,Hot,48.19,High,409.62,34.21,1
B01,Academic Block,Classroom,45000,4,2025-07-16 23:00:00,23,2,7,0,32.6,54.3,19.7,Low,47.2,50.0,Hot,37.54,High,319.09,26.65,0
B04,Hostel,Dormitory,60000,6,2025-07-17 01:00:00,1,3,7,0,34.9,61.6,12.6,Low,50.3,48.2,Hot,40.49,High,344.16,28.75,0
B06,Research Lab,Laboratory,35000,4,2025-07-17 03:00:00,3,3,7,0,30.5,57.1,8.6,Low,39.0,41.0,Hot,28.36,Medium,241.06,20.14,0
B01,Academic Block,Classroom,45000,4,2025-07-17 03:00:00,3,3,7,0,28.1,64.5,18.1,Low,39.4,50.1,Moderate,33.06,High,281.01,23.47,0
B01,Academic Block,Classroom,45000,4,2025-07-17 04:00:00,4,3,7,0,34.1,65.3,9.3,Low,47.1,35.3,Hot,29.52,Medium,250.92,20.96,0
B01,Academic Block,Classroom,45000,4,2025-07-17 06:00:00,6,3,7,0,30.1,72.1,4.4,Low,37.6,39.5,Hot,30.91,High,262.74,21.95,0
B04,Hostel,Dormitory,60000,6,2025-07-17 07:00:00,7,3,7,0,30.5,62.5,12.8,Low,42.0,20.3,Hot,31.51,High,267.84,22.37,0
B06,Research Lab,Laboratory,35000,4,2025-07-17 07:00:00,7,3,7,0,27.1,73.7,11.6,Low,42.5,31.5,Moderate,26.71,Medium,227.04,18.96,0
B04,Hostel,Dormitory,60000,6,2025-07-17 13:00:00,13,3,7,0,31.3,61.0,45.5,Medium,60.5,58.2,Hot,41.63,High,353.86,29.56,0
B02,Computer Lab,Laboratory,28000,3,2025-07-17 13:00:00,13,3,7,0,31.0,58.1,54.8,Medium,54.7,63.8,Hot,33.14,High,281.69,23.53,0
B01,Academic Block,Classroom,45000,4,2025-07-17 15:00:00,15,3,7,0,30.5,49.8,63.7,Medium,53.9,58.2,Hot,31.41,High,266.98,22.3,0
B03,Library,Library,22000,3,2025-07-17 18:00:00,18,3,7,0,34.2,50.6,43.5,Medium,64.8,50.9,Hot,30.95,High,263.08,21.97,0
B02,Computer Lab,Laboratory,28000,3,2025-07-17 18:00:00,18,3,7,0,30.7,60.5,47.0,Medium,65.8,37.8,Hot,31.89,High,271.06,22.64,0
B06,Research Lab,Laboratory,35000,4,2025-07-17 19:00:00,19,3,7,0,32.0,59.6,18.5,Low,44.3,54.2,Hot,29.61,Medium,251.68,21.02,0
B01,Academic Block,Classroom,45000,4,2025-07-17 19:00:00,19,3,7,0,35.2,58.4,2.0,Low,47.5,36.3,Hot,33.94,High,288.49,24.1,0
B04,Hostel,Dormitory,60000,6,2025-07-17 20:00:00,20,3,7,0,32.4,71.9,31.9,Low,47.9,49.8,Hot,36.39,High,309.32,25.84,0
B05,Administration,Office,18000,3,2025-07-17 22:00:00,22,3,7,0,32.5,64.3,0.0,Low,42.1,38.0,Hot,19.64,Low,166.94,13.94,0
B02,Computer Lab,Laboratory,28000,3,2025-07-17 22:00:00,22,3,7,0,33.3,64.0,22.5,Low,36.3,50.1,Hot,25.91,Medium,220.24,18.4,0
B03,Library,Library,22000,3,2025-07-18 00:00:00,0,4,7,0,31.9,72.3,10.1,Low,38.2,40.8,Hot,29.6,Medium,251.6,21.02,0
B02,Computer Lab,Laboratory,28000,3,2025-07-18 02:00:00,2,4,7,0,32.5,56.5,19.8,Low,50.2,52.5,Hot,31.25,High,265.62,22.19,0
B01,Academic Block,Classroom,45000,4,2025-07-18 03:00:00,3,4,7,0,31.2,56.5,26.8,Low,40.7,60.1,Hot,28.58,Medium,242.93,20.29,0
B02,Computer Lab,Laboratory,28000,3,2025-07-18 04:00:00,4,4,7,0,28.2,71.0,3.0,Low,35.5,38.6,Moderate,20.04,Low,170.34,14.23,0
B03,Library,Library,22000,3,2025-07-18 05:00:00,5,4,7,0,28.9,65.3,7.2,Low,38.1,28.9,Moderate,17.8,Low,151.3,12.64,0
B02,Computer Lab,Laboratory,28000,3,2025-07-18 06:00:00,6,4,7,0,28.4,62.0,18.1,Low,41.3,49.9,Moderate,19.65,Low,167.02,13.95,0
B06,Research Lab,Laboratory,35000,4,2025-07-18 06:00:00,6,4,7,0,29.0,61.4,7.6,Low,32.2,35.5,Moderate,23.9,Low,203.15,16.97,0
B04,Hostel,Dormitory,60000,6,2025-07-18 07:00:00,7,4,7,0,29.7,60.0,14.0,Low,43.4,27.9,Hot,35.21,High,299.29,25.0,0
B04,Hostel,Dormitory,60000,6,2025-07-18 07:00:00,7,4,7,0,30.0,60.3,12.7,Low,49.9,26.1,Hot,31.19,High,265.12,22.14,0
B01,Academic Block,Classroom,45000,4,2025-07-18 08:00:00,8,4,7,0,25.9,64.3,50.2,Medium,41.6,51.0,Moderate,30.93,High,262.9,21.96,0
B04,Hostel,Dormitory,60000,6,2025-07-18 10:00:00,10,4,7,0,31.2,58.0,57.6,Medium,52.7,57.5,Hot,43.97,High,373.74,31.22,0
B05,Administration,Office,18000,3,2025-07-18 11:00:00,11,4,7,0,29.9,65.0,61.7,Medium,54.8,52.0,Hot,29.63,Medium,251.86,21.04,0
B01,Academic Block,Classroom,45000,4,2025-07-18 12:00:00,12,4,7,0,28.8,67.2,58.2,Medium,54.3,66.4,Moderate,33.28,High,282.88,23.63,0
B02,Computer Lab,Laboratory,28000,3,2025-07-18 12:00:00,12,4,7,0,31.9,55.5,69.6,Medium,56.0,68.5,Hot,40.86,High,347.31,29.01,0
B04,Hostel,Dormitory,60000,6,2025-07-18 14:00:00,14,4,7,0,28.3,68.7,46.1,Medium,44.7,50.5,Moderate,39.81,High,338.38,28.27,0
B05,Administration,Office,18000,3,2025-07-18 14:00:00,14,4,7,0,29.1,52.8,57.4,Medium,61.6,59.2,Hot,38.46,High,326.91,27.31,1
B06,Research Lab,Laboratory,35000,4,2025-07-18 15:00:00,15,4,7,0,35.2,60.4,46.2,Medium,66.7,40.2,Hot,38.19,High,324.62,27.11,0
B01,Academic Block,Classroom,45000,4,2025-07-18 16:00:00,16,4,7,0,32.7,62.7,70.8,High,58.1,72.6,Hot,37.69,High,320.36,26.76,0
B02,Computer Lab,Laboratory,28000,3,2025-07-18 16:00:00,16,4,7,0,31.3,59.4,59.1,Medium,68.6,56.9,Hot,34.6,High,294.1,24.57,0
B05,Administration,Office,18000,3,2025-07-18 18:00:00,18,4,7,0,33.3,58.8,50.5,Medium,55.4,53.0,Hot,34.72,High,295.12,24.65,0
B05,Administration,Office,18000,3,2025-07-18 21:00:00,21,4,7,0,33.1,56.9,13.7,Low,46.8,41.8,Hot,28.33,Medium,240.8,20.11,0
B06,Research Lab,Laboratory,35000,4,2025-07-18 23:00:00,23,4,7,0,32.9,55.1,17.8,Low,46.1,41.8,Hot,33.47,High,284.5,23.76,0
B02,Computer Lab,Laboratory,28000,3,2025-07-19 00:00:00,0,5,7,1,33.1,58.5,15.2,Low,50.8,43.2,Hot,48.63,High,413.36,34.53,1
B04,Hostel,Dormitory,60000,6,2025-07-19 02:00:00,2,5,7,1,31.1,56.3,21.3,Low,37.0,49.6,Hot,31.56,High,268.26,22.41,0
B02,Computer Lab,Laboratory,28000,3,2025-07-19 02:00:00,2,5,7,1,31.9,67.5,7.8,Low,37.4,40.3,Hot,31.62,High,268.77,22.45,0
B01,Academic Block,Classroom,45000,4,2025-07-19 03:00:00,3,5,7,1,30.6,45.8,24.4,Low,38.5,50.3,Hot,29.92,Medium,254.32,21.24,0
B06,Research Lab,Laboratory,35000,4,2025-07-19 04:00:00,4,5,7,1,29.2,60.7,12.0,Low,30.8,43.0,Hot,23.17,Low,196.95,16.45,0
B03,Library,Library,22000,3,2025-07-19 05:00:00,5,5,7,1,28.3,49.1,17.6,Low,33.0,46.2,Moderate,22.87,Low,194.4,16.24,1
B04,Hostel,Dormitory,60000,6,2025-07-19 06:00:00,6,5,7,1,31.6,52.3,20.9,Low,39.6,43.3,Hot,31.39,High,266.82,22.29,0
B06,Research Lab,Laboratory,35000,4,2025-07-19 06:00:00,6,5,7,1,30.6,56.5,30.5,Low,50.0,57.2,Hot,32.78,High,278.63,23.27,0
B04,Hostel,Dormitory,60000,6,2025-07-19 08:00:00,8,5,7,1,31.0,69.6,4.4,Low,35.4,17.7,Hot,22.92,Low,194.82,16.27,0
B04,Hostel,Dormitory,60000,6,2025-07-19 10:00:00,10,5,7,1,29.7,69.3,6.8,Low,34.7,16.1,Hot,26.48,Medium,225.08,18.8,0
B04,Hostel,Dormitory,60000,6,2025-07-19 10:00:00,10,5,7,1,30.0,61.5,13.3,Low,28.0,29.2,Hot,33.17,High,281.94,23.55,0
B03,Library,Library,22000,3,2025-07-19 10:00:00,10,5,7,1,29.4,61.9,9.4,Low,42.5,21.5,Hot,18.82,Low,159.97,13.36,0
B06,Research Lab,Laboratory,35000,4,2025-07-19 11:00:00,11,5,7,1,31.7,66.9,6.4,Low,29.4,21.3,Hot,21.37,Low,181.64,15.17,0
B01,Academic Block,Classroom,45000,4,2025-07-19 11:00:00,11,5,7,1,29.5,69.3,1.3,Low,34.5,11.2,Hot,21.39,Low,181.82,15.19,0
B04,Hostel,Dormitory,60000,6,2025-07-19 11:00:00,11,5,7,1,28.5,58.2,12.9,Low,44.2,20.8,Moderate,31.0,High,263.5,22.01,0
B01,Academic Block,Classroom,45000,4,2025-07-19 13:00:00,13,5,7,1,31.7,64.3,17.6,Low,52.8,26.4,Hot,33.35,High,283.48,23.68,0
B01,Academic Block,Classroom,45000,4,2025-07-19 13:00:00,13,5,7,1,30.7,53.7,14.5,Low,32.4,19.4,Hot,27.79,Medium,236.22,19.73,0
B05,Administration,Office,18000,3,2025-07-19 14:00:00,14,5,7,1,31.8,56.8,0.6,Low,36.8,5.8,Hot,21.09,Low,179.26,14.97,0
B03,Library,Library,22000,3,2025-07-19 15:00:00,15,5,7,1,33.0,62.8,0.8,Low,44.7,22.0,Hot,26.49,Medium,225.16,18.81,0
B02,Computer Lab,Laboratory,28000,3,2025-07-19 15:00:00,15,5,7,1,31.0,55.6,12.4,Low,38.1,21.0,Hot,20.26,Low,172.21,14.38,0
B03,Library,Library,22000,3,2025-07-19 19:00:00,19,5,7,1,33.0,56.1,10.3,Low,49.9,41.6,Hot,30.78,Medium,261.63,21.85,0
B04,Hostel,Dormitory,60000,6,2025-07-19 20:00:00,20,5,7,1,32.9,47.1,29.8,Low,37.8,58.4,Hot,43.38,High,368.73,30.8,0
B02,Computer Lab,Laboratory,28000,3,2025-07-19 21:00:00,21,5,7,1,35.3,59.9,10.1,Low,48.4,41.1,Hot,32.2,High,273.7,22.86,0
B02,Computer Lab,Laboratory,28000,3,2025-07-19 21:00:00,21,5,7,1,33.4,52.1,8.5,Low,46.2,35.4,Hot,20.04,Low,170.34,14.23,0
B04,Hostel,Dormitory,60000,6,2025-07-19 22:00:00,22,5,7,1,33.4,52.5,33.0,Low,45.2,64.6,Hot,45.76,High,388.96,32.49,0
B01,Academic Block,Classroom,45000,4,2025-07-19 22:00:00,22,5,7,1,31.4,69.4,19.7,Low,48.6,47.0,Hot,20.97,Low,178.24,14.89,0
B01,Academic Block,Classroom,45000,4,2025-07-19 23:00:00,23,5,7,1,33.9,53.1,5.5,Low,37.2,42.0,Hot,32.69,High,277.86,23.21,0
B01,Academic Block,Classroom,45000,4,2025-07-19 23:00:00,23,5,7,1,33.5,63.5,15.2,Low,55.8,53.4,Hot,32.53,High,276.5,23.1,0
B06,Research Lab,Laboratory,35000,4,2025-07-19 23:00:00,23,5,7,1,31.6,67.4,12.6,Low,39.8,37.9,Hot,27.86,Medium,236.81,19.78,0
B04,Hostel,Dormitory,60000,6,2025-07-20 00:00:00,0,6,7,1,35.2,63.3,0.0,Low,42.8,39.0,Hot,37.95,High,322.58,26.94,0
B01,Academic Block,Classroom,45000,4,2025-07-20 00:00:00,0,6,7,1,32.9,56.9,7.4,Low,36.0,41.0,Hot,55.13,High,468.6,39.14,1
B01,Academic Block,Classroom,45000,4,2025-07-20 01:00:00,1,6,7,1,30.9,57.3,12.1,Low,38.2,39.5,Hot,20.39,Low,173.32,14.48,0
B01,Academic Block,Classroom,45000,4,2025-07-20 02:00:00,2,6,7,1,31.4,53.5,27.2,Low,42.2,57.5,Hot,30.54,Medium,259.59,21.68,0
B06,Research Lab,Laboratory,35000,4,2025-07-20 03:00:00,3,6,7,1,30.3,48.4,6.9,Low,39.2,40.7,Hot,23.11,Low,196.44,16.41,0
B01,Academic Block,Classroom,45000,4,2025-07-20 04:00:00,4,6,7,1,32.7,64.2,7.7,Low,43.5,37.7,Hot,28.41,Medium,241.48,20.17,0
B04,Hostel,Dormitory,60000,6,2025-07-20 06:00:00,6,6,7,1,31.0,64.9,14.9,Low,40.9,55.7,Hot,35.98,High,305.83,25.55,0
B02,Computer Lab,Laboratory,28000,3,2025-07-20 07:00:00,7,6,7,1,30.1,64.3,11.2,Low,39.5,25.3,Hot,28.51,Medium,242.34,20.24,0
B01,Academic Block,Classroom,45000,4,2025-07-20 08:00:00,8,6,7,1,31.9,39.6,3.2,Low,32.4,11.9,Hot,23.6,Low,200.6,16.76,0
B04,Hostel,Dormitory,60000,6,2025-07-20 12:00:00,12,6,7,1,28.8,60.7,0.0,Low,26.0,16.6,Moderate,34.62,High,294.27,24.58,0
B06,Research Lab,Laboratory,35000,4,2025-07-20 12:00:00,12,6,7,1,31.5,64.2,0.0,Low,44.3,14.1,Hot,24.73,Medium,210.2,17.56,0
B05,Administration,Office,18000,3,2025-07-20 15:00:00,15,6,7,1,32.7,67.8,18.0,Low,41.1,22.8,Hot,20.7,Low,175.95,14.7,0
B05,Administration,Office,18000,3,2025-07-20 16:00:00,16,6,7,1,32.0,61.5,4.8,Low,41.5,17.4,Hot,24.96,Medium,212.16,17.72,0
B01,Academic Block,Classroom,45000,4,2025-07-20 16:00:00,16,6,7,1,32.0,60.8,28.6,Low,34.2,38.4,Hot,29.36,Medium,249.56,20.85,0
B01,Academic Block,Classroom,45000,4,2025-07-20 16:00:00,16,6,7,1,33.7,53.3,8.3,Low,46.5,16.6,Hot,31.47,High,267.5,22.34,0
B04,Hostel,Dormitory,60000,6,2025-07-20 18:00:00,18,6,7,1,34.4,60.1,17.4,Low,55.4,21.1,Hot,38.21,High,324.79,27.13,0
B06,Research Lab,Laboratory,35000,4,2025-07-20 20:00:00,20,6,7,1,31.2,58.4,3.9,Low,38.7,31.0,Hot,26.91,Medium,228.74,19.11,0
B04,Hostel,Dormitory,60000,6,2025-07-20 22:00:00,22,6,7,1,35.8,51.3,33.3,Low,57.5,53.4,Hot,47.05,High,399.92,33.41,0
B06,Research Lab,Laboratory,35000,4,2025-07-20 23:00:00,23,6,7,1,34.5,49.3,21.9,Low,59.6,54.1,Hot,42.33,High,359.8,30.05,0
B06,Research Lab,Laboratory,35000,4,2025-07-21 01:00:00,1,0,7,0,31.4,53.3,9.6,Low,42.0,44.2,Hot,30.52,Medium,259.42,21.67,0
B04,Hostel,Dormitory,60000,6,2025-07-21 02:00:00,2,0,7,0,30.1,63.2,4.4,Low,32.0,33.7,Hot,32.93,High,279.9,23.38,0
B02,Computer Lab,Laboratory,28000,3,2025-07-21 04:00:00,4,0,7,0,32.0,49.7,9.4,Low,38.7,41.0,Hot,31.65,High,269.02,22.47,0
B04,Hostel,Dormitory,60000,6,2025-07-21 05:00:00,5,0,7,0,30.6,58.5,10.5,Low,35.5,36.3,Hot,31.35,High,266.48,22.26,0
B05,Administration,Office,18000,3,2025-07-21 05:00:00,5,0,7,0,31.0,69.4,5.1,Low,43.8,35.6,Hot,17.99,Low,152.92,12.77,0
B01,Academic Block,Classroom,45000,4,2025-07-21 05:00:00,5,0,7,0,30.8,50.3,23.6,Low,51.8,49.4,Hot,27.14,Medium,230.69,19.27,0
B01,Academic Block,Classroom,45000,4,2025-07-21 06:00:00,6,0,7,0,31.4,63.0,12.1,Low,47.6,45.6,Hot,26.64,Medium,226.44,18.91,0
B06,Research Lab,Laboratory,35000,4,2025-07-21 06:00:00,6,0,7,0,30.9,64.1,21.0,Low,39.0,56.6,Hot,27.21,Medium,231.28,19.32,0
B02,Computer Lab,Laboratory,28000,3,2025-07-21 09:00:00,9,0,7,0,28.6,60.1,66.3,Medium,55.5,59.3,Moderate,36.44,High,309.74,25.87,0
B02,Computer Lab,Laboratory,28000,3,2025-07-21 10:00:00,10,0,7,0,28.7,66.4,70.7,High,61.0,63.9,Moderate,27.27,Medium,231.8,19.36,0
B04,Hostel,Dormitory,60000,6,2025-07-21 11:00:00,11,0,7,0,30.4,59.4,42.2,Medium,42.9,48.0,Hot,39.07,High,332.1,27.74,0
B04,Hostel,Dormitory,60000,6,2025-07-21 11:00:00,11,0,7,0,33.3,63.9,55.5,Medium,65.2,49.4,Hot,60.88,High,517.48,43.22,1
B06,Research Lab,Laboratory,35000,4,2025-07-21 11:00:00,11,0,7,0,29.7,53.8,55.3,Medium,58.3,51.9,Hot,40.68,High,345.78,28.88,0
B04,Hostel,Dormitory,60000,6,2025-07-21 14:00:00,14,0,7,0,31.9,72.7,50.0,Medium,58.9,56.8,Hot,42.92,High,364.82,30.47,0
B03,Library,Library,22000,3,2025-07-21 15:00:00,15,0,7,0,33.2,68.5,47.3,Medium,61.6,56.6,Hot,28.97,Medium,246.24,20.57,0
B01,Academic Block,Classroom,45000,4,2025-07-21 16:00:00,16,0,7,0,31.7,44.0,82.9,High,66.0,72.5,Hot,37.9,High,322.15,26.91,0
B01,Academic Block,Classroom,45000,4,2025-07-21 16:00:00,16,0,7,0,33.5,66.4,61.5,Medium,57.2,57.0,Hot,38.32,High,325.72,27.21,0
B04,Hostel,Dormitory,60000,6,2025-07-21 17:00:00,17,0,7,0,32.8,54.7,55.6,Medium,65.9,60.0,Hot,46.31,High,393.64,32.88,0
B02,Computer Lab,Laboratory,28000,3,2025-07-21 17:00:00,17,0,7,0,34.6,67.3,49.8,Medium,60.4,57.1,Hot,39.95,High,339.58,28.36,0
B02,Computer Lab,Laboratory,28000,3,2025-07-21 18:00:00,18,0,7,0,31.6,66.8,57.0,Medium,54.1,56.2,Hot,34.32,High,291.72,24.37,0
B06,Research Lab,Laboratory,35000,4,2025-07-21 22:00:00,22,0,7,0,36.5,48.2,19.4,Low,53.7,46.0,Hot,37.82,High,321.47,26.85,0
B02,Computer Lab,Laboratory,28000,3,2025-07-21 22:00:00,22,0,7,0,32.6,62.9,14.4,Low,44.8,48.3,Hot,29.45,Medium,250.32,20.91,0
B04,Hostel,Dormitory,60000,6,2025-07-22 00:00:00,0,1,7,0,33.1,53.6,5.4,Low,39.1,40.6,Hot,40.95,High,348.08,29.07,0
B04,Hostel,Dormitory,60000,6,2025-07-22 01:00:00,1,1,7,0,31.8,63.3,7.0,Low,43.4,39.9,Hot,42.48,High,361.08,30.16,0
B06,Research Lab,Laboratory,35000,4,2025-07-22 01:00:00,1,1,7,0,30.2,61.2,13.1,Low,50.8,53.8,Hot,34.3,High,291.55,24.35,0
B02,Computer Lab,Laboratory,28000,3,2025-07-22 04:00:00,4,1,7,0,31.5,54.7,11.9,Low,33.8,45.0,Hot,24.2,Low,205.7,17.18,0
B01,Academic Block,Classroom,45000,4,2025-07-22 05:00:00,5,1,7,0,29.5,52.0,2.8,Low,27.2,31.2,Hot,29.12,Medium,247.52,20.68,0
B05,Administration,Office,18000,3,2025-07-22 06:00:00,6,1,7,0,30.3,62.4,9.3,Low,45.6,43.9,Hot,20.53,Low,174.5,14.58,0
B05,Administration,Office,18000,3,2025-07-22 08:00:00,8,1,7,0,28.1,65.8,61.7,Medium,57.3,57.7,Moderate,26.51,Medium,225.34,18.82,0
B05,Administration,Office,18000,3,2025-07-22 08:00:00,8,1,7,0,28.9,60.8,66.7,Medium,65.8,64.0,Moderate,24.31,Low,206.64,17.26,0
B04,Hostel,Dormitory,60000,6,2025-07-22 09:00:00,9,1,7,0,28.9,56.5,58.1,Medium,64.1,62.2,Moderate,40.38,High,343.23,28.67,0
B01,Academic Block,Classroom,45000,4,2025-07-22 09:00:00,9,1,7,0,30.2,57.5,71.3,High,64.4,72.6,Hot,34.18,High,290.53,24.27,0
B03,Library,Library,22000,3,2025-07-22 10:00:00,10,1,7,0,30.0,53.3,57.3,Medium,47.6,43.0,Hot,31.72,High,269.62,22.52,0
B02,Computer Lab,Laboratory,28000,3,2025-07-22 10:00:00,10,1,7,0,29.3,66.7,61.3,Medium,56.7,57.9,Hot,41.64,High,353.94,29.56,0
B05,Administration,Office,18000,3,2025-07-22 10:00:00,10,1,7,0,29.0,46.7,66.0,Medium,53.6,61.8,Moderate,27.39,Medium,232.82,19.45,0
B03,Library,Library,22000,3,2025-07-22 12:00:00,12,1,7,0,30.7,67.1,61.6,Medium,60.2,61.0,Hot,31.92,High,271.32,22.66,0
B02,Computer Lab,Laboratory,28000,3,2025-07-22 12:00:00,12,1,7,0,30.6,60.0,70.6,High,55.8,63.4,Hot,33.95,High,288.58,24.1,0
B04,Hostel,Dormitory,60000,6,2025-07-22 13:00:00,13,1,7,0,30.9,63.9,44.2,Medium,54.8,46.5,Hot,39.24,High,333.54,27.86,0
B06,Research Lab,Laboratory,35000,4,2025-07-22 13:00:00,13,1,7,0,33.7,62.4,55.7,Medium,65.0,56.2,Hot,38.21,High,324.79,27.13,0
B06,Research Lab,Laboratory,35000,4,2025-07-22 13:00:00,13,1,7,0,31.6,60.5,65.9,Medium,62.1,55.8,Hot,39.07,High,332.1,27.74,0
B05,Administration,Office,18000,3,2025-07-22 14:00:00,14,1,7,0,34.2,54.9,55.7,Medium,64.1,55.7,Hot,34.92,High,296.82,24.79,0
B06,Research Lab,Laboratory,35000,4,2025-07-22 14:00:00,14,1,7,0,31.2,67.8,49.7,Medium,58.5,57.0,Hot,36.8,High,312.8,26.13,0
B01,Academic Block,Classroom,45000,4,2025-07-22 14:00:00,14,1,7,0,31.2,48.0,62.1,Medium,53.9,55.2,Hot,37.78,High,321.13,26.82,0
B05,Administration,Office,18000,3,2025-07-22 15:00:00,15,1,7,0,31.0,69.3,63.2,Medium,60.3,62.9,Hot,28.52,Medium,242.42,20.25,0
B06,Research Lab,Laboratory,35000,4,2025-07-22 16:00:00,16,1,7,0,32.7,51.0,55.5,Medium,58.3,56.9,Hot,47.57,High,404.34,33.77,0
B01,Academic Block,Classroom,45000,4,2025-07-22 16:00:00,16,1,7,0,31.8,57.3,69.2,Medium,68.7,57.7,Hot,35.85,High,304.73,25.45,0
B02,Computer Lab,Laboratory,28000,3,2025-07-22 16:00:00,16,1,7,0,31.6,69.7,56.8,Medium,62.0,55.7,Hot,32.8,High,278.8,23.29,0
B05,Administration,Office,18000,3,2025-07-22 17:00:00,17,1,7,0,29.8,76.8,60.3,Medium,51.8,59.7,Hot,18.48,Low,157.08,13.12,0
B02,Computer Lab,Laboratory,28000,3,2025-07-22 17:00:00,17,1,7,0,34.9,58.4,47.1,Medium,64.0,56.5,Hot,42.03,High,357.26,29.84,0
B01,Academic Block,Classroom,45000,4,2025-07-22 18:00:00,18,1,7,0,32.4,49.6,70.8,High,71.9,66.2,Hot,44.4,High,377.4,31.52,1
B04,Hostel,Dormitory,60000,6,2025-07-22 18:00:00,18,1,7,0,35.2,62.8,55.3,Medium,65.7,58.3,Hot,46.59,High,396.02,33.08,0
B01,Academic Block,Classroom,45000,4,2025-07-22 19:00:00,19,1,7,0,33.1,58.2,10.7,Low,41.9,39.4,Hot,28.31,Medium,240.64,20.1,0
B03,Library,Library,22000,3,2025-07-22 20:00:00,20,1,7,0,34.2,50.2,13.0,Low,40.1,46.2,Hot,22.75,Low,193.38,16.15,0
B03,Library,Library,22000,3,2025-07-22 21:00:00,21,1,7,0,33.3,59.9,13.0,Low,33.1,49.0,Hot,26.06,Medium,221.51,18.5,0
B06,Research Lab,Laboratory,35000,4,2025-07-22 21:00:00,21,1,7,0,33.8,48.8,19.4,Low,54.7,41.2,Hot,41.5,High,352.75,29.46,0
B01,Academic Block,Classroom,45000,4,2025-07-22 22:00:00,22,1,7,0,31.5,61.2,13.6,Low,33.8,45.8,Hot,31.18,High,265.03,22.14,0
B03,Library,Library,22000,3,2025-07-22 22:00:00,22,1,7,0,34.8,50.7,2.7,Low,37.9,39.6,Hot,24.61,Medium,209.18,17.47,0
B06,Research Lab,Laboratory,35000,4,2025-07-23 00:00:00,0,2,7,0,31.7,45.9,25.4,Low,47.0,53.3,Hot,39.78,High,338.13,28.24,0
B02,Computer Lab,Laboratory,28000,3,2025-07-23 02:00:00,2,2,7,0,32.6,47.3,21.0,Low,48.3,51.9,Hot,29.05,Medium,246.92,20.63,0
B02,Computer Lab,Laboratory,28000,3,2025-07-23 02:00:00,2,2,7,0,29.0,57.5,12.3,Low,45.7,47.9,Moderate,30.26,Medium,257.21,21.48,0
B03,Library,Library,22000,3,2025-07-23 04:00:00,4,2,7,0,29.1,65.2,13.1,Low,39.6,37.9,Hot,14.96,Low,127.16,10.62,0
B03,Library,Library,22000,3,2025-07-23 04:00:00,4,2,7,0,30.8,69.1,14.0,Low,39.1,47.4,Hot,22.4,Low,190.4,15.9,0
B04,Hostel,Dormitory,60000,6,2025-07-23 06:00:00,6,2,7,0,29.2,71.6,6.6,Low,33.7,45.8,Hot,27.49,Medium,233.66,19.52,0
B06,Research Lab,Laboratory,35000,4,2025-07-23 06:00:00,6,2,7,0,30.2,50.3,19.8,Low,32.6,47.7,Hot,36.16,High,307.36,25.67,0
B05,Administration,Office,18000,3,2025-07-23 06:00:00,6,2,7,0,29.8,59.6,19.1,Low,49.4,46.1,Hot,20.16,Low,171.36,14.31,0
B06,Research Lab,Laboratory,35000,4,2025-07-23 08:00:00,8,2,7,0,32.0,55.1,58.2,Medium,63.7,55.4,Hot,34.35,High,291.98,24.39,0
B01,Academic Block,Classroom,45000,4,2025-07-23 09:00:00,9,2,7,0,30.1,60.2,71.3,High,61.2,69.9,Hot,37.99,High,322.92,26.97,0
B05,Administration,Office,18000,3,2025-07-23 09:00:00,9,2,7,0,28.6,72.0,70.0,Medium,65.0,74.6,Moderate,28.42,Medium,241.57,20.18,0
B02,Computer Lab,Laboratory,28000,3,2025-07-23 10:00:00,10,2,7,0,28.9,63.0,60.4,Medium,60.0,70.7,Moderate,40.88,High,347.48,29.02,0
B03,Library,Library,22000,3,2025-07-23 11:00:00,11,2,7,0,31.6,65.8,47.7,Medium,57.2,58.6,Hot,30.68,Medium,260.78,21.78,0
B04,Hostel,Dormitory,60000,6,2025-07-23 13:00:00,13,2,7,0,28.4,77.8,55.8,Medium,50.8,55.1,Moderate,75.12,High,638.52,53.34,1
B02,Computer Lab,Laboratory,28000,3,2025-07-23 13:00:00,13,2,7,0,31.5,48.8,59.2,Medium,58.0,55.1,Hot,37.3,High,317.05,26.48,0
B02,Computer Lab,Laboratory,28000,3,2025-07-23 14:00:00,14,2,7,0,29.6,58.0,51.1,Medium,42.7,45.6,Hot,29.23,Medium,248.46,20.75,0
B06,Research Lab,Laboratory,35000,4,2025-07-23 15:00:00,15,2,7,0,33.4,62.3,66.0,Medium,70.1,66.7,Hot,42.67,High,362.7,30.3,0
B05,Administration,Office,18000,3,2025-07-23 15:00:00,15,2,7,0,31.1,62.0,64.4,Medium,57.7,78.0,Hot,27.66,Medium,235.11,19.64,0
B04,Hostel,Dormitory,60000,6,2025-07-23 17:00:00,17,2,7,0,33.4,65.6,49.4,Medium,64.2,53.1,Hot,41.68,High,354.28,29.59,0
B04,Hostel,Dormitory,60000,6,2025-07-23 17:00:00,17,2,7,0,32.7,56.2,65.5,Medium,66.6,65.8,Hot,42.03,High,357.26,29.84,0
B01,Academic Block,Classroom,45000,4,2025-07-23 21:00:00,21,2,7,0,31.1,61.6,8.2,Low,39.9,40.9,Hot,29.38,Medium,249.73,20.86,0
B04,Hostel,Dormitory,60000,6,2025-07-24 00:00:00,0,3,7,0,33.1,53.2,5.4,Low,46.9,41.8,Hot,34.77,High,295.54,24.69,0
B02,Computer Lab,Laboratory,28000,3,2025-07-24 00:00:00,0,3,7,0,31.1,67.6,13.1,Low,36.3,41.7,Hot,29.98,Medium,254.83,21.29,0
B01,Academic Block,Classroom,45000,4,2025-07-24 01:00:00,1,3,7,0,32.9,59.0,10.9,Low,34.6,44.8,Hot,27.21,Medium,231.28,19.32,0
B04,Hostel,Dormitory,60000,6,2025-07-24 02:00:00,2,3,7,0,29.7,71.1,8.1,Low,35.8,39.6,Hot,28.7,Medium,243.95,20.38,0
B06,Research Lab,Laboratory,35000,4,2025-07-24 02:00:00,2,3,7,0,31.5,69.7,21.9,Low,47.4,53.8,Hot,33.15,High,281.77,23.54,0
B01,Academic Block,Classroom,45000,4,2025-07-24 03:00:00,3,3,7,0,30.7,51.5,4.1,Low,42.3,38.0,Hot,27.77,Medium,236.04,19.72,0
B06,Research Lab,Laboratory,35000,4,2025-07-24 03:00:00,3,3,7,0,29.8,72.1,14.2,Low,39.6,48.2,Hot,55.4,High,470.9,39.33,1
B01,Academic Block,Classroom,45000,4,2025-07-24 05:00:00,5,3,7,0,31.8,66.1,12.6,Low,36.6,39.9,Hot,24.72,Medium,210.12,17.55,0
B01,Academic Block,Classroom,45000,4,2025-07-24 05:00:00,5,3,7,0,29.8,60.1,11.9,Low,46.0,49.4,Hot,22.69,Low,192.86,16.11,0
B06,Research Lab,Laboratory,35000,4,2025-07-24 08:00:00,8,3,7,0,28.5,68.1,66.9,Medium,53.0,70.0,Moderate,39.2,High,333.2,27.83,0
B01,Academic Block,Classroom,45000,4,2025-07-24 08:00:00,8,3,7,0,29.6,57.8,81.0,High,64.4,74.3,Hot,32.59,High,277.02,23.14,0
B02,Computer Lab,Laboratory,28000,3,2025-07-24 09:00:00,9,3,7,0,27.1,72.8,58.8,Medium,52.8,56.3,Moderate,33.46,High,284.41,23.76,0
B04,Hostel,Dormitory,60000,6,2025-07-24 09:00:00,9,3,7,0,32.9,59.4,57.2,Medium,60.1,51.6,Hot,35.1,High,298.35,24.92,0
B02,Computer Lab,Laboratory,28000,3,2025-07-24 10:00:00,10,3,7,0,27.8,69.0,59.1,Medium,39.5,53.5,Moderate,31.47,High,267.5,22.34,0
B01,Academic Block,Classroom,45000,4,2025-07-24 11:00:00,11,3,7,0,30.6,56.1,67.2,Medium,55.0,63.4,Hot,35.48,High,301.58,25.19,0
B06,Research Lab,Laboratory,35000,4,2025-07-24 12:00:00,12,3,7,0,30.3,62.7,62.0,Medium,59.4,62.3,Hot,37.69,High,320.36,26.76,0
B04,Hostel,Dormitory,60000,6,2025-07-24 12:00:00,12,3,7,0,32.0,65.6,52.2,Medium,65.7,55.2,Hot,45.11,High,383.44,32.03,0
B02,Computer Lab,Laboratory,28000,3,2025-07-24 13:00:00,13,3,7,0,30.9,62.4,52.4,Medium,58.4,63.0,Hot,37.27,High,316.8,26.46,0
B04,Hostel,Dormitory,60000,6,2025-07-24 14:00:00,14,3,7,0,30.2,64.8,60.3,Medium,58.8,57.7,Hot,42.18,High,358.53,29.95,0
B02,Computer Lab,Laboratory,28000,3,2025-07-24 15:00:00,15,3,7,0,28.9,56.6,61.9,Medium,42.2,58.4,Moderate,33.97,High,288.74,24.12,0
B05,Administration,Office,18000,3,2025-07-24 18:00:00,18,3,7,0,30.2,63.0,62.4,Medium,62.9,61.3,Hot,32.98,High,280.33,23.42,0
B01,Academic Block,Classroom,45000,4,2025-07-24 20:00:00,20,3,7,0,32.8,53.5,7.6,Low,47.6,36.1,Hot,35.08,High,298.18,24.91,0
B04,Hostel,Dormitory,60000,6,2025-07-24 20:00:00,20,3,7,0,35.2,56.7,34.0,Low,59.1,68.1,Hot,47.57,High,404.34,33.77,0
B02,Computer Lab,Laboratory,28000,3,2025-07-24 21:00:00,21,3,7,0,30.6,57.1,10.3,Low,40.7,51.7,Hot,24.13,Low,205.1,17.13,0
B01,Academic Block,Classroom,45000,4,2025-07-24 22:00:00,22,3,7,0,35.7,55.0,13.3,Low,52.3,48.9,Hot,36.19,High,307.62,25.69,0
B04,Hostel,Dormitory,60000,6,2025-07-24 23:00:00,23,3,7,0,34.2,45.4,30.7,Low,60.1,62.7,Hot,43.2,High,367.2,30.67,0
B01,Academic Block,Classroom,45000,4,2025-07-24 23:00:00,23,3,7,0,30.6,60.7,6.2,Low,37.3,38.8,Hot,24.53,Medium,208.5,17.42,0
B01,Academic Block,Classroom,45000,4,2025-07-25 00:00:00,0,4,7,0,30.5,59.8,23.3,Low,45.7,55.8,Hot,26.1,Medium,221.85,18.53,0
B01,Academic Block,Classroom,45000,4,2025-07-25 01:00:00,1,4,7,0,30.2,50.2,5.4,Low,34.8,45.3,Hot,29.77,Medium,253.04,21.14,0
B06,Research Lab,Laboratory,35000,4,2025-07-25 02:00:00,2,4,7,0,31.6,62.1,6.5,Low,39.6,38.3,Hot,30.47,Medium,259.0,21.63,0
B05,Administration,Office,18000,3,2025-07-25 03:00:00,3,4,7,0,30.5,66.4,16.7,Low,41.8,54.7,Hot,20.43,Low,173.66,14.51,0
B05,Administration,Office,18000,3,2025-07-25 03:00:00,3,4,7,0,30.5,62.8,14.2,Low,43.9,45.5,Hot,22.38,Low,190.23,15.89,0
B01,Academic Block,Classroom,45000,4,2025-07-25 03:00:00,3,4,7,0,29.9,66.6,16.6,Low,37.0,47.0,Hot,28.62,Medium,243.27,20.32,0
B05,Administration,Office,18000,3,2025-07-25 05:00:00,5,4,7,0,30.0,57.3,15.5,Low,39.1,42.2,Hot,17.17,Low,145.95,12.19,0
B05,Administration,Office,18000,3,2025-07-25 05:00:00,5,4,7,0,31.0,58.7,6.7,Low,40.5,41.1,Hot,18.74,Low,159.29,13.31,0
B03,Library,Library,22000,3,2025-07-25 05:00:00,5,4,7,0,29.5,61.9,16.7,Low,38.6,53.1,Hot,21.34,Low,181.39,15.15,0
B01,Academic Block,Classroom,45000,4,2025-07-25 05:00:00,5,4,7,0,28.7,63.1,7.5,Low,35.6,29.3,Moderate,24.07,Low,204.6,17.09,0
B01,Academic Block,Classroom,45000,4,2025-07-25 06:00:00,6,4,7,0,30.9,43.8,19.4,Low,35.7,51.3,Hot,23.36,Low,198.56,16.59,0
B03,Library,Library,22000,3,2025-07-25 07:00:00,7,4,7,0,28.9,55.4,5.0,Low,37.5,22.4,Moderate,21.7,Low,184.45,15.41,0
B04,Hostel,Dormitory,60000,6,2025-07-25 07:00:00,7,4,7,0,30.0,68.0,6.4,Low,33.0,20.4,Hot,30.99,High,263.41,22.0,0
B02,Computer Lab,Laboratory,28000,3,2025-07-25 08:00:00,8,4,7,0,29.0,56.3,53.4,Medium,43.0,45.2,Moderate,28.84,Medium,245.14,20.48,0
B04,Hostel,Dormitory,60000,6,2025-07-25 09:00:00,9,4,7,0,30.8,58.6,53.2,Medium,56.2,48.1,Hot,37.25,High,316.62,26.45,0
B01,Academic Block,Classroom,45000,4,2025-07-25 09:00:00,9,4,7,0,31.0,59.8,66.2,Medium,61.4,64.3,Hot,33.01,High,280.58,23.44,0
B06,Research Lab,Laboratory,35000,4,2025-07-25 10:00:00,10,4,7,0,31.2,50.7,59.6,Medium,60.0,51.3,Hot,36.54,High,310.59,25.94,0
B01,Academic Block,Classroom,45000,4,2025-07-25 10:00:00,10,4,7,0,28.6,73.2,65.8,Medium,57.6,77.8,Moderate,35.21,High,299.29,25.0,0
B01,Academic Block,Classroom,45000,4,2025-07-25 10:00:00,10,4,7,0,28.6,61.9,66.2,Medium,57.6,71.1,Moderate,41.21,High,350.28,29.26,0
B06,Research Lab,Laboratory,35000,4,2025-07-25 11:00:00,11,4,7,0,31.0,54.2,55.4,Medium,64.4,51.4,Hot,43.53,High,370.0,30.91,0
B02,Computer Lab,Laboratory,28000,3,2025-07-25 14:00:00,14,4,7,0,31.0,64.7,48.2,Medium,58.1,55.5,Hot,31.37,High,266.64,22.27,0
B04,Hostel,Dormitory,60000,6,2025-07-25 15:00:00,15,4,7,0,31.6,57.6,41.2,Medium,57.3,49.3,Hot,36.41,High,309.48,25.85,0
B04,Hostel,Dormitory,60000,6,2025-07-25 16:00:00,16,4,7,0,31.1,60.5,45.4,Medium,55.7,47.2,Hot,34.85,High,296.23,24.74,0
B04,Hostel,Dormitory,60000,6,2025-07-25 18:00:00,18,4,7,0,35.0,66.9,48.7,Medium,65.6,56.4,Hot,47.03,High,399.76,33.39,0
B03,Library,Library,22000,3,2025-07-25 19:00:00,19,4,7,0,34.6,53.5,22.3,Low,47.9,41.3,Hot,25.43,Medium,216.16,18.06,0
B06,Research Lab,Laboratory,35000,4,2025-07-25 19:00:00,19,4,7,0,32.9,66.7,4.9,Low,45.2,37.0,Hot,26.65,Medium,226.52,18.92,0
B04,Hostel,Dormitory,60000,6,2025-07-25 19:00:00,19,4,7,0,32.1,56.9,24.4,Low,53.7,50.7,Hot,36.03,High,306.26,25.58,0
B01,Academic Block,Classroom,45000,4,2025-07-25 21:00:00,21,4,7,0,32.0,59.9,0.0,Low,36.7,44.0,Hot,26.08,Medium,221.68,18.52,0
B05,Administration,Office,18000,3,2025-07-25 22:00:00,22,4,7,0,33.1,60.6,15.5,Low,53.7,41.8,Hot,23.8,Low,202.3,16.9,0
B03,Library,Library,22000,3,2025-07-25 22:00:00,22,4,7,0,33.4,55.9,10.5,Low,42.2,46.3,Hot,20.86,Low,177.31,14.81,0
B03,Library,Library,22000,3,2025-07-25 22:00:00,22,4,7,0,31.6,52.6,2.9,Low,41.1,33.7,Hot,22.27,Low,189.3,15.81,0
B04,Hostel,Dormitory,60000,6,2025-07-25 22:00:00,22,4,7,0,31.0,63.4,31.8,Low,41.3,64.2,Hot,37.06,High,315.01,26.31,0
B06,Research Lab,Laboratory,35000,4,2025-07-25 22:00:00,22,4,7,0,33.0,66.5,7.9,Low,47.4,38.8,Hot,36.9,High,313.65,26.2,0
B04,Hostel,Dormitory,60000,6,2025-07-26 00:00:00,0,5,7,1,33.4,62.7,21.1,Low,55.3,44.8,Hot,35.61,High,302.68,25.28,0
B02,Computer Lab,Laboratory,28000,3,2025-07-26 01:00:00,1,5,7,1,31.7,63.8,7.3,Low,39.9,40.3,Hot,29.57,Medium,251.34,20.99,0
B02,Computer Lab,Laboratory,28000,3,2025-07-26 02:00:00,2,5,7,1,30.7,57.2,23.9,Low,36.0,57.1,Hot,34.85,High,296.23,24.74,0
B01,Academic Block,Classroom,45000,4,2025-07-26 03:00:00,3,5,7,1,28.9,66.7,13.2,Low,37.3,47.5,Moderate,21.35,Low,181.48,15.16,0
B02,Computer Lab,Laboratory,28000,3,2025-07-26 04:00:00,4,5,7,1,29.1,64.2,9.2,Low,30.7,34.4,Hot,20.17,Low,171.45,14.32,0
B01,Academic Block,Classroom,45000,4,2025-07-26 04:00:00,4,5,7,1,31.4,65.9,10.2,Low,41.0,34.7,Hot,23.9,Low,203.15,16.97,0
B04,Hostel,Dormitory,60000,6,2025-07-26 08:00:00,8,5,7,1,27.2,63.9,14.1,Low,39.3,22.4,Moderate,31.81,High,270.38,22.59,0
B03,Library,Library,22000,3,2025-07-26 09:00:00,9,5,7,1,31.8,63.7,10.1,Low,44.0,17.7,Hot,24.32,Low,206.72,17.27,0
B04,Hostel,Dormitory,60000,6,2025-07-26 15:00:00,15,5,7,1,31.7,56.3,5.5,Low,30.1,14.6,Hot,35.39,High,300.82,25.13,0
B01,Academic Block,Classroom,45000,4,2025-07-26 15:00:00,15,5,7,1,29.2,66.5,16.4,Low,36.7,25.0,Hot,25.96,Medium,220.66,18.43,0
B03,Library,Library,22000,3,2025-07-26 15:00:00,15,5,7,1,32.4,50.3,18.9,Low,46.6,32.1,Hot,31.81,High,270.38,22.59,0
B04,Hostel,Dormitory,60000,6,2025-07-26 16:00:00,16,5,7,1,32.8,56.4,19.2,Low,54.5,28.0,Hot,39.81,High,338.38,28.27,0
B01,Academic Block,Classroom,45000,4,2025-07-26 16:00:00,16,5,7,1,31.4,55.0,10.9,Low,39.8,17.3,Hot,31.7,High,269.45,22.51,0
B02,Computer Lab,Laboratory,28000,3,2025-07-26 16:00:00,16,5,7,1,33.5,82.7,19.6,Low,50.5,25.1,Hot,32.08,High,272.68,22.78,0
B05,Administration,Office,18000,3,2025-07-26 18:00:00,18,5,7,1,31.9,64.0,14.2,Low,43.8,27.9,Hot,21.54,Low,183.09,15.29,0
B02,Computer Lab,Laboratory,28000,3,2025-07-26 19:00:00,19,5,7,1,34.0,50.2,10.0,Low,41.6,41.9,Hot,30.87,Medium,262.4,21.92,0
B05,Administration,Office,18000,3,2025-07-26 20:00:00,20,5,7,1,33.0,49.0,8.1,Low,39.9,37.5,Hot,28.76,Medium,244.46,20.42,0
B01,Academic Block,Classroom,45000,4,2025-07-26 21:00:00,21,5,7,1,32.6,46.7,18.4,Low,44.4,52.0,Hot,34.65,High,294.52,24.6,0
B01,Academic Block,Classroom,45000,4,2025-07-26 23:00:00,23,5,7,1,34.5,49.4,0.2,Low,50.2,39.2,Hot,35.58,High,302.43,25.26,0
B03,Library,Library,22000,3,2025-07-27 00:00:00,0,6,7,1,33.5,52.3,21.7,Low,43.6,55.1,Hot,31.78,High,270.13,22.56,0
B05,Administration,Office,18000,3,2025-07-27 01:00:00,1,6,7,1,29.9,54.3,12.9,Low,37.7,44.2,Hot,37.86,High,321.81,26.88,1
B04,Hostel,Dormitory,60000,6,2025-07-27 02:00:00,2,6,7,1,31.6,56.5,7.8,Low,36.4,36.4,Hot,43.82,High,372.47,31.11,0
B05,Administration,Office,18000,3,2025-07-27 03:00:00,3,6,7,1,33.4,64.1,7.0,Low,50.8,39.1,Hot,24.84,Medium,211.14,17.64,0
B04,Hostel,Dormitory,60000,6,2025-07-27 03:00:00,3,6,7,1,32.6,57.5,8.9,Low,44.5,38.1,Hot,36.64,High,311.44,26.01,0
B03,Library,Library,22000,3,2025-07-27 03:00:00,3,6,7,1,29.2,66.6,16.9,Low,47.1,34.5,Hot,20.46,Low,173.91,14.53,0
B01,Academic Block,Classroom,45000,4,2025-07-27 07:00:00,7,6,7,1,31.5,52.3,14.2,Low,26.1,24.5,Hot,28.48,Medium,242.08,20.22,0
B01,Academic Block,Classroom,45000,4,2025-07-27 11:00:00,11,6,7,1,31.0,57.5,8.8,Low,44.8,10.9,Hot,20.64,Low,175.44,14.65,0
B03,Library,Library,22000,3,2025-07-27 12:00:00,12,6,7,1,28.5,55.6,8.2,Low,29.2,17.5,Moderate,7.62,Low,64.77,5.41,0
B02,Computer Lab,Laboratory,28000,3,2025-07-27 12:00:00,12,6,7,1,30.3,63.9,14.2,Low,36.4,22.7,Hot,23.2,Low,197.2,16.47,0
B02,Computer Lab,Laboratory,28000,3,2025-07-27 12:00:00,12,6,7,1,30.7,59.2,31.2,Low,45.4,46.1,Hot,31.64,High,268.94,22.46,0
B01,Academic Block,Classroom,45000,4,2025-07-27 15:00:00,15,6,7,1,29.9,73.5,31.1,Low,45.0,32.4,Hot,32.46,High,275.91,23.05,0
B01,Academic Block,Classroom,45000,4,2025-07-27 20:00:00,20,6,7,1,34.1,53.0,19.4,Low,48.5,50.7,Hot,30.13,Medium,256.1,21.39,0
B02,Computer Lab,Laboratory,28000,3,2025-07-28 00:00:00,0,0,7,0,35.6,49.2,6.6,Low,42.5,38.4,Hot,28.01,Medium,238.08,19.89,0
B06,Research Lab,Laboratory,35000,4,2025-07-28 00:00:00,0,0,7,0,34.0,59.9,17.3,Low,47.0,50.3,Hot,32.64,High,277.44,23.17,0
B05,Administration,Office,18000,3,2025-07-28 01:00:00,1,0,7,0,31.7,58.4,6.8,Low,39.3,36.8,Hot,19.42,Low,165.07,13.79,0
B02,Computer Lab,Laboratory,28000,3,2025-07-28 02:00:00,2,0,7,0,30.6,64.0,10.4,Low,29.2,34.9,Hot,26.14,Medium,222.19,18.56,0
B06,Research Lab,Laboratory,35000,4,2025-07-28 04:00:00,4,0,7,0,30.5,60.2,21.6,Low,44.9,51.7,Hot,31.25,High,265.62,22.19,0
B02,Computer Lab,Laboratory,28000,3,2025-07-28 04:00:00,4,0,7,0,28.5,61.2,10.3,Low,35.4,42.8,Moderate,29.7,Medium,252.45,21.09,0
B02,Computer Lab,Laboratory,28000,3,2025-07-28 05:00:00,5,0,7,0,28.9,57.2,10.0,Low,37.1,43.4,Moderate,23.59,Low,200.52,16.75,0
B03,Library,Library,22000,3,2025-07-28 07:00:00,7,0,7,0,26.1,62.2,8.5,Low,27.4,19.9,Moderate,12.04,Low,102.34,8.55,0
B05,Administration,Office,18000,3,2025-07-28 07:00:00,7,0,7,0,29.7,50.5,6.3,Low,36.2,17.9,Hot,19.54,Low,166.09,13.87,0
B04,Hostel,Dormitory,60000,6,2025-07-28 08:00:00,8,0,7,0,28.5,70.6,49.2,Medium,35.9,55.9,Moderate,32.33,High,274.8,22.95,0
B06,Research Lab,Laboratory,35000,4,2025-07-28 10:00:00,10,0,7,0,30.2,69.7,64.0,Medium,53.9,66.6,Hot,32.71,High,278.04,23.22,0
B03,Library,Library,22000,3,2025-07-28 11:00:00,11,0,7,0,29.7,67.8,59.6,Medium,52.0,55.7,Hot,33.91,High,288.23,24.08,0
B02,Computer Lab,Laboratory,28000,3,2025-07-28 12:00:00,12,0,7,0,28.5,59.0,60.9,Medium,52.7,59.9,Moderate,35.04,High,297.84,24.88,0
B04,Hostel,Dormitory,60000,6,2025-07-28 12:00:00,12,0,7,0,30.3,56.4,59.2,Medium,55.5,53.4,Hot,38.5,High,327.25,27.33,0
B03,Library,Library,22000,3,2025-07-28 15:00:00,15,0,7,0,30.4,64.2,42.8,Medium,55.8,49.9,Hot,33.57,High,285.35,23.83,0
B03,Library,Library,22000,3,2025-07-28 16:00:00,16,0,7,0,34.5,50.7,55.3,Medium,55.2,58.8,Hot,37.2,High,316.2,26.41,0
B06,Research Lab,Laboratory,35000,4,2025-07-28 16:00:00,16,0,7,0,30.7,68.4,53.8,Medium,58.8,62.4,Hot,37.25,High,316.62,26.45,0
B02,Computer Lab,Laboratory,28000,3,2025-07-28 17:00:00,17,0,7,0,31.7,43.0,72.7,High,74.9,73.2,Hot,36.55,High,310.67,25.95,0
B01,Academic Block,Classroom,45000,4,2025-07-28 19:00:00,19,0,7,0,31.4,56.7,10.2,Low,37.6,43.5,Hot,21.25,Low,180.62,15.09,0
B01,Academic Block,Classroom,45000,4,2025-07-28 19:00:00,19,0,7,0,31.3,52.5,17.2,Low,47.2,60.8,Hot,27.88,Medium,236.98,19.79,0
B03,Library,Library,22000,3,2025-07-28 20:00:00,20,0,7,0,33.0,67.3,19.0,Low,55.0,51.0,Hot,26.52,Medium,225.42,18.83,0
B01,Academic Block,Classroom,45000,4,2025-07-28 20:00:00,20,0,7,0,31.1,67.6,9.4,Low,48.1,44.8,Hot,24.96,Medium,212.16,17.72,0
B05,Administration,Office,18000,3,2025-07-28 23:00:00,23,0,7,0,32.1,63.3,18.5,Low,42.9,39.8,Hot,24.53,Medium,208.5,17.42,0
B01,Academic Block,Classroom,45000,4,2025-07-29 00:00:00,0,1,7,0,32.6,72.3,19.3,Low,52.3,53.5,Hot,25.69,Medium,218.36,18.24,0
B01,Academic Block,Classroom,45000,4,2025-07-29 04:00:00,4,1,7,0,29.3,61.6,17.5,Low,44.4,60.2,Hot,33.23,High,282.46,23.59,0
B02,Computer Lab,Laboratory,28000,3,2025-07-29 04:00:00,4,1,7,0,26.6,68.1,8.3,Low,38.4,42.7,Moderate,22.0,Low,187.0,15.62,0
B04,Hostel,Dormitory,60000,6,2025-07-29 06:00:00,6,1,7,0,31.2,48.9,2.0,Low,41.4,40.4,Hot,36.28,High,308.38,25.76,0
B05,Administration,Office,18000,3,2025-07-29 07:00:00,7,1,7,0,29.4,59.2,27.0,Low,49.8,40.8,Hot,25.23,Medium,214.46,17.91,0
B05,Administration,Office,18000,3,2025-07-29 08:00:00,8,1,7,0,29.3,62.3,60.7,Medium,53.0,69.5,Hot,23.21,Low,197.28,16.48,0
B05,Administration,Office,18000,3,2025-07-29 08:00:00,8,1,7,0,28.6,55.7,69.7,Medium,53.5,70.3,Moderate,21.79,Low,185.22,15.47,0
B01,Academic Block,Classroom,45000,4,2025-07-29 08:00:00,8,1,7,0,30.1,62.7,63.3,Medium,43.7,54.6,Hot,30.81,Medium,261.88,21.88,0
B06,Research Lab,Laboratory,35000,4,2025-07-29 08:00:00,8,1,7,0,30.3,47.0,73.5,High,58.1,71.3,Hot,38.99,High,331.42,27.68,0
B02,Computer Lab,Laboratory,28000,3,2025-07-29 09:00:00,9,1,7,0,30.6,64.0,55.3,Medium,53.0,60.4,Hot,33.68,High,286.28,23.91,0
B02,Computer Lab,Laboratory,28000,3,2025-07-29 11:00:00,11,1,7,0,29.9,58.0,59.5,Medium,44.2,63.1,Hot,36.23,High,307.96,25.72,0
B03,Library,Library,22000,3,2025-07-29 12:00:00,12,1,7,0,27.9,57.2,71.2,High,55.8,67.6,Moderate,30.04,Medium,255.34,21.33,0
B01,Academic Block,Classroom,45000,4,2025-07-29 13:00:00,13,1,7,0,31.0,65.4,55.4,Medium,62.0,54.7,Hot,36.74,High,312.29,26.09,0
B05,Administration,Office,18000,3,2025-07-29 14:00:00,14,1,7,0,31.3,70.2,71.1,High,56.1,66.5,Hot,27.8,Medium,236.3,19.74,0
B01,Academic Block,Classroom,45000,4,2025-07-29 14:00:00,14,1,7,0,30.1,67.2,66.4,Medium,69.1,64.1,Hot,35.5,High,301.75,25.2,0
B01,Academic Block,Classroom,45000,4,2025-07-29 15:00:00,15,1,7,0,30.2,55.2,71.6,High,62.0,69.4,Hot,35.74,High,303.79,25.38,0
B03,Library,Library,22000,3,2025-07-29 16:00:00,16,1,7,0,32.7,63.5,52.5,Medium,62.7,57.1,Hot,34.09,High,289.77,24.2,0
B04,Hostel,Dormitory,60000,6,2025-07-29 20:00:00,20,1,7,0,32.8,57.0,43.5,Medium,54.4,69.5,Hot,45.01,High,382.58,31.96,0
B01,Academic Block,Classroom,45000,4,2025-07-29 21:00:00,21,1,7,0,32.3,67.1,6.3,Low,35.4,37.6,Hot,27.87,Medium,236.9,19.79,0
B01,Academic Block,Classroom,45000,4,2025-07-29 21:00:00,21,1,7,0,35.4,58.2,12.3,Low,51.7,38.3,Hot,35.08,High,298.18,24.91,0
B04,Hostel,Dormitory,60000,6,2025-07-29 23:00:00,23,1,7,0,33.3,48.0,38.5,Medium,58.4,65.8,Hot,44.07,High,374.6,31.29,0
B05,Administration,Office,18000,3,2025-07-30 00:00:00,0,2,7,0,32.5,57.3,6.3,Low,40.1,38.3,Hot,29.93,Medium,254.4,21.25,0
B06,Research Lab,Laboratory,35000,4,2025-07-30 04:00:00,4,2,7,0,31.7,53.9,12.9,Low,43.5,52.7,Hot,25.22,Medium,214.37,17.91,0
B06,Research Lab,Laboratory,35000,4,2025-07-30 06:00:00,6,2,7,0,29.6,55.9,4.8,Low,35.3,43.2,Hot,40.09,High,340.77,28.46,1
B01,Academic Block,Classroom,45000,4,2025-07-30 09:00:00,9,2,7,0,27.9,60.4,63.8,Medium,49.0,64.6,Moderate,29.32,Medium,249.22,20.82,0
B01,Academic Block,Classroom,45000,4,2025-07-30 11:00:00,11,2,7,0,28.9,63.8,85.0,High,64.1,75.0,Moderate,32.5,High,276.25,23.08,0
B05,Administration,Office,18000,3,2025-07-30 11:00:00,11,2,7,0,30.6,66.9,72.1,High,56.5,62.3,Hot,26.97,Medium,229.24,19.15,0
B01,Academic Block,Classroom,45000,4,2025-07-30 14:00:00,14,2,7,0,31.8,55.9,71.3,High,67.2,68.5,Hot,40.09,High,340.77,28.46,0
B02,Computer Lab,Laboratory,28000,3,2025-07-30 14:00:00,14,2,7,0,31.5,68.3,61.4,Medium,72.5,61.8,Hot,61.44,High,522.24,43.62,1
B04,Hostel,Dormitory,60000,6,2025-07-30 14:00:00,14,2,7,0,29.2,49.7,40.0,Medium,53.6,36.3,Hot,36.93,High,313.9,26.22,0
B02,Computer Lab,Laboratory,28000,3,2025-07-30 15:00:00,15,2,7,0,32.6,53.1,57.5,Medium,58.1,60.5,Hot,37.08,High,315.18,26.33,0
B01,Academic Block,Classroom,45000,4,2025-07-30 16:00:00,16,2,7,0,31.8,73.9,73.1,High,65.3,70.1,Hot,35.62,High,302.77,25.29,0
B06,Research Lab,Laboratory,35000,4,2025-07-30 18:00:00,18,2,7,0,33.5,50.2,55.7,Medium,67.0,43.4,Hot,30.15,Medium,256.27,21.41,0
B04,Hostel,Dormitory,60000,6,2025-07-30 18:00:00,18,2,7,0,31.4,68.6,53.5,Medium,55.1,50.8,Hot,41.81,High,355.38,29.69,0
B06,Research Lab,Laboratory,35000,4,2025-07-30 18:00:00,18,2,7,0,35.6,56.3,51.8,Medium,66.0,49.9,Hot,47.59,High,404.52,33.79,0
B04,Hostel,Dormitory,60000,6,2025-07-30 19:00:00,19,2,7,0,33.2,57.9,24.4,Low,53.0,47.2,Hot,43.22,High,367.37,30.69,0
B04,Hostel,Dormitory,60000,6,2025-07-30 20:00:00,20,2,7,0,32.2,65.8,48.0,Medium,56.7,72.9,Hot,42.05,High,357.42,29.86,0
B05,Administration,Office,18000,3,2025-07-30 21:00:00,21,2,7,0,33.8,63.5,26.9,Low,51.8,64.1,Hot,29.78,Medium,253.13,21.14,0
B04,Hostel,Dormitory,60000,6,2025-07-30 22:00:00,22,2,7,0,33.9,67.2,31.4,Low,58.7,60.9,Hot,47.8,High,406.3,33.94,0
B01,Academic Block,Classroom,45000,4,2025-07-30 22:00:00,22,2,7,0,33.6,56.4,6.6,Low,53.6,43.1,Hot,30.26,Medium,257.21,21.48,0
B05,Administration,Office,18000,3,2025-07-30 22:00:00,22,2,7,0,31.1,61.1,5.4,Low,37.7,35.2,Hot,19.34,Low,164.39,13.73,0
B01,Academic Block,Classroom,45000,4,2025-07-30 23:00:00,23,2,7,0,34.0,56.0,14.8,Low,54.2,48.6,Hot,28.12,Medium,239.02,19.97,0
B03,Library,Library,22000,3,2025-07-30 23:00:00,23,2,7,0,31.8,51.8,25.5,Low,37.6,53.2,Hot,27.22,Medium,231.37,19.33,0
B03,Library,Library,22000,3,2025-07-31 00:00:00,0,3,7,0,31.8,60.8,7.1,Low,43.0,40.3,Hot,22.01,Low,187.08,15.63,0
B01,Academic Block,Classroom,45000,4,2025-07-31 00:00:00,0,3,7,0,28.5,61.0,13.4,Low,23.3,42.0,Moderate,23.42,Low,199.07,16.63,0
B05,Administration,Office,18000,3,2025-07-31 02:00:00,2,3,7,0,30.1,47.8,13.0,Low,34.5,36.9,Hot,22.71,Low,193.04,16.12,0
B02,Computer Lab,Laboratory,28000,3,2025-07-31 03:00:00,3,3,7,0,29.6,69.1,23.7,Low,35.8,57.4,Hot,24.87,Medium,211.4,17.66,0
B02,Computer Lab,Laboratory,28000,3,2025-07-31 03:00:00,3,3,7,0,31.0,61.2,14.0,Low,50.9,46.3,Hot,30.68,Medium,260.78,21.78,0
B05,Administration,Office,18000,3,2025-07-31 05:00:00,5,3,7,0,28.6,57.2,2.2,Low,31.0,35.5,Moderate,19.57,Low,166.34,13.89,0
B02,Computer Lab,Laboratory,28000,3,2025-07-31 09:00:00,9,3,7,0,26.5,66.1,64.1,Medium,50.2,72.2,Moderate,53.54,High,455.09,38.01,1
B01,Academic Block,Classroom,45000,4,2025-07-31 10:00:00,10,3,7,0,29.5,57.7,67.8,Medium,55.9,60.9,Hot,37.4,High,317.9,26.55,0
B02,Computer Lab,Laboratory,28000,3,2025-07-31 14:00:00,14,3,7,0,30.4,62.1,52.7,Medium,44.9,57.7,Hot,31.44,High,267.24,22.32,0
B03,Library,Library,22000,3,2025-07-31 15:00:00,15,3,7,0,30.2,70.6,62.3,Medium,58.3,72.0,Hot,32.72,High,278.12,23.23,0
B03,Library,Library,22000,3,2025-07-31 16:00:00,16,3,7,0,32.0,62.2,52.7,Medium,56.9,56.6,Hot,28.25,Medium,240.12,20.06,0
B04,Hostel,Dormitory,60000,6,2025-07-31 18:00:00,18,3,7,0,29.9,57.7,53.3,Medium,48.0,49.2,Hot,40.14,High,341.19,28.5,0
B04,Hostel,Dormitory,60000,6,2025-07-31 19:00:00,19,3,7,0,33.7,50.8,33.0,Low,60.9,64.6,Hot,41.9,High,356.15,29.75,0
B01,Academic Block,Classroom,45000,4,2025-07-31 19:00:00,19,3,7,0,32.5,54.0,9.9,Low,50.5,39.7,Hot,32.08,High,272.68,22.78,0
B05,Administration,Office,18000,3,2025-07-31 20:00:00,20,3,7,0,32.4,64.8,6.3,Low,33.4,36.7,Hot,23.51,Low,199.84,16.69,0
B01,Academic Block,Classroom,45000,4,2025-07-31 22:00:00,22,3,7,0,34.0,57.4,15.9,Low,43.0,42.4,Hot,31.67,High,269.2,22.49,0
B01,Academic Block,Classroom,45000,4,2025-07-31 23:00:00,23,3,7,0,31.4,63.8,3.5,Low,41.0,45.8,Hot,26.82,Medium,227.97,19.04,0
B06,Research Lab,Laboratory,35000,4,2025-07-31 23:00:00,23,3,7,0,32.6,57.0,18.5,Low,42.8,46.9,Hot,31.85,High,270.73,22.61,0
B02,Computer Lab,Laboratory,28000,3,2025-08-01 00:00:00,0,4,8,0,31.6,53.2,6.0,Low,38.1,34.9,Hot,27.26,Medium,231.71,19.35,0
B06,Research Lab,Laboratory,35000,4,2025-08-01 00:00:00,0,4,8,0,36.6,59.9,3.8,Low,41.5,44.1,Hot,39.78,High,338.13,28.24,0
B05,Administration,Office,18000,3,2025-08-01 00:00:00,0,4,8,0,32.5,53.3,21.8,Low,40.5,43.4,Hot,25.71,Medium,218.54,18.25,0
B04,Hostel,Dormitory,60000,6,2025-08-01 01:00:00,1,4,8,0,29.6,58.5,12.7,Low,35.0,44.8,Hot,22.12,Low,188.02,15.71,0
B06,Research Lab,Laboratory,35000,4,2025-08-01 03:00:00,3,4,8,0,32.9,50.1,0.0,Low,40.4,31.6,Hot,33.26,High,282.71,23.61,0
B04,Hostel,Dormitory,60000,6,2025-08-01 03:00:00,3,4,8,0,31.8,53.0,11.9,Low,43.0,47.0,Hot,37.23,High,316.46,26.43,0
B01,Academic Block,Classroom,45000,4,2025-08-01 07:00:00,7,4,8,0,28.9,68.2,16.3,Low,33.2,25.1,Moderate,29.21,Medium,248.28,20.74,0
B02,Computer Lab,Laboratory,28000,3,2025-08-01 07:00:00,7,4,8,0,28.2,69.8,16.5,Low,30.0,20.3,Moderate,26.1,Medium,221.85,18.53,0
B05,Administration,Office,18000,3,2025-08-01 09:00:00,9,4,8,0,26.8,71.2,57.3,Medium,41.2,58.7,Moderate,22.35,Low,189.98,15.87,0
B01,Academic Block,Classroom,45000,4,2025-08-01 13:00:00,13,4,8,0,30.9,67.9,62.2,Medium,63.7,59.4,Hot,31.96,High,271.66,22.69,0
B02,Computer Lab,Laboratory,28000,3,2025-08-01 13:00:00,13,4,8,0,29.2,59.2,59.9,Medium,66.7,64.1,Hot,40.19,High,341.62,28.53,0
B03,Library,Library,22000,3,2025-08-01 16:00:00,16,4,8,0,30.4,65.3,62.2,Medium,59.5,62.0,Hot,34.47,High,293.0,24.47,0
B04,Hostel,Dormitory,60000,6,2025-08-01 17:00:00,17,4,8,0,33.3,65.7,41.8,Medium,39.6,57.1,Hot,43.39,High,368.82,30.81,0
B01,Academic Block,Classroom,45000,4,2025-08-01 18:00:00,18,4,8,0,34.8,51.1,57.8,Medium,66.7,55.6,Hot,38.47,High,327.0,27.31,0
B01,Academic Block,Classroom,45000,4,2025-08-01 20:00:00,20,4,8,0,32.0,60.8,21.6,Low,52.7,57.1,Hot,27.92,Medium,237.32,19.82,0
B01,Academic Block,Classroom,45000,4,2025-08-01 21:00:00,21,4,8,0,33.9,57.0,20.5,Low,44.7,48.6,Hot,32.31,High,274.64,22.94,0
B04,Hostel,Dormitory,60000,6,2025-08-01 22:00:00,22,4,8,0,32.8,45.7,25.4,Low,53.6,53.4,Hot,42.79,High,363.72,30.38,0
B04,Hostel,Dormitory,60000,6,2025-08-01 23:00:00,23,4,8,0,32.7,61.1,29.3,Low,55.9,60.8,Hot,32.2,High,273.7,22.86,0
B01,Academic Block,Classroom,45000,4,2025-08-02 00:00:00,0,5,8,1,30.5,55.6,26.8,Low,52.4,50.4,Hot,28.26,Medium,240.21,20.06,0
B06,Research Lab,Laboratory,35000,4,2025-08-02 01:00:00,1,5,8,1,30.9,67.6,18.2,Low,38.9,54.6,Hot,39.86,High,338.81,28.3,0
B02,Computer Lab,Laboratory,28000,3,2025-08-02 06:00:00,6,5,8,1,27.3,57.8,11.7,Low,34.1,47.2,Moderate,22.8,Low,193.8,16.19,0
B03,Library,Library,22000,3,2025-08-02 07:00:00,7,5,8,1,26.9,65.8,20.0,Low,36.9,34.0,Moderate,19.9,Low,169.15,14.13,0
B04,Hostel,Dormitory,60000,6,2025-08-02 08:00:00,8,5,8,1,29.5,62.2,8.6,Low,44.4,26.1,Hot,31.98,High,271.83,22.71,0
B06,Research Lab,Laboratory,35000,4,2025-08-02 10:00:00,10,5,8,1,28.2,50.4,13.1,Low,33.3,27.7,Moderate,31.63,High,268.86,22.46,0
B04,Hostel,Dormitory,60000,6,2025-08-02 10:00:00,10,5,8,1,27.6,60.7,9.8,Low,39.2,25.8,Moderate,29.13,Medium,247.6,20.68,0
B05,Administration,Office,18000,3,2025-08-02 11:00:00,11,5,8,1,27.5,65.5,17.0,Low,37.5,34.3,Moderate,12.56,Low,106.76,8.92,0
B04,Hostel,Dormitory,60000,6,2025-08-02 13:00:00,13,5,8,1,27.9,69.8,16.9,Low,42.3,27.7,Moderate,35.1,High,298.35,24.92,0
B04,Hostel,Dormitory,60000,6,2025-08-02 13:00:00,13,5,8,1,27.3,63.3,13.6,Low,38.8,24.3,Moderate,26.57,Medium,225.84,18.86,0
B06,Research Lab,Laboratory,35000,4,2025-08-02 15:00:00,15,5,8,1,31.4,66.2,15.5,Low,38.4,29.0,Hot,24.14,Low,205.19,17.14,0
B01,Academic Block,Classroom,45000,4,2025-08-02 15:00:00,15,5,8,1,27.3,66.9,20.0,Low,38.2,30.5,Moderate,30.51,Medium,259.34,21.66,0
B03,Library,Library,22000,3,2025-08-02 17:00:00,17,5,8,1,32.8,62.8,15.3,Low,40.7,31.2,Hot,27.7,Medium,235.45,19.67,0
B04,Hostel,Dormitory,60000,6,2025-08-02 17:00:00,17,5,8,1,32.8,63.1,13.6,Low,44.1,34.5,Hot,35.45,High,301.33,25.17,0
B06,Research Lab,Laboratory,35000,4,2025-08-02 19:00:00,19,5,8,1,32.5,57.1,15.0,Low,54.6,41.5,Hot,37.06,High,315.01,26.31,0
B05,Administration,Office,18000,3,2025-08-02 20:00:00,20,5,8,1,32.8,51.8,20.5,Low,44.1,50.9,Hot,29.36,Medium,249.56,20.85,0
B01,Academic Block,Classroom,45000,4,2025-08-02 21:00:00,21,5,8,1,32.2,70.2,5.5,Low,36.6,33.8,Hot,26.0,Medium,221.0,18.46,0
B01,Academic Block,Classroom,45000,4,2025-08-02 22:00:00,22,5,8,1,32.8,64.1,14.9,Low,43.5,45.1,Hot,32.03,High,272.26,22.74,0
B06,Research Lab,Laboratory,35000,4,2025-08-02 22:00:00,22,5,8,1,32.8,58.3,0.0,Low,43.5,34.3,Hot,30.21,Medium,256.79,21.45,0
B04,Hostel,Dormitory,60000,6,2025-08-03 00:00:00,0,6,8,1,33.6,62.4,10.0,Low,48.4,40.6,Hot,36.02,High,306.17,25.57,0
B01,Academic Block,Classroom,45000,4,2025-08-03 04:00:00,4,6,8,1,31.9,62.3,25.2,Low,48.8,58.4,Hot,32.51,High,276.33,23.08,0
B02,Computer Lab,Laboratory,28000,3,2025-08-03 06:00:00,6,6,8,1,31.2,54.1,6.5,Low,34.1,41.7,Hot,29.24,Medium,248.54,20.76,0
B05,Administration,Office,18000,3,2025-08-03 07:00:00,7,6,8,1,27.5,60.6,0.6,Low,28.6,12.5,Moderate,12.01,Low,102.08,8.53,0
B04,Hostel,Dormitory,60000,6,2025-08-03 09:00:00,9,6,8,1,29.9,70.4,5.4,Low,44.6,23.6,Hot,34.91,High,296.73,24.79,0
B02,Computer Lab,Laboratory,28000,3,2025-08-03 10:00:00,10,6,8,1,29.7,61.2,17.0,Low,30.7,27.2,Hot,18.31,Low,155.64,13.0,0
B03,Library,Library,22000,3,2025-08-03 11:00:00,11,6,8,1,28.3,65.0,11.1,Low,36.8,20.7,Moderate,19.81,Low,168.38,14.07,0
B01,Academic Block,Classroom,45000,4,2025-08-03 13:00:00,13,6,8,1,28.8,70.8,5.0,Low,32.7,13.7,Moderate,20.74,Low,176.29,14.73,0
B05,Administration,Office,18000,3,2025-08-03 14:00:00,14,6,8,1,30.1,60.9,20.5,Low,44.6,23.0,Hot,26.77,Medium,227.54,19.01,0
B01,Academic Block,Classroom,45000,4,2025-08-03 14:00:00,14,6,8,1,29.1,55.2,15.0,Low,38.8,23.9,Hot,19.98,Low,169.83,14.19,0
B03,Library,Library,22000,3,2025-08-03 15:00:00,15,6,8,1,29.1,62.5,3.9,Low,25.1,18.2,Hot,16.84,Low,143.14,11.96,0
B05,Administration,Office,18000,3,2025-08-03 16:00:00,16,6,8,1,32.4,55.2,10.4,Low,45.9,27.4,Hot,20.46,Low,173.91,14.53,0
B03,Library,Library,22000,3,2025-08-03 17:00:00,17,6,8,1,32.1,49.6,26.9,Low,41.7,25.0,Hot,22.97,Low,195.24,16.31,0
B02,Computer Lab,Laboratory,28000,3,2025-08-03 17:00:00,17,6,8,1,32.1,64.9,9.8,Low,34.5,31.7,Hot,23.46,Low,199.41,16.66,0
B02,Computer Lab,Laboratory,28000,3,2025-08-03 17:00:00,17,6,8,1,33.5,56.4,0.1,Low,41.0,11.2,Hot,28.67,Medium,243.7,20.36,0
B03,Library,Library,22000,3,2025-08-03 17:00:00,17,6,8,1,31.8,38.7,15.3,Low,40.5,24.5,Hot,24.18,Low,205.53,17.17,0
B06,Research Lab,Laboratory,35000,4,2025-08-03 18:00:00,18,6,8,1,33.6,59.9,14.7,Low,41.2,24.3,Hot,26.25,Medium,223.12,18.64,0
B02,Computer Lab,Laboratory,28000,3,2025-08-03 18:00:00,18,6,8,1,31.3,61.8,21.3,Low,41.9,27.8,Hot,30.2,Medium,256.7,21.44,0
B02,Computer Lab,Laboratory,28000,3,2025-08-03 20:00:00,20,6,8,1,31.5,73.5,9.3,Low,36.0,40.5,Hot,21.73,Low,184.7,15.43,0
B06,Research Lab,Laboratory,35000,4,2025-08-03 20:00:00,20,6,8,1,32.7,58.8,15.1,Low,53.8,45.1,Hot,33.53,High,285.0,23.81,0
B03,Library,Library,22000,3,2025-08-03 22:00:00,22,6,8,1,35.6,64.0,13.7,Low,51.2,44.5,Hot,37.47,High,318.5,26.6,0
B02,Computer Lab,Laboratory,28000,3,2025-08-03 22:00:00,22,6,8,1,34.3,62.1,12.0,Low,45.4,51.9,Hot,30.07,Medium,255.6,21.35,0
B04,Hostel,Dormitory,60000,6,2025-08-04 01:00:00,1,0,8,0,32.8,54.6,14.3,Low,49.0,42.1,Hot,36.65,High,311.52,26.02,0
B02,Computer Lab,Laboratory,28000,3,2025-08-04 01:00:00,1,0,8,0,29.0,64.2,16.2,Low,37.1,56.3,Moderate,23.62,Low,200.77,16.77,0
B01,Academic Block,Classroom,45000,4,2025-08-04 01:00:00,1,0,8,0,31.3,58.8,15.9,Low,40.7,49.7,Hot,27.15,Medium,230.77,19.28,0
B05,Administration,Office,18000,3,2025-08-04 01:00:00,1,0,8,0,32.3,54.3,18.4,Low,50.6,41.0,Hot,26.27,Medium,223.3,18.65,0
B05,Administration,Office,18000,3,2025-08-04 02:00:00,2,0,8,0,33.7,54.4,0.0,Low,36.9,30.8,Hot,29.26,Medium,248.71,20.77,0
B04,Hostel,Dormitory,60000,6,2025-08-04 04:00:00,4,0,8,0,27.1,58.8,1.5,Low,23.6,31.4,Moderate,27.87,Medium,236.9,19.79,0
B01,Academic Block,Classroom,45000,4,2025-08-04 06:00:00,6,0,8,0,30.0,60.9,13.5,Low,43.1,45.0,Hot,32.05,High,272.42,22.76,0
B02,Computer Lab,Laboratory,28000,3,2025-08-04 07:00:00,7,0,8,0,30.3,60.7,12.8,Low,40.4,31.2,Hot,23.66,Low,201.11,16.8,0
B06,Research Lab,Laboratory,35000,4,2025-08-04 07:00:00,7,0,8,0,29.3,57.7,4.9,Low,35.8,22.7,Hot,29.55,Medium,251.18,20.98,0
B05,Administration,Office,18000,3,2025-08-04 08:00:00,8,0,8,0,26.6,62.3,60.4,Medium,47.3,55.2,Moderate,30.26,Medium,257.21,21.48,0
B03,Library,Library,22000,3,2025-08-04 09:00:00,9,0,8,0,29.0,48.7,49.1,Medium,53.4,57.9,Moderate,30.95,High,263.08,21.97,0
B04,Hostel,Dormitory,60000,6,2025-08-04 10:00:00,10,0,8,0,29.5,54.3,55.1,Medium,44.6,51.1,Hot,40.2,High,341.7,28.54,0
B01,Academic Block,Classroom,45000,4,2025-08-04 11:00:00,11,0,8,0,29.4,59.4,60.4,Medium,42.8,55.8,Hot,34.33,High,291.8,24.37,0
B04,Hostel,Dormitory,60000,6,2025-08-04 11:00:00,11,0,8,0,28.1,74.2,52.5,Medium,47.0,59.6,Moderate,34.39,High,292.32,24.42,0
B06,Research Lab,Laboratory,35000,4,2025-08-04 11:00:00,11,0,8,0,28.0,67.0,66.0,Medium,57.7,69.6,Moderate,29.81,Medium,253.38,21.17,0
B05,Administration,Office,18000,3,2025-08-04 12:00:00,12,0,8,0,30.3,53.9,56.6,Medium,62.2,61.5,Hot,30.9,High,262.65,21.94,0
B01,Academic Block,Classroom,45000,4,2025-08-04 15:00:00,15,0,8,0,30.1,72.2,57.2,Medium,57.9,58.0,Hot,31.35,High,266.48,22.26,0
B03,Library,Library,22000,3,2025-08-04 15:00:00,15,0,8,0,30.1,60.9,49.6,Medium,46.4,51.8,Hot,24.2,Low,205.7,17.18,0
B01,Academic Block,Classroom,45000,4,2025-08-04 16:00:00,16,0,8,0,31.4,51.9,60.5,Medium,52.6,54.5,Hot,29.88,Medium,253.98,21.21,0
B01,Academic Block,Classroom,45000,4,2025-08-04 17:00:00,17,0,8,0,32.2,58.7,66.9,Medium,69.0,65.1,Hot,36.87,High,313.4,26.18,0
B01,Academic Block,Classroom,45000,4,2025-08-04 17:00:00,17,0,8,0,33.6,65.0,54.7,Medium,65.5,52.7,Hot,42.55,High,361.67,30.21,0
B03,Library,Library,22000,3,2025-08-04 19:00:00,19,0,8,0,30.7,52.5,23.2,Low,47.1,51.5,Hot,28.31,Medium,240.64,20.1,0
B01,Academic Block,Classroom,45000,4,2025-08-04 19:00:00,19,0,8,0,30.6,53.3,3.2,Low,42.1,48.9,Hot,23.06,Low,196.01,16.37,0
B05,Administration,Office,18000,3,2025-08-04 19:00:00,19,0,8,0,31.9,72.1,2.6,Low,39.7,38.6,Hot,18.64,Low,158.44,13.23,0
B03,Library,Library,22000,3,2025-08-04 21:00:00,21,0,8,0,29.8,63.2,12.4,Low,37.1,38.8,Hot,15.09,Low,128.26,10.71,0
B03,Library,Library,22000,3,2025-08-04 21:00:00,21,0,8,0,33.4,55.0,11.1,Low,43.4,49.5,Hot,28.15,Medium,239.27,19.99,0
B06,Research Lab,Laboratory,35000,4,2025-08-04 22:00:00,22,0,8,0,29.3,60.8,21.6,Low,44.5,57.9,Hot,30.63,Medium,260.36,21.75,0
B02,Computer Lab,Laboratory,28000,3,2025-08-04 22:00:00,22,0,8,0,33.4,60.3,10.1,Low,45.5,49.7,Hot,32.34,High,274.89,22.96,0
B04,Hostel,Dormitory,60000,6,2025-08-05 01:00:00,1,1,8,0,32.7,57.5,10.0,Low,31.0,40.1,Hot,33.71,High,286.54,23.93,0
B02,Computer Lab,Laboratory,28000,3,2025-08-05 01:00:00,1,1,8,0,31.4,69.3,16.5,Low,48.0,46.8,Hot,31.66,High,269.11,22.48,0
B04,Hostel,Dormitory,60000,6,2025-08-05 04:00:00,4,1,8,0,26.7,64.3,18.6,Low,38.5,42.6,Moderate,30.43,Medium,258.65,21.61,0
B06,Research Lab,Laboratory,35000,4,2025-08-05 06:00:00,6,1,8,0,29.0,66.4,0.0,Low,34.6,42.8,Moderate,29.31,Medium,249.14,20.81,0
B05,Administration,Office,18000,3,2025-08-05 06:00:00,6,1,8,0,27.6,63.5,12.5,Low,42.9,45.0,Moderate,15.79,Low,134.22,11.21,0
B03,Library,Library,22000,3,2025-08-05 06:00:00,6,1,8,0,27.0,63.1,27.1,Low,33.6,48.5,Moderate,23.97,Low,203.74,17.02,0
B02,Computer Lab,Laboratory,28000,3,2025-08-05 06:00:00,6,1,8,0,29.7,67.5,7.6,Low,30.1,49.0,Hot,26.62,Medium,226.27,18.9,0
B02,Computer Lab,Laboratory,28000,3,2025-08-05 09:00:00,9,1,8,0,29.7,67.6,59.9,Medium,57.8,56.5,Hot,35.31,High,300.14,25.07,0
B04,Hostel,Dormitory,60000,6,2025-08-05 09:00:00,9,1,8,0,30.5,49.2,58.1,Medium,51.1,56.6,Hot,38.7,High,328.95,27.48,0
B04,Hostel,Dormitory,60000,6,2025-08-05 12:00:00,12,1,8,0,29.1,61.6,54.4,Medium,61.8,50.6,Hot,45.08,High,383.18,32.01,0
B03,Library,Library,22000,3,2025-08-05 12:00:00,12,1,8,0,29.8,75.5,47.5,Medium,46.5,44.6,Hot,23.31,Low,198.14,16.55,0
B04,Hostel,Dormitory,60000,6,2025-08-05 16:00:00,16,1,8,0,34.0,54.7,50.5,Medium,55.0,54.8,Hot,52.04,High,442.34,36.95,0
B01,Academic Block,Classroom,45000,4,2025-08-05 16:00:00,16,1,8,0,34.7,60.4,57.9,Medium,60.7,54.9,Hot,42.02,High,357.17,29.83,0
B04,Hostel,Dormitory,60000,6,2025-08-05 18:00:00,18,1,8,0,33.9,66.6,43.5,Medium,54.9,40.0,Hot,46.46,High,394.91,32.99,0
B03,Library,Library,22000,3,2025-08-05 19:00:00,19,1,8,0,31.9,51.7,19.8,Low,42.5,54.8,Hot,30.87,Medium,262.4,21.92,0
B06,Research Lab,Laboratory,35000,4,2025-08-05 19:00:00,19,1,8,0,32.5,56.4,18.0,Low,43.6,51.0,Hot,35.44,High,301.24,25.16,0
B03,Library,Library,22000,3,2025-08-05 22:00:00,22,1,8,0,32.0,48.4,24.5,Low,44.4,62.3,Hot,33.5,High,284.75,23.78,0
B02,Computer Lab,Laboratory,28000,3,2025-08-05 23:00:00,23,1,8,0,33.0,59.3,18.5,Low,36.9,47.0,Hot,33.86,High,287.81,24.04,0
B03,Library,Library,22000,3,2025-08-05 23:00:00,23,1,8,0,30.7,63.1,11.0,Low,42.5,43.5,Hot,25.53,Medium,217.0,18.13,0
B03,Library,Library,22000,3,2025-08-06 04:00:00,4,2,8,0,29.9,65.6,4.9,Low,33.3,39.7,Hot,22.13,Low,188.1,15.71,0
B02,Computer Lab,Laboratory,28000,3,2025-08-06 05:00:00,5,2,8,0,29.5,72.4,21.8,Low,40.2,52.0,Hot,28.72,Medium,244.12,20.39,0
B01,Academic Block,Classroom,45000,4,2025-08-06 09:00:00,9,2,8,0,29.1,62.2,71.0,High,50.3,69.5,Hot,38.24,High,325.04,27.15,0
B05,Administration,Office,18000,3,2025-08-06 16:00:00,16,2,8,0,29.9,53.0,68.3,Medium,49.0,64.6,Hot,25.16,Medium,213.86,17.86,0
B06,Research Lab,Laboratory,35000,4,2025-08-06 20:00:00,20,2,8,0,32.8,52.6,16.0,Low,44.5,38.0,Hot,31.8,High,270.3,22.58,0
B04,Hostel,Dormitory,60000,6,2025-08-06 20:00:00,20,2,8,0,35.1,51.6,40.3,Medium,67.0,66.7,Hot,48.64,High,413.44,34.53,0
B04,Hostel,Dormitory,60000,6,2025-08-06 20:00:00,20,2,8,0,31.8,61.0,21.3,Low,54.2,53.9,Hot,35.63,High,302.86,25.3,0
B01,Academic Block,Classroom,45000,4,2025-08-06 21:00:00,21,2,8,0,32.8,75.2,3.5,Low,35.2,35.9,Hot,32.38,High,275.23,22.99,0
B06,Research Lab,Laboratory,35000,4,2025-08-06 21:00:00,21,2,8,0,29.6,60.8,5.9,Low,31.3,51.9,Hot,26.44,Medium,224.74,18.77,0
B04,Hostel,Dormitory,60000,6,2025-08-06 22:00:00,22,2,8,0,32.6,68.5,34.5,Low,52.2,58.5,Hot,66.37,High,564.14,47.12,1
B05,Administration,Office,18000,3,2025-08-06 22:00:00,22,2,8,0,32.5,58.2,8.8,Low,26.0,38.5,Hot,19.87,Low,168.9,14.11,0
B03,Library,Library,22000,3,2025-08-06 23:00:00,23,2,8,0,32.1,51.2,19.9,Low,41.6,52.1,Hot,29.17,Medium,247.95,20.71,0
B05,Administration,Office,18000,3,2025-08-07 00:00:00,0,3,8,0,32.5,53.3,11.9,Low,44.4,45.1,Hot,20.82,Low,176.97,14.78,0
B02,Computer Lab,Laboratory,28000,3,2025-08-07 02:00:00,2,3,8,0,30.0,55.9,28.2,Low,42.9,48.3,Hot,25.12,Medium,213.52,17.84,0
B03,Library,Library,22000,3,2025-08-07 02:00:00,2,3,8,0,32.2,58.4,24.0,Low,35.4,57.0,Hot,27.77,Medium,236.04,19.72,0
B03,Library,Library,22000,3,2025-08-07 03:00:00,3,3,8,0,28.6,65.0,13.0,Low,25.5,42.5,Moderate,14.88,Low,126.48,10.56,0
B03,Library,Library,22000,3,2025-08-07 05:00:00,5,3,8,0,31.2,55.4,2.5,Low,28.8,43.1,Hot,23.35,Low,198.48,16.58,0
B01,Academic Block,Classroom,45000,4,2025-08-07 06:00:00,6,3,8,0,29.0,67.3,16.8,Low,38.0,49.6,Moderate,30.7,Medium,260.95,21.8,1
B04,Hostel,Dormitory,60000,6,2025-08-07 07:00:00,7,3,8,0,28.4,69.6,4.2,Low,28.0,17.0,Moderate,30.32,Medium,257.72,21.53,0
B06,Research Lab,Laboratory,35000,4,2025-08-07 07:00:00,7,3,8,0,26.3,62.1,5.2,Low,38.9,25.3,Moderate,24.0,Low,204.0,17.04,0
B04,Hostel,Dormitory,60000,6,2025-08-07 08:00:00,8,3,8,0,26.7,70.1,48.2,Medium,37.3,48.4,Moderate,40.03,High,340.26,28.42,0
B06,Research Lab,Laboratory,35000,4,2025-08-07 10:00:00,10,3,8,0,29.2,48.0,55.9,Medium,59.9,50.2,Hot,27.27,Medium,231.8,19.36,0
B02,Computer Lab,Laboratory,28000,3,2025-08-07 11:00:00,11,3,8,0,27.9,46.2,62.7,Medium,45.3,55.2,Moderate,28.28,Medium,240.38,20.08,0
B04,Hostel,Dormitory,60000,6,2025-08-07 12:00:00,12,3,8,0,30.9,66.1,53.3,Medium,69.8,56.2,Hot,43.49,High,369.66,30.88,0
B01,Academic Block,Classroom,45000,4,2025-08-07 12:00:00,12,3,8,0,29.8,58.2,59.5,Medium,58.8,68.7,Hot,34.54,High,293.59,24.52,0
B04,Hostel,Dormitory,60000,6,2025-08-07 14:00:00,14,3,8,0,28.3,77.8,48.9,Medium,35.2,51.0,Moderate,33.46,High,284.41,23.76,0
B02,Computer Lab,Laboratory,28000,3,2025-08-07 15:00:00,15,3,8,0,32.1,58.7,49.3,Medium,62.7,55.8,Hot,28.96,Medium,246.16,20.56,0
B06,Research Lab,Laboratory,35000,4,2025-08-07 15:00:00,15,3,8,0,30.7,53.4,61.6,Medium,54.4,62.8,Hot,37.65,High,320.02,26.73,0
B01,Academic Block,Classroom,45000,4,2025-08-07 15:00:00,15,3,8,0,30.9,72.1,53.6,Medium,60.3,53.1,Hot,42.51,High,361.34,30.18,0
B04,Hostel,Dormitory,60000,6,2025-08-07 16:00:00,16,3,8,0,33.0,63.2,49.4,Medium,57.0,43.8,Hot,39.45,High,335.33,28.01,0
B04,Hostel,Dormitory,60000,6,2025-08-07 17:00:00,17,3,8,0,29.7,72.1,46.5,Medium,48.0,50.7,Hot,37.64,High,319.94,26.72,0
B03,Library,Library,22000,3,2025-08-07 17:00:00,17,3,8,0,30.1,56.8,58.7,Medium,53.6,63.0,Hot,30.06,Medium,255.51,21.34,0
B03,Library,Library,22000,3,2025-08-07 18:00:00,18,3,8,0,32.6,61.5,49.2,Medium,49.3,54.2,Hot,28.6,Medium,243.1,20.31,0
B04,Hostel,Dormitory,60000,6,2025-08-07 19:00:00,19,3,8,0,29.8,55.0,26.1,Low,40.5,52.9,Hot,34.85,High,296.23,24.74,0
B02,Computer Lab,Laboratory,28000,3,2025-08-07 21:00:00,21,3,8,0,31.4,47.7,14.8,Low,34.3,43.5,Hot,24.03,Low,204.26,17.06,0
B05,Administration,Office,18000,3,2025-08-07 22:00:00,22,3,8,0,33.6,63.3,15.1,Low,43.3,43.2,Hot,21.28,Low,180.88,15.11,0
B01,Academic Block,Classroom,45000,4,2025-08-07 23:00:00,23,3,8,0,31.7,56.4,4.7,Low,40.3,35.2,Hot,33.39,High,283.82,23.71,0
B02,Computer Lab,Laboratory,28000,3,2025-08-07 23:00:00,23,3,8,0,29.8,54.2,16.1,Low,46.0,47.3,Hot,27.03,Medium,229.76,19.19,0
B02,Computer Lab,Laboratory,28000,3,2025-08-08 01:00:00,1,4,8,0,31.1,50.4,29.2,Low,55.5,56.1,Hot,33.34,High,283.39,23.67,0
B04,Hostel,Dormitory,60000,6,2025-08-08 08:00:00,8,4,8,0,27.7,64.1,47.7,Medium,46.9,53.3,Moderate,37.54,High,319.09,26.65,0
B06,Research Lab,Laboratory,35000,4,2025-08-08 08:00:00,8,4,8,0,27.3,63.6,50.2,Medium,40.4,47.8,Moderate,26.87,Medium,228.4,19.08,0
B02,Computer Lab,Laboratory,28000,3,2025-08-08 09:00:00,9,4,8,0,33.7,54.7,59.2,Medium,61.5,59.3,Hot,33.82,High,287.47,24.01,0
B06,Research Lab,Laboratory,35000,4,2025-08-08 09:00:00,9,4,8,0,29.3,56.8,49.1,Medium,49.4,51.6,Hot,30.44,Medium,258.74,21.61,0
B06,Research Lab,Laboratory,35000,4,2025-08-08 10:00:00,10,4,8,0,28.2,67.8,57.0,Medium,59.0,55.2,Moderate,34.41,High,292.48,24.43,0
B04,Hostel,Dormitory,60000,6,2025-08-08 11:00:00,11,4,8,0,30.3,43.4,47.5,Medium,56.8,52.2,Hot,36.11,High,306.94,25.64,0
B03,Library,Library,22000,3,2025-08-08 11:00:00,11,4,8,0,28.5,66.6,59.7,Medium,54.0,55.3,Moderate,25.54,Medium,217.09,18.13,0
B06,Research Lab,Laboratory,35000,4,2025-08-08 12:00:00,12,4,8,0,28.6,65.4,46.5,Medium,57.3,55.8,Moderate,25.79,Medium,219.22,18.31,0
B02,Computer Lab,Laboratory,28000,3,2025-08-08 13:00:00,13,4,8,0,30.3,52.1,47.7,Medium,48.6,52.9,Hot,31.22,High,265.37,22.17,0
B02,Computer Lab,Laboratory,28000,3,2025-08-08 14:00:00,14,4,8,0,31.1,46.6,61.5,Medium,61.7,63.8,Hot,35.63,High,302.86,25.3,0
B05,Administration,Office,18000,3,2025-08-08 14:00:00,14,4,8,0,31.7,63.8,66.5,Medium,57.7,64.5,Hot,30.73,Medium,261.2,21.82,0
B03,Library,Library,22000,3,2025-08-08 15:00:00,15,4,8,0,33.0,50.4,39.9,Medium,50.9,43.3,Hot,25.75,Medium,218.88,18.28,0
B02,Computer Lab,Laboratory,28000,3,2025-08-08 15:00:00,15,4,8,0,32.6,69.9,69.4,Medium,51.0,63.4,Hot,33.42,High,284.07,23.73,0
B05,Administration,Office,18000,3,2025-08-08 16:00:00,16,4,8,0,32.6,73.7,68.8,Medium,63.8,62.4,Hot,28.8,Medium,244.8,20.45,0
B04,Hostel,Dormitory,60000,6,2025-08-08 16:00:00,16,4,8,0,32.8,61.7,46.3,Medium,56.4,42.1,Hot,39.83,High,338.56,28.28,0
B06,Research Lab,Laboratory,35000,4,2025-08-08 17:00:00,17,4,8,0,33.5,57.5,59.5,Medium,60.7,60.1,Hot,37.61,High,319.68,26.7,0
B04,Hostel,Dormitory,60000,6,2025-08-08 18:00:00,18,4,8,0,33.1,57.0,37.2,Medium,55.7,46.4,Hot,46.03,High,391.26,32.68,0
B06,Research Lab,Laboratory,35000,4,2025-08-08 21:00:00,21,4,8,0,29.9,49.1,16.9,Low,46.1,41.6,Hot,35.67,High,303.2,25.33,0
B01,Academic Block,Classroom,45000,4,2025-08-08 21:00:00,21,4,8,0,33.0,56.6,6.1,Low,41.8,46.2,Hot,33.92,High,288.32,24.08,0
B04,Hostel,Dormitory,60000,6,2025-08-08 21:00:00,21,4,8,0,34.3,54.3,29.5,Low,56.1,49.3,Hot,42.81,High,363.88,30.4,0
B06,Research Lab,Laboratory,35000,4,2025-08-08 22:00:00,22,4,8,0,30.9,55.8,11.2,Low,42.2,47.7,Hot,28.7,Medium,243.95,20.38,0
B02,Computer Lab,Laboratory,28000,3,2025-08-08 22:00:00,22,4,8,0,31.5,62.5,20.5,Low,50.7,46.1,Hot,27.13,Medium,230.6,19.26,0
B02,Computer Lab,Laboratory,28000,3,2025-08-08 23:00:00,23,4,8,0,31.7,60.6,15.3,Low,46.0,51.9,Hot,29.93,Medium,254.4,21.25,0
B04,Hostel,Dormitory,60000,6,2025-08-08 23:00:00,23,4,8,0,32.0,64.9,29.5,Low,59.3,60.9,Hot,39.48,High,335.58,28.03,0
B01,Academic Block,Classroom,45000,4,2025-08-08 23:00:00,23,4,8,0,30.9,57.2,7.9,Low,40.4,54.2,Hot,24.92,Medium,211.82,17.69,0
B01,Academic Block,Classroom,45000,4,2025-08-08 23:00:00,23,4,8,0,31.8,63.8,13.6,Low,36.8,42.1,Hot,26.32,Medium,223.72,18.69,0
B05,Administration,Office,18000,3,2025-08-09 00:00:00,0,5,8,1,32.0,59.5,11.4,Low,49.6,32.4,Hot,16.78,Low,142.63,11.91,0
B04,Hostel,Dormitory,60000,6,2025-08-09 00:00:00,0,5,8,1,28.3,66.5,10.3,Low,38.8,33.3,Moderate,27.56,Medium,234.26,19.57,0
B04,Hostel,Dormitory,60000,6,2025-08-09 01:00:00,1,5,8,1,30.9,59.7,12.0,Low,43.1,43.0,Hot,35.96,High,305.66,25.53,0
B05,Administration,Office,18000,3,2025-08-09 03:00:00,3,5,8,1,29.2,74.1,10.1,Low,27.2,43.4,Hot,22.49,Low,191.16,15.97,0
B05,Administration,Office,18000,3,2025-08-09 03:00:00,3,5,8,1,27.2,46.1,1.0,Low,38.6,32.2,Moderate,19.09,Low,162.26,13.55,0
B03,Library,Library,22000,3,2025-08-09 03:00:00,3,5,8,1,30.6,64.9,11.6,Low,45.5,45.5,Hot,21.56,Low,183.26,15.31,0
B06,Research Lab,Laboratory,35000,4,2025-08-09 05:00:00,5,5,8,1,29.3,67.6,11.8,Low,39.2,48.3,Hot,22.21,Low,188.78,15.77,0
B03,Library,Library,22000,3,2025-08-09 07:00:00,7,5,8,1,28.6,53.3,12.9,Low,19.3,27.6,Moderate,13.86,Low,117.81,9.84,0
B03,Library,Library,22000,3,2025-08-09 08:00:00,8,5,8,1,29.2,74.4,5.0,Low,32.7,18.6,Hot,20.19,Low,171.62,14.33,0
B06,Research Lab,Laboratory,35000,4,2025-08-09 09:00:00,9,5,8,1,28.8,62.1,6.4,Low,46.0,15.6,Moderate,27.45,Medium,233.32,19.49,0
B02,Computer Lab,Laboratory,28000,3,2025-08-09 09:00:00,9,5,8,1,27.2,62.4,23.5,Low,40.4,36.8,Moderate,22.84,Low,194.14,16.22,0
B03,Library,Library,22000,3,2025-08-09 09:00:00,9,5,8,1,29.4,64.1,6.8,Low,28.4,27.0,Hot,17.59,Low,149.51,12.49,0
B05,Administration,Office,18000,3,2025-08-09 11:00:00,11,5,8,1,30.2,67.1,15.6,Low,36.9,23.7,Hot,26.91,Medium,228.74,19.11,0
B03,Library,Library,22000,3,2025-08-09 11:00:00,11,5,8,1,27.2,64.2,6.4,Low,29.2,13.9,Moderate,10.65,Low,90.52,7.56,0
B06,Research Lab,Laboratory,35000,4,2025-08-09 12:00:00,12,5,8,1,30.6,61.2,0.0,Low,42.3,20.8,Hot,27.04,Medium,229.84,19.2,0
B05,Administration,Office,18000,3,2025-08-09 13:00:00,13,5,8,1,29.3,67.4,11.3,Low,28.0,25.1,Hot,13.9,Low,118.15,9.87,0
B01,Academic Block,Classroom,45000,4,2025-08-09 14:00:00,14,5,8,1,31.2,66.8,16.3,Low,48.6,28.7,Hot,25.02,Medium,212.67,17.76,0
B01,Academic Block,Classroom,45000,4,2025-08-09 14:00:00,14,5,8,1,30.5,63.0,9.7,Low,43.4,30.9,Hot,28.75,Medium,244.38,20.41,0
B01,Academic Block,Classroom,45000,4,2025-08-09 15:00:00,15,5,8,1,30.5,49.8,0.0,Low,48.8,6.0,Hot,31.53,High,268.0,22.39,0
B01,Academic Block,Classroom,45000,4,2025-08-09 17:00:00,17,5,8,1,32.5,51.9,0.0,Low,42.1,13.9,Hot,29.92,Medium,254.32,21.24,0
B03,Library,Library,22000,3,2025-08-09 18:00:00,18,5,8,1,31.5,67.4,20.1,Low,36.7,32.0,Hot,28.95,Medium,246.08,20.55,0
B01,Academic Block,Classroom,45000,4,2025-08-09 19:00:00,19,5,8,1,33.8,56.0,11.9,Low,45.1,54.0,Hot,26.47,Medium,225.0,18.79,0
B05,Administration,Office,18000,3,2025-08-09 19:00:00,19,5,8,1,34.1,53.5,16.3,Low,41.5,47.0,Hot,28.78,Medium,244.63,20.43,0
B04,Hostel,Dormitory,60000,6,2025-08-09 20:00:00,20,5,8,1,31.5,62.9,33.6,Low,51.2,57.8,Hot,41.99,High,356.92,29.81,0
B04,Hostel,Dormitory,60000,6,2025-08-09 21:00:00,21,5,8,1,32.0,61.6,23.9,Low,56.8,54.0,Hot,38.07,High,323.6,27.03,0
B01,Academic Block,Classroom,45000,4,2025-08-09 21:00:00,21,5,8,1,31.6,58.2,10.2,Low,35.7,46.3,Hot,31.56,High,268.26,22.41,0
B05,Administration,Office,18000,3,2025-08-09 22:00:00,22,5,8,1,32.6,64.1,0.1,Low,44.7,41.0,Hot,32.38,High,275.23,22.99,0
B02,Computer Lab,Laboratory,28000,3,2025-08-09 22:00:00,22,5,8,1,34.0,48.9,18.6,Low,44.4,56.3,Hot,33.86,High,287.81,24.04,0
B06,Research Lab,Laboratory,35000,4,2025-08-09 23:00:00,23,5,8,1,29.2,49.5,14.2,Low,28.6,36.1,Hot,25.06,Medium,213.01,17.79,0
B03,Library,Library,22000,3,2025-08-10 01:00:00,1,6,8,1,28.6,72.6,17.2,Low,47.5,44.1,Moderate,26.13,Medium,222.1,18.55,0
B03,Library,Library,22000,3,2025-08-10 01:00:00,1,6,8,1,30.6,52.7,21.0,Low,44.2,55.1,Hot,28.44,Medium,241.74,20.19,0
B03,Library,Library,22000,3,2025-08-10 03:00:00,3,6,8,1,30.0,50.7,9.5,Low,40.7,43.4,Hot,20.99,Low,178.42,14.9,0
B02,Computer Lab,Laboratory,28000,3,2025-08-10 04:00:00,4,6,8,1,27.8,60.5,6.8,Low,38.0,42.3,Moderate,22.08,Low,187.68,15.68,0
B02,Computer Lab,Laboratory,28000,3,2025-08-10 05:00:00,5,6,8,1,29.1,61.5,11.3,Low,26.5,40.3,Hot,27.96,Medium,237.66,19.85,0
B04,Hostel,Dormitory,60000,6,2025-08-10 06:00:00,6,6,8,1,27.4,59.7,20.9,Low,35.4,51.9,Moderate,30.67,Medium,260.7,21.78,0
B05,Administration,Office,18000,3,2025-08-10 06:00:00,6,6,8,1,27.8,61.2,1.0,Low,20.9,34.6,Moderate,15.75,Low,133.88,11.18,0
B05,Administration,Office,18000,3,2025-08-10 07:00:00,7,6,8,1,30.2,50.9,12.1,Low,35.9,26.4,Hot,20.97,Low,178.24,14.89,0
B06,Research Lab,Laboratory,35000,4,2025-08-10 07:00:00,7,6,8,1,27.8,67.8,17.6,Low,43.5,30.7,Moderate,26.28,Medium,223.38,18.66,0
B05,Administration,Office,18000,3,2025-08-10 07:00:00,7,6,8,1,27.7,52.1,14.2,Low,37.9,27.3,Moderate,18.44,Low,156.74,13.09,0
B04,Hostel,Dormitory,60000,6,2025-08-10 10:00:00,10,6,8,1,28.7,62.2,19.5,Low,35.2,31.0,Moderate,28.86,Medium,245.31,20.49,0
B04,Hostel,Dormitory,60000,6,2025-08-10 11:00:00,11,6,8,1,30.4,62.3,1.3,Low,35.7,15.1,Hot,32.76,High,278.46,23.26,0
B01,Academic Block,Classroom,45000,4,2025-08-10 11:00:00,11,6,8,1,28.7,66.6,19.6,Low,38.0,37.6,Moderate,24.98,Medium,212.33,17.74,0
B01,Academic Block,Classroom,45000,4,2025-08-10 11:00:00,11,6,8,1,28.0,64.2,7.6,Low,35.3,26.3,Moderate,29.31,Medium,249.14,20.81,0
B01,Academic Block,Classroom,45000,4,2025-08-10 12:00:00,12,6,8,1,30.1,53.3,0.0,Low,30.8,15.3,Hot,24.31,Low,206.64,17.26,0
B04,Hostel,Dormitory,60000,6,2025-08-10 12:00:00,12,6,8,1,30.4,57.8,9.7,Low,37.8,26.6,Hot,36.0,High,306.0,25.56,0
B02,Computer Lab,Laboratory,28000,3,2025-08-10 14:00:00,14,6,8,1,31.9,54.6,6.1,Low,40.9,29.7,Hot,29.59,Medium,251.52,21.01,0
B01,Academic Block,Classroom,45000,4,2025-08-10 15:00:00,15,6,8,1,30.7,49.4,10.9,Low,42.0,18.7,Hot,30.72,Medium,261.12,21.81,0
B01,Academic Block,Classroom,45000,4,2025-08-10 15:00:00,15,6,8,1,31.4,62.9,1.4,Low,38.7,12.6,Hot,24.5,Medium,208.25,17.4,0
B06,Research Lab,Laboratory,35000,4,2025-08-10 15:00:00,15,6,8,1,31.9,54.2,11.1,Low,31.9,23.8,Hot,24.5,Medium,208.25,17.4,0
B02,Computer Lab,Laboratory,28000,3,2025-08-10 15:00:00,15,6,8,1,31.0,61.2,8.0,Low,31.4,22.6,Hot,22.0,Low,187.0,15.62,0
B03,Library,Library,22000,3,2025-08-10 17:00:00,17,6,8,1,33.6,57.3,25.9,Low,53.7,31.8,Hot,25.16,Medium,213.86,17.86,0
B05,Administration,Office,18000,3,2025-08-10 18:00:00,18,6,8,1,32.9,50.7,13.2,Low,42.7,28.4,Hot,21.19,Low,180.12,15.04,0
B04,Hostel,Dormitory,60000,6,2025-08-10 18:00:00,18,6,8,1,34.8,48.7,13.6,Low,45.1,24.8,Hot,35.32,High,300.22,25.08,0
B01,Academic Block,Classroom,45000,4,2025-08-10 20:00:00,20,6,8,1,33.6,55.8,10.4,Low,43.0,48.3,Hot,31.86,High,270.81,22.62,0
B05,Administration,Office,18000,3,2025-08-10 22:00:00,22,6,8,1,29.1,52.5,20.7,Low,38.5,47.2,Hot,23.7,Low,201.45,16.83,0
B04,Hostel,Dormitory,60000,6,2025-08-10 23:00:00,23,6,8,1,31.0,67.1,35.4,Medium,38.0,57.3,Hot,32.53,High,276.5,23.1,0
B02,Computer Lab,Laboratory,28000,3,2025-08-10 23:00:00,23,6,8,1,29.2,71.1,22.6,Low,51.2,51.0,Hot,25.89,Medium,220.06,18.38,0
B04,Hostel,Dormitory,60000,6,2025-08-10 23:00:00,23,6,8,1,30.7,65.9,39.4,Medium,48.8,63.8,Hot,42.11,High,357.94,29.9,0
B02,Computer Lab,Laboratory,28000,3,2025-08-10 23:00:00,23,6,8,1,31.1,62.6,9.3,Low,39.7,37.5,Hot,21.61,Low,183.68,15.34,0
B01,Academic Block,Classroom,45000,4,2025-08-11 03:00:00,3,0,8,0,30.9,60.7,17.1,Low,42.5,48.4,Hot,29.26,Medium,248.71,20.77,0
B06,Research Lab,Laboratory,35000,4,2025-08-11 05:00:00,5,0,8,0,28.1,55.2,17.7,Low,42.9,45.0,Moderate,29.92,Medium,254.32,21.24,0
B03,Library,Library,22000,3,2025-08-11 06:00:00,6,0,8,0,30.5,66.4,18.6,Low,45.9,58.4,Hot,31.9,High,271.15,22.65,0
B01,Academic Block,Classroom,45000,4,2025-08-11 10:00:00,10,0,8,0,27.4,72.7,69.4,Medium,53.6,66.8,Moderate,24.94,Medium,211.99,17.71,0
B01,Academic Block,Classroom,45000,4,2025-08-11 12:00:00,12,0,8,0,28.7,59.7,57.2,Medium,46.8,59.7,Moderate,27.27,Medium,231.8,19.36,0
B01,Academic Block,Classroom,45000,4,2025-08-11 12:00:00,12,0,8,0,27.3,62.9,66.4,Medium,60.2,58.6,Moderate,34.11,High,289.94,24.22,0
B01,Academic Block,Classroom,45000,4,2025-08-11 13:00:00,13,0,8,0,31.8,53.9,67.4,Medium,61.6,68.3,Hot,36.54,High,310.59,25.94,0
B02,Computer Lab,Laboratory,28000,3,2025-08-11 18:00:00,18,0,8,0,34.2,55.3,59.3,Medium,66.3,55.4,Hot,29.87,Medium,253.9,21.21,0
B05,Administration,Office,18000,3,2025-08-11 19:00:00,19,0,8,0,31.9,50.7,20.0,Low,38.3,54.6,Hot,22.77,Low,193.54,16.17,0
B04,Hostel,Dormitory,60000,6,2025-08-11 19:00:00,19,0,8,0,29.9,59.1,27.5,Low,47.7,47.9,Hot,32.49,High,276.17,23.07,0
B02,Computer Lab,Laboratory,28000,3,2025-08-11 19:00:00,19,0,8,0,31.8,62.6,13.0,Low,33.6,44.6,Hot,22.2,Low,188.7,15.76,0
B02,Computer Lab,Laboratory,28000,3,2025-08-11 21:00:00,21,0,8,0,32.4,61.4,11.5,Low,40.4,48.8,Hot,28.19,Medium,239.62,20.01,0
B05,Administration,Office,18000,3,2025-08-11 22:00:00,22,0,8,0,30.9,62.0,16.8,Low,42.7,48.5,Hot,18.32,Low,155.72,13.01,0
B01,Academic Block,Classroom,45000,4,2025-08-11 22:00:00,22,0,8,0,35.4,39.6,24.7,Low,63.2,52.8,Hot,35.81,High,304.38,25.43,0
B03,Library,Library,22000,3,2025-08-11 22:00:00,22,0,8,0,34.6,57.7,16.4,Low,52.4,54.0,Hot,34.96,High,297.16,24.82,0
B01,Academic Block,Classroom,45000,4,2025-08-11 23:00:00,23,0,8,0,28.9,66.2,15.9,Low,46.6,42.8,Moderate,33.89,High,288.06,24.06,0
B01,Academic Block,Classroom,45000,4,2025-08-12 00:00:00,0,1,8,0,29.3,61.5,4.9,Low,37.6,32.8,Hot,22.09,Low,187.76,15.68,0
B04,Hostel,Dormitory,60000,6,2025-08-12 01:00:00,1,1,8,0,31.3,67.9,1.2,Low,30.5,30.7,Hot,32.51,High,276.33,23.08,0
B04,Hostel,Dormitory,60000,6,2025-08-12 01:00:00,1,1,8,0,29.0,61.1,13.8,Low,30.8,40.3,Moderate,33.72,High,286.62,23.94,0
B03,Library,Library,22000,3,2025-08-12 01:00:00,1,1,8,0,30.9,63.1,10.7,Low,44.3,45.1,Hot,20.46,Low,173.91,14.53,0
B01,Academic Block,Classroom,45000,4,2025-08-12 03:00:00,3,1,8,0,29.6,54.3,15.2,Low,33.0,44.9,Hot,23.25,Low,197.62,16.51,0
B01,Academic Block,Classroom,45000,4,2025-08-12 04:00:00,4,1,8,0,29.0,65.9,7.7,Low,26.0,45.7,Moderate,27.03,Medium,229.76,19.19,0
B03,Library,Library,22000,3,2025-08-12 04:00:00,4,1,8,0,30.6,66.0,21.8,Low,37.3,53.7,Hot,23.07,Low,196.1,16.38,0
B01,Academic Block,Classroom,45000,4,2025-08-12 06:00:00,6,1,8,0,31.1,55.1,3.6,Low,39.2,39.5,Hot,26.69,Medium,226.86,18.95,0
B03,Library,Library,22000,3,2025-08-12 08:00:00,8,1,8,0,28.7,52.0,53.5,Medium,46.0,46.4,Moderate,21.38,Low,181.73,15.18,0
B06,Research Lab,Laboratory,35000,4,2025-08-12 08:00:00,8,1,8,0,26.3,60.8,56.1,Medium,54.9,59.9,Moderate,28.83,Medium,245.05,20.47,0
B04,Hostel,Dormitory,60000,6,2025-08-12 09:00:00,9,1,8,0,28.4,55.3,58.7,Medium,54.6,65.3,Moderate,39.1,High,332.35,27.76,0
B02,Computer Lab,Laboratory,28000,3,2025-08-12 10:00:00,10,1,8,0,27.5,67.2,57.2,Medium,51.1,58.4,Moderate,29.04,Medium,246.84,20.62,0
B02,Computer Lab,Laboratory,28000,3,2025-08-12 10:00:00,10,1,8,0,31.3,56.5,54.8,Medium,58.2,51.3,Hot,34.28,High,291.38,24.34,0
B01,Academic Block,Classroom,45000,4,2025-08-12 11:00:00,11,1,8,0,29.7,66.3,67.2,Medium,61.0,57.6,Hot,38.21,High,324.79,27.13,0
B02,Computer Lab,Laboratory,28000,3,2025-08-12 11:00:00,11,1,8,0,29.3,50.6,53.3,Medium,55.5,60.0,Hot,32.53,High,276.5,23.1,0
B01,Academic Block,Classroom,45000,4,2025-08-12 11:00:00,11,1,8,0,29.6,55.5,66.4,Medium,52.0,65.3,Hot,32.0,High,272.0,22.72,0
B02,Computer Lab,Laboratory,28000,3,2025-08-12 12:00:00,12,1,8,0,29.0,56.5,57.9,Medium,60.4,51.6,Moderate,35.38,High,300.73,25.12,0
B01,Academic Block,Classroom,45000,4,2025-08-12 14:00:00,14,1,8,0,32.0,61.3,86.8,High,72.1,82.0,Hot,41.53,High,353.0,29.49,0
B01,Academic Block,Classroom,45000,4,2025-08-12 15:00:00,15,1,8,0,29.7,46.7,63.4,Medium,53.7,62.4,Hot,38.7,High,328.95,27.48,0
B06,Research Lab,Laboratory,35000,4,2025-08-12 15:00:00,15,1,8,0,32.0,57.5,58.2,Medium,63.0,66.6,Hot,35.98,High,305.83,25.55,0
B04,Hostel,Dormitory,60000,6,2025-08-12 15:00:00,15,1,8,0,33.0,56.0,52.5,Medium,50.2,50.3,Hot,41.59,High,353.52,29.53,0
B06,Research Lab,Laboratory,35000,4,2025-08-12 18:00:00,18,1,8,0,30.6,63.1,60.7,Medium,61.9,62.4,Hot,35.53,High,302.0,25.23,0
B02,Computer Lab,Laboratory,28000,3,2025-08-12 19:00:00,19,1,8,0,32.5,59.4,19.3,Low,47.4,55.4,Hot,31.79,High,270.21,22.57,0
B01,Academic Block,Classroom,45000,4,2025-08-12 21:00:00,21,1,8,0,32.6,52.2,25.4,Low,35.1,56.4,Hot,32.62,High,277.27,23.16,0
B04,Hostel,Dormitory,60000,6,2025-08-12 21:00:00,21,1,8,0,30.4,44.9,26.4,Low,56.3,54.0,Hot,37.23,High,316.46,26.43,0
B03,Library,Library,22000,3,2025-08-12 22:00:00,22,1,8,0,29.8,55.8,15.1,Low,31.5,44.6,Hot,24.21,Low,205.78,17.19,0
B04,Hostel,Dormitory,60000,6,2025-08-12 23:00:00,23,1,8,0,30.1,52.1,30.8,Low,48.8,56.5,Hot,38.17,High,324.44,27.1,0
B01,Academic Block,Classroom,45000,4,2025-08-12 23:00:00,23,1,8,0,31.4,51.4,14.3,Low,50.4,43.2,Hot,38.64,High,328.44,27.43,0
B03,Library,Library,22000,3,2025-08-13 00:00:00,0,2,8,0,31.6,54.6,19.8,Low,28.5,46.3,Hot,32.66,High,277.61,23.19,0
B01,Academic Block,Classroom,45000,4,2025-08-13 00:00:00,0,2,8,0,30.5,66.3,23.4,Low,44.9,58.2,Hot,27.71,Medium,235.54,19.67,0
B06,Research Lab,Laboratory,35000,4,2025-08-13 02:00:00,2,2,8,0,32.9,49.8,18.1,Low,51.3,53.8,Hot,32.36,High,275.06,22.98,0
B03,Library,Library,22000,3,2025-08-13 02:00:00,2,2,8,0,31.5,46.8,14.2,Low,48.8,49.3,Hot,20.61,Low,175.18,14.63,0
B03,Library,Library,22000,3,2025-08-13 04:00:00,4,2,8,0,29.7,57.2,19.2,Low,47.9,50.5,Hot,29.28,Medium,248.88,20.79,0
B01,Academic Block,Classroom,45000,4,2025-08-13 04:00:00,4,2,8,0,28.4,60.3,6.1,Low,39.2,40.5,Moderate,23.7,Low,201.45,16.83,0
B04,Hostel,Dormitory,60000,6,2025-08-13 04:00:00,4,2,8,0,29.1,59.3,6.9,Low,33.2,32.4,Hot,31.69,High,269.36,22.5,0
B03,Library,Library,22000,3,2025-08-13 05:00:00,5,2,8,0,30.2,56.2,13.2,Low,42.1,48.4,Hot,18.65,Low,158.52,13.24,0
B01,Academic Block,Classroom,45000,4,2025-08-13 09:00:00,9,2,8,0,29.5,59.7,74.7,High,71.7,71.1,Hot,37.65,High,320.02,26.73,0
B01,Academic Block,Classroom,45000,4,2025-08-13 10:00:00,10,2,8,0,29.6,62.8,64.5,Medium,63.8,57.4,Hot,28.67,Medium,243.7,20.36,0
B05,Administration,Office,18000,3,2025-08-13 11:00:00,11,2,8,0,28.1,56.4,61.4,Medium,48.5,66.3,Moderate,30.25,Medium,257.12,21.48,0
B01,Academic Block,Classroom,45000,4,2025-08-13 13:00:00,13,2,8,0,28.7,69.1,52.7,Medium,56.9,53.7,Moderate,38.57,High,327.84,27.38,0
B05,Administration,Office,18000,3,2025-08-13 16:00:00,16,2,8,0,28.9,60.6,79.4,High,68.3,78.3,Moderate,33.35,High,283.48,23.68,0
B04,Hostel,Dormitory,60000,6,2025-08-13 16:00:00,16,2,8,0,31.8,66.4,49.4,Medium,49.7,54.2,Hot,36.94,High,313.99,26.23,0
B01,Academic Block,Classroom,45000,4,2025-08-13 20:00:00,20,2,8,0,29.7,63.1,0.0,Low,33.7,30.5,Hot,26.59,Medium,226.02,18.88,0
B02,Computer Lab,Laboratory,28000,3,2025-08-13 20:00:00,20,2,8,0,32.0,50.6,13.2,Low,40.9,48.6,Hot,29.88,Medium,253.98,21.21,0
B02,Computer Lab,Laboratory,28000,3,2025-08-13 20:00:00,20,2,8,0,31.4,46.2,15.3,Low,47.8,43.1,Hot,33.89,High,288.06,24.06,0
B06,Research Lab,Laboratory,35000,4,2025-08-13 21:00:00,21,2,8,0,32.3,66.6,10.4,Low,39.7,34.5,Hot,33.43,High,284.15,23.74,0
B01,Academic Block,Classroom,45000,4,2025-08-13 21:00:00,21,2,8,0,33.7,51.7,5.6,Low,39.2,42.9,Hot,27.55,Medium,234.18,19.56,0
B02,Computer Lab,Laboratory,28000,3,2025-08-13 23:00:00,23,2,8,0,33.5,57.5,18.3,Low,53.7,49.7,Hot,37.16,High,315.86,26.38,0
B04,Hostel,Dormitory,60000,6,2025-08-13 23:00:00,23,2,8,0,32.5,54.8,37.5,Medium,44.8,63.7,Hot,39.86,High,338.81,28.3,0
B01,Academic Block,Classroom,45000,4,2025-08-14 00:00:00,0,3,8,0,29.8,70.6,15.7,Low,40.6,50.6,Hot,32.55,High,276.67,23.11,0
B06,Research Lab,Laboratory,35000,4,2025-08-14 00:00:00,0,3,8,0,30.9,59.8,6.7,Low,34.0,34.3,Hot,22.37,Low,190.14,15.88,0
B06,Research Lab,Laboratory,35000,4,2025-08-14 00:00:00,0,3,8,0,29.6,51.7,7.7,Low,42.9,36.0,Hot,29.46,Medium,250.41,20.92,0
B04,Hostel,Dormitory,60000,6,2025-08-14 04:00:00,4,3,8,0,28.0,60.8,9.5,Low,30.5,36.6,Moderate,29.17,Medium,247.95,20.71,0
B06,Research Lab,Laboratory,35000,4,2025-08-14 04:00:00,4,3,8,0,29.7,69.1,9.1,Low,37.3,39.5,Hot,27.81,Medium,236.38,19.75,0
B03,Library,Library,22000,3,2025-08-14 06:00:00,6,3,8,0,26.7,57.5,16.4,Low,19.9,49.0,Moderate,16.11,Low,136.94,11.44,0
B02,Computer Lab,Laboratory,28000,3,2025-08-14 08:00:00,8,3,8,0,27.3,52.2,56.0,Medium,49.2,67.2,Moderate,32.4,High,275.4,23.0,0
B02,Computer Lab,Laboratory,28000,3,2025-08-14 08:00:00,8,3,8,0,26.3,69.1,52.2,Medium,45.0,52.9,Moderate,25.37,Medium,215.64,18.01,0
B02,Computer Lab,Laboratory,28000,3,2025-08-14 09:00:00,9,3,8,0,29.0,54.9,61.8,Medium,54.7,62.2,Moderate,27.1,Medium,230.35,19.24,0
B01,Academic Block,Classroom,45000,4,2025-08-14 09:00:00,9,3,8,0,27.5,51.1,83.2,High,66.8,70.3,Moderate,33.39,High,283.82,23.71,0
B02,Computer Lab,Laboratory,28000,3,2025-08-14 11:00:00,11,3,8,0,25.2,58.2,53.3,Medium,48.0,52.2,Moderate,26.11,Medium,221.94,18.54,0
B06,Research Lab,Laboratory,35000,4,2025-08-14 12:00:00,12,3,8,0,31.4,61.4,53.8,Medium,58.1,45.1,Hot,34.56,High,293.76,24.54,0
B01,Academic Block,Classroom,45000,4,2025-08-14 13:00:00,13,3,8,0,30.9,63.0,65.7,Medium,54.6,75.7,Hot,38.84,High,330.14,27.58,0
B04,Hostel,Dormitory,60000,6,2025-08-14 13:00:00,13,3,8,0,26.4,66.3,56.3,Medium,60.4,47.8,Moderate,33.93,High,288.4,24.09,0
B01,Academic Block,Classroom,45000,4,2025-08-14 13:00:00,13,3,8,0,30.5,53.1,70.6,High,49.0,65.4,Hot,38.0,High,323.0,26.98,0
B02,Computer Lab,Laboratory,28000,3,2025-08-14 13:00:00,13,3,8,0,31.7,65.6,58.0,Medium,50.6,57.8,Hot,36.35,High,308.98,25.81,0
B01,Academic Block,Classroom,45000,4,2025-08-14 15:00:00,15,3,8,0,30.2,65.6,63.5,Medium,52.4,71.5,Hot,38.49,High,327.17,27.33,0
B04,Hostel,Dormitory,60000,6,2025-08-14 15:00:00,15,3,8,0,30.7,63.5,65.7,Medium,59.8,65.4,Hot,40.79,High,346.72,28.96,0
B03,Library,Library,22000,3,2025-08-14 16:00:00,16,3,8,0,30.5,52.9,62.9,Medium,57.6,55.2,Hot,35.03,High,297.76,24.87,0
B01,Academic Block,Classroom,45000,4,2025-08-14 17:00:00,17,3,8,0,32.1,54.8,78.7,High,61.2,72.5,Hot,38.4,High,326.4,27.26,0
B02,Computer Lab,Laboratory,28000,3,2025-08-14 19:00:00,19,3,8,0,33.4,60.3,16.9,Low,47.5,48.0,Hot,35.24,High,299.54,25.02,0
B02,Computer Lab,Laboratory,28000,3,2025-08-14 19:00:00,19,3,8,0,30.1,64.7,11.3,Low,45.5,40.2,Hot,32.73,High,278.2,23.24,0
B04,Hostel,Dormitory,60000,6,2025-08-14 20:00:00,20,3,8,0,30.9,53.0,34.8,Low,48.5,57.4,Hot,42.17,High,358.44,29.94,0
B01,Academic Block,Classroom,45000,4,2025-08-14 22:00:00,22,3,8,0,31.8,71.6,24.6,Low,38.7,49.4,Hot,30.26,Medium,257.21,21.48,0
B06,Research Lab,Laboratory,35000,4,2025-08-14 23:00:00,23,3,8,0,31.8,58.4,15.6,Low,42.5,42.8,Hot,27.14,Medium,230.69,19.27,0
B06,Research Lab,Laboratory,35000,4,2025-08-14 23:00:00,23,3,8,0,32.0,65.8,0.0,Low,33.1,30.3,Hot,24.9,Medium,211.65,17.68,0
B02,Computer Lab,Laboratory,28000,3,2025-08-14 23:00:00,23,3,8,0,31.1,51.2,21.8,Low,35.6,46.9,Hot,24.79,Medium,210.72,17.6,0
B04,Hostel,Dormitory,60000,6,2025-08-15 01:00:00,1,4,8,0,29.1,62.9,22.5,Low,40.9,50.2,Hot,31.55,High,268.18,22.4,0
B01,Academic Block,Classroom,45000,4,2025-08-15 02:00:00,2,4,8,0,31.3,50.9,20.7,Low,38.6,54.2,Hot,29.85,Medium,253.73,21.19,0
B06,Research Lab,Laboratory,35000,4,2025-08-15 04:00:00,4,4,8,0,27.0,64.2,2.6,Low,27.9,30.5,Moderate,25.82,Medium,219.47,18.33,0
B02,Computer Lab,Laboratory,28000,3,2025-08-15 05:00:00,5,4,8,0,27.7,65.9,14.7,Low,37.9,41.9,Moderate,27.36,Medium,232.56,19.43,0
B02,Computer Lab,Laboratory,28000,3,2025-08-15 05:00:00,5,4,8,0,28.5,65.6,19.2,Low,40.3,49.6,Moderate,29.59,Medium,251.52,21.01,0
B02,Computer Lab,Laboratory,28000,3,2025-08-15 06:00:00,6,4,8,0,28.9,56.5,12.1,Low,43.9,46.6,Moderate,29.24,Medium,248.54,20.76,0
B02,Computer Lab,Laboratory,28000,3,2025-08-15 06:00:00,6,4,8,0,27.7,49.9,14.7,Low,25.1,53.3,Moderate,23.55,Low,200.18,16.72,0
B04,Hostel,Dormitory,60000,6,2025-08-15 07:00:00,7,4,8,0,29.1,63.8,15.9,Low,37.1,30.4,Hot,34.17,High,290.44,24.26,0
B04,Hostel,Dormitory,60000,6,2025-08-15 07:00:00,7,4,8,0,29.8,58.2,6.2,Low,42.3,20.3,Hot,30.67,Medium,260.7,21.78,0
B04,Hostel,Dormitory,60000,6,2025-08-15 08:00:00,8,4,8,0,26.9,60.5,54.3,Medium,37.7,55.5,Moderate,36.45,High,309.83,25.88,0
B02,Computer Lab,Laboratory,28000,3,2025-08-15 08:00:00,8,4,8,0,28.5,55.5,51.9,Medium,48.8,53.2,Moderate,29.42,Medium,250.07,20.89,0
B04,Hostel,Dormitory,60000,6,2025-08-15 10:00:00,10,4,8,0,28.5,61.6,50.3,Medium,50.5,46.8,Moderate,36.69,High,311.86,26.05,0
B04,Hostel,Dormitory,60000,6,2025-08-15 10:00:00,10,4,8,0,27.6,62.7,47.0,Medium,40.0,52.1,Moderate,33.92,High,288.32,24.08,0
B02,Computer Lab,Laboratory,28000,3,2025-08-15 10:00:00,10,4,8,0,25.3,71.9,64.9,Medium,44.6,61.4,Moderate,23.7,Low,201.45,16.83,0
B01,Academic Block,Classroom,45000,4,2025-08-15 11:00:00,11,4,8,0,29.0,47.5,71.3,High,50.4,69.1,Moderate,33.31,High,283.14,23.65,0
B02,Computer Lab,Laboratory,28000,3,2025-08-15 11:00:00,11,4,8,0,29.2,52.2,62.8,Medium,56.6,57.3,Hot,34.86,High,296.31,24.75,0
B05,Administration,Office,18000,3,2025-08-15 14:00:00,14,4,8,0,31.5,62.8,64.7,Medium,44.7,63.0,Hot,32.28,High,274.38,22.92,0
B03,Library,Library,22000,3,2025-08-15 15:00:00,15,4,8,0,29.9,45.5,58.0,Medium,49.9,53.8,Hot,29.41,Medium,249.98,20.88,0
B01,Academic Block,Classroom,45000,4,2025-08-15 15:00:00,15,4,8,0,29.4,56.2,80.7,High,57.2,78.1,Hot,33.26,High,282.71,23.61,0
B03,Library,Library,22000,3,2025-08-15 16:00:00,16,4,8,0,29.5,77.8,64.2,Medium,61.4,61.8,Hot,27.72,Medium,235.62,19.68,0
B01,Academic Block,Classroom,45000,4,2025-08-15 17:00:00,17,4,8,0,26.8,61.4,59.9,Medium,40.2,60.7,Moderate,24.76,Medium,210.46,17.58,0
B01,Academic Block,Classroom,45000,4,2025-08-15 17:00:00,17,4,8,0,30.7,65.1,62.9,Medium,65.5,59.9,Hot,38.47,High,327.0,27.31,0
B06,Research Lab,Laboratory,35000,4,2025-08-15 18:00:00,18,4,8,0,35.8,44.4,57.3,Medium,69.4,61.3,Hot,41.64,High,353.94,29.56,0
B03,Library,Library,22000,3,2025-08-15 19:00:00,19,4,8,0,33.7,62.7,10.3,Low,50.9,44.4,Hot,29.03,Medium,246.76,20.61,0
B04,Hostel,Dormitory,60000,6,2025-08-15 19:00:00,19,4,8,0,30.3,57.9,26.2,Low,41.5,50.4,Hot,37.03,High,314.76,26.29,0
B01,Academic Block,Classroom,45000,4,2025-08-15 19:00:00,19,4,8,0,31.0,62.0,16.1,Low,39.3,42.4,Hot,25.52,Medium,216.92,18.12,0
B05,Administration,Office,18000,3,2025-08-15 20:00:00,20,4,8,0,31.1,63.8,11.6,Low,35.7,47.9,Hot,22.93,Low,194.9,16.28,0
B04,Hostel,Dormitory,60000,6,2025-08-15 20:00:00,20,4,8,0,34.0,54.0,33.5,Low,56.8,48.5,Hot,48.7,High,413.95,34.58,0
B02,Computer Lab,Laboratory,28000,3,2025-08-15 21:00:00,21,4,8,0,35.1,60.1,0.0,Low,41.5,41.8,Hot,31.2,High,265.2,22.15,0
B06,Research Lab,Laboratory,35000,4,2025-08-15 22:00:00,22,4,8,0,31.7,51.6,1.0,Low,33.0,32.0,Hot,31.84,High,270.64,22.61,0
B05,Administration,Office,18000,3,2025-08-15 22:00:00,22,4,8,0,32.0,59.6,8.2,Low,38.7,44.3,Hot,23.8,Low,202.3,16.9,0
B03,Library,Library,22000,3,2025-08-15 23:00:00,23,4,8,0,32.1,62.8,16.3,Low,46.1,49.0,Hot,26.83,Medium,228.05,19.05,0
B02,Computer Lab,Laboratory,28000,3,2025-08-15 23:00:00,23,4,8,0,31.3,56.0,15.3,Low,34.5,44.5,Hot,27.34,Medium,232.39,19.41,0
B04,Hostel,Dormitory,60000,6,2025-08-15 23:00:00,23,4,8,0,31.7,52.7,39.1,Medium,45.4,65.7,Hot,42.68,High,362.78,30.3,0
B04,Hostel,Dormitory,60000,6,2025-08-16 00:00:00,0,5,8,1,30.9,56.9,7.1,Low,46.6,40.5,Hot,33.79,High,287.21,23.99,0
B03,Library,Library,22000,3,2025-08-16 00:00:00,0,5,8,1,31.5,67.2,16.8,Low,37.5,51.3,Hot,26.42,Medium,224.57,18.76,0
B04,Hostel,Dormitory,60000,6,2025-08-16 02:00:00,2,5,8,1,26.8,69.9,22.7,Low,45.3,48.0,Moderate,36.11,High,306.94,25.64,0
B03,Library,Library,22000,3,2025-08-16 04:00:00,4,5,8,1,28.1,67.6,18.5,Low,34.3,52.1,Moderate,24.6,Medium,209.1,17.47,0
B03,Library,Library,22000,3,2025-08-16 04:00:00,4,5,8,1,27.0,74.0,3.0,Low,21.9,27.5,Moderate,18.41,Low,156.49,13.07,0
B06,Research Lab,Laboratory,35000,4,2025-08-16 06:00:00,6,5,8,1,29.1,61.8,19.8,Low,47.9,52.7,Hot,32.36,High,275.06,22.98,0
B05,Administration,Office,18000,3,2025-08-16 06:00:00,6,5,8,1,26.9,64.7,14.3,Low,44.3,45.6,Moderate,19.7,Low,167.45,13.99,0
B05,Administration,Office,18000,3,2025-08-16 07:00:00,7,5,8,1,25.5,50.6,15.2,Low,28.1,28.6,Moderate,15.14,Low,128.69,10.75,0
B01,Academic Block,Classroom,45000,4,2025-08-16 10:00:00,10,5,8,1,25.4,58.3,29.5,Low,43.0,40.0,Moderate,27.47,Medium,233.5,19.5,0
B03,Library,Library,22000,3,2025-08-16 10:00:00,10,5,8,1,28.7,65.6,13.7,Low,37.5,32.4,Moderate,21.46,Low,182.41,15.24,0
B06,Research Lab,Laboratory,35000,4,2025-08-16 11:00:00,11,5,8,1,27.0,69.5,16.4,Low,35.7,27.8,Moderate,26.62,Medium,226.27,18.9,0
B05,Administration,Office,18000,3,2025-08-16 13:00:00,13,5,8,1,29.1,52.7,12.7,Low,39.1,20.0,Hot,22.84,Low,194.14,16.22,0
B01,Academic Block,Classroom,45000,4,2025-08-16 14:00:00,14,5,8,1,32.2,58.6,10.3,Low,42.1,31.6,Hot,29.37,Medium,249.64,20.85,0
B06,Research Lab,Laboratory,35000,4,2025-08-16 14:00:00,14,5,8,1,30.4,75.8,14.6,Low,40.8,27.6,Hot,23.6,Low,200.6,16.76,0
B01,Academic Block,Classroom,45000,4,2025-08-16 17:00:00,17,5,8,1,30.4,60.1,8.9,Low,38.3,25.9,Hot,19.21,Low,163.28,13.64,0
B04,Hostel,Dormitory,60000,6,2025-08-16 17:00:00,17,5,8,1,29.4,71.6,13.0,Low,34.4,22.7,Hot,31.85,High,270.73,22.61,0
B02,Computer Lab,Laboratory,28000,3,2025-08-16 17:00:00,17,5,8,1,31.9,61.9,9.9,Low,37.0,20.3,Hot,30.42,Medium,258.57,21.6,0
B04,Hostel,Dormitory,60000,6,2025-08-16 17:00:00,17,5,8,1,31.0,64.1,0.0,Low,29.3,15.6,Hot,29.97,Medium,254.74,21.28,0
B02,Computer Lab,Laboratory,28000,3,2025-08-16 19:00:00,19,5,8,1,32.6,52.6,8.6,Low,30.8,44.1,Hot,34.89,High,296.56,24.77,0
B03,Library,Library,22000,3,2025-08-16 20:00:00,20,5,8,1,28.2,51.2,18.7,Low,37.2,50.4,Moderate,21.9,Low,186.15,15.55,0
B05,Administration,Office,18000,3,2025-08-16 21:00:00,21,5,8,1,33.4,63.3,15.6,Low,40.9,41.7,Hot,33.97,High,288.74,24.12,0
B04,Hostel,Dormitory,60000,6,2025-08-17 01:00:00,1,6,8,1,27.7,65.0,10.4,Low,24.1,50.4,Moderate,29.91,Medium,254.24,21.24,0
B05,Administration,Office,18000,3,2025-08-17 03:00:00,3,6,8,1,28.5,62.6,12.7,Low,31.2,38.6,Moderate,47.93,High,407.4,34.03,1
B02,Computer Lab,Laboratory,28000,3,2025-08-17 03:00:00,3,6,8,1,31.3,50.7,6.4,Low,35.8,41.4,Hot,25.39,Medium,215.82,18.03,0
B04,Hostel,Dormitory,60000,6,2025-08-17 04:00:00,4,6,8,1,25.4,62.2,7.1,Low,25.3,40.4,Moderate,32.3,High,274.55,22.93,0
B02,Computer Lab,Laboratory,28000,3,2025-08-17 07:00:00,7,6,8,1,27.7,58.5,12.0,Low,42.8,36.6,Moderate,26.69,Medium,226.86,18.95,0
B05,Administration,Office,18000,3,2025-08-17 07:00:00,7,6,8,1,27.4,59.4,10.5,Low,29.8,20.7,Moderate,17.94,Low,152.49,12.74,0
B02,Computer Lab,Laboratory,28000,3,2025-08-17 07:00:00,7,6,8,1,27.8,64.4,6.7,Low,41.5,13.9,Moderate,24.03,Low,204.26,17.06,0
B03,Library,Library,22000,3,2025-08-17 08:00:00,8,6,8,1,28.3,67.3,11.5,Low,30.9,26.9,Moderate,23.83,Low,202.55,16.92,0
B02,Computer Lab,Laboratory,28000,3,2025-08-17 08:00:00,8,6,8,1,27.7,64.8,4.2,Low,34.6,15.6,Moderate,21.36,Low,181.56,15.17,0
B01,Academic Block,Classroom,45000,4,2025-08-17 10:00:00,10,6,8,1,26.0,65.6,23.0,Low,29.2,37.6,Moderate,24.82,Medium,210.97,17.62,0
B04,Hostel,Dormitory,60000,6,2025-08-17 10:00:00,10,6,8,1,28.1,63.3,18.3,Low,47.7,33.1,Moderate,42.2,High,358.7,29.96,0
B03,Library,Library,22000,3,2025-08-17 11:00:00,11,6,8,1,28.3,61.1,0.0,Low,38.7,18.5,Moderate,20.07,Low,170.6,14.25,0
B02,Computer Lab,Laboratory,28000,3,2025-08-17 12:00:00,12,6,8,1,28.6,56.3,17.9,Low,42.6,24.5,Moderate,29.41,Medium,249.98,20.88,0
B04,Hostel,Dormitory,60000,6,2025-08-17 14:00:00,14,6,8,1,32.9,59.0,9.4,Low,54.8,26.4,Hot,36.32,High,308.72,25.79,0
B03,Library,Library,22000,3,2025-08-17 15:00:00,15,6,8,1,32.2,64.5,8.2,Low,46.5,32.7,Hot,22.5,Low,191.25,15.98,0
B04,Hostel,Dormitory,60000,6,2025-08-17 15:00:00,15,6,8,1,33.0,57.8,17.3,Low,48.5,26.1,Hot,40.08,High,340.68,28.46,0
B02,Computer Lab,Laboratory,28000,3,2025-08-17 16:00:00,16,6,8,1,31.2,53.6,11.0,Low,32.3,22.3,Hot,26.55,Medium,225.68,18.85,0
B06,Research Lab,Laboratory,35000,4,2025-08-17 17:00:00,17,6,8,1,33.8,49.6,9.3,Low,30.4,21.3,Hot,30.25,Medium,257.12,21.48,0
B04,Hostel,Dormitory,60000,6,2025-08-17 17:00:00,17,6,8,1,29.9,54.4,2.7,Low,27.4,15.5,Hot,23.78,Low,202.13,16.88,0
B05,Administration,Office,18000,3,2025-08-17 17:00:00,17,6,8,1,30.6,52.5,18.4,Low,31.8,29.5,Hot,14.45,Low,122.82,10.26,0
B01,Academic Block,Classroom,45000,4,2025-08-17 19:00:00,19,6,8,1,30.8,80.6,19.3,Low,37.8,49.6,Hot,22.21,Low,188.78,15.77,0
B02,Computer Lab,Laboratory,28000,3,2025-08-17 19:00:00,19,6,8,1,30.9,54.1,13.1,Low,47.2,44.5,Hot,29.53,Medium,251.0,20.97,0
B02,Computer Lab,Laboratory,28000,3,2025-08-17 20:00:00,20,6,8,1,31.8,59.3,3.8,Low,32.6,33.4,Hot,22.72,Low,193.12,16.13,0
B05,Administration,Office,18000,3,2025-08-17 20:00:00,20,6,8,1,32.0,58.8,14.1,Low,40.2,51.5,Hot,17.9,Low,152.15,12.71,0
B05,Administration,Office,18000,3,2025-08-17 20:00:00,20,6,8,1,32.4,69.0,16.5,Low,44.8,49.2,Hot,21.98,Low,186.83,15.61,0
B01,Academic Block,Classroom,45000,4,2025-08-17 21:00:00,21,6,8,1,34.3,60.6,11.8,Low,46.8,48.7,Hot,27.25,Medium,231.62,19.35,0
B02,Computer Lab,Laboratory,28000,3,2025-08-17 23:00:00,23,6,8,1,28.9,64.9,18.2,Low,35.2,51.6,Moderate,23.91,Low,203.24,16.98,0
B01,Academic Block,Classroom,45000,4,2025-08-18 01:00:00,1,0,8,0,28.4,63.5,13.2,Low,43.3,31.6,Moderate,23.51,Low,199.84,16.69,0
B01,Academic Block,Classroom,45000,4,2025-08-18 01:00:00,1,0,8,0,26.5,65.7,14.1,Low,33.2,50.1,Moderate,47.49,High,403.66,33.72,1
B01,Academic Block,Classroom,45000,4,2025-08-18 01:00:00,1,0,8,0,28.9,64.1,22.4,Low,41.3,55.9,Moderate,28.71,Medium,244.04,20.38,0
B06,Research Lab,Laboratory,35000,4,2025-08-18 01:00:00,1,0,8,0,29.5,57.0,8.6,Low,51.4,42.7,Hot,27.15,Medium,230.77,19.28,0
B05,Administration,Office,18000,3,2025-08-18 03:00:00,3,0,8,0,28.1,56.1,1.0,Low,41.8,46.6,Moderate,21.19,Low,180.12,15.04,0
B03,Library,Library,22000,3,2025-08-18 06:00:00,6,0,8,0,26.2,64.5,10.8,Low,31.5,48.3,Moderate,14.56,Low,123.76,10.34,0
B04,Hostel,Dormitory,60000,6,2025-08-18 10:00:00,10,0,8,0,28.1,58.8,47.1,Medium,50.7,55.4,Moderate,35.03,High,297.76,24.87,0
B04,Hostel,Dormitory,60000,6,2025-08-18 14:00:00,14,0,8,0,29.1,63.0,41.0,Medium,41.6,37.3,Hot,32.22,High,273.87,22.88,0
B05,Administration,Office,18000,3,2025-08-18 14:00:00,14,0,8,0,28.3,54.8,67.1,Medium,42.3,72.0,Moderate,26.2,Medium,222.7,18.6,0
B04,Hostel,Dormitory,60000,6,2025-08-18 22:00:00,22,0,8,0,31.6,49.4,32.0,Low,52.6,62.4,Hot,31.95,High,271.58,22.68,0
B02,Computer Lab,Laboratory,28000,3,2025-08-18 22:00:00,22,0,8,0,30.5,51.6,0.0,Low,29.0,28.3,Hot,31.95,High,271.58,22.68,0
B02,Computer Lab,Laboratory,28000,3,2025-08-18 23:00:00,23,0,8,0,32.8,58.2,22.8,Low,50.8,53.7,Hot,33.64,High,285.94,23.88,0
B03,Library,Library,22000,3,2025-08-19 00:00:00,0,1,8,0,30.3,49.5,6.9,Low,50.2,31.7,Hot,23.65,Low,201.02,16.79,0
B03,Library,Library,22000,3,2025-08-19 01:00:00,1,1,8,0,29.6,75.0,7.7,Low,25.1,44.2,Hot,12.77,Low,108.54,9.07,0
B01,Academic Block,Classroom,45000,4,2025-08-19 04:00:00,4,1,8,0,29.0,75.5,18.6,Low,25.4,49.9,Moderate,26.73,Medium,227.2,18.98,0
B04,Hostel,Dormitory,60000,6,2025-08-19 04:00:00,4,1,8,0,25.6,70.7,15.0,Low,26.2,43.3,Moderate,28.77,Medium,244.54,20.43,0
B02,Computer Lab,Laboratory,28000,3,2025-08-19 06:00:00,6,1,8,0,29.7,58.7,19.6,Low,45.6,53.2,Hot,31.88,High,270.98,22.63,0
B02,Computer Lab,Laboratory,28000,3,2025-08-19 06:00:00,6,1,8,0,29.0,58.4,0.0,Low,40.1,31.2,Moderate,22.83,Low,194.05,16.21,0
B06,Research Lab,Laboratory,35000,4,2025-08-19 07:00:00,7,1,8,0,26.5,65.9,10.0,Low,36.5,23.1,Moderate,23.23,Low,197.46,16.49,0
B02,Computer Lab,Laboratory,28000,3,2025-08-19 07:00:00,7,1,8,0,26.0,68.4,12.9,Low,33.4,30.2,Moderate,22.41,Low,190.48,15.91,0
B05,Administration,Office,18000,3,2025-08-19 09:00:00,9,1,8,0,26.1,66.2,71.8,High,52.6,67.1,Moderate,31.31,High,266.14,22.23,0
B03,Library,Library,22000,3,2025-08-19 10:00:00,10,1,8,0,25.7,55.3,49.0,Medium,44.6,47.0,Moderate,17.92,Low,152.32,12.72,0
B01,Academic Block,Classroom,45000,4,2025-08-19 11:00:00,11,1,8,0,25.6,63.2,64.2,Medium,56.1,68.6,Moderate,26.27,Medium,223.3,18.65,0
B04,Hostel,Dormitory,60000,6,2025-08-19 17:00:00,17,1,8,0,28.8,65.7,52.0,Medium,46.6,54.6,Moderate,29.32,Medium,249.22,20.82,0
B06,Research Lab,Laboratory,35000,4,2025-08-19 17:00:00,17,1,8,0,27.0,46.9,64.1,Medium,51.7,73.1,Moderate,37.61,High,319.68,26.7,0
B06,Research Lab,Laboratory,35000,4,2025-08-19 18:00:00,18,1,8,0,30.8,52.6,51.0,Medium,46.8,55.8,Hot,37.56,High,319.26,26.67,0
B04,Hostel,Dormitory,60000,6,2025-08-19 19:00:00,19,1,8,0,31.3,63.6,37.7,Medium,52.1,67.1,Hot,35.33,High,300.3,25.08,0
B05,Administration,Office,18000,3,2025-08-19 19:00:00,19,1,8,0,33.4,56.1,7.9,Low,43.4,42.7,Hot,20.19,Low,171.62,14.33,0
B04,Hostel,Dormitory,60000,6,2025-08-19 21:00:00,21,1,8,0,33.0,56.4,34.6,Low,67.4,63.7,Hot,46.19,High,392.62,32.79,0
B03,Library,Library,22000,3,2025-08-19 23:00:00,23,1,8,0,29.9,68.8,10.6,Low,29.1,46.0,Hot,15.86,Low,134.81,11.26,0
B01,Academic Block,Classroom,45000,4,2025-08-19 23:00:00,23,1,8,0,30.6,60.1,13.9,Low,46.0,48.8,Hot,28.02,Medium,238.17,19.89,0
B06,Research Lab,Laboratory,35000,4,2025-08-19 23:00:00,23,1,8,0,32.6,55.6,13.5,Low,40.7,39.5,Hot,29.6,Medium,251.6,21.02,0
B01,Academic Block,Classroom,45000,4,2025-08-19 23:00:00,23,1,8,0,30.3,58.6,20.9,Low,47.2,46.4,Hot,40.71,High,346.04,28.9,0
B02,Computer Lab,Laboratory,28000,3,2025-08-20 02:00:00,2,2,8,0,29.8,59.2,10.4,Low,42.2,46.1,Hot,25.93,Medium,220.4,18.41,0
B01,Academic Block,Classroom,45000,4,2025-08-20 02:00:00,2,2,8,0,28.6,56.3,9.9,Low,33.6,42.9,Moderate,29.76,Medium,252.96,21.13,0
B01,Academic Block,Classroom,45000,4,2025-08-20 02:00:00,2,2,8,0,29.6,59.8,19.5,Low,34.3,45.8,Hot,28.82,Medium,244.97,20.46,0
B06,Research Lab,Laboratory,35000,4,2025-08-20 02:00:00,2,2,8,0,29.6,53.3,21.8,Low,35.0,52.9,Hot,27.37,Medium,232.64,19.43,0
B04,Hostel,Dormitory,60000,6,2025-08-20 03:00:00,3,2,8,0,28.5,59.9,9.2,Low,35.6,50.0,Moderate,29.73,Medium,252.7,21.11,0
B03,Library,Library,22000,3,2025-08-20 12:00:00,12,2,8,0,30.1,57.3,59.7,Medium,51.1,60.7,Hot,28.81,Medium,244.88,20.46,0
B01,Academic Block,Classroom,45000,4,2025-08-20 13:00:00,13,2,8,0,27.7,64.5,60.6,Medium,50.1,62.6,Moderate,32.31,High,274.64,22.94,0
B01,Academic Block,Classroom,45000,4,2025-08-20 14:00:00,14,2,8,0,29.7,71.8,71.5,High,51.4,70.9,Hot,33.3,High,283.05,23.64,0
B02,Computer Lab,Laboratory,28000,3,2025-08-20 15:00:00,15,2,8,0,32.7,60.7,65.2,Medium,65.1,60.8,Hot,39.85,High,338.72,28.29,0
B01,Academic Block,Classroom,45000,4,2025-08-20 18:00:00,18,2,8,0,31.7,60.4,64.7,Medium,54.7,63.3,Hot,36.65,High,311.52,26.02,0
B04,Hostel,Dormitory,60000,6,2025-08-20 18:00:00,18,2,8,0,30.0,62.6,58.8,Medium,52.5,48.7,Hot,36.65,High,311.52,26.02,0
B01,Academic Block,Classroom,45000,4,2025-08-20 18:00:00,18,2,8,0,31.8,53.5,64.8,Medium,68.2,58.9,Hot,36.5,High,310.25,25.92,0
B01,Academic Block,Classroom,45000,4,2025-08-20 19:00:00,19,2,8,0,35.1,61.8,12.2,Low,48.7,43.8,Hot,37.01,High,314.58,26.28,0
B03,Library,Library,22000,3,2025-08-20 19:00:00,19,2,8,0,31.5,62.6,14.7,Low,46.8,40.1,Hot,20.74,Low,176.29,14.73,0
B04,Hostel,Dormitory,60000,6,2025-08-20 21:00:00,21,2,8,0,32.6,58.6,25.3,Low,42.2,53.9,Hot,34.67,High,294.7,24.62,0
B02,Computer Lab,Laboratory,28000,3,2025-08-20 21:00:00,21,2,8,0,31.4,62.4,2.5,Low,39.5,35.4,Hot,22.15,Low,188.27,15.73,0
B01,Academic Block,Classroom,45000,4,2025-08-20 22:00:00,22,2,8,0,31.7,61.9,14.0,Low,44.9,52.1,Hot,29.09,Medium,247.26,20.65,0
B01,Academic Block,Classroom,45000,4,2025-08-20 23:00:00,23,2,8,0,30.8,62.7,6.8,Low,32.4,50.2,Hot,26.44,Medium,224.74,18.77,0
B05,Administration,Office,18000,3,2025-08-21 00:00:00,0,3,8,0,28.9,68.8,3.5,Low,34.0,37.3,Moderate,14.5,Low,123.25,10.3,0
B04,Hostel,Dormitory,60000,6,2025-08-21 03:00:00,3,3,8,0,29.5,56.1,17.4,Low,37.1,49.9,Hot,33.44,High,284.24,23.74,0
B03,Library,Library,22000,3,2025-08-21 05:00:00,5,3,8,0,26.2,73.2,22.6,Low,37.1,58.0,Moderate,21.09,Low,179.26,14.97,0
B01,Academic Block,Classroom,45000,4,2025-08-21 09:00:00,9,3,8,0,27.0,52.2,72.6,High,46.5,69.4,Moderate,35.97,High,305.74,25.54,0
B05,Administration,Office,18000,3,2025-08-21 09:00:00,9,3,8,0,30.4,65.3,54.4,Medium,47.9,57.9,Hot,29.99,Medium,254.92,21.29,0
B04,Hostel,Dormitory,60000,6,2025-08-21 09:00:00,9,3,8,0,27.4,64.3,52.2,Medium,39.6,47.2,Moderate,28.18,Medium,239.53,20.01,0
B04,Hostel,Dormitory,60000,6,2025-08-21 10:00:00,10,3,8,0,26.3,57.2,48.8,Medium,37.9,54.2,Moderate,35.59,High,302.52,25.27,0
B02,Computer Lab,Laboratory,28000,3,2025-08-21 12:00:00,12,3,8,0,28.8,69.2,52.8,Medium,47.0,61.0,Moderate,23.87,Low,202.9,16.95,0
B05,Administration,Office,18000,3,2025-08-21 13:00:00,13,3,8,0,28.1,49.8,63.3,Medium,56.2,56.9,Moderate,28.48,Medium,242.08,20.22,0
B02,Computer Lab,Laboratory,28000,3,2025-08-21 14:00:00,14,3,8,0,29.6,72.7,58.3,Medium,54.6,50.4,Hot,34.03,High,289.26,24.16,0
B01,Academic Block,Classroom,45000,4,2025-08-21 14:00:00,14,3,8,0,27.7,78.6,65.0,Medium,53.5,70.2,Moderate,29.64,Medium,251.94,21.04,0
B02,Computer Lab,Laboratory,28000,3,2025-08-21 19:00:00,19,3,8,0,32.5,57.9,18.9,Low,39.7,47.6,Hot,31.37,High,266.64,22.27,0
B05,Administration,Office,18000,3,2025-08-21 19:00:00,19,3,8,0,31.6,52.5,21.1,Low,44.5,46.9,Hot,20.63,Low,175.36,14.65,0
B04,Hostel,Dormitory,60000,6,2025-08-21 20:00:00,20,3,8,0,29.9,57.0,29.7,Low,52.2,57.8,Hot,36.39,High,309.32,25.84,0
B04,Hostel,Dormitory,60000,6,2025-08-21 20:00:00,20,3,8,0,32.0,66.2,30.7,Low,50.5,55.3,Hot,39.25,High,333.62,27.87,0
B06,Research Lab,Laboratory,35000,4,2025-08-21 20:00:00,20,3,8,0,34.3,55.3,10.3,Low,50.6,37.5,Hot,33.76,High,286.96,23.97,0
B05,Administration,Office,18000,3,2025-08-21 20:00:00,20,3,8,0,30.2,40.3,15.6,Low,37.2,39.1,Hot,23.65,Low,201.02,16.79,0
B04,Hostel,Dormitory,60000,6,2025-08-21 22:00:00,22,3,8,0,32.3,61.8,34.3,Low,47.7,69.7,Hot,37.46,High,318.41,26.6,0
B06,Research Lab,Laboratory,35000,4,2025-08-21 23:00:00,23,3,8,0,31.5,66.1,7.0,Low,42.7,48.6,Hot,31.98,High,271.83,22.71,0
B04,Hostel,Dormitory,60000,6,2025-08-22 00:00:00,0,4,8,0,31.0,63.8,11.1,Low,34.5,42.1,Hot,29.38,Medium,249.73,20.86,0
B03,Library,Library,22000,3,2025-08-22 01:00:00,1,4,8,0,31.2,64.8,1.5,Low,36.4,49.2,Hot,26.11,Medium,221.94,18.54,1
B04,Hostel,Dormitory,60000,6,2025-08-22 02:00:00,2,4,8,0,28.9,73.1,1.0,Low,33.9,42.4,Moderate,24.73,Medium,210.2,17.56,0
B06,Research Lab,Laboratory,35000,4,2025-08-22 02:00:00,2,4,8,0,29.6,59.8,3.7,Low,32.6,37.5,Hot,22.85,Low,194.23,16.22,0
B01,Academic Block,Classroom,45000,4,2025-08-22 02:00:00,2,4,8,0,29.5,73.4,10.2,Low,32.0,54.0,Hot,28.8,Medium,244.8,20.45,0
B02,Computer Lab,Laboratory,28000,3,2025-08-22 03:00:00,3,4,8,0,27.6,61.8,16.3,Low,31.9,37.0,Moderate,25.76,Medium,218.96,18.29,0
B02,Computer Lab,Laboratory,28000,3,2025-08-22 08:00:00,8,4,8,0,28.0,70.5,53.3,Medium,41.2,53.9,Moderate,28.51,Medium,242.34,20.24,0
B05,Administration,Office,18000,3,2025-08-22 08:00:00,8,4,8,0,26.8,62.6,61.8,Medium,51.9,70.1,Moderate,18.61,Low,158.18,13.21,0
B05,Administration,Office,18000,3,2025-08-22 10:00:00,10,4,8,0,30.4,74.9,64.2,Medium,62.6,61.4,Hot,35.77,High,304.04,25.4,0
B06,Research Lab,Laboratory,35000,4,2025-08-22 12:00:00,12,4,8,0,27.6,67.5,69.6,Medium,51.4,73.1,Moderate,29.28,Medium,248.88,20.79,0
B02,Computer Lab,Laboratory,28000,3,2025-08-22 13:00:00,13,4,8,0,26.9,62.8,59.2,Medium,66.0,54.5,Moderate,32.97,High,280.24,23.41,0
B04,Hostel,Dormitory,60000,6,2025-08-22 14:00:00,14,4,8,0,31.0,51.8,51.7,Medium,49.7,50.5,Hot,37.89,High,322.06,26.9,0
B04,Hostel,Dormitory,60000,6,2025-08-22 15:00:00,15,4,8,0,28.8,63.4,46.8,Medium,44.2,52.0,Moderate,37.74,High,320.79,26.8,0
B06,Research Lab,Laboratory,35000,4,2025-08-22 16:00:00,16,4,8,0,28.5,56.5,71.7,High,61.4,72.1,Moderate,72.7,High,617.95,51.62,1
B01,Academic Block,Classroom,45000,4,2025-08-22 16:00:00,16,4,8,0,30.9,63.4,72.0,High,64.9,70.0,Hot,38.28,High,325.38,27.18,0
B02,Computer Lab,Laboratory,28000,3,2025-08-22 17:00:00,17,4,8,0,32.8,63.4,51.0,Medium,61.3,51.2,Hot,38.34,High,325.89,27.22,0
B06,Research Lab,Laboratory,35000,4,2025-08-22 19:00:00,19,4,8,0,32.4,66.4,22.5,Low,53.0,47.2,Hot,44.48,High,378.08,31.58,0
B05,Administration,Office,18000,3,2025-08-22 19:00:00,19,4,8,0,30.4,64.4,17.0,Low,35.5,59.6,Hot,25.89,Medium,220.06,18.38,0
B05,Administration,Office,18000,3,2025-08-22 20:00:00,20,4,8,0,31.5,60.4,13.6,Low,44.1,47.0,Hot,17.72,Low,150.62,12.58,0
B02,Computer Lab,Laboratory,28000,3,2025-08-22 21:00:00,21,4,8,0,30.9,69.6,16.6,Low,33.4,53.0,Hot,18.05,Low,153.43,12.82,0
B04,Hostel,Dormitory,60000,6,2025-08-22 22:00:00,22,4,8,0,33.6,68.2,40.0,Medium,61.3,69.9,Hot,45.81,High,389.38,32.53,0
B01,Academic Block,Classroom,45000,4,2025-08-22 22:00:00,22,4,8,0,30.4,53.3,6.7,Low,43.4,37.7,Hot,25.67,Medium,218.2,18.23,0
B03,Library,Library,22000,3,2025-08-22 23:00:00,23,4,8,0,30.9,72.6,9.3,Low,45.5,42.2,Hot,26.05,Medium,221.42,18.5,0
B01,Academic Block,Classroom,45000,4,2025-08-23 00:00:00,0,5,8,1,30.5,69.2,11.7,Low,39.1,39.9,Hot,18.62,Low,158.27,13.22,0
B06,Research Lab,Laboratory,35000,4,2025-08-23 00:00:00,0,5,8,1,28.5,56.2,3.3,Low,39.0,41.3,Moderate,30.32,Medium,257.72,21.53,0
B01,Academic Block,Classroom,45000,4,2025-08-23 00:00:00,0,5,8,1,30.0,47.8,17.1,Low,41.4,47.0,Hot,27.79,Medium,236.22,19.73,0
B01,Academic Block,Classroom,45000,4,2025-08-23 01:00:00,1,5,8,1,29.5,69.8,10.1,Low,45.3,50.7,Hot,34.96,High,297.16,24.82,0
B02,Computer Lab,Laboratory,28000,3,2025-08-23 03:00:00,3,5,8,1,30.8,61.8,9.3,Low,37.2,33.9,Hot,26.23,Medium,222.96,18.62,0
B05,Administration,Office,18000,3,2025-08-23 04:00:00,4,5,8,1,28.6,58.9,7.5,Low,32.6,43.1,Moderate,20.57,Low,174.84,14.6,0
B01,Academic Block,Classroom,45000,4,2025-08-23 04:00:00,4,5,8,1,27.7,65.0,11.8,Low,37.0,56.6,Moderate,24.65,Medium,209.52,17.5,0
B02,Computer Lab,Laboratory,28000,3,2025-08-23 04:00:00,4,5,8,1,28.1,70.8,13.1,Low,28.0,41.2,Moderate,22.12,Low,188.02,15.71,0
B01,Academic Block,Classroom,45000,4,2025-08-23 06:00:00,6,5,8,1,27.4,48.9,19.0,Low,35.0,50.1,Moderate,26.92,Medium,228.82,19.11,0
B06,Research Lab,Laboratory,35000,4,2025-08-23 06:00:00,6,5,8,1,27.5,63.9,19.2,Low,36.3,47.7,Moderate,26.03,Medium,221.26,18.48,0
B01,Academic Block,Classroom,45000,4,2025-08-23 07:00:00,7,5,8,1,28.7,62.4,4.1,Low,25.5,22.6,Moderate,20.86,Low,177.31,14.81,0
B01,Academic Block,Classroom,45000,4,2025-08-23 08:00:00,8,5,8,1,28.7,72.5,15.2,Low,38.0,16.4,Moderate,26.13,Medium,222.1,18.55,0
B02,Computer Lab,Laboratory,28000,3,2025-08-23 09:00:00,9,5,8,1,25.9,70.1,20.6,Low,37.2,24.4,Moderate,21.31,Low,181.14,15.13,0
B04,Hostel,Dormitory,60000,6,2025-08-23 10:00:00,10,5,8,1,29.1,67.5,10.4,Low,41.4,17.9,Hot,32.55,High,276.67,23.11,0
B04,Hostel,Dormitory,60000,6,2025-08-23 13:00:00,13,5,8,1,29.9,58.0,10.8,Low,29.0,27.5,Hot,25.67,Medium,218.2,18.23,0
B05,Administration,Office,18000,3,2025-08-23 13:00:00,13,5,8,1,28.7,66.7,9.2,Low,41.4,21.0,Moderate,18.62,Low,158.27,13.22,0
B01,Academic Block,Classroom,45000,4,2025-08-23 14:00:00,14,5,8,1,27.1,59.9,15.8,Low,22.3,23.7,Moderate,22.06,Low,187.51,15.66,0
B02,Computer Lab,Laboratory,28000,3,2025-08-23 14:00:00,14,5,8,1,29.6,60.6,14.0,Low,33.1,27.5,Hot,16.86,Low,143.31,11.97,0
B01,Academic Block,Classroom,45000,4,2025-08-23 15:00:00,15,5,8,1,29.3,65.6,18.9,Low,52.0,30.3,Hot,23.52,Low,199.92,16.7,0
B01,Academic Block,Classroom,45000,4,2025-08-23 16:00:00,16,5,8,1,31.1,60.7,11.2,Low,41.2,22.4,Hot,18.42,Low,156.57,13.08,0
B04,Hostel,Dormitory,60000,6,2025-08-23 17:00:00,17,5,8,1,31.7,61.9,20.8,Low,38.5,28.1,Hot,35.37,High,300.64,25.11,0
B02,Computer Lab,Laboratory,28000,3,2025-08-23 21:00:00,21,5,8,1,33.2,67.6,16.2,Low,37.7,42.6,Hot,27.67,Medium,235.2,19.65,0
B02,Computer Lab,Laboratory,28000,3,2025-08-23 23:00:00,23,5,8,1,29.1,59.2,20.2,Low,32.3,57.3,Hot,25.27,Medium,214.8,17.94,0
B06,Research Lab,Laboratory,35000,4,2025-08-24 01:00:00,1,6,8,1,32.9,51.4,7.8,Low,36.7,48.3,Hot,36.17,High,307.44,25.68,0
B02,Computer Lab,Laboratory,28000,3,2025-08-24 02:00:00,2,6,8,1,30.5,54.3,23.0,Low,49.2,45.7,Hot,29.0,Medium,246.5,20.59,0
B05,Administration,Office,18000,3,2025-08-24 02:00:00,2,6,8,1,30.3,52.9,8.1,Low,41.1,39.1,Hot,21.89,Low,186.06,15.54,0
B05,Administration,Office,18000,3,2025-08-24 03:00:00,3,6,8,1,31.6,71.0,8.4,Low,46.6,43.6,Hot,21.44,Low,182.24,15.22,0
B02,Computer Lab,Laboratory,28000,3,2025-08-24 03:00:00,3,6,8,1,29.2,66.2,9.2,Low,29.8,37.4,Hot,21.58,Low,183.43,15.32,0
B05,Administration,Office,18000,3,2025-08-24 04:00:00,4,6,8,1,29.8,68.7,8.5,Low,25.1,45.1,Hot,14.12,Low,120.02,10.03,0
B01,Academic Block,Classroom,45000,4,2025-08-24 04:00:00,4,6,8,1,28.5,68.4,25.3,Low,44.4,55.1,Moderate,30.89,High,262.56,21.93,0
B04,Hostel,Dormitory,60000,6,2025-08-24 04:00:00,4,6,8,1,29.5,60.0,15.7,Low,38.6,50.9,Hot,38.9,High,330.65,27.62,0
B03,Library,Library,22000,3,2025-08-24 05:00:00,5,6,8,1,29.5,72.8,15.5,Low,34.1,58.2,Hot,26.26,Medium,223.21,18.64,0
B01,Academic Block,Classroom,45000,4,2025-08-24 05:00:00,5,6,8,1,29.4,56.6,0.0,Low,39.3,26.7,Hot,20.57,Low,174.84,14.6,0
B04,Hostel,Dormitory,60000,6,2025-08-24 06:00:00,6,6,8,1,25.2,78.9,21.0,Low,40.9,58.1,Moderate,36.69,High,311.86,26.05,0
B01,Academic Block,Classroom,45000,4,2025-08-24 06:00:00,6,6,8,1,26.8,64.4,4.7,Low,40.6,35.9,Moderate,23.52,Low,199.92,16.7,0
B04,Hostel,Dormitory,60000,6,2025-08-24 08:00:00,8,6,8,1,29.0,74.3,11.7,Low,30.5,27.3,Moderate,35.75,High,303.88,25.38,0
B04,Hostel,Dormitory,60000,6,2025-08-24 08:00:00,8,6,8,1,27.9,55.3,7.1,Low,40.5,23.1,Moderate,31.53,High,268.0,22.39,0
B01,Academic Block,Classroom,45000,4,2025-08-24 10:00:00,10,6,8,1,27.4,60.1,13.7,Low,36.9,32.4,Moderate,25.73,Medium,218.7,18.27,0
B03,Library,Library,22000,3,2025-08-24 11:00:00,11,6,8,1,28.5,51.0,22.7,Low,35.9,32.6,Moderate,21.98,Low,186.83,15.61,0
B06,Research Lab,Laboratory,35000,4,2025-08-24 11:00:00,11,6,8,1,26.1,71.4,5.3,Low,36.5,15.1,Moderate,28.24,Medium,240.04,20.05,1
B04,Hostel,Dormitory,60000,6,2025-08-24 12:00:00,12,6,8,1,29.4,63.3,7.0,Low,30.5,21.7,Hot,25.78,Medium,219.13,18.3,0
B02,Computer Lab,Laboratory,28000,3,2025-08-24 16:00:00,16,6,8,1,30.8,74.5,13.0,Low,36.6,33.4,Hot,24.29,Low,206.46,17.25,0
B03,Library,Library,22000,3,2025-08-24 16:00:00,16,6,8,1,30.3,57.4,23.0,Low,48.4,34.2,Hot,22.43,Low,190.66,15.93,0
B02,Computer Lab,Laboratory,28000,3,2025-08-24 16:00:00,16,6,8,1,29.9,70.4,9.0,Low,33.7,19.1,Hot,24.54,Medium,208.59,17.42,0
B06,Research Lab,Laboratory,35000,4,2025-08-24 19:00:00,19,6,8,1,31.5,60.4,7.0,Low,42.0,39.7,Hot,28.04,Medium,238.34,19.91,0
B02,Computer Lab,Laboratory,28000,3,2025-08-24 20:00:00,20,6,8,1,30.8,59.7,13.1,Low,37.4,46.3,Hot,25.51,Medium,216.84,18.11,0
B02,Computer Lab,Laboratory,28000,3,2025-08-24 20:00:00,20,6,8,1,30.7,58.4,12.1,Low,40.9,44.9,Hot,31.7,High,269.45,22.51,0
B06,Research Lab,Laboratory,35000,4,2025-08-24 20:00:00,20,6,8,1,33.9,52.0,4.8,Low,44.6,38.7,Hot,37.74,High,320.79,26.8,0
B01,Academic Block,Classroom,45000,4,2025-08-25 00:00:00,0,0,8,0,27.7,65.5,9.2,Low,27.7,47.1,Moderate,26.4,Medium,224.4,18.74,0
B01,Academic Block,Classroom,45000,4,2025-08-25 00:00:00,0,0,8,0,27.8,64.2,0.0,Low,31.7,45.4,Moderate,21.29,Low,180.96,15.12,0
B03,Library,Library,22000,3,2025-08-25 02:00:00,2,0,8,0,30.3,49.8,11.8,Low,35.9,48.8,Hot,23.72,Low,201.62,16.84,0
B03,Library,Library,22000,3,2025-08-25 03:00:00,3,0,8,0,26.8,46.0,3.3,Low,24.1,40.8,Moderate,21.8,Low,185.3,15.48,0
B06,Research Lab,Laboratory,35000,4,2025-08-25 04:00:00,4,0,8,0,25.1,62.7,29.3,Low,29.2,62.4,Moderate,41.36,High,351.56,29.37,1
B04,Hostel,Dormitory,60000,6,2025-08-25 04:00:00,4,0,8,0,29.6,69.5,15.9,Low,32.6,50.4,Hot,74.27,High,631.29,52.73,1
B05,Administration,Office,18000,3,2025-08-25 08:00:00,8,0,8,0,29.0,63.4,64.5,Medium,51.5,64.4,Moderate,33.97,High,288.74,24.12,0
B02,Computer Lab,Laboratory,28000,3,2025-08-25 08:00:00,8,0,8,0,25.2,55.7,62.5,Medium,51.1,59.2,Moderate,33.64,High,285.94,23.88,0
B05,Administration,Office,18000,3,2025-08-25 08:00:00,8,0,8,0,24.4,53.1,59.3,Medium,36.9,56.8,Moderate,25.03,Medium,212.76,17.77,0
B04,Hostel,Dormitory,60000,6,2025-08-25 10:00:00,10,0,8,0,25.6,72.6,50.0,Medium,44.5,52.7,Moderate,36.27,High,308.3,25.75,0
B05,Administration,Office,18000,3,2025-08-25 10:00:00,10,0,8,0,26.3,52.4,66.2,Medium,53.2,66.4,Moderate,28.27,Medium,240.3,20.07,0
B02,Computer Lab,Laboratory,28000,3,2025-08-25 10:00:00,10,0,8,0,30.3,66.1,52.0,Medium,59.1,59.9,Hot,34.64,High,294.44,24.59,0
B02,Computer Lab,Laboratory,28000,3,2025-08-25 13:00:00,13,0,8,0,28.0,66.6,63.6,Medium,49.8,62.4,Moderate,27.25,Medium,231.62,19.35,0
B04,Hostel,Dormitory,60000,6,2025-08-25 15:00:00,15,0,8,0,30.9,71.7,65.7,Medium,60.0,62.8,Hot,46.83,High,398.06,33.25,0
B04,Hostel,Dormitory,60000,6,2025-08-25 16:00:00,16,0,8,0,31.2,55.6,40.6,Medium,43.8,47.1,Hot,38.07,High,323.6,27.03,0
B01,Academic Block,Classroom,45000,4,2025-08-25 17:00:00,17,0,8,0,32.5,65.6,70.3,High,55.7,70.1,Hot,47.06,High,400.01,33.41,0
B04,Hostel,Dormitory,60000,6,2025-08-25 17:00:00,17,0,8,0,29.6,71.1,45.3,Medium,51.7,46.3,Hot,46.98,High,399.33,33.36,0
B04,Hostel,Dormitory,60000,6,2025-08-25 18:00:00,18,0,8,0,30.8,51.0,55.8,Medium,67.8,53.5,Hot,40.57,High,344.84,28.8,0
B01,Academic Block,Classroom,45000,4,2025-08-25 20:00:00,20,0,8,0,30.8,61.3,14.4,Low,44.8,49.3,Hot,29.9,Medium,254.15,21.23,0
B02,Computer Lab,Laboratory,28000,3,2025-08-25 20:00:00,20,0,8,0,31.9,59.2,25.2,Low,39.3,53.5,Hot,28.75,Medium,244.38,20.41,0
B05,Administration,Office,18000,3,2025-08-26 00:00:00,0,1,8,0,31.9,52.0,23.9,Low,39.4,59.1,Hot,21.7,Low,184.45,15.41,0
B01,Academic Block,Classroom,45000,4,2025-08-26 00:00:00,0,1,8,0,33.3,60.2,1.9,Low,44.7,38.1,Hot,30.45,Medium,258.82,21.62,0
B02,Computer Lab,Laboratory,28000,3,2025-08-26 01:00:00,1,1,8,0,29.0,53.6,17.3,Low,43.0,47.9,Moderate,26.73,Medium,227.2,18.98,0
B05,Administration,Office,18000,3,2025-08-26 03:00:00,3,1,8,0,28.7,64.7,17.2,Low,38.4,42.3,Moderate,15.62,Low,132.77,11.09,0
B02,Computer Lab,Laboratory,28000,3,2025-08-26 03:00:00,3,1,8,0,29.8,76.4,20.3,Low,39.9,50.5,Hot,23.49,Low,199.66,16.68,0
B01,Academic Block,Classroom,45000,4,2025-08-26 03:00:00,3,1,8,0,29.4,60.1,15.3,Low,41.8,41.8,Hot,16.78,Low,142.63,11.91,0
B01,Academic Block,Classroom,45000,4,2025-08-26 03:00:00,3,1,8,0,31.1,59.5,16.2,Low,35.9,41.0,Hot,24.25,Low,206.12,17.22,0
B04,Hostel,Dormitory,60000,6,2025-08-26 04:00:00,4,1,8,0,27.9,72.6,4.8,Low,38.5,46.4,Moderate,34.01,High,289.08,24.15,0
B01,Academic Block,Classroom,45000,4,2025-08-26 05:00:00,5,1,8,0,27.0,72.2,15.0,Low,36.4,44.1,Moderate,30.19,Medium,256.62,21.43,0
B02,Computer Lab,Laboratory,28000,3,2025-08-26 07:00:00,7,1,8,0,29.2,57.3,10.5,Low,31.8,27.6,Hot,17.03,Low,144.76,12.09,0
B02,Computer Lab,Laboratory,28000,3,2025-08-26 08:00:00,8,1,8,0,27.5,67.8,63.6,Medium,51.7,57.4,Moderate,26.46,Medium,224.91,18.79,0
B04,Hostel,Dormitory,60000,6,2025-08-26 08:00:00,8,1,8,0,27.9,42.0,50.3,Medium,69.0,49.4,Moderate,42.65,High,362.52,30.28,0
B02,Computer Lab,Laboratory,28000,3,2025-08-26 10:00:00,10,1,8,0,27.2,56.2,61.9,Medium,49.3,57.7,Moderate,27.63,Medium,234.86,19.62,0
B02,Computer Lab,Laboratory,28000,3,2025-08-26 10:00:00,10,1,8,0,28.7,69.5,63.1,Medium,57.5,66.0,Moderate,31.33,High,266.3,22.24,0
B06,Research Lab,Laboratory,35000,4,2025-08-26 12:00:00,12,1,8,0,26.7,60.1,63.2,Medium,55.6,64.9,Moderate,31.14,High,264.69,22.11,0
B02,Computer Lab,Laboratory,28000,3,2025-08-26 12:00:00,12,1,8,0,27.4,61.7,53.6,Medium,49.6,48.8,Moderate,32.72,High,278.12,23.23,0
B01,Academic Block,Classroom,45000,4,2025-08-26 12:00:00,12,1,8,0,24.1,59.2,83.5,High,50.6,70.8,Moderate,39.33,High,334.3,27.92,0
B02,Computer Lab,Laboratory,28000,3,2025-08-26 13:00:00,13,1,8,0,27.6,55.3,60.6,Medium,46.9,63.1,Moderate,31.03,High,263.76,22.03,0
B03,Library,Library,22000,3,2025-08-26 14:00:00,14,1,8,0,30.4,43.2,59.3,Medium,54.8,66.3,Hot,27.94,Medium,237.49,19.84,0
B02,Computer Lab,Laboratory,28000,3,2025-08-26 15:00:00,15,1,8,0,29.6,58.8,59.2,Medium,53.5,66.0,Hot,32.16,High,273.36,22.83,0
B04,Hostel,Dormitory,60000,6,2025-08-26 16:00:00,16,1,8,0,28.7,65.3,43.2,Medium,54.8,43.8,Moderate,39.67,High,337.2,28.17,0
B01,Academic Block,Classroom,45000,4,2025-08-26 16:00:00,16,1,8,0,32.2,61.0,72.1,High,73.2,67.2,Hot,41.72,High,354.62,29.62,0
B01,Academic Block,Classroom,45000,4,2025-08-26 19:00:00,19,1,8,0,31.2,54.2,13.9,Low,52.3,48.0,Hot,29.39,Medium,249.82,20.87,0
B02,Computer Lab,Laboratory,28000,3,2025-08-26 21:00:00,21,1,8,0,33.5,48.2,18.2,Low,45.0,51.6,Hot,32.16,High,273.36,22.83,0
B04,Hostel,Dormitory,60000,6,2025-08-26 21:00:00,21,1,8,0,32.3,56.5,27.3,Low,54.4,56.7,Hot,37.01,High,314.58,26.28,0
B02,Computer Lab,Laboratory,28000,3,2025-08-26 22:00:00,22,1,8,0,31.1,50.8,9.7,Low,41.5,40.5,Hot,25.06,Medium,213.01,17.79,0
B01,Academic Block,Classroom,45000,4,2025-08-26 22:00:00,22,1,8,0,33.5,52.8,13.9,Low,39.1,47.8,Hot,27.12,Medium,230.52,19.26,0
B02,Computer Lab,Laboratory,28000,3,2025-08-27 00:00:00,0,2,8,0,29.4,62.4,12.3,Low,28.7,45.0,Hot,28.91,Medium,245.74,20.53,0
B03,Library,Library,22000,3,2025-08-27 01:00:00,1,2,8,0,27.8,56.7,10.0,Low,32.0,43.5,Moderate,11.46,Low,97.41,8.14,0
B04,Hostel,Dormitory,60000,6,2025-08-27 02:00:00,2,2,8,0,31.4,68.9,13.9,Low,40.9,49.9,Hot,36.44,High,309.74,25.87,0
B01,Academic Block,Classroom,45000,4,2025-08-27 03:00:00,3,2,8,0,29.4,54.2,22.0,Low,35.7,57.1,Hot,27.93,Medium,237.4,19.83,0
B04,Hostel,Dormitory,60000,6,2025-08-27 03:00:00,3,2,8,0,30.5,56.4,15.2,Low,48.0,48.1,Hot,34.86,High,296.31,24.75,0
B01,Academic Block,Classroom,45000,4,2025-08-27 04:00:00,4,2,8,0,29.3,67.5,20.2,Low,49.1,51.6,Hot,26.67,Medium,226.7,18.94,0
B04,Hostel,Dormitory,60000,6,2025-08-27 05:00:00,5,2,8,0,30.0,65.8,10.8,Low,37.1,42.3,Hot,31.86,High,270.81,22.62,0
B02,Computer Lab,Laboratory,28000,3,2025-08-27 05:00:00,5,2,8,0,26.8,67.2,12.4,Low,42.2,45.0,Moderate,30.72,Medium,261.12,21.81,0
B01,Academic Block,Classroom,45000,4,2025-08-27 06:00:00,6,2,8,0,27.0,58.9,13.7,Low,36.3,49.1,Moderate,25.54,Medium,217.09,18.13,0
B02,Computer Lab,Laboratory,28000,3,2025-08-27 06:00:00,6,2,8,0,26.9,67.6,8.9,Low,20.2,44.1,Moderate,22.6,Low,192.1,16.05,0
B03,Library,Library,22000,3,2025-08-27 07:00:00,7,2,8,0,26.8,69.1,13.8,Low,21.3,22.6,Moderate,17.66,Low,150.11,12.54,0
B05,Administration,Office,18000,3,2025-08-27 09:00:00,9,2,8,0,24.7,68.3,73.7,High,52.7,67.3,Moderate,23.89,Low,203.06,16.96,0
B01,Academic Block,Classroom,45000,4,2025-08-27 10:00:00,10,2,8,0,27.5,62.8,78.8,High,56.6,71.0,Moderate,32.65,High,277.52,23.18,0
B05,Administration,Office,18000,3,2025-08-27 11:00:00,11,2,8,0,28.7,66.1,72.3,High,51.8,75.0,Moderate,30.12,Medium,256.02,21.39,0
B05,Administration,Office,18000,3,2025-08-27 11:00:00,11,2,8,0,26.5,63.3,64.8,Medium,53.4,55.3,Moderate,22.47,Low,191.0,15.95,0
B06,Research Lab,Laboratory,35000,4,2025-08-27 13:00:00,13,2,8,0,27.1,66.1,53.8,Medium,61.1,48.6,Moderate,32.21,High,273.79,22.87,0
B01,Academic Block,Classroom,45000,4,2025-08-27 13:00:00,13,2,8,0,28.2,63.0,83.7,High,60.9,74.7,Moderate,40.21,High,341.78,28.55,0
B02,Computer Lab,Laboratory,28000,3,2025-08-27 16:00:00,16,2,8,0,31.1,49.5,55.2,Medium,53.2,60.2,Hot,31.41,High,266.98,22.3,0
B02,Computer Lab,Laboratory,28000,3,2025-08-27 19:00:00,19,2,8,0,29.3,57.5,22.7,Low,36.9,50.7,Hot,26.5,Medium,225.25,18.81,0
B06,Research Lab,Laboratory,35000,4,2025-08-27 21:00:00,21,2,8,0,34.4,72.0,14.6,Low,40.3,41.8,Hot,33.47,High,284.5,23.76,0
B03,Library,Library,22000,3,2025-08-27 22:00:00,22,2,8,0,28.8,48.4,4.8,Low,38.8,40.4,Moderate,21.88,Low,185.98,15.53,0
B01,Academic Block,Classroom,45000,4,2025-08-27 23:00:00,23,2,8,0,29.5,72.3,1.6,Low,31.5,38.2,Hot,25.32,Medium,215.22,17.98,0
B06,Research Lab,Laboratory,35000,4,2025-08-27 23:00:00,23,2,8,0,32.1,63.7,21.7,Low,45.0,55.2,Hot,30.49,Medium,259.16,21.65,0
B02,Computer Lab,Laboratory,28000,3,2025-08-28 00:00:00,0,3,8,0,31.3,60.2,8.0,Low,37.1,47.8,Hot,25.58,Medium,217.43,18.16,0
B01,Academic Block,Classroom,45000,4,2025-08-28 02:00:00,2,3,8,0,30.2,49.1,3.2,Low,45.5,43.6,Hot,25.07,Medium,213.1,17.8,0
B02,Computer Lab,Laboratory,28000,3,2025-08-28 03:00:00,3,3,8,0,27.3,63.2,10.1,Low,24.6,45.4,Moderate,20.33,Low,172.8,14.43,0
B06,Research Lab,Laboratory,35000,4,2025-08-28 04:00:00,4,3,8,0,27.1,58.1,12.0,Low,37.5,43.6,Moderate,20.01,Low,170.08,14.21,0
B03,Library,Library,22000,3,2025-08-28 04:00:00,4,3,8,0,26.6,72.0,14.6,Low,38.6,48.1,Moderate,20.73,Low,176.2,14.72,0
B01,Academic Block,Classroom,45000,4,2025-08-28 05:00:00,5,3,8,0,27.0,58.7,14.2,Low,29.5,43.6,Moderate,22.0,Low,187.0,15.62,0
B05,Administration,Office,18000,3,2025-08-28 07:00:00,7,3,8,0,27.5,61.1,6.9,Low,36.0,24.6,Moderate,18.95,Low,161.07,13.45,0
B01,Academic Block,Classroom,45000,4,2025-08-28 07:00:00,7,3,8,0,25.7,66.2,12.0,Low,29.8,21.5,Moderate,22.77,Low,193.54,16.17,0
B03,Library,Library,22000,3,2025-08-28 07:00:00,7,3,8,0,24.3,61.0,24.0,Low,37.4,29.2,Moderate,17.93,Low,152.4,12.73,0
B05,Administration,Office,18000,3,2025-08-28 09:00:00,9,3,8,0,28.7,68.8,55.3,Medium,45.6,61.2,Moderate,23.76,Low,201.96,16.87,0
B05,Administration,Office,18000,3,2025-08-28 11:00:00,11,3,8,0,27.2,61.2,66.0,Medium,54.1,57.3,Moderate,21.4,Low,181.9,15.19,0
B04,Hostel,Dormitory,60000,6,2025-08-28 11:00:00,11,3,8,0,28.6,49.0,43.6,Medium,47.6,44.7,Moderate,36.29,High,308.46,25.77,0
B04,Hostel,Dormitory,60000,6,2025-08-28 12:00:00,12,3,8,0,27.4,64.1,48.1,Medium,49.8,54.1,Moderate,35.92,High,305.32,25.5,0
B06,Research Lab,Laboratory,35000,4,2025-08-28 15:00:00,15,3,8,0,30.2,66.5,66.7,Medium,43.8,64.6,Hot,32.98,High,280.33,23.42,0
B01,Academic Block,Classroom,45000,4,2025-08-28 19:00:00,19,3,8,0,34.3,67.6,0.0,Low,37.8,34.4,Hot,24.22,Low,205.87,17.2,0
B02,Computer Lab,Laboratory,28000,3,2025-08-28 20:00:00,20,3,8,0,29.2,65.5,26.7,Low,45.8,49.8,Hot,27.28,Medium,231.88,19.37,0
B05,Administration,Office,18000,3,2025-08-28 21:00:00,21,3,8,0,29.7,69.3,2.9,Low,45.4,32.3,Hot,19.42,Low,165.07,13.79,0
B01,Academic Block,Classroom,45000,4,2025-08-28 22:00:00,22,3,8,0,29.3,65.0,0.0,Low,39.4,34.1,Hot,28.92,Medium,245.82,20.53,0
B05,Administration,Office,18000,3,2025-08-28 22:00:00,22,3,8,0,33.8,51.2,12.1,Low,47.9,36.6,Hot,26.41,Medium,224.48,18.75,0
B01,Academic Block,Classroom,45000,4,2025-08-28 23:00:00,23,3,8,0,30.3,55.3,9.0,Low,33.0,41.7,Hot,30.75,Medium,261.38,21.83,0
B03,Library,Library,22000,3,2025-08-28 23:00:00,23,3,8,0,31.6,43.6,7.7,Low,41.8,46.5,Hot,21.59,Low,183.52,15.33,0
B01,Academic Block,Classroom,45000,4,2025-08-29 00:00:00,0,4,8,0,25.8,62.8,16.5,Low,36.1,52.6,Moderate,47.37,High,402.64,33.63,1
B04,Hostel,Dormitory,60000,6,2025-08-29 00:00:00,0,4,8,0,30.4,65.2,5.5,Low,47.7,41.8,Hot,30.31,Medium,257.64,21.52,0
B03,Library,Library,22000,3,2025-08-29 01:00:00,1,4,8,0,28.8,50.9,16.0,Low,32.5,48.0,Moderate,19.99,Low,169.92,14.19,0
B04,Hostel,Dormitory,60000,6,2025-08-29 01:00:00,1,4,8,0,31.4,68.9,17.8,Low,40.9,47.9,Hot,38.6,High,328.1,27.41,0
B05,Administration,Office,18000,3,2025-08-29 04:00:00,4,4,8,0,28.8,61.2,2.4,Low,45.1,37.1,Moderate,22.3,Low,189.55,15.83,0
B04,Hostel,Dormitory,60000,6,2025-08-29 05:00:00,5,4,8,0,26.8,57.3,19.2,Low,34.2,45.2,Moderate,32.04,High,272.34,22.75,0
B01,Academic Block,Classroom,45000,4,2025-08-29 05:00:00,5,4,8,0,29.8,50.1,17.4,Low,43.1,45.2,Hot,23.34,Low,198.39,16.57,0
B06,Research Lab,Laboratory,35000,4,2025-08-29 05:00:00,5,4,8,0,29.9,72.7,22.9,Low,35.9,44.6,Hot,24.12,Low,205.02,17.13,0
B04,Hostel,Dormitory,60000,6,2025-08-29 05:00:00,5,4,8,0,29.7,69.5,12.0,Low,36.0,48.2,Hot,32.06,High,272.51,22.76,0
B04,Hostel,Dormitory,60000,6,2025-08-29 06:00:00,6,4,8,0,28.2,59.6,6.2,Low,35.3,39.1,Moderate,28.27,Medium,240.3,20.07,0
B06,Research Lab,Laboratory,35000,4,2025-08-29 06:00:00,6,4,8,0,26.7,70.1,20.8,Low,33.5,59.6,Moderate,29.55,Medium,251.18,20.98,0
B03,Library,Library,22000,3,2025-08-29 06:00:00,6,4,8,0,27.4,61.6,12.3,Low,35.1,41.6,Moderate,21.23,Low,180.46,15.07,0
B05,Administration,Office,18000,3,2025-08-29 07:00:00,7,4,8,0,26.3,59.7,24.8,Low,38.0,33.6,Moderate,20.21,Low,171.78,14.35,0
B05,Administration,Office,18000,3,2025-08-29 07:00:00,7,4,8,0,27.2,58.7,17.0,Low,35.7,30.9,Moderate,16.32,Low,138.72,11.59,0
B06,Research Lab,Laboratory,35000,4,2025-08-29 07:00:00,7,4,8,0,26.0,62.6,11.8,Low,26.8,25.7,Moderate,24.14,Low,205.19,17.14,0
B04,Hostel,Dormitory,60000,6,2025-08-29 08:00:00,8,4,8,0,26.6,60.9,44.8,Medium,48.9,48.2,Moderate,36.28,High,308.38,25.76,0
B04,Hostel,Dormitory,60000,6,2025-08-29 08:00:00,8,4,8,0,30.0,61.4,50.3,Medium,53.1,60.7,Hot,37.85,High,321.73,26.87,0
B01,Academic Block,Classroom,45000,4,2025-08-29 08:00:00,8,4,8,0,27.3,74.4,73.2,High,51.2,65.7,Moderate,32.35,High,274.98,22.97,0
B03,Library,Library,22000,3,2025-08-29 09:00:00,9,4,8,0,26.2,80.0,44.3,Medium,38.2,51.1,Moderate,23.81,Low,202.38,16.91,0
B04,Hostel,Dormitory,60000,6,2025-08-29 09:00:00,9,4,8,0,25.2,56.4,48.2,Medium,36.4,49.2,Moderate,29.97,Medium,254.74,21.28,0
B03,Library,Library,22000,3,2025-08-29 09:00:00,9,4,8,0,26.7,66.9,43.6,Medium,50.9,47.1,Moderate,21.9,Low,186.15,15.55,0
B02,Computer Lab,Laboratory,28000,3,2025-08-29 12:00:00,12,4,8,0,28.9,63.3,51.5,Medium,46.2,54.8,Moderate,28.01,Medium,238.08,19.89,0
B03,Library,Library,22000,3,2025-08-29 13:00:00,13,4,8,0,28.5,65.9,50.6,Medium,44.0,52.4,Moderate,28.64,Medium,243.44,20.33,0
B01,Academic Block,Classroom,45000,4,2025-08-29 14:00:00,14,4,8,0,28.7,58.9,64.7,Medium,48.8,62.8,Moderate,31.06,High,264.01,22.05,0
B04,Hostel,Dormitory,60000,6,2025-08-29 14:00:00,14,4,8,0,29.4,65.3,53.5,Medium,40.1,48.2,Hot,36.91,High,313.73,26.21,0
B04,Hostel,Dormitory,60000,6,2025-08-29 15:00:00,15,4,8,0,29.9,51.4,55.9,Medium,67.0,61.0,Hot,43.13,High,366.6,30.62,0
B02,Computer Lab,Laboratory,28000,3,2025-08-29 15:00:00,15,4,8,0,30.4,84.4,68.5,Medium,59.6,59.4,Hot,32.13,High,273.1,22.81,0
B06,Research Lab,Laboratory,35000,4,2025-08-29 16:00:00,16,4,8,0,30.9,62.3,70.0,Medium,55.2,73.9,Hot,40.91,High,347.73,29.05,0
B02,Computer Lab,Laboratory,28000,3,2025-08-29 16:00:00,16,4,8,0,29.7,66.4,67.1,Medium,55.3,64.9,Hot,37.22,High,316.37,26.43,0
B03,Library,Library,22000,3,2025-08-29 17:00:00,17,4,8,0,30.0,53.2,52.2,Medium,45.1,58.3,Hot,19.6,Low,166.6,13.92,0
B04,Hostel,Dormitory,60000,6,2025-08-29 21:00:00,21,4,8,0,30.7,55.6,33.6,Low,48.5,49.3,Hot,38.42,High,326.57,27.28,0
B05,Administration,Office,18000,3,2025-08-29 21:00:00,21,4,8,0,31.6,49.4,8.1,Low,39.2,40.9,Hot,25.84,Medium,219.64,18.35,0
B05,Administration,Office,18000,3,2025-08-29 21:00:00,21,4,8,0,32.4,69.3,13.8,Low,50.2,45.3,Hot,23.75,Low,201.88,16.86,0
B06,Research Lab,Laboratory,35000,4,2025-08-29 23:00:00,23,4,8,0,29.7,53.5,10.9,Low,33.5,39.2,Hot,29.13,Medium,247.6,20.68,0
B06,Research Lab,Laboratory,35000,4,2025-08-29 23:00:00,23,4,8,0,30.0,59.7,4.0,Low,38.0,41.9,Hot,22.86,Low,194.31,16.23,0
B01,Academic Block,Classroom,45000,4,2025-08-30 01:00:00,1,5,8,1,28.0,61.6,22.2,Low,38.7,48.9,Moderate,21.29,Low,180.96,15.12,0
B02,Computer Lab,Laboratory,28000,3,2025-08-30 01:00:00,1,5,8,1,27.0,66.7,24.0,Low,32.3,49.0,Moderate,23.44,Low,199.24,16.64,0
B01,Academic Block,Classroom,45000,4,2025-08-30 02:00:00,2,5,8,1,26.9,54.4,6.7,Low,33.3,38.4,Moderate,20.3,Low,172.55,14.41,0
B02,Computer Lab,Laboratory,28000,3,2025-08-30 05:00:00,5,5,8,1,25.8,70.4,15.6,Low,31.8,51.0,Moderate,25.02,Medium,212.67,17.76,0
B03,Library,Library,22000,3,2025-08-30 06:00:00,6,5,8,1,26.0,72.9,7.0,Low,35.6,41.5,Moderate,19.67,Low,167.2,13.97,0
B01,Academic Block,Classroom,45000,4,2025-08-30 08:00:00,8,5,8,1,27.4,58.5,11.4,Low,36.1,25.3,Moderate,30.12,Medium,256.02,21.39,0
B03,Library,Library,22000,3,2025-08-30 10:00:00,10,5,8,1,25.4,64.4,8.3,Low,26.1,24.6,Moderate,19.4,Low,164.9,13.77,0
B05,Administration,Office,18000,3,2025-08-30 12:00:00,12,5,8,1,27.8,67.1,7.6,Low,38.4,19.7,Moderate,15.37,Low,130.64,10.91,0
B01,Academic Block,Classroom,45000,4,2025-08-30 13:00:00,13,5,8,1,29.5,63.2,13.3,Low,39.9,29.6,Hot,26.39,Medium,224.32,18.74,0
B04,Hostel,Dormitory,60000,6,2025-08-30 14:00:00,14,5,8,1,27.5,56.0,0.0,Low,26.8,16.7,Moderate,28.34,Medium,240.89,20.12,0
B05,Administration,Office,18000,3,2025-08-30 16:00:00,16,5,8,1,29.0,66.7,8.3,Low,41.2,25.0,Moderate,20.79,Low,176.72,14.76,0
B01,Academic Block,Classroom,45000,4,2025-08-30 17:00:00,17,5,8,1,28.2,73.0,40.1,Medium,50.4,41.6,Moderate,22.02,Low,187.17,15.63,0
B01,Academic Block,Classroom,45000,4,2025-08-30 19:00:00,19,5,8,1,29.2,72.2,1.2,Low,28.0,36.3,Hot,22.48,Low,191.08,15.96,0
B03,Library,Library,22000,3,2025-08-30 21:00:00,21,5,8,1,32.7,62.9,9.3,Low,38.1,46.2,Hot,28.63,Medium,243.36,20.33,0
B05,Administration,Office,18000,3,2025-08-30 21:00:00,21,5,8,1,31.4,65.2,14.0,Low,42.6,53.7,Hot,24.94,Medium,211.99,17.71,0
B04,Hostel,Dormitory,60000,6,2025-08-30 22:00:00,22,5,8,1,33.7,55.3,30.7,Low,49.7,62.8,Hot,41.85,High,355.72,29.71,0
B03,Library,Library,22000,3,2025-08-30 23:00:00,23,5,8,1,29.0,55.4,6.7,Low,33.0,45.0,Moderate,18.3,Low,155.55,12.99,0
B06,Research Lab,Laboratory,35000,4,2025-08-30 23:00:00,23,5,8,1,32.4,58.6,18.8,Low,40.5,42.1,Hot,31.39,High,266.82,22.29,0
B01,Academic Block,Classroom,45000,4,2025-08-31 01:00:00,1,6,8,1,28.1,78.4,13.0,Low,36.6,43.4,Moderate,25.71,Medium,218.54,18.25,0
B06,Research Lab,Laboratory,35000,4,2025-08-31 03:00:00,3,6,8,1,27.4,59.4,7.6,Low,33.7,43.5,Moderate,22.33,Low,189.8,15.85,0
B03,Library,Library,22000,3,2025-08-31 05:00:00,5,6,8,1,31.3,63.0,18.0,Low,34.4,42.3,Hot,24.33,Low,206.8,17.27,0
B03,Library,Library,22000,3,2025-08-31 05:00:00,5,6,8,1,26.0,66.8,8.3,Low,27.8,43.2,Moderate,18.21,Low,154.78,12.93,0
B06,Research Lab,Laboratory,35000,4,2025-08-31 09:00:00,9,6,8,1,29.1,59.1,5.9,Low,31.5,17.8,Hot,23.43,Low,199.16,16.64,0
B05,Administration,Office,18000,3,2025-08-31 10:00:00,10,6,8,1,26.9,73.9,16.1,Low,36.1,25.7,Moderate,16.37,Low,139.15,11.62,0
B04,Hostel,Dormitory,60000,6,2025-08-31 11:00:00,11,6,8,1,25.6,75.6,2.9,Low,30.9,17.5,Moderate,23.16,Low,196.86,16.44,0
B01,Academic Block,Classroom,45000,4,2025-08-31 13:00:00,13,6,8,1,26.0,82.9,24.3,Low,40.0,35.0,Moderate,29.31,Medium,249.14,20.81,0
B01,Academic Block,Classroom,45000,4,2025-08-31 13:00:00,13,6,8,1,28.3,56.8,22.6,Low,37.0,35.6,Moderate,27.91,Medium,237.24,19.82,0
B05,Administration,Office,18000,3,2025-08-31 16:00:00,16,6,8,1,28.0,65.4,15.8,Low,39.5,21.5,Moderate,19.54,Low,166.09,13.87,0
B03,Library,Library,22000,3,2025-08-31 17:00:00,17,6,8,1,29.6,61.9,7.9,Low,27.4,25.6,Hot,20.99,Low,178.42,14.9,0
B05,Administration,Office,18000,3,2025-08-31 20:00:00,20,6,8,1,27.8,58.0,4.5,Low,40.0,41.5,Moderate,8.87,Low,75.4,6.3,0
B04,Hostel,Dormitory,60000,6,2025-08-31 20:00:00,20,6,8,1,31.2,55.4,14.0,Low,37.3,44.3,Hot,40.51,High,344.34,28.76,0
B02,Computer Lab,Laboratory,28000,3,2025-08-31 20:00:00,20,6,8,1,28.3,63.5,23.3,Low,31.4,57.2,Moderate,16.72,Low,142.12,11.87,0
B01,Academic Block,Classroom,45000,4,2025-08-31 20:00:00,20,6,8,1,30.6,57.3,5.2,Low,33.2,30.6,Hot,29.07,Medium,247.1,20.64,0
B02,Computer Lab,Laboratory,28000,3,2025-08-31 22:00:00,22,6,8,1,28.3,55.5,14.5,Low,45.1,46.7,Moderate,26.31,Medium,223.64,18.68,0
B04,Hostel,Dormitory,60000,6,2025-08-31 22:00:00,22,6,8,1,32.2,60.1,33.4,Low,53.9,57.3,Hot,36.2,High,307.7,25.7,0
B02,Computer Lab,Laboratory,28000,3,2025-08-31 22:00:00,22,6,8,1,27.2,55.5,0.3,Low,40.2,30.0,Moderate,23.0,Low,195.5,16.33,0
B03,Library,Library,22000,3,2025-08-31 23:00:00,23,6,8,1,29.6,58.1,7.8,Low,38.2,33.4,Hot,22.31,Low,189.64,15.84,0
B04,Hostel,Dormitory,60000,6,2025-09-01 01:00:00,1,0,9,0,29.9,63.6,4.1,Low,43.8,41.2,Hot,31.04,High,263.84,22.04,0
B03,Library,Library,22000,3,2025-09-01 01:00:00,1,0,9,0,29.6,60.4,17.6,Low,37.7,50.8,Hot,26.6,Medium,226.1,18.89,0
B06,Research Lab,Laboratory,35000,4,2025-09-01 02:00:00,2,0,9,0,26.7,61.8,17.9,Low,26.9,54.4,Moderate,20.74,Low,176.29,14.73,0
B05,Administration,Office,18000,3,2025-09-01 02:00:00,2,0,9,0,26.0,76.9,10.3,Low,33.0,46.1,Moderate,14.06,Low,119.51,9.98,0
B04,Hostel,Dormitory,60000,6,2025-09-01 03:00:00,3,0,9,0,29.2,71.5,6.1,Low,35.5,38.1,Hot,51.39,High,436.82,36.49,1
B05,Administration,Office,18000,3,2025-09-01 03:00:00,3,0,9,0,27.9,63.3,13.3,Low,38.3,58.5,Moderate,15.15,Low,128.78,10.76,0
B05,Administration,Office,18000,3,2025-09-01 05:00:00,5,0,9,0,25.5,57.5,19.8,Low,38.2,54.9,Moderate,20.08,Low,170.68,14.26,0
B05,Administration,Office,18000,3,2025-09-01 05:00:00,5,0,9,0,28.4,68.0,1.6,Low,34.5,30.4,Moderate,23.13,Low,196.6,16.42,0
B04,Hostel,Dormitory,60000,6,2025-09-01 06:00:00,6,0,9,0,26.0,81.9,26.8,Low,36.0,54.5,Moderate,35.31,High,300.14,25.07,0
B03,Library,Library,22000,3,2025-09-01 07:00:00,7,0,9,0,25.6,74.1,10.3,Low,29.8,23.9,Moderate,16.1,Low,136.85,11.43,0
B02,Computer Lab,Laboratory,28000,3,2025-09-01 08:00:00,8,0,9,0,25.3,55.7,58.0,Medium,49.1,57.2,Moderate,34.39,High,292.32,24.42,0
B04,Hostel,Dormitory,60000,6,2025-09-01 14:00:00,14,0,9,0,27.4,61.7,62.2,Medium,42.7,71.9,Moderate,41.35,High,351.48,29.36,0
B01,Academic Block,Classroom,45000,4,2025-09-01 16:00:00,16,0,9,0,28.4,57.1,66.2,Medium,50.5,63.2,Moderate,30.68,Medium,260.78,21.78,0
B01,Academic Block,Classroom,45000,4,2025-09-01 17:00:00,17,0,9,0,30.5,54.1,65.9,Medium,71.0,62.5,Hot,35.82,High,304.47,25.43,0
B04,Hostel,Dormitory,60000,6,2025-09-01 17:00:00,17,0,9,0,32.3,67.1,44.6,Medium,51.3,52.2,Hot,41.54,High,353.09,29.49,0
B01,Academic Block,Classroom,45000,4,2025-09-01 20:00:00,20,0,9,0,28.5,70.0,8.0,Low,38.6,41.6,Moderate,22.75,Low,193.38,16.15,0
B06,Research Lab,Laboratory,35000,4,2025-09-01 22:00:00,22,0,9,0,29.8,73.6,7.1,Low,34.2,39.2,Hot,23.59,Low,200.52,16.75,0
B01,Academic Block,Classroom,45000,4,2025-09-01 23:00:00,23,0,9,0,29.7,66.0,0.0,Low,32.6,45.8,Hot,27.96,Medium,237.66,19.85,0
B02,Computer Lab,Laboratory,28000,3,2025-09-01 23:00:00,23,0,9,0,30.7,60.1,0.0,Low,22.6,42.7,Hot,27.71,Medium,235.54,19.67,0
B03,Library,Library,22000,3,2025-09-02 00:00:00,0,1,9,0,31.0,61.5,10.4,Low,43.6,35.7,Hot,19.35,Low,164.48,13.74,0
B04,Hostel,Dormitory,60000,6,2025-09-02 00:00:00,0,1,9,0,29.2,55.3,2.3,Low,30.5,46.1,Hot,32.23,High,273.96,22.88,0
B01,Academic Block,Classroom,45000,4,2025-09-02 01:00:00,1,1,9,0,28.0,72.2,16.6,Low,24.4,46.6,Moderate,25.99,Medium,220.92,18.45,0
B04,Hostel,Dormitory,60000,6,2025-09-02 02:00:00,2,1,9,0,29.4,56.3,10.5,Low,28.6,48.5,Hot,27.94,Medium,237.49,19.84,0
B01,Academic Block,Classroom,45000,4,2025-09-02 02:00:00,2,1,9,0,26.0,61.3,0.8,Low,28.1,45.5,Moderate,40.19,High,341.62,28.53,1
B03,Library,Library,22000,3,2025-09-02 04:00:00,4,1,9,0,24.3,63.4,22.7,Low,28.0,56.1,Moderate,21.49,Low,182.66,15.26,0
B02,Computer Lab,Laboratory,28000,3,2025-09-02 05:00:00,5,1,9,0,31.0,38.7,9.0,Low,34.5,53.2,Hot,29.2,Medium,248.2,20.73,0
B01,Academic Block,Classroom,45000,4,2025-09-02 05:00:00,5,1,9,0,25.9,70.4,15.6,Low,29.9,51.0,Moderate,23.46,Low,199.41,16.66,0
B02,Computer Lab,Laboratory,28000,3,2025-09-02 06:00:00,6,1,9,0,26.1,57.5,23.5,Low,16.8,55.8,Moderate,24.35,Low,206.98,17.29,0
B03,Library,Library,22000,3,2025-09-02 10:00:00,10,1,9,0,27.6,67.7,54.7,Medium,39.5,61.1,Moderate,25.61,Medium,217.68,18.18,0
B03,Library,Library,22000,3,2025-09-02 12:00:00,12,1,9,0,28.0,59.5,55.0,Medium,53.9,50.1,Moderate,26.35,Medium,223.98,18.71,0
B03,Library,Library,22000,3,2025-09-02 13:00:00,13,1,9,0,29.3,58.4,65.0,Medium,59.0,62.7,Hot,32.22,High,273.87,22.88,0
B01,Academic Block,Classroom,45000,4,2025-09-02 13:00:00,13,1,9,0,29.4,53.7,64.5,Medium,59.3,58.0,Hot,30.84,Medium,262.14,21.9,0
B03,Library,Library,22000,3,2025-09-02 17:00:00,17,1,9,0,27.7,72.6,62.4,Medium,55.7,60.9,Moderate,24.33,Low,206.8,17.27,0
B02,Computer Lab,Laboratory,28000,3,2025-09-02 18:00:00,18,1,9,0,32.1,70.6,58.3,Medium,61.2,61.0,Hot,32.3,High,274.55,22.93,0
B05,Administration,Office,18000,3,2025-09-02 22:00:00,22,1,9,0,31.0,67.2,13.2,Low,49.5,44.2,Hot,26.58,Medium,225.93,18.87,0
B02,Computer Lab,Laboratory,28000,3,2025-09-02 23:00:00,23,1,9,0,30.5,62.5,13.1,Low,43.5,44.1,Hot,27.33,Medium,232.3,19.4,0
B06,Research Lab,Laboratory,35000,4,2025-09-03 00:00:00,0,2,9,0,30.0,62.0,9.4,Low,37.9,35.3,Hot,25.36,Medium,215.56,18.01,0
B03,Library,Library,22000,3,2025-09-03 02:00:00,2,2,9,0,25.1,72.5,8.3,Low,37.7,38.6,Moderate,22.84,Low,194.14,16.22,0
B04,Hostel,Dormitory,60000,6,2025-09-03 02:00:00,2,2,9,0,28.1,61.6,7.4,Low,36.8,48.9,Moderate,30.48,Medium,259.08,21.64,0
B06,Research Lab,Laboratory,35000,4,2025-09-03 04:00:00,4,2,9,0,26.0,73.4,2.9,Low,31.7,34.4,Moderate,16.1,Low,136.85,11.43,0
B04,Hostel,Dormitory,60000,6,2025-09-03 05:00:00,5,2,9,0,25.3,58.0,8.9,Low,26.0,40.0,Moderate,26.4,Medium,224.4,18.74,0
B03,Library,Library,22000,3,2025-09-03 05:00:00,5,2,9,0,26.3,70.8,10.1,Low,31.5,43.7,Moderate,18.88,Low,160.48,13.4,0
B04,Hostel,Dormitory,60000,6,2025-09-03 06:00:00,6,2,9,0,27.9,71.7,14.9,Low,29.0,48.0,Moderate,32.31,High,274.64,22.94,0
B04,Hostel,Dormitory,60000,6,2025-09-03 07:00:00,7,2,9,0,26.9,55.8,11.4,Low,23.7,22.9,Moderate,25.88,Medium,219.98,18.37,0
B01,Academic Block,Classroom,45000,4,2025-09-03 08:00:00,8,2,9,0,27.1,57.4,74.1,High,44.8,63.6,Moderate,30.84,Medium,262.14,21.9,0
B01,Academic Block,Classroom,45000,4,2025-09-03 09:00:00,9,2,9,0,25.8,64.0,73.8,High,51.3,73.1,Moderate,31.24,High,265.54,22.18,0
B04,Hostel,Dormitory,60000,6,2025-09-03 11:00:00,11,2,9,0,27.6,65.9,60.4,Medium,59.4,69.9,Moderate,41.38,High,351.73,29.38,0
B03,Library,Library,22000,3,2025-09-03 11:00:00,11,2,9,0,26.7,59.3,53.5,Medium,49.8,64.3,Moderate,30.23,Medium,256.96,21.46,0
B03,Library,Library,22000,3,2025-09-03 11:00:00,11,2,9,0,28.4,62.9,51.3,Medium,54.7,49.9,Moderate,23.45,Low,199.32,16.65,0
B01,Academic Block,Classroom,45000,4,2025-09-03 12:00:00,12,2,9,0,28.4,47.8,57.0,Medium,46.3,59.8,Moderate,36.42,High,309.57,25.86,0
B01,Academic Block,Classroom,45000,4,2025-09-03 12:00:00,12,2,9,0,27.6,68.3,75.8,High,58.4,84.5,Moderate,35.87,High,304.9,25.47,0
B03,Library,Library,22000,3,2025-09-03 12:00:00,12,2,9,0,26.2,69.7,46.8,Medium,56.1,50.1,Moderate,24.04,Low,204.34,17.07,0
B03,Library,Library,22000,3,2025-09-03 13:00:00,13,2,9,0,28.3,73.0,48.6,Medium,53.1,52.7,Moderate,24.65,Medium,209.52,17.5,0
B02,Computer Lab,Laboratory,28000,3,2025-09-03 14:00:00,14,2,9,0,28.8,66.0,60.4,Medium,51.1,52.8,Moderate,27.9,Medium,237.15,19.81,0
B03,Library,Library,22000,3,2025-09-03 16:00:00,16,2,9,0,29.6,58.7,52.7,Medium,42.0,59.7,Hot,23.36,Low,198.56,16.59,0
B05,Administration,Office,18000,3,2025-09-03 16:00:00,16,2,9,0,28.7,54.9,72.8,High,49.7,71.0,Moderate,24.25,Low,206.12,17.22,0
B02,Computer Lab,Laboratory,28000,3,2025-09-03 17:00:00,17,2,9,0,28.8,56.3,53.4,Medium,54.9,50.6,Moderate,27.05,Medium,229.92,19.21,0
B01,Academic Block,Classroom,45000,4,2025-09-03 17:00:00,17,2,9,0,30.3,60.1,66.8,Medium,59.6,68.6,Hot,37.13,High,315.6,26.36,0
B01,Academic Block,Classroom,45000,4,2025-09-03 18:00:00,18,2,9,0,28.8,56.0,53.6,Medium,61.8,60.1,Moderate,40.33,High,342.8,28.63,0
B06,Research Lab,Laboratory,35000,4,2025-09-03 19:00:00,19,2,9,0,30.0,55.6,20.6,Low,42.0,47.0,Hot,26.87,Medium,228.4,19.08,0
B04,Hostel,Dormitory,60000,6,2025-09-03 20:00:00,20,2,9,0,31.3,59.7,20.3,Low,34.9,41.9,Hot,33.74,High,286.79,23.96,0
B01,Academic Block,Classroom,45000,4,2025-09-03 21:00:00,21,2,9,0,31.0,48.9,29.4,Low,45.1,57.7,Hot,34.53,High,293.5,24.52,0
B04,Hostel,Dormitory,60000,6,2025-09-03 22:00:00,22,2,9,0,28.4,55.3,31.2,Low,42.7,61.9,Moderate,31.34,High,266.39,22.25,0
B01,Academic Block,Classroom,45000,4,2025-09-03 22:00:00,22,2,9,0,30.6,62.0,10.0,Low,36.7,43.8,Hot,22.4,Low,190.4,15.9,0
B02,Computer Lab,Laboratory,28000,3,2025-09-03 23:00:00,23,2,9,0,32.9,60.5,11.8,Low,43.7,49.6,Hot,23.67,Low,201.2,16.81,0
B04,Hostel,Dormitory,60000,6,2025-09-04 01:00:00,1,3,9,0,29.8,67.2,4.5,Low,37.9,29.8,Hot,31.55,High,268.18,22.4,0
B02,Computer Lab,Laboratory,28000,3,2025-09-04 01:00:00,1,3,9,0,28.4,63.4,16.6,Low,25.2,42.4,Moderate,21.62,Low,183.77,15.35,0
B04,Hostel,Dormitory,60000,6,2025-09-04 02:00:00,2,3,9,0,30.3,61.0,9.1,Low,34.1,42.9,Hot,27.98,Medium,237.83,19.87,0
B02,Computer Lab,Laboratory,28000,3,2025-09-04 02:00:00,2,3,9,0,31.6,64.2,9.8,Low,48.3,34.6,Hot,25.82,Medium,219.47,18.33,0
B02,Computer Lab,Laboratory,28000,3,2025-09-04 02:00:00,2,3,9,0,29.6,62.7,21.0,Low,50.7,47.0,Hot,31.02,High,263.67,22.02,0
B06,Research Lab,Laboratory,35000,4,2025-09-04 02:00:00,2,3,9,0,25.7,57.6,0.0,Low,19.0,32.4,Moderate,20.37,Low,173.14,14.46,0
B02,Computer Lab,Laboratory,28000,3,2025-09-04 03:00:00,3,3,9,0,28.7,56.4,10.6,Low,28.1,48.0,Moderate,27.0,Medium,229.5,19.17,0
B05,Administration,Office,18000,3,2025-09-04 05:00:00,5,3,9,0,28.9,73.6,11.2,Low,40.9,49.9,Moderate,21.77,Low,185.04,15.46,0
B01,Academic Block,Classroom,45000,4,2025-09-04 05:00:00,5,3,9,0,23.8,88.5,13.0,Low,40.0,48.4,Cool,25.12,Medium,213.52,17.84,0
B02,Computer Lab,Laboratory,28000,3,2025-09-04 05:00:00,5,3,9,0,28.3,67.5,8.1,Low,35.5,50.4,Moderate,24.35,Low,206.98,17.29,0
B04,Hostel,Dormitory,60000,6,2025-09-04 05:00:00,5,3,9,0,26.6,56.7,9.8,Low,32.4,49.3,Moderate,32.46,High,275.91,23.05,0
B04,Hostel,Dormitory,60000,6,2025-09-04 07:00:00,7,3,9,0,28.4,75.6,24.9,Low,36.0,37.6,Moderate,33.21,High,282.29,23.58,0
B04,Hostel,Dormitory,60000,6,2025-09-04 08:00:00,8,3,9,0,26.2,61.0,54.5,Medium,52.7,59.7,Moderate,37.25,High,316.62,26.45,0
B01,Academic Block,Classroom,45000,4,2025-09-04 08:00:00,8,3,9,0,26.8,66.5,61.1,Medium,48.2,57.9,Moderate,24.06,Low,204.51,17.08,0
B01,Academic Block,Classroom,45000,4,2025-09-04 08:00:00,8,3,9,0,26.9,63.3,71.2,High,63.2,61.4,Moderate,32.41,High,275.48,23.01,0
B01,Academic Block,Classroom,45000,4,2025-09-04 09:00:00,9,3,9,0,27.5,64.3,66.9,Medium,55.5,61.6,Moderate,27.24,Medium,231.54,19.34,0
B02,Computer Lab,Laboratory,28000,3,2025-09-04 09:00:00,9,3,9,0,27.1,60.2,64.0,Medium,53.1,67.2,Moderate,27.59,Medium,234.52,19.59,0
B01,Academic Block,Classroom,45000,4,2025-09-04 10:00:00,10,3,9,0,25.2,73.9,65.2,Medium,43.6,62.3,Moderate,34.01,High,289.08,24.15,0
B04,Hostel,Dormitory,60000,6,2025-09-04 10:00:00,10,3,9,0,26.2,62.7,45.3,Medium,38.7,52.0,Moderate,33.36,High,283.56,23.69,0
B04,Hostel,Dormitory,60000,6,2025-09-04 12:00:00,12,3,9,0,27.3,67.4,39.3,Medium,39.6,35.3,Moderate,38.8,High,329.8,27.55,0
B06,Research Lab,Laboratory,35000,4,2025-09-04 13:00:00,13,3,9,0,29.6,65.5,66.9,Medium,56.5,67.8,Hot,38.3,High,325.55,27.19,0
B01,Academic Block,Classroom,45000,4,2025-09-04 14:00:00,14,3,9,0,29.0,61.0,71.4,High,64.2,64.3,Moderate,32.69,High,277.86,23.21,0
B02,Computer Lab,Laboratory,28000,3,2025-09-04 14:00:00,14,3,9,0,27.3,52.6,61.3,Medium,55.9,57.3,Moderate,29.52,Medium,250.92,20.96,0
B02,Computer Lab,Laboratory,28000,3,2025-09-04 15:00:00,15,3,9,0,27.5,57.2,63.3,Medium,49.2,70.8,Moderate,33.57,High,285.35,23.83,0
B04,Hostel,Dormitory,60000,6,2025-09-04 16:00:00,16,3,9,0,30.3,65.7,59.7,Medium,43.3,70.5,Hot,41.36,High,351.56,29.37,0
B02,Computer Lab,Laboratory,28000,3,2025-09-04 17:00:00,17,3,9,0,29.0,64.0,47.0,Medium,44.7,44.9,Moderate,32.36,High,275.06,22.98,0
B04,Hostel,Dormitory,60000,6,2025-09-04 18:00:00,18,3,9,0,31.2,54.3,51.6,Medium,55.5,52.5,Hot,32.29,High,274.46,22.93,0
B06,Research Lab,Laboratory,35000,4,2025-09-04 19:00:00,19,3,9,0,30.2,61.1,0.0,Low,36.1,34.4,Hot,20.93,Low,177.9,14.86,0
B04,Hostel,Dormitory,60000,6,2025-09-04 20:00:00,20,3,9,0,32.5,60.5,29.2,Low,60.1,60.6,Hot,38.33,High,325.8,27.21,0
B03,Library,Library,22000,3,2025-09-04 20:00:00,20,3,9,0,29.2,65.7,14.3,Low,46.5,43.4,Hot,24.26,Low,206.21,17.22,0
B06,Research Lab,Laboratory,35000,4,2025-09-04 20:00:00,20,3,9,0,32.5,71.7,9.5,Low,47.0,38.1,Hot,34.06,High,289.51,24.18,0
B04,Hostel,Dormitory,60000,6,2025-09-04 22:00:00,22,3,9,0,31.5,43.8,44.3,Medium,48.7,69.7,Hot,29.96,Medium,254.66,21.27,0
B02,Computer Lab,Laboratory,28000,3,2025-09-05 02:00:00,2,4,9,0,27.6,71.4,10.0,Low,35.3,42.9,Moderate,20.57,Low,174.84,14.6,0
B02,Computer Lab,Laboratory,28000,3,2025-09-05 03:00:00,3,4,9,0,26.4,65.4,6.6,Low,33.3,44.3,Moderate,24.6,Medium,209.1,17.47,0
B04,Hostel,Dormitory,60000,6,2025-09-05 04:00:00,4,4,9,0,30.1,53.7,12.2,Low,46.8,40.7,Hot,30.12,Medium,256.02,21.39,0
B03,Library,Library,22000,3,2025-09-05 04:00:00,4,4,9,0,25.9,65.4,4.7,Low,22.7,37.5,Moderate,17.48,Low,148.58,12.41,0
B05,Administration,Office,18000,3,2025-09-05 05:00:00,5,4,9,0,27.3,73.3,5.9,Low,37.0,43.3,Moderate,19.54,Low,166.09,13.87,0
B03,Library,Library,22000,3,2025-09-05 07:00:00,7,4,9,0,26.8,75.8,18.6,Low,38.7,28.6,Moderate,17.5,Low,148.75,12.42,0
B04,Hostel,Dormitory,60000,6,2025-09-05 07:00:00,7,4,9,0,26.3,56.8,18.9,Low,31.3,20.8,Moderate,29.43,Medium,250.16,20.9,0
B02,Computer Lab,Laboratory,28000,3,2025-09-05 08:00:00,8,4,9,0,27.4,57.1,59.9,Medium,58.5,68.0,Moderate,31.33,High,266.3,22.24,0
B01,Academic Block,Classroom,45000,4,2025-09-05 08:00:00,8,4,9,0,24.8,56.1,70.9,High,38.5,67.8,Moderate,32.57,High,276.85,23.12,0
B03,Library,Library,22000,3,2025-09-05 10:00:00,10,4,9,0,29.4,63.1,69.5,Medium,70.7,66.8,Hot,48.74,High,414.29,34.61,1
B01,Academic Block,Classroom,45000,4,2025-09-05 10:00:00,10,4,9,0,25.3,66.7,66.2,Medium,57.0,77.3,Moderate,26.46,Medium,224.91,18.79,0
B03,Library,Library,22000,3,2025-09-05 10:00:00,10,4,9,0,26.3,70.9,48.8,Medium,43.7,62.2,Moderate,26.13,Medium,222.1,18.55,0
B04,Hostel,Dormitory,60000,6,2025-09-05 10:00:00,10,4,9,0,24.3,68.6,54.8,Medium,40.8,60.8,Moderate,35.09,High,298.27,24.91,0
B01,Academic Block,Classroom,45000,4,2025-09-05 14:00:00,14,4,9,0,29.8,67.4,72.4,High,59.2,63.9,Hot,37.4,High,317.9,26.55,0
B04,Hostel,Dormitory,60000,6,2025-09-05 15:00:00,15,4,9,0,31.6,50.0,57.5,Medium,52.9,65.0,Hot,38.54,High,327.59,27.36,0
B03,Library,Library,22000,3,2025-09-05 15:00:00,15,4,9,0,31.8,71.8,62.9,Medium,58.3,53.3,Hot,29.93,Medium,254.4,21.25,0
B01,Academic Block,Classroom,45000,4,2025-09-05 16:00:00,16,4,9,0,30.9,69.4,73.6,High,66.7,70.9,Hot,36.07,High,306.6,25.61,0
B01,Academic Block,Classroom,45000,4,2025-09-05 17:00:00,17,4,9,0,29.1,58.0,70.2,High,53.1,65.3,Hot,37.31,High,317.14,26.49,0
B03,Library,Library,22000,3,2025-09-05 20:00:00,20,4,9,0,30.2,55.3,16.5,Low,46.2,43.9,Hot,25.53,Medium,217.0,18.13,0
B03,Library,Library,22000,3,2025-09-05 21:00:00,21,4,9,0,29.7,66.5,14.9,Low,37.6,47.3,Hot,52.62,High,447.27,37.36,1
B01,Academic Block,Classroom,45000,4,2025-09-05 22:00:00,22,4,9,0,28.1,51.6,0.9,Low,37.9,38.7,Moderate,23.79,Low,202.22,16.89,0
B01,Academic Block,Classroom,45000,4,2025-09-05 22:00:00,22,4,9,0,29.5,56.3,0.0,Low,41.7,38.9,Hot,21.2,Low,180.2,15.05,0
B03,Library,Library,22000,3,2025-09-05 23:00:00,23,4,9,0,31.0,53.0,4.6,Low,31.8,38.0,Hot,17.55,Low,149.18,12.46,0
B01,Academic Block,Classroom,45000,4,2025-09-06 00:00:00,0,5,9,1,27.9,62.0,17.7,Low,24.2,47.2,Moderate,27.88,Medium,236.98,19.79,0
B01,Academic Block,Classroom,45000,4,2025-09-06 03:00:00,3,5,9,1,24.2,62.5,8.9,Low,28.1,45.9,Moderate,27.63,Medium,234.86,19.62,0
B02,Computer Lab,Laboratory,28000,3,2025-09-06 04:00:00,4,5,9,1,25.3,59.3,13.0,Low,32.0,49.1,Moderate,18.55,Low,157.68,13.17,0
B02,Computer Lab,Laboratory,28000,3,2025-09-06 05:00:00,5,5,9,1,28.0,56.4,22.9,Low,31.5,52.9,Moderate,23.63,Low,200.86,16.78,0
B03,Library,Library,22000,3,2025-09-06 07:00:00,7,5,9,1,23.6,61.6,19.6,Low,39.7,25.4,Cool,14.83,Low,126.06,10.53,0
B03,Library,Library,22000,3,2025-09-06 07:00:00,7,5,9,1,25.5,56.3,0.0,Low,24.1,6.5,Moderate,21.54,Low,183.09,15.29,0
B01,Academic Block,Classroom,45000,4,2025-09-06 08:00:00,8,5,9,1,25.6,68.3,17.1,Low,36.3,31.1,Moderate,25.3,Medium,215.05,17.96,0
B01,Academic Block,Classroom,45000,4,2025-09-06 10:00:00,10,5,9,1,26.8,71.4,12.4,Low,28.6,29.2,Moderate,20.0,Low,170.0,14.2,0
B04,Hostel,Dormitory,60000,6,2025-09-06 10:00:00,10,5,9,1,26.8,66.4,7.4,Low,22.3,19.5,Moderate,24.2,Low,205.7,17.18,0
B01,Academic Block,Classroom,45000,4,2025-09-06 10:00:00,10,5,9,1,27.0,73.1,9.7,Low,39.4,24.1,Moderate,28.8,Medium,244.8,20.45,0
B01,Academic Block,Classroom,45000,4,2025-09-06 12:00:00,12,5,9,1,26.9,57.6,9.8,Low,26.7,29.0,Moderate,24.94,Medium,211.99,17.71,0
B05,Administration,Office,18000,3,2025-09-06 13:00:00,13,5,9,1,26.2,58.8,2.8,Low,33.3,27.2,Moderate,16.15,Low,137.27,11.47,0
B01,Academic Block,Classroom,45000,4,2025-09-06 13:00:00,13,5,9,1,29.0,64.9,13.7,Low,32.4,23.3,Moderate,23.12,Low,196.52,16.42,0
B03,Library,Library,22000,3,2025-09-06 14:00:00,14,5,9,1,25.5,68.6,27.2,Low,34.5,35.0,Moderate,18.2,Low,154.7,12.92,0
B01,Academic Block,Classroom,45000,4,2025-09-06 15:00:00,15,5,9,1,29.8,61.3,19.1,Low,39.8,31.6,Hot,22.14,Low,188.19,15.72,0
B05,Administration,Office,18000,3,2025-09-06 17:00:00,17,5,9,1,31.3,59.8,0.0,Low,36.6,8.9,Hot,16.5,Low,140.25,11.72,0
B06,Research Lab,Laboratory,35000,4,2025-09-06 17:00:00,17,5,9,1,33.1,51.1,14.0,Low,41.0,14.8,Hot,29.22,Medium,248.37,20.75,0
B02,Computer Lab,Laboratory,28000,3,2025-09-06 17:00:00,17,5,9,1,28.4,43.7,14.0,Low,40.7,18.8,Moderate,23.42,Low,199.07,16.63,0
B06,Research Lab,Laboratory,35000,4,2025-09-06 18:00:00,18,5,9,1,29.0,65.7,5.0,Low,40.0,17.4,Moderate,25.14,Medium,213.69,17.85,0
B01,Academic Block,Classroom,45000,4,2025-09-06 20:00:00,20,5,9,1,30.2,67.7,3.5,Low,43.3,34.0,Hot,29.81,Medium,253.38,21.17,0
B02,Computer Lab,Laboratory,28000,3,2025-09-06 21:00:00,21,5,9,1,30.1,57.9,18.3,Low,38.3,44.6,Hot,24.34,Low,206.89,17.28,0
B02,Computer Lab,Laboratory,28000,3,2025-09-06 22:00:00,22,5,9,1,31.1,56.3,12.7,Low,34.1,44.8,Hot,31.95,High,271.58,22.68,0
B03,Library,Library,22000,3,2025-09-07 01:00:00,1,6,9,1,29.4,56.9,8.7,Low,37.6,41.5,Hot,20.35,Low,172.98,14.45,0
B01,Academic Block,Classroom,45000,4,2025-09-07 01:00:00,1,6,9,1,28.1,59.9,16.2,Low,38.9,43.4,Moderate,27.21,Medium,231.28,19.32,0
B06,Research Lab,Laboratory,35000,4,2025-09-07 05:00:00,5,6,9,1,26.5,70.8,26.8,Low,39.7,47.0,Moderate,31.16,High,264.86,22.12,0
B01,Academic Block,Classroom,45000,4,2025-09-07 07:00:00,7,6,9,1,27.5,56.5,13.8,Low,43.9,27.4,Moderate,26.9,Medium,228.65,19.1,0
B04,Hostel,Dormitory,60000,6,2025-09-07 08:00:00,8,6,9,1,24.2,70.2,14.0,Low,29.5,30.8,Moderate,31.41,High,266.98,22.3,0
B05,Administration,Office,18000,3,2025-09-07 08:00:00,8,6,9,1,25.7,61.0,11.8,Low,43.4,20.8,Moderate,15.3,Low,130.05,10.86,0
B02,Computer Lab,Laboratory,28000,3,2025-09-07 09:00:00,9,6,9,1,27.0,49.4,9.3,Low,37.5,20.1,Moderate,21.88,Low,185.98,15.53,0
B05,Administration,Office,18000,3,2025-09-07 09:00:00,9,6,9,1,24.5,63.0,17.7,Low,36.2,32.3,Moderate,20.19,Low,171.62,14.33,0
B02,Computer Lab,Laboratory,28000,3,2025-09-07 09:00:00,9,6,9,1,20.8,79.8,10.7,Low,24.3,28.3,Cool,23.63,Low,200.86,16.78,0
B04,Hostel,Dormitory,60000,6,2025-09-07 11:00:00,11,6,9,1,28.8,57.2,15.5,Low,35.8,24.3,Moderate,31.7,High,269.45,22.51,0
B03,Library,Library,22000,3,2025-09-07 12:00:00,12,6,9,1,27.0,61.7,22.5,Low,33.2,31.4,Moderate,21.98,Low,186.83,15.61,0
B04,Hostel,Dormitory,60000,6,2025-09-07 13:00:00,13,6,9,1,25.7,64.5,17.2,Low,33.8,35.3,Moderate,27.18,Medium,231.03,19.3,0
B01,Academic Block,Classroom,45000,4,2025-09-07 14:00:00,14,6,9,1,29.4,62.9,3.1,Low,39.7,21.7,Hot,27.07,Medium,230.1,19.22,0
B05,Administration,Office,18000,3,2025-09-07 16:00:00,16,6,9,1,28.8,72.8,2.7,Low,32.0,11.3,Moderate,19.8,Low,168.3,14.06,0
B05,Administration,Office,18000,3,2025-09-07 18:00:00,18,6,9,1,28.2,56.9,20.8,Low,36.2,22.0,Moderate,18.79,Low,159.72,13.34,0
B01,Academic Block,Classroom,45000,4,2025-09-07 19:00:00,19,6,9,1,30.6,60.6,11.2,Low,33.2,42.0,Hot,27.71,Medium,235.54,19.67,0
B02,Computer Lab,Laboratory,28000,3,2025-09-07 20:00:00,20,6,9,1,30.1,66.2,13.8,Low,42.5,40.5,Hot,19.67,Low,167.2,13.97,0
B03,Library,Library,22000,3,2025-09-07 23:00:00,23,6,9,1,28.6,57.1,6.5,Low,27.7,42.2,Moderate,23.93,Low,203.4,16.99,0
B01,Academic Block,Classroom,45000,4,2025-09-07 23:00:00,23,6,9,1,28.3,62.9,16.3,Low,39.4,50.8,Moderate,27.87,Medium,236.9,19.79,0
B01,Academic Block,Classroom,45000,4,2025-09-08 00:00:00,0,0,9,0,27.4,70.0,25.2,Low,40.2,55.2,Moderate,29.27,Medium,248.8,20.78,0
B01,Academic Block,Classroom,45000,4,2025-09-08 01:00:00,1,0,9,0,29.6,57.7,13.1,Low,37.4,40.8,Hot,27.82,Medium,236.47,19.75,0
B01,Academic Block,Classroom,45000,4,2025-09-08 02:00:00,2,0,9,0,26.1,62.9,16.5,Low,40.4,41.0,Moderate,26.73,Medium,227.2,18.98,0
B02,Computer Lab,Laboratory,28000,3,2025-09-08 04:00:00,4,0,9,0,25.8,56.3,20.7,Low,43.6,53.8,Moderate,26.91,Medium,228.74,19.11,0
B04,Hostel,Dormitory,60000,6,2025-09-08 04:00:00,4,0,9,0,27.1,69.9,23.8,Low,24.9,57.0,Moderate,36.69,High,311.86,26.05,0
B05,Administration,Office,18000,3,2025-09-08 05:00:00,5,0,9,0,28.8,63.1,7.2,Low,25.8,45.9,Moderate,26.96,Medium,229.16,19.14,0
B01,Academic Block,Classroom,45000,4,2025-09-08 06:00:00,6,0,9,0,26.5,60.8,14.9,Low,36.8,44.7,Moderate,28.78,Medium,244.63,20.43,0
B04,Hostel,Dormitory,60000,6,2025-09-08 07:00:00,7,0,9,0,26.9,61.3,20.9,Low,46.3,30.2,Moderate,36.21,High,307.79,25.71,0
B01,Academic Block,Classroom,45000,4,2025-09-08 07:00:00,7,0,9,0,26.2,64.0,22.9,Low,27.4,36.2,Moderate,22.6,Low,192.1,16.05,0
B05,Administration,Office,18000,3,2025-09-08 08:00:00,8,0,9,0,27.3,65.5,59.7,Medium,53.0,59.8,Moderate,24.76,Medium,210.46,17.58,0
B01,Academic Block,Classroom,45000,4,2025-09-08 10:00:00,10,0,9,0,29.2,57.1,61.9,Medium,44.2,58.6,Hot,33.65,High,286.02,23.89,0
B05,Administration,Office,18000,3,2025-09-08 12:00:00,12,0,9,0,26.3,59.9,61.6,Medium,38.2,57.0,Moderate,25.5,Medium,216.75,18.1,0
B02,Computer Lab,Laboratory,28000,3,2025-09-08 13:00:00,13,0,9,0,27.5,61.2,56.6,Medium,62.1,61.0,Moderate,33.07,High,281.1,23.48,0
B01,Academic Block,Classroom,45000,4,2025-09-08 15:00:00,15,0,9,0,28.8,63.0,64.6,Medium,57.2,62.0,Moderate,30.41,Medium,258.48,21.59,0
B02,Computer Lab,Laboratory,28000,3,2025-09-08 15:00:00,15,0,9,0,29.3,72.8,61.7,Medium,45.5,58.6,Hot,30.22,Medium,256.87,21.46,0
B02,Computer Lab,Laboratory,28000,3,2025-09-08 17:00:00,17,0,9,0,29.6,55.7,55.0,Medium,51.6,58.5,Hot,30.67,Medium,260.7,21.78,0
B01,Academic Block,Classroom,45000,4,2025-09-08 18:00:00,18,0,9,0,28.9,50.3,77.5,High,54.9,69.6,Moderate,36.83,High,313.06,26.15,0
B01,Academic Block,Classroom,45000,4,2025-09-08 19:00:00,19,0,9,0,29.9,70.9,9.2,Low,34.9,39.0,Hot,25.12,Medium,213.52,17.84,0
B06,Research Lab,Laboratory,35000,4,2025-09-08 21:00:00,21,0,9,0,33.6,52.0,7.8,Low,41.7,41.1,Hot,31.94,High,271.49,22.68,0
B01,Academic Block,Classroom,45000,4,2025-09-08 23:00:00,23,0,9,0,29.9,71.4,3.8,Low,36.8,35.5,Hot,24.83,Medium,211.05,17.63,0
B01,Academic Block,Classroom,45000,4,2025-09-08 23:00:00,23,0,9,0,26.5,72.5,20.8,Low,38.1,57.7,Moderate,28.55,Medium,242.68,20.27,0
B05,Administration,Office,18000,3,2025-09-08 23:00:00,23,0,9,0,28.8,65.8,2.9,Low,29.1,39.8,Moderate,22.11,Low,187.94,15.7,0
B03,Library,Library,22000,3,2025-09-09 01:00:00,1,1,9,0,28.4,70.8,15.2,Low,32.4,47.0,Moderate,17.69,Low,150.36,12.56,0
B02,Computer Lab,Laboratory,28000,3,2025-09-09 02:00:00,2,1,9,0,27.7,50.0,16.9,Low,38.6,54.7,Moderate,28.27,Medium,240.3,20.07,0
B01,Academic Block,Classroom,45000,4,2025-09-09 02:00:00,2,1,9,0,27.8,53.3,0.0,Low,26.5,35.4,Moderate,19.58,Low,166.43,13.9,0
B01,Academic Block,Classroom,45000,4,2025-09-09 02:00:00,2,1,9,0,28.3,64.3,2.8,Low,28.4,42.5,Moderate,26.19,Medium,222.62,18.59,0
B04,Hostel,Dormitory,60000,6,2025-09-09 04:00:00,4,1,9,0,27.7,60.1,9.4,Low,34.2,37.1,Moderate,25.97,Medium,220.74,18.44,0
B02,Computer Lab,Laboratory,28000,3,2025-09-09 04:00:00,4,1,9,0,27.3,57.7,25.3,Low,38.6,50.8,Moderate,30.76,Medium,261.46,21.84,0
B05,Administration,Office,18000,3,2025-09-09 06:00:00,6,1,9,0,27.6,68.6,9.4,Low,30.7,37.3,Moderate,16.75,Low,142.38,11.89,0
B03,Library,Library,22000,3,2025-09-09 06:00:00,6,1,9,0,23.9,67.7,8.5,Low,32.7,43.9,Cool,18.94,Low,160.99,13.45,0
B01,Academic Block,Classroom,45000,4,2025-09-09 06:00:00,6,1,9,0,25.8,71.7,6.8,Low,32.2,32.4,Moderate,23.27,Low,197.8,16.52,0
B03,Library,Library,22000,3,2025-09-09 06:00:00,6,1,9,0,26.8,61.0,6.6,Low,43.1,41.5,Moderate,24.31,Low,206.64,17.26,0
B06,Research Lab,Laboratory,35000,4,2025-09-09 09:00:00,9,1,9,0,26.4,63.8,54.4,Medium,45.5,53.3,Moderate,28.68,Medium,243.78,20.36,0
B05,Administration,Office,18000,3,2025-09-09 12:00:00,12,1,9,0,25.9,75.1,58.0,Medium,51.6,59.2,Moderate,24.43,Medium,207.66,17.35,0
B01,Academic Block,Classroom,45000,4,2025-09-09 13:00:00,13,1,9,0,26.6,54.7,61.6,Medium,58.6,61.1,Moderate,32.85,High,279.23,23.32,0
B02,Computer Lab,Laboratory,28000,3,2025-09-09 17:00:00,17,1,9,0,28.1,61.9,53.8,Medium,44.5,58.1,Moderate,33.36,High,283.56,23.69,0
B05,Administration,Office,18000,3,2025-09-09 18:00:00,18,1,9,0,31.1,54.0,60.0,Medium,55.2,71.2,Hot,26.91,Medium,228.74,19.11,0
B02,Computer Lab,Laboratory,28000,3,2025-09-09 18:00:00,18,1,9,0,26.9,75.3,65.5,Medium,59.1,74.2,Moderate,25.21,Medium,214.28,17.9,0
B04,Hostel,Dormitory,60000,6,2025-09-09 20:00:00,20,1,9,0,28.0,79.4,24.2,Low,43.3,57.2,Moderate,29.92,Medium,254.32,21.24,0
B01,Academic Block,Classroom,45000,4,2025-09-09 21:00:00,21,1,9,0,30.5,62.1,7.5,Low,37.8,38.9,Hot,29.51,Medium,250.84,20.95,0
B06,Research Lab,Laboratory,35000,4,2025-09-09 23:00:00,23,1,9,0,30.1,64.4,8.4,Low,29.2,42.2,Hot,27.39,Medium,232.82,19.45,0
B06,Research Lab,Laboratory,35000,4,2025-09-10 00:00:00,0,2,9,0,26.4,63.2,12.0,Low,24.3,42.0,Moderate,24.19,Low,205.62,17.17,0
B02,Computer Lab,Laboratory,28000,3,2025-09-10 00:00:00,0,2,9,0,29.8,60.2,6.7,Low,33.7,36.3,Hot,21.82,Low,185.47,15.49,0
B04,Hostel,Dormitory,60000,6,2025-09-10 02:00:00,2,2,9,0,28.1,63.1,26.5,Low,35.4,45.1,Moderate,49.25,High,418.62,34.97,1
B02,Computer Lab,Laboratory,28000,3,2025-09-10 02:00:00,2,2,9,0,28.6,52.7,16.1,Low,32.8,45.9,Moderate,26.85,Medium,228.23,19.06,0
B03,Library,Library,22000,3,2025-09-10 03:00:00,3,2,9,0,27.4,67.7,18.8,Low,25.3,50.5,Moderate,19.25,Low,163.62,13.67,0
B02,Computer Lab,Laboratory,28000,3,2025-09-10 03:00:00,3,2,9,0,27.9,55.8,13.7,Low,27.3,48.3,Moderate,28.49,Medium,242.16,20.23,0
B04,Hostel,Dormitory,60000,6,2025-09-10 05:00:00,5,2,9,0,27.1,60.8,21.8,Low,31.5,51.9,Moderate,34.69,High,294.86,24.63,0
B05,Administration,Office,18000,3,2025-09-10 07:00:00,7,2,9,0,26.6,64.0,4.0,Low,30.4,14.5,Moderate,14.98,Low,127.33,10.64,0
B05,Administration,Office,18000,3,2025-09-10 07:00:00,7,2,9,0,26.2,58.7,8.1,Low,28.3,18.6,Moderate,18.09,Low,153.76,12.84,0
B06,Research Lab,Laboratory,35000,4,2025-09-10 08:00:00,8,2,9,0,25.7,68.6,53.1,Medium,45.6,59.4,Moderate,31.23,High,265.46,22.17,0
B02,Computer Lab,Laboratory,28000,3,2025-09-10 08:00:00,8,2,9,0,25.7,61.1,57.6,Medium,46.9,49.7,Moderate,30.03,Medium,255.26,21.32,0
B02,Computer Lab,Laboratory,28000,3,2025-09-10 09:00:00,9,2,9,0,26.2,71.5,69.9,Medium,41.8,64.9,Moderate,29.74,Medium,252.79,21.12,0
B06,Research Lab,Laboratory,35000,4,2025-09-10 09:00:00,9,2,9,0,27.1,57.2,74.2,High,61.5,70.8,Moderate,36.27,High,308.3,25.75,0
B06,Research Lab,Laboratory,35000,4,2025-09-10 11:00:00,11,2,9,0,29.3,60.4,65.5,Medium,60.5,62.1,Hot,30.55,Medium,259.68,21.69,0
B06,Research Lab,Laboratory,35000,4,2025-09-10 11:00:00,11,2,9,0,27.2,55.7,58.1,Medium,50.0,51.0,Moderate,29.21,Medium,248.28,20.74,0
B06,Research Lab,Laboratory,35000,4,2025-09-10 12:00:00,12,2,9,0,27.4,70.0,66.6,Medium,49.9,69.6,Moderate,38.02,High,323.17,26.99,0
B04,Hostel,Dormitory,60000,6,2025-09-10 12:00:00,12,2,9,0,28.6,59.9,61.4,Medium,61.5,66.9,Moderate,38.92,High,330.82,27.63,0
B02,Computer Lab,Laboratory,28000,3,2025-09-10 13:00:00,13,2,9,0,27.9,58.8,67.0,Medium,48.0,60.3,Moderate,27.8,Medium,236.3,19.74,0
B03,Library,Library,22000,3,2025-09-10 14:00:00,14,2,9,0,26.2,62.7,54.0,Medium,52.3,39.5,Moderate,30.19,Medium,256.62,21.43,0
B04,Hostel,Dormitory,60000,6,2025-09-10 15:00:00,15,2,9,0,27.2,62.5,50.3,Medium,41.8,62.7,Moderate,34.93,High,296.9,24.8,0
B05,Administration,Office,18000,3,2025-09-10 16:00:00,16,2,9,0,31.6,62.6,58.1,Medium,65.5,56.5,Hot,32.08,High,272.68,22.78,0
B02,Computer Lab,Laboratory,28000,3,2025-09-10 17:00:00,17,2,9,0,28.2,66.2,57.1,Medium,53.9,53.0,Moderate,29.18,Medium,248.03,20.72,0
B04,Hostel,Dormitory,60000,6,2025-09-10 17:00:00,17,2,9,0,30.1,59.9,45.4,Medium,55.8,48.5,Hot,41.54,High,353.09,29.49,0
B04,Hostel,Dormitory,60000,6,2025-09-10 18:00:00,18,2,9,0,28.1,62.2,50.5,Medium,49.9,54.5,Moderate,36.89,High,313.56,26.19,0
B04,Hostel,Dormitory,60000,6,2025-09-10 18:00:00,18,2,9,0,31.5,38.1,50.8,Medium,57.6,50.0,Hot,34.72,High,295.12,24.65,0
B04,Hostel,Dormitory,60000,6,2025-09-10 18:00:00,18,2,9,0,28.9,58.7,45.0,Medium,48.4,49.4,Moderate,43.79,High,372.22,31.09,0
B02,Computer Lab,Laboratory,28000,3,2025-09-10 20:00:00,20,2,9,0,29.9,71.1,30.8,Low,38.9,57.5,Hot,26.68,Medium,226.78,18.94,0
B02,Computer Lab,Laboratory,28000,3,2025-09-10 20:00:00,20,2,9,0,29.5,64.5,14.1,Low,45.0,42.1,Hot,25.52,Medium,216.92,18.12,0
B05,Administration,Office,18000,3,2025-09-10 23:00:00,23,2,9,0,30.0,53.5,21.0,Low,40.2,42.6,Hot,17.6,Low,149.6,12.5,0
B01,Academic Block,Classroom,45000,4,2025-09-10 23:00:00,23,2,9,0,29.5,58.7,20.4,Low,41.2,57.0,Hot,22.22,Low,188.87,15.78,0
B04,Hostel,Dormitory,60000,6,2025-09-10 23:00:00,23,2,9,0,30.6,56.3,45.6,Medium,41.9,72.0,Hot,42.58,High,361.93,30.23,0
B01,Academic Block,Classroom,45000,4,2025-09-11 01:00:00,1,3,9,0,29.2,69.1,5.7,Low,33.9,35.4,Hot,25.74,Medium,218.79,18.28,0
B01,Academic Block,Classroom,45000,4,2025-09-11 01:00:00,1,3,9,0,28.7,68.8,8.2,Low,37.3,43.2,Moderate,18.84,Low,160.14,13.38,0
B02,Computer Lab,Laboratory,28000,3,2025-09-11 02:00:00,2,3,9,0,28.7,56.6,0.0,Low,42.4,30.7,Moderate,22.5,Low,191.25,15.98,0
B01,Academic Block,Classroom,45000,4,2025-09-11 03:00:00,3,3,9,0,28.3,62.4,0.7,Low,31.2,35.3,Moderate,24.93,Medium,211.9,17.7,0
B02,Computer Lab,Laboratory,28000,3,2025-09-11 04:00:00,4,3,9,0,26.1,56.2,4.9,Low,27.0,41.6,Moderate,24.01,Low,204.08,17.05,0
B01,Academic Block,Classroom,45000,4,2025-09-11 05:00:00,5,3,9,0,25.6,60.1,10.9,Low,26.3,45.5,Moderate,20.22,Low,171.87,14.36,0
B06,Research Lab,Laboratory,35000,4,2025-09-11 06:00:00,6,3,9,0,28.3,58.2,11.3,Low,31.5,41.4,Moderate,24.28,Low,206.38,17.24,0
B03,Library,Library,22000,3,2025-09-11 07:00:00,7,3,9,0,26.9,58.6,34.2,Low,51.5,44.7,Moderate,20.73,Low,176.2,14.72,0
B05,Administration,Office,18000,3,2025-09-11 07:00:00,7,3,9,0,26.4,66.4,15.5,Low,27.0,26.7,Moderate,15.41,Low,130.99,10.94,0
B01,Academic Block,Classroom,45000,4,2025-09-11 09:00:00,9,3,9,0,24.6,74.8,73.4,High,47.9,67.4,Moderate,32.92,High,279.82,23.37,0
B01,Academic Block,Classroom,45000,4,2025-09-11 11:00:00,11,3,9,0,23.6,65.7,67.6,Medium,55.1,74.1,Cool,35.51,High,301.83,25.21,0
B02,Computer Lab,Laboratory,28000,3,2025-09-11 11:00:00,11,3,9,0,25.9,56.9,49.6,Medium,51.3,46.6,Moderate,29.39,Medium,249.82,20.87,0
B02,Computer Lab,Laboratory,28000,3,2025-09-11 12:00:00,12,3,9,0,26.1,65.6,60.9,Medium,62.6,62.7,Moderate,32.59,High,277.02,23.14,0
B06,Research Lab,Laboratory,35000,4,2025-09-11 14:00:00,14,3,9,0,27.3,64.6,47.5,Medium,52.6,57.7,Moderate,61.2,High,520.2,43.45,1
B04,Hostel,Dormitory,60000,6,2025-09-11 16:00:00,16,3,9,0,30.0,59.7,49.7,Medium,53.3,43.8,Hot,33.99,High,288.92,24.13,0
B03,Library,Library,22000,3,2025-09-11 17:00:00,17,3,9,0,31.4,72.9,59.4,Medium,61.4,67.7,Hot,30.82,Medium,261.97,21.88,0
B01,Academic Block,Classroom,45000,4,2025-09-11 17:00:00,17,3,9,0,30.8,62.1,62.5,Medium,51.6,70.3,Hot,33.86,High,287.81,24.04,0
B04,Hostel,Dormitory,60000,6,2025-09-11 18:00:00,18,3,9,0,28.6,66.1,52.4,Medium,49.6,52.0,Moderate,34.82,High,295.97,24.72,0
B01,Academic Block,Classroom,45000,4,2025-09-11 20:00:00,20,3,9,0,30.5,44.9,7.8,Low,32.2,42.3,Hot,26.69,Medium,226.86,18.95,0
B03,Library,Library,22000,3,2025-09-11 20:00:00,20,3,9,0,29.0,55.1,4.3,Low,42.7,34.5,Moderate,14.82,Low,125.97,10.52,0
B01,Academic Block,Classroom,45000,4,2025-09-11 22:00:00,22,3,9,0,26.7,67.2,15.4,Low,25.0,42.4,Moderate,22.17,Low,188.45,15.74,0
B01,Academic Block,Classroom,45000,4,2025-09-11 22:00:00,22,3,9,0,29.3,63.5,19.3,Low,38.4,43.8,Hot,24.82,Medium,210.97,17.62,0
B01,Academic Block,Classroom,45000,4,2025-09-12 00:00:00,0,4,9,0,30.5,58.0,19.3,Low,35.8,57.9,Hot,25.94,Medium,220.49,18.42,0
B01,Academic Block,Classroom,45000,4,2025-09-12 00:00:00,0,4,9,0,28.1,65.7,10.3,Low,40.6,41.6,Moderate,27.65,Medium,235.02,19.63,0
B01,Academic Block,Classroom,45000,4,2025-09-12 00:00:00,0,4,9,0,29.9,67.6,0.0,Low,35.2,28.1,Hot,25.28,Medium,214.88,17.95,0
B06,Research Lab,Laboratory,35000,4,2025-09-12 00:00:00,0,4,9,0,27.6,59.6,12.6,Low,34.3,49.6,Moderate,28.12,Medium,239.02,19.97,0
B03,Library,Library,22000,3,2025-09-12 01:00:00,1,4,9,0,29.2,57.3,20.9,Low,33.2,54.0,Hot,23.57,Low,200.34,16.73,0
B01,Academic Block,Classroom,45000,4,2025-09-12 01:00:00,1,4,9,0,27.8,61.0,2.8,Low,40.0,39.0,Moderate,21.1,Low,179.35,14.98,0
B01,Academic Block,Classroom,45000,4,2025-09-12 02:00:00,2,4,9,0,29.9,64.6,24.5,Low,37.2,50.1,Hot,32.29,High,274.46,22.93,0
B04,Hostel,Dormitory,60000,6,2025-09-12 03:00:00,3,4,9,0,26.7,59.6,0.0,Low,26.0,33.0,Moderate,26.33,Medium,223.8,18.69,0
B01,Academic Block,Classroom,45000,4,2025-09-12 03:00:00,3,4,9,0,26.3,69.9,14.8,Low,32.9,56.5,Moderate,29.11,Medium,247.44,20.67,0
B01,Academic Block,Classroom,45000,4,2025-09-12 04:00:00,4,4,9,0,28.9,58.5,17.8,Low,41.9,50.3,Moderate,26.14,Medium,222.19,18.56,0
B06,Research Lab,Laboratory,35000,4,2025-09-12 05:00:00,5,4,9,0,25.4,60.8,22.3,Low,32.2,49.1,Moderate,21.78,Low,185.13,15.46,0
B06,Research Lab,Laboratory,35000,4,2025-09-12 05:00:00,5,4,9,0,26.5,80.2,15.2,Low,42.0,50.1,Moderate,23.3,Low,198.05,16.54,0
B01,Academic Block,Classroom,45000,4,2025-09-12 07:00:00,7,4,9,0,24.9,56.4,9.7,Low,28.9,26.5,Moderate,25.61,Medium,217.68,18.18,0
B02,Computer Lab,Laboratory,28000,3,2025-09-12 07:00:00,7,4,9,0,27.1,68.8,13.2,Low,43.8,34.0,Moderate,26.23,Medium,222.96,18.62,0
B05,Administration,Office,18000,3,2025-09-12 08:00:00,8,4,9,0,27.6,50.3,57.9,Medium,44.8,58.8,Moderate,22.05,Low,187.42,15.66,0
B04,Hostel,Dormitory,60000,6,2025-09-12 08:00:00,8,4,9,0,24.6,69.9,37.1,Medium,40.8,46.5,Moderate,33.77,High,287.04,23.98,0
B01,Academic Block,Classroom,45000,4,2025-09-12 09:00:00,9,4,9,0,26.5,82.6,64.9,Medium,46.4,66.3,Moderate,35.03,High,297.76,24.87,0
B02,Computer Lab,Laboratory,28000,3,2025-09-12 10:00:00,10,4,9,0,26.9,70.9,62.2,Medium,49.7,58.1,Moderate,36.26,High,308.21,25.74,0
B05,Administration,Office,18000,3,2025-09-12 11:00:00,11,4,9,0,26.4,73.2,69.9,Medium,44.4,60.6,Moderate,25.76,Medium,218.96,18.29,0
B06,Research Lab,Laboratory,35000,4,2025-09-12 11:00:00,11,4,9,0,28.5,61.5,55.4,Medium,59.3,59.7,Moderate,35.1,High,298.35,24.92,0
B05,Administration,Office,18000,3,2025-09-12 13:00:00,13,4,9,0,29.4,68.1,73.0,High,67.1,73.2,Hot,29.77,Medium,253.04,21.14,0
B04,Hostel,Dormitory,60000,6,2025-09-12 13:00:00,13,4,9,0,25.8,66.1,49.8,Medium,51.6,40.2,Moderate,35.16,High,298.86,24.96,0
B06,Research Lab,Laboratory,35000,4,2025-09-12 14:00:00,14,4,9,0,29.5,75.6,62.1,Medium,61.0,64.2,Hot,37.8,High,321.3,26.84,0
B01,Academic Block,Classroom,45000,4,2025-09-12 14:00:00,14,4,9,0,28.4,54.5,71.8,High,73.1,68.5,Moderate,32.29,High,274.46,22.93,0
B06,Research Lab,Laboratory,35000,4,2025-09-12 17:00:00,17,4,9,0,29.4,69.8,59.2,Medium,55.3,61.6,Hot,37.0,High,314.5,26.27,0
B01,Academic Block,Classroom,45000,4,2025-09-12 17:00:00,17,4,9,0,28.7,65.0,66.0,Medium,65.3,62.1,Moderate,33.3,High,283.05,23.64,0
B01,Academic Block,Classroom,45000,4,2025-09-12 18:00:00,18,4,9,0,27.2,56.9,77.5,High,56.4,80.4,Moderate,32.27,High,274.3,22.91,0
B01,Academic Block,Classroom,45000,4,2025-09-12 19:00:00,19,4,9,0,30.0,59.1,0.1,Low,38.1,40.2,Hot,23.34,Low,198.39,16.57,0
B06,Research Lab,Laboratory,35000,4,2025-09-12 20:00:00,20,4,9,0,30.1,49.7,12.3,Low,43.8,37.3,Hot,35.32,High,300.22,25.08,0
B06,Research Lab,Laboratory,35000,4,2025-09-12 21:00:00,21,4,9,0,32.6,36.1,0.0,Low,28.2,30.1,Hot,33.08,High,281.18,23.49,0
B05,Administration,Office,18000,3,2025-09-12 22:00:00,22,4,9,0,28.4,53.9,0.0,Low,30.8,35.3,Moderate,14.25,Low,121.12,10.12,0
B04,Hostel,Dormitory,60000,6,2025-09-12 22:00:00,22,4,9,0,27.0,60.7,31.6,Low,38.7,55.6,Moderate,34.44,High,292.74,24.45,0
B05,Administration,Office,18000,3,2025-09-13 01:00:00,1,5,9,1,26.3,64.5,8.3,Low,30.5,46.6,Moderate,18.29,Low,155.46,12.99,0
B04,Hostel,Dormitory,60000,6,2025-09-13 03:00:00,3,5,9,1,29.4,52.3,26.6,Low,38.3,49.9,Hot,40.37,High,343.14,28.66,0
B05,Administration,Office,18000,3,2025-09-13 04:00:00,4,5,9,1,25.9,62.1,10.2,Low,31.6,48.0,Moderate,16.17,Low,137.45,11.48,0
B05,Administration,Office,18000,3,2025-09-13 05:00:00,5,5,9,1,28.2,64.1,19.9,Low,40.3,37.8,Moderate,12.23,Low,103.96,8.68,0
B01,Academic Block,Classroom,45000,4,2025-09-13 05:00:00,5,5,9,1,26.2,60.0,12.4,Low,25.9,42.3,Moderate,23.0,Low,195.5,16.33,0
B06,Research Lab,Laboratory,35000,4,2025-09-13 05:00:00,5,5,9,1,24.7,57.7,3.6,Low,26.3,44.6,Moderate,22.64,Low,192.44,16.07,0
B02,Computer Lab,Laboratory,28000,3,2025-09-13 07:00:00,7,5,9,1,28.6,57.0,0.0,Low,30.4,14.7,Moderate,23.26,Low,197.71,16.51,0
B04,Hostel,Dormitory,60000,6,2025-09-13 12:00:00,12,5,9,1,28.5,71.6,2.5,Low,39.8,17.0,Moderate,32.77,High,278.54,23.27,0
B03,Library,Library,22000,3,2025-09-13 19:00:00,19,5,9,1,29.2,49.6,14.3,Low,41.4,49.6,Hot,26.06,Medium,221.51,18.5,0
B02,Computer Lab,Laboratory,28000,3,2025-09-13 21:00:00,21,5,9,1,31.0,68.3,23.2,Low,39.7,55.0,Hot,33.02,High,280.67,23.44,0
B02,Computer Lab,Laboratory,28000,3,2025-09-13 21:00:00,21,5,9,1,29.7,70.8,5.6,Low,41.7,38.6,Hot,27.79,Medium,236.22,19.73,0
B02,Computer Lab,Laboratory,28000,3,2025-09-13 21:00:00,21,5,9,1,30.1,58.4,17.9,Low,40.5,55.0,Hot,31.46,High,267.41,22.34,0
B05,Administration,Office,18000,3,2025-09-13 23:00:00,23,5,9,1,31.6,62.9,10.7,Low,41.4,43.7,Hot,18.04,Low,153.34,12.81,0
B02,Computer Lab,Laboratory,28000,3,2025-09-14 00:00:00,0,6,9,1,26.2,58.6,4.5,Low,23.6,41.1,Moderate,20.63,Low,175.36,14.65,0
B05,Administration,Office,18000,3,2025-09-14 00:00:00,0,6,9,1,27.9,64.6,14.5,Low,36.9,50.6,Moderate,19.72,Low,167.62,14.0,0
B02,Computer Lab,Laboratory,28000,3,2025-09-14 03:00:00,3,6,9,1,27.0,79.0,23.1,Low,42.8,40.2,Moderate,27.0,Medium,229.5,19.17,0
B06,Research Lab,Laboratory,35000,4,2025-09-14 08:00:00,8,6,9,1,26.0,73.1,11.5,Low,29.8,20.0,Moderate,21.38,Low,181.73,15.18,0
B05,Administration,Office,18000,3,2025-09-14 09:00:00,9,6,9,1,23.7,62.5,17.8,Low,38.8,25.4,Cool,22.41,Low,190.48,15.91,1
B04,Hostel,Dormitory,60000,6,2025-09-14 09:00:00,9,6,9,1,26.9,54.2,14.2,Low,39.2,28.9,Moderate,29.22,Medium,248.37,20.75,0
B04,Hostel,Dormitory,60000,6,2025-09-14 10:00:00,10,6,9,1,24.0,63.7,14.2,Low,23.6,34.4,Cool,30.05,Medium,255.42,21.34,0
B01,Academic Block,Classroom,45000,4,2025-09-14 10:00:00,10,6,9,1,23.9,67.8,6.4,Low,27.2,10.5,Cool,9.13,Low,77.6,6.48,0
B03,Library,Library,22000,3,2025-09-14 11:00:00,11,6,9,1,25.7,69.5,15.4,Low,23.8,24.5,Moderate,17.02,Low,144.67,12.08,0
B01,Academic Block,Classroom,45000,4,2025-09-14 12:00:00,12,6,9,1,29.3,60.8,1.8,Low,28.0,21.8,Hot,20.88,Low,177.48,14.82,0
B04,Hostel,Dormitory,60000,6,2025-09-14 12:00:00,12,6,9,1,30.3,73.3,14.5,Low,29.6,17.2,Hot,28.38,Medium,241.23,20.15,0
B04,Hostel,Dormitory,60000,6,2025-09-14 13:00:00,13,6,9,1,27.7,63.1,21.6,Low,28.2,33.1,Moderate,31.84,High,270.64,22.61,0
B04,Hostel,Dormitory,60000,6,2025-09-14 13:00:00,13,6,9,1,26.6,60.4,24.6,Low,35.1,35.7,Moderate,31.73,High,269.7,22.53,0
B03,Library,Library,22000,3,2025-09-14 14:00:00,14,6,9,1,27.7,66.5,4.7,Low,30.8,21.2,Moderate,18.22,Low,154.87,12.94,0
B02,Computer Lab,Laboratory,28000,3,2025-09-14 14:00:00,14,6,9,1,28.0,67.5,15.1,Low,37.4,20.7,Moderate,24.23,Low,205.96,17.2,0
B02,Computer Lab,Laboratory,28000,3,2025-09-14 14:00:00,14,6,9,1,29.7,55.9,7.1,Low,31.0,20.1,Hot,28.46,Medium,241.91,20.21,0
B04,Hostel,Dormitory,60000,6,2025-09-14 15:00:00,15,6,9,1,26.2,57.5,13.0,Low,37.1,18.7,Moderate,33.42,High,284.07,23.73,0
B01,Academic Block,Classroom,45000,4,2025-09-14 16:00:00,16,6,9,1,30.3,49.3,25.5,Low,42.6,39.7,Hot,24.04,Low,204.34,17.07,0
B04,Hostel,Dormitory,60000,6,2025-09-14 17:00:00,17,6,9,1,26.7,61.6,18.1,Low,36.7,23.3,Moderate,28.45,Medium,241.82,20.2,0
B03,Library,Library,22000,3,2025-09-14 18:00:00,18,6,9,1,28.5,70.7,7.4,Low,15.0,20.7,Moderate,15.37,Low,130.64,10.91,0
B01,Academic Block,Classroom,45000,4,2025-09-14 19:00:00,19,6,9,1,29.4,66.1,7.0,Low,35.8,50.7,Hot,21.01,Low,178.58,14.92,0
B01,Academic Block,Classroom,45000,4,2025-09-14 23:00:00,23,6,9,1,29.5,69.3,12.1,Low,42.5,49.7,Hot,37.03,High,314.76,26.29,0
B01,Academic Block,Classroom,45000,4,2025-09-14 23:00:00,23,6,9,1,28.9,57.3,12.6,Low,23.2,35.6,Moderate,24.69,Medium,209.86,17.53,0
B04,Hostel,Dormitory,60000,6,2025-09-15 00:00:00,0,0,9,0,28.6,61.0,12.9,Low,36.6,43.2,Moderate,27.74,Medium,235.79,19.7,0
B01,Academic Block,Classroom,45000,4,2025-09-15 00:00:00,0,0,9,0,28.4,48.9,1.6,Low,27.3,36.5,Moderate,27.17,Medium,230.95,19.29,0
B06,Research Lab,Laboratory,35000,4,2025-09-15 01:00:00,1,0,9,0,25.6,71.6,26.0,Low,44.8,53.6,Moderate,28.59,Medium,243.02,20.3,0
B05,Administration,Office,18000,3,2025-09-15 02:00:00,2,0,9,0,28.2,71.8,26.7,Low,32.8,57.0,Moderate,18.27,Low,155.29,12.97,0
B02,Computer Lab,Laboratory,28000,3,2025-09-15 02:00:00,2,0,9,0,28.6,54.7,15.4,Low,50.2,49.6,Moderate,29.39,Medium,249.82,20.87,0
B06,Research Lab,Laboratory,35000,4,2025-09-15 03:00:00,3,0,9,0,28.9,73.3,5.9,Low,42.2,48.6,Moderate,30.7,Medium,260.95,21.8,0
B01,Academic Block,Classroom,45000,4,2025-09-15 03:00:00,3,0,9,0,29.6,59.7,7.6,Low,37.0,38.4,Hot,28.43,Medium,241.66,20.19,0
B03,Library,Library,22000,3,2025-09-15 03:00:00,3,0,9,0,27.5,55.4,5.4,Low,23.2,42.8,Moderate,19.8,Low,168.3,14.06,0
B01,Academic Block,Classroom,45000,4,2025-09-15 04:00:00,4,0,9,0,28.5,60.0,4.8,Low,30.6,37.7,Moderate,21.71,Low,184.54,15.41,0
B03,Library,Library,22000,3,2025-09-15 04:00:00,4,0,9,0,26.4,68.3,7.6,Low,34.7,48.5,Moderate,13.27,Low,112.8,9.42,0
B01,Academic Block,Classroom,45000,4,2025-09-15 06:00:00,6,0,9,0,23.5,65.8,15.0,Low,28.6,48.2,Cool,19.65,Low,167.02,13.95,0
B06,Research Lab,Laboratory,35000,4,2025-09-15 07:00:00,7,0,9,0,26.9,59.4,12.9,Low,26.7,24.9,Moderate,22.36,Low,190.06,15.88,0
B06,Research Lab,Laboratory,35000,4,2025-09-15 07:00:00,7,0,9,0,26.6,67.9,22.7,Low,42.9,30.7,Moderate,20.64,Low,175.44,14.65,0
B01,Academic Block,Classroom,45000,4,2025-09-15 07:00:00,7,0,9,0,25.5,69.4,1.3,Low,26.2,11.6,Moderate,26.86,Medium,228.31,19.07,0
B04,Hostel,Dormitory,60000,6,2025-09-15 08:00:00,8,0,9,0,25.3,63.5,44.8,Medium,43.3,52.9,Moderate,30.92,High,262.82,21.95,0
B06,Research Lab,Laboratory,35000,4,2025-09-15 08:00:00,8,0,9,0,26.1,61.6,44.8,Medium,49.0,44.5,Moderate,29.22,Medium,248.37,20.75,0
B01,Academic Block,Classroom,45000,4,2025-09-15 09:00:00,9,0,9,0,24.9,61.3,67.6,Medium,54.2,56.4,Moderate,32.15,High,273.27,22.83,0
B06,Research Lab,Laboratory,35000,4,2025-09-15 09:00:00,9,0,9,0,26.1,67.5,70.0,Medium,58.4,62.7,Moderate,37.95,High,322.58,26.94,0
B04,Hostel,Dormitory,60000,6,2025-09-15 12:00:00,12,0,9,0,25.0,53.8,47.7,Medium,46.3,51.5,Moderate,36.54,High,310.59,25.94,0
B01,Academic Block,Classroom,45000,4,2025-09-15 12:00:00,12,0,9,0,25.2,59.5,76.2,High,48.4,66.0,Moderate,33.13,High,281.6,23.52,0
B01,Academic Block,Classroom,45000,4,2025-09-15 13:00:00,13,0,9,0,24.9,63.9,71.5,High,50.0,64.6,Moderate,40.23,High,341.96,28.56,0
B04,Hostel,Dormitory,60000,6,2025-09-15 14:00:00,14,0,9,0,30.8,54.8,57.1,Medium,63.9,48.4,Hot,46.52,High,395.42,33.03,0
B01,Academic Block,Classroom,45000,4,2025-09-15 16:00:00,16,0,9,0,28.5,64.0,70.7,High,48.4,63.9,Moderate,34.72,High,295.12,24.65,0
B05,Administration,Office,18000,3,2025-09-15 17:00:00,17,0,9,0,30.6,61.7,75.3,High,55.1,80.0,Hot,31.89,High,271.06,22.64,0
B06,Research Lab,Laboratory,35000,4,2025-09-15 17:00:00,17,0,9,0,27.2,80.6,57.4,Medium,52.7,54.9,Moderate,31.96,High,271.66,22.69,0
B04,Hostel,Dormitory,60000,6,2025-09-15 21:00:00,21,0,9,0,29.0,56.5,36.8,Medium,44.9,62.1,Moderate,38.76,High,329.46,27.52,0
B04,Hostel,Dormitory,60000,6,2025-09-15 21:00:00,21,0,9,0,30.1,60.8,44.9,Medium,40.2,79.9,Hot,37.13,High,315.6,26.36,0
B03,Library,Library,22000,3,2025-09-15 21:00:00,21,0,9,0,31.5,53.1,4.8,Low,43.0,40.3,Hot,20.6,Low,175.1,14.63,0
B04,Hostel,Dormitory,60000,6,2025-09-15 22:00:00,22,0,9,0,28.2,76.0,30.5,Low,44.6,59.3,Moderate,39.76,High,337.96,28.23,0
B01,Academic Block,Classroom,45000,4,2025-09-15 22:00:00,22,0,9,0,28.5,74.1,16.0,Low,53.1,42.2,Moderate,25.02,Medium,212.67,17.76,0
B01,Academic Block,Classroom,45000,4,2025-09-15 23:00:00,23,0,9,0,27.6,51.9,6.0,Low,33.3,40.6,Moderate,24.01,Low,204.08,17.05,0
B05,Administration,Office,18000,3,2025-09-16 00:00:00,0,1,9,0,28.1,61.4,5.7,Low,45.7,47.9,Moderate,18.41,Low,156.49,13.07,0
B04,Hostel,Dormitory,60000,6,2025-09-16 00:00:00,0,1,9,0,26.8,63.8,26.2,Low,43.7,48.6,Moderate,32.79,High,278.71,23.28,0
B03,Library,Library,22000,3,2025-09-16 00:00:00,0,1,9,0,26.1,61.7,6.3,Low,18.3,38.8,Moderate,17.33,Low,147.3,12.3,0
B04,Hostel,Dormitory,60000,6,2025-09-16 01:00:00,1,1,9,0,28.2,59.1,9.4,Low,34.6,36.2,Moderate,30.73,Medium,261.2,21.82,0
B03,Library,Library,22000,3,2025-09-16 02:00:00,2,1,9,0,28.3,67.8,13.5,Low,35.7,53.2,Moderate,17.86,Low,151.81,12.68,0
B06,Research Lab,Laboratory,35000,4,2025-09-16 02:00:00,2,1,9,0,25.6,77.0,15.0,Low,31.2,40.4,Moderate,23.62,Low,200.77,16.77,0
B03,Library,Library,22000,3,2025-09-16 02:00:00,2,1,9,0,26.3,69.6,8.2,Low,25.4,37.6,Moderate,19.8,Low,168.3,14.06,0
B03,Library,Library,22000,3,2025-09-16 03:00:00,3,1,9,0,26.6,69.8,10.5,Low,36.8,37.1,Moderate,19.73,Low,167.7,14.01,0
B03,Library,Library,22000,3,2025-09-16 04:00:00,4,1,9,0,28.9,59.4,5.0,Low,32.1,31.8,Moderate,20.45,Low,173.82,14.52,0
B01,Academic Block,Classroom,45000,4,2025-09-16 04:00:00,4,1,9,0,22.1,74.4,8.1,Low,30.1,41.5,Cool,26.19,Medium,222.62,18.59,0
B02,Computer Lab,Laboratory,28000,3,2025-09-16 04:00:00,4,1,9,0,27.0,70.5,16.9,Low,41.1,45.9,Moderate,26.88,Medium,228.48,19.08,0
B01,Academic Block,Classroom,45000,4,2025-09-16 08:00:00,8,1,9,0,26.3,60.6,72.9,High,51.8,71.4,Moderate,48.21,High,409.78,34.23,1
B03,Library,Library,22000,3,2025-09-16 09:00:00,9,1,9,0,24.3,63.9,62.0,Medium,42.2,64.6,Moderate,26.24,Medium,223.04,18.63,0
B02,Computer Lab,Laboratory,28000,3,2025-09-16 11:00:00,11,1,9,0,25.4,53.7,58.8,Medium,43.3,50.7,Moderate,29.74,Medium,252.79,21.12,0
B05,Administration,Office,18000,3,2025-09-16 13:00:00,13,1,9,0,27.3,53.7,61.3,Medium,51.2,62.5,Moderate,20.09,Low,170.76,14.26,0
B03,Library,Library,22000,3,2025-09-16 13:00:00,13,1,9,0,26.7,60.6,45.7,Medium,46.4,44.7,Moderate,17.68,Low,150.28,12.55,0
B02,Computer Lab,Laboratory,28000,3,2025-09-16 16:00:00,16,1,9,0,30.8,52.9,56.3,Medium,52.9,57.9,Hot,34.92,High,296.82,24.79,0
B02,Computer Lab,Laboratory,28000,3,2025-09-16 16:00:00,16,1,9,0,28.5,67.8,60.0,Medium,50.2,61.7,Moderate,29.58,Medium,251.43,21.0,0
B04,Hostel,Dormitory,60000,6,2025-09-16 16:00:00,16,1,9,0,29.6,60.2,58.6,Medium,55.9,57.7,Hot,37.93,High,322.4,26.93,0
B03,Library,Library,22000,3,2025-09-16 17:00:00,17,1,9,0,29.4,65.2,41.4,Medium,54.0,52.6,Hot,27.05,Medium,229.92,19.21,0
B04,Hostel,Dormitory,60000,6,2025-09-16 17:00:00,17,1,9,0,29.8,52.6,48.6,Medium,52.5,44.3,Hot,37.8,High,321.3,26.84,0
B04,Hostel,Dormitory,60000,6,2025-09-16 17:00:00,17,1,9,0,27.5,72.1,35.1,Medium,42.0,35.7,Moderate,33.1,High,281.35,23.5,0
B05,Administration,Office,18000,3,2025-09-16 17:00:00,17,1,9,0,29.0,65.2,51.5,Medium,52.0,54.8,Moderate,30.79,Medium,261.71,21.86,0
B04,Hostel,Dormitory,60000,6,2025-09-16 19:00:00,19,1,9,0,29.1,64.6,41.2,Medium,36.4,76.5,Hot,35.76,High,303.96,25.39,0
B01,Academic Block,Classroom,45000,4,2025-09-16 20:00:00,20,1,9,0,28.2,69.1,2.9,Low,30.8,32.5,Moderate,24.45,Medium,207.82,17.36,0
B03,Library,Library,22000,3,2025-09-16 21:00:00,21,1,9,0,30.6,62.8,12.8,Low,32.4,44.3,Hot,19.99,Low,169.92,14.19,0
B04,Hostel,Dormitory,60000,6,2025-09-17 02:00:00,2,2,9,0,24.2,58.5,19.2,Low,27.4,55.4,Moderate,34.14,High,290.19,24.24,0
B03,Library,Library,22000,3,2025-09-17 03:00:00,3,2,9,0,28.7,66.4,8.7,Low,29.6,46.1,Moderate,20.96,Low,178.16,14.88,0
B01,Academic Block,Classroom,45000,4,2025-09-17 04:00:00,4,2,9,0,22.9,61.2,3.4,Low,17.2,40.6,Cool,27.42,Medium,233.07,19.47,0
B01,Academic Block,Classroom,45000,4,2025-09-17 04:00:00,4,2,9,0,26.0,65.7,12.8,Low,25.8,41.0,Moderate,23.81,Low,202.38,16.91,0
B02,Computer Lab,Laboratory,28000,3,2025-09-17 05:00:00,5,2,9,0,27.2,57.8,22.9,Low,51.3,52.0,Moderate,28.07,Medium,238.6,19.93,0
B01,Academic Block,Classroom,45000,4,2025-09-17 06:00:00,6,2,9,0,23.7,77.7,18.9,Low,29.3,49.3,Cool,24.2,Low,205.7,17.18,0
B06,Research Lab,Laboratory,35000,4,2025-09-17 09:00:00,9,2,9,0,25.9,69.0,57.1,Medium,54.2,63.0,Moderate,37.97,High,322.74,26.96,0
B02,Computer Lab,Laboratory,28000,3,2025-09-17 11:00:00,11,2,9,0,26.3,71.0,54.9,Medium,51.5,55.5,Moderate,30.98,High,263.33,22.0,0
B05,Administration,Office,18000,3,2025-09-17 11:00:00,11,2,9,0,26.3,58.6,70.8,High,56.7,74.9,Moderate,27.0,Medium,229.5,19.17,0
B06,Research Lab,Laboratory,35000,4,2025-09-17 12:00:00,12,2,9,0,25.7,66.5,48.6,Medium,46.9,51.2,Moderate,46.33,High,393.8,32.89,1
B03,Library,Library,22000,3,2025-09-17 13:00:00,13,2,9,0,26.0,65.5,61.5,Medium,61.2,61.8,Moderate,19.39,Low,164.82,13.77,0
B03,Library,Library,22000,3,2025-09-17 13:00:00,13,2,9,0,24.3,66.3,51.2,Medium,44.6,52.8,Moderate,24.04,Low,204.34,17.07,0
B04,Hostel,Dormitory,60000,6,2025-09-17 13:00:00,13,2,9,0,26.5,50.2,40.6,Medium,31.6,44.6,Moderate,31.71,High,269.54,22.51,0
B03,Library,Library,22000,3,2025-09-17 13:00:00,13,2,9,0,28.1,76.3,42.5,Medium,44.8,46.5,Moderate,12.89,Low,109.56,9.15,0
B05,Administration,Office,18000,3,2025-09-17 13:00:00,13,2,9,0,26.0,63.9,74.1,High,46.9,70.7,Moderate,24.83,Medium,211.05,17.63,0
B01,Academic Block,Classroom,45000,4,2025-09-17 14:00:00,14,2,9,0,26.6,67.2,65.2,Medium,42.7,55.8,Moderate,27.11,Medium,230.44,19.25,0
B06,Research Lab,Laboratory,35000,4,2025-09-17 15:00:00,15,2,9,0,30.1,51.7,52.5,Medium,55.5,53.0,Hot,40.15,High,341.28,28.51,0
B01,Academic Block,Classroom,45000,4,2025-09-17 16:00:00,16,2,9,0,28.0,72.8,66.3,Medium,41.6,73.2,Moderate,32.21,High,273.79,22.87,0
B03,Library,Library,22000,3,2025-09-17 20:00:00,20,2,9,0,29.7,70.9,8.0,Low,37.3,31.9,Hot,24.87,Medium,211.4,17.66,0
B02,Computer Lab,Laboratory,28000,3,2025-09-17 22:00:00,22,2,9,0,29.8,67.1,8.2,Low,27.0,39.9,Hot,26.02,Medium,221.17,18.47,0
B01,Academic Block,Classroom,45000,4,2025-09-18 00:00:00,0,3,9,0,27.9,64.6,8.5,Low,32.5,38.6,Moderate,27.92,Medium,237.32,19.82,0
B06,Research Lab,Laboratory,35000,4,2025-09-18 00:00:00,0,3,9,0,29.2,78.0,12.1,Low,41.9,45.7,Hot,36.16,High,307.36,25.67,0
B02,Computer Lab,Laboratory,28000,3,2025-09-18 02:00:00,2,3,9,0,28.6,69.0,17.3,Low,34.0,50.5,Moderate,28.41,Medium,241.48,20.17,0
B03,Library,Library,22000,3,2025-09-18 03:00:00,3,3,9,0,28.0,53.0,1.3,Low,24.2,36.7,Moderate,28.81,Medium,244.88,20.46,0
B02,Computer Lab,Laboratory,28000,3,2025-09-18 06:00:00,6,3,9,0,26.9,65.1,21.5,Low,34.3,41.1,Moderate,26.6,Medium,226.1,18.89,0
B01,Academic Block,Classroom,45000,4,2025-09-18 07:00:00,7,3,9,0,22.1,71.4,5.4,Low,25.8,8.9,Cool,24.83,Medium,211.05,17.63,0
B03,Library,Library,22000,3,2025-09-18 07:00:00,7,3,9,0,23.4,67.0,13.8,Low,29.2,12.0,Cool,15.39,Low,130.82,10.93,0
B04,Hostel,Dormitory,60000,6,2025-09-18 09:00:00,9,3,9,0,24.4,69.5,50.6,Medium,41.6,52.3,Moderate,29.61,Medium,251.68,21.02,0
B02,Computer Lab,Laboratory,28000,3,2025-09-18 14:00:00,14,3,9,0,25.9,74.4,53.2,Medium,40.6,46.7,Moderate,19.07,Low,162.1,13.54,0
B01,Academic Block,Classroom,45000,4,2025-09-18 15:00:00,15,3,9,0,26.6,62.4,74.5,High,51.9,59.1,Moderate,35.78,High,304.13,25.4,0
B02,Computer Lab,Laboratory,28000,3,2025-09-18 15:00:00,15,3,9,0,29.0,59.1,53.2,Medium,55.4,50.3,Moderate,29.51,Medium,250.84,20.95,0
B03,Library,Library,22000,3,2025-09-18 15:00:00,15,3,9,0,27.8,55.2,64.8,Medium,52.3,60.2,Moderate,26.08,Medium,221.68,18.52,0
B01,Academic Block,Classroom,45000,4,2025-09-18 15:00:00,15,3,9,0,27.4,50.0,71.3,High,56.1,68.1,Moderate,32.46,High,275.91,23.05,0
B02,Computer Lab,Laboratory,28000,3,2025-09-18 16:00:00,16,3,9,0,27.8,60.6,53.6,Medium,47.0,55.2,Moderate,27.5,Medium,233.75,19.52,0
B02,Computer Lab,Laboratory,28000,3,2025-09-18 16:00:00,16,3,9,0,27.5,58.3,50.4,Medium,40.8,53.1,Moderate,34.44,High,292.74,24.45,0
B05,Administration,Office,18000,3,2025-09-18 17:00:00,17,3,9,0,28.2,61.0,70.2,High,67.7,71.7,Moderate,26.06,Medium,221.51,18.5,0
B05,Administration,Office,18000,3,2025-09-18 19:00:00,19,3,9,0,31.1,56.0,4.0,Low,42.5,36.5,Hot,23.06,Low,196.01,16.37,0
B03,Library,Library,22000,3,2025-09-18 20:00:00,20,3,9,0,26.5,56.3,11.1,Low,33.6,47.1,Moderate,20.9,Low,177.65,14.84,0
B04,Hostel,Dormitory,60000,6,2025-09-18 20:00:00,20,3,9,0,31.0,56.3,36.9,Medium,48.1,60.9,Hot,33.21,High,282.29,23.58,0
B03,Library,Library,22000,3,2025-09-18 21:00:00,21,3,9,0,32.5,62.6,15.2,Low,52.8,44.4,Hot,28.63,Medium,243.36,20.33,0
B05,Administration,Office,18000,3,2025-09-18 21:00:00,21,3,9,0,31.0,56.5,10.6,Low,35.1,40.1,Hot,17.27,Low,146.79,12.26,0
B02,Computer Lab,Laboratory,28000,3,2025-09-18 22:00:00,22,3,9,0,27.4,61.8,6.9,Low,36.2,40.0,Moderate,23.17,Low,196.95,16.45,0
B04,Hostel,Dormitory,60000,6,2025-09-18 23:00:00,23,3,9,0,27.8,77.4,37.1,Medium,43.7,66.1,Moderate,34.16,High,290.36,24.25,0
B05,Administration,Office,18000,3,2025-09-19 00:00:00,0,4,9,0,29.6,68.8,0.0,Low,32.1,38.2,Hot,18.71,Low,159.04,13.28,0
B02,Computer Lab,Laboratory,28000,3,2025-09-19 01:00:00,1,4,9,0,27.2,64.8,13.8,Low,32.5,48.4,Moderate,26.2,Medium,222.7,18.6,0
B01,Academic Block,Classroom,45000,4,2025-09-19 02:00:00,2,4,9,0,26.3,65.8,2.9,Low,36.6,38.7,Moderate,20.39,Low,173.32,14.48,0
B02,Computer Lab,Laboratory,28000,3,2025-09-19 02:00:00,2,4,9,0,26.9,58.5,5.9,Low,19.7,33.7,Moderate,19.11,Low,162.44,13.57,0
B02,Computer Lab,Laboratory,28000,3,2025-09-19 04:00:00,4,4,9,0,24.4,62.5,14.6,Low,39.4,59.7,Moderate,18.98,Low,161.33,13.48,0
B01,Academic Block,Classroom,45000,4,2025-09-19 06:00:00,6,4,9,0,25.1,63.0,6.8,Low,34.1,33.4,Moderate,32.19,High,273.62,22.85,1
B01,Academic Block,Classroom,45000,4,2025-09-19 10:00:00,10,4,9,0,23.5,66.9,74.7,High,49.1,71.6,Cool,35.23,High,299.46,25.01,0
B03,Library,Library,22000,3,2025-09-19 10:00:00,10,4,9,0,26.4,63.6,59.8,Medium,47.4,74.8,Moderate,25.14,Medium,213.69,17.85,0
B02,Computer Lab,Laboratory,28000,3,2025-09-19 12:00:00,12,4,9,0,24.8,57.3,53.9,Medium,43.8,59.8,Moderate,31.88,High,270.98,22.63,0
B01,Academic Block,Classroom,45000,4,2025-09-19 12:00:00,12,4,9,0,26.1,68.3,65.0,Medium,53.0,60.2,Moderate,28.49,Medium,242.16,20.23,0
B01,Academic Block,Classroom,45000,4,2025-09-19 13:00:00,13,4,9,0,25.9,60.3,58.9,Medium,55.0,65.3,Moderate,28.98,Medium,246.33,20.58,0
B03,Library,Library,22000,3,2025-09-19 14:00:00,14,4,9,0,27.6,76.4,58.2,Medium,53.4,59.6,Moderate,30.5,Medium,259.25,21.65,0
B04,Hostel,Dormitory,60000,6,2025-09-19 14:00:00,14,4,9,0,28.3,71.1,62.0,Medium,54.7,57.4,Moderate,39.49,High,335.66,28.04,0
B04,Hostel,Dormitory,60000,6,2025-09-19 14:00:00,14,4,9,0,27.5,51.4,42.6,Medium,45.0,48.0,Moderate,29.73,Medium,252.7,21.11,0
B06,Research Lab,Laboratory,35000,4,2025-09-19 15:00:00,15,4,9,0,26.5,62.0,60.1,Medium,38.1,58.3,Moderate,29.09,Medium,247.26,20.65,0
B06,Research Lab,Laboratory,35000,4,2025-09-19 18:00:00,18,4,9,0,27.9,73.9,61.1,Medium,42.0,59.8,Moderate,35.37,High,300.64,25.11,0
B04,Hostel,Dormitory,60000,6,2025-09-19 19:00:00,19,4,9,0,32.5,63.6,23.2,Low,53.6,52.6,Hot,38.53,High,327.5,27.36,0
B01,Academic Block,Classroom,45000,4,2025-09-19 19:00:00,19,4,9,0,30.4,61.3,4.9,Low,39.7,42.2,Hot,31.27,High,265.8,22.2,0
B05,Administration,Office,18000,3,2025-09-19 19:00:00,19,4,9,0,28.7,45.8,0.0,Low,37.0,39.5,Moderate,13.81,Low,117.38,9.81,0
B03,Library,Library,22000,3,2025-09-19 22:00:00,22,4,9,0,27.9,61.2,15.9,Low,41.0,43.3,Moderate,25.12,Medium,213.52,17.84,0
B02,Computer Lab,Laboratory,28000,3,2025-09-20 03:00:00,3,5,9,1,24.3,67.0,9.5,Low,31.1,43.9,Moderate,18.37,Low,156.15,13.04,0
B01,Academic Block,Classroom,45000,4,2025-09-20 04:00:00,4,5,9,1,27.6,48.5,6.9,Low,37.7,38.8,Moderate,25.42,Medium,216.07,18.05,0
B01,Academic Block,Classroom,45000,4,2025-09-20 06:00:00,6,5,9,1,24.2,69.9,26.5,Low,28.1,58.7,Moderate,28.74,Medium,244.29,20.41,0
B05,Administration,Office,18000,3,2025-09-20 07:00:00,7,5,9,1,26.6,58.8,0.0,Low,31.7,9.9,Moderate,15.41,Low,130.99,10.94,0
B02,Computer Lab,Laboratory,28000,3,2025-09-20 07:00:00,7,5,9,1,26.3,66.1,21.0,Low,37.8,30.6,Moderate,25.9,Medium,220.15,18.39,0
B04,Hostel,Dormitory,60000,6,2025-09-20 10:00:00,10,5,9,1,27.3,64.1,0.0,Low,37.5,5.9,Moderate,31.53,High,268.0,22.39,0
B02,Computer Lab,Laboratory,28000,3,2025-09-20 11:00:00,11,5,9,1,26.7,61.9,8.4,Low,9.7,24.8,Moderate,21.45,Low,182.32,15.23,0
B05,Administration,Office,18000,3,2025-09-20 12:00:00,12,5,9,1,25.6,70.1,0.1,Low,40.9,24.1,Moderate,15.24,Low,129.54,10.82,0
B01,Academic Block,Classroom,45000,4,2025-09-20 13:00:00,13,5,9,1,26.5,65.8,6.3,Low,35.4,27.5,Moderate,22.32,Low,189.72,15.85,0
B03,Library,Library,22000,3,2025-09-20 13:00:00,13,5,9,1,26.5,82.8,8.2,Low,32.5,25.3,Moderate,14.66,Low,124.61,10.41,0
B04,Hostel,Dormitory,60000,6,2025-09-20 14:00:00,14,5,9,1,26.6,76.2,7.0,Low,25.0,23.1,Moderate,23.68,Low,201.28,16.81,0
B04,Hostel,Dormitory,60000,6,2025-09-20 15:00:00,15,5,9,1,25.0,57.9,13.8,Low,28.5,35.7,Moderate,33.74,High,286.79,23.96,0
B02,Computer Lab,Laboratory,28000,3,2025-09-20 16:00:00,16,5,9,1,24.7,73.5,18.1,Low,33.3,25.8,Moderate,24.68,Medium,209.78,17.52,0
B04,Hostel,Dormitory,60000,6,2025-09-20 17:00:00,17,5,9,1,29.5,56.2,11.2,Low,47.4,22.1,Hot,37.45,High,318.33,26.59,0
B05,Administration,Office,18000,3,2025-09-20 18:00:00,18,5,9,1,28.4,54.1,14.3,Low,45.7,32.8,Moderate,22.04,Low,187.34,15.65,0
B06,Research Lab,Laboratory,35000,4,2025-09-20 19:00:00,19,5,9,1,30.3,50.4,22.9,Low,46.7,51.5,Hot,29.65,Medium,252.02,21.05,0
B01,Academic Block,Classroom,45000,4,2025-09-20 23:00:00,23,5,9,1,27.8,60.3,7.1,Low,37.3,35.7,Moderate,20.4,Low,173.4,14.48,0
B06,Research Lab,Laboratory,35000,4,2025-09-21 00:00:00,0,6,9,1,27.9,69.7,18.3,Low,38.2,41.1,Moderate,25.29,Medium,214.96,17.96,0
B04,Hostel,Dormitory,60000,6,2025-09-21 03:00:00,3,6,9,1,27.7,63.9,29.7,Low,34.6,53.1,Moderate,35.51,High,301.83,25.21,0
B04,Hostel,Dormitory,60000,6,2025-09-21 03:00:00,3,6,9,1,28.7,65.6,24.7,Low,36.0,62.3,Moderate,31.52,High,267.92,22.38,0
B02,Computer Lab,Laboratory,28000,3,2025-09-21 05:00:00,5,6,9,1,25.0,42.4,23.4,Low,39.4,52.0,Moderate,29.72,Medium,252.62,21.1,0
B04,Hostel,Dormitory,60000,6,2025-09-21 06:00:00,6,6,9,1,23.6,64.5,17.1,Low,33.1,44.0,Cool,29.0,Medium,246.5,20.59,0
B04,Hostel,Dormitory,60000,6,2025-09-21 07:00:00,7,6,9,1,26.8,56.2,20.1,Low,32.0,29.6,Moderate,26.05,Medium,221.42,18.5,0
B03,Library,Library,22000,3,2025-09-21 08:00:00,8,6,9,1,24.4,54.4,8.6,Low,22.8,23.1,Moderate,14.98,Low,127.33,10.64,0
B01,Academic Block,Classroom,45000,4,2025-09-21 09:00:00,9,6,9,1,24.2,57.2,11.4,Low,31.8,14.3,Moderate,22.8,Low,193.8,16.19,0
B05,Administration,Office,18000,3,2025-09-21 09:00:00,9,6,9,1,24.3,66.1,10.6,Low,26.0,18.5,Moderate,21.23,Low,180.46,15.07,0
B05,Administration,Office,18000,3,2025-09-21 09:00:00,9,6,9,1,23.9,70.5,7.4,Low,21.3,13.1,Cool,14.61,Low,124.18,10.37,0
B04,Hostel,Dormitory,60000,6,2025-09-21 10:00:00,10,6,9,1,26.3,57.6,13.0,Low,34.3,32.1,Moderate,27.61,Medium,234.68,19.6,0
B01,Academic Block,Classroom,45000,4,2025-09-21 10:00:00,10,6,9,1,23.1,70.6,8.3,Low,28.9,20.6,Cool,26.73,Medium,227.2,18.98,0
B01,Academic Block,Classroom,45000,4,2025-09-21 11:00:00,11,6,9,1,25.6,70.2,12.4,Low,24.2,23.4,Moderate,26.05,Medium,221.42,18.5,0
B04,Hostel,Dormitory,60000,6,2025-09-21 12:00:00,12,6,9,1,26.2,66.3,2.3,Low,26.3,15.8,Moderate,26.71,Medium,227.04,18.96,0
B02,Computer Lab,Laboratory,28000,3,2025-09-21 12:00:00,12,6,9,1,25.0,59.0,8.3,Low,32.7,15.6,Moderate,15.41,Low,130.99,10.94,0
B06,Research Lab,Laboratory,35000,4,2025-09-21 15:00:00,15,6,9,1,29.8,57.7,21.2,Low,50.9,33.5,Hot,27.64,Medium,234.94,19.62,0
B02,Computer Lab,Laboratory,28000,3,2025-09-21 17:00:00,17,6,9,1,29.6,63.6,13.4,Low,40.1,34.2,Hot,28.27,Medium,240.3,20.07,0
B05,Administration,Office,18000,3,2025-09-21 19:00:00,19,6,9,1,28.1,57.5,21.3,Low,35.4,47.9,Moderate,24.51,Medium,208.34,17.4,0
B04,Hostel,Dormitory,60000,6,2025-09-21 21:00:00,21,6,9,1,28.6,66.6,27.8,Low,36.6,60.3,Moderate,34.67,High,294.7,24.62,0
B06,Research Lab,Laboratory,35000,4,2025-09-21 21:00:00,21,6,9,1,30.1,53.2,10.3,Low,38.2,42.2,Hot,27.9,Medium,237.15,19.81,0
B02,Computer Lab,Laboratory,28000,3,2025-09-21 22:00:00,22,6,9,1,28.7,64.7,13.5,Low,36.6,41.3,Moderate,23.24,Low,197.54,16.5,0
B05,Administration,Office,18000,3,2025-09-21 23:00:00,23,6,9,1,30.4,67.0,10.6,Low,25.9,47.5,Hot,22.75,Low,193.38,16.15,0
B01,Academic Block,Classroom,45000,4,2025-09-22 00:00:00,0,0,9,0,28.6,63.5,2.2,Low,22.5,28.5,Moderate,19.15,Low,162.77,13.6,0
B04,Hostel,Dormitory,60000,6,2025-09-22 01:00:00,1,0,9,0,27.7,55.9,16.0,Low,22.2,39.9,Moderate,28.03,Medium,238.26,19.9,0
B01,Academic Block,Classroom,45000,4,2025-09-22 01:00:00,1,0,9,0,27.7,51.4,5.1,Low,32.1,47.7,Moderate,29.19,Medium,248.12,20.72,0
B01,Academic Block,Classroom,45000,4,2025-09-22 02:00:00,2,0,9,0,31.5,52.0,11.9,Low,47.6,41.9,Hot,33.04,High,280.84,23.46,0
B04,Hostel,Dormitory,60000,6,2025-09-22 03:00:00,3,0,9,0,24.7,68.7,0.0,Low,30.3,41.0,Moderate,33.52,High,284.92,23.8,0
B06,Research Lab,Laboratory,35000,4,2025-09-22 03:00:00,3,0,9,0,24.6,63.9,7.5,Low,19.6,40.0,Moderate,20.73,Low,176.2,14.72,0
B04,Hostel,Dormitory,60000,6,2025-09-22 03:00:00,3,0,9,0,25.9,60.1,11.1,Low,25.4,30.6,Moderate,24.13,Low,205.1,17.13,0
B04,Hostel,Dormitory,60000,6,2025-09-22 04:00:00,4,0,9,0,27.9,65.5,15.9,Low,28.4,50.3,Moderate,36.44,High,309.74,25.87,0
B05,Administration,Office,18000,3,2025-09-22 05:00:00,5,0,9,0,21.7,53.7,3.4,Low,21.7,39.4,Cool,17.92,Low,152.32,12.72,0
B04,Hostel,Dormitory,60000,6,2025-09-22 06:00:00,6,0,9,0,22.2,65.4,5.8,Low,27.9,35.6,Cool,31.86,High,270.81,22.62,0
B05,Administration,Office,18000,3,2025-09-22 08:00:00,8,0,9,0,24.2,57.9,75.1,High,57.1,76.8,Moderate,30.03,Medium,255.26,21.32,0
B02,Computer Lab,Laboratory,28000,3,2025-09-22 08:00:00,8,0,9,0,28.0,53.1,72.6,High,52.1,74.1,Moderate,39.71,High,337.54,28.19,0
B02,Computer Lab,Laboratory,28000,3,2025-09-22 09:00:00,9,0,9,0,24.9,61.5,62.4,Medium,47.7,58.0,Moderate,32.24,High,274.04,22.89,0
B06,Research Lab,Laboratory,35000,4,2025-09-22 09:00:00,9,0,9,0,23.1,83.8,67.8,Medium,41.2,71.3,Cool,33.03,High,280.76,23.45,0
B01,Academic Block,Classroom,45000,4,2025-09-22 11:00:00,11,0,9,0,26.6,68.1,63.8,Medium,50.7,63.9,Moderate,33.0,High,280.5,23.43,0
B02,Computer Lab,Laboratory,28000,3,2025-09-22 11:00:00,11,0,9,0,27.9,54.8,63.4,Medium,49.0,62.9,Moderate,32.21,High,273.79,22.87,0
B03,Library,Library,22000,3,2025-09-22 11:00:00,11,0,9,0,24.4,74.0,59.1,Medium,41.6,55.6,Moderate,29.82,Medium,253.47,21.17,0
B03,Library,Library,22000,3,2025-09-22 11:00:00,11,0,9,0,26.1,55.0,48.3,Medium,36.4,46.6,Moderate,27.04,Medium,229.84,19.2,0
B02,Computer Lab,Laboratory,28000,3,2025-09-22 12:00:00,12,0,9,0,26.0,74.8,60.2,Medium,30.2,67.2,Moderate,34.13,High,290.1,24.23,0
B02,Computer Lab,Laboratory,28000,3,2025-09-22 13:00:00,13,0,9,0,27.1,57.1,56.7,Medium,46.7,59.4,Moderate,22.92,Low,194.82,16.27,0
B01,Academic Block,Classroom,45000,4,2025-09-22 13:00:00,13,0,9,0,25.6,65.3,69.2,Medium,52.7,71.6,Moderate,31.83,High,270.56,22.6,0
B03,Library,Library,22000,3,2025-09-22 15:00:00,15,0,9,0,28.2,77.0,51.2,Medium,50.3,51.0,Moderate,22.47,Low,191.0,15.95,0
B04,Hostel,Dormitory,60000,6,2025-09-22 15:00:00,15,0,9,0,28.6,59.7,40.8,Medium,37.2,48.1,Moderate,41.31,High,351.14,29.33,0
B03,Library,Library,22000,3,2025-09-22 20:00:00,20,0,9,0,29.9,73.9,12.1,Low,24.9,42.3,Hot,17.9,Low,152.15,12.71,0
B06,Research Lab,Laboratory,35000,4,2025-09-22 21:00:00,21,0,9,0,26.3,63.5,17.8,Low,33.5,51.7,Moderate,28.55,Medium,242.68,20.27,0
B06,Research Lab,Laboratory,35000,4,2025-09-22 23:00:00,23,0,9,0,26.0,63.6,17.8,Low,26.5,41.3,Moderate,32.03,High,272.26,22.74,0
B02,Computer Lab,Laboratory,28000,3,2025-09-22 23:00:00,23,0,9,0,27.2,57.0,0.0,Low,26.7,28.1,Moderate,22.4,Low,190.4,15.9,0
B04,Hostel,Dormitory,60000,6,2025-09-22 23:00:00,23,0,9,0,28.6,72.0,33.3,Low,36.5,54.4,Moderate,33.14,High,281.69,23.53,0
B04,Hostel,Dormitory,60000,6,2025-09-23 00:00:00,0,1,9,0,28.5,58.7,16.8,Low,28.2,47.5,Moderate,32.38,High,275.23,22.99,0
B01,Academic Block,Classroom,45000,4,2025-09-23 01:00:00,1,1,9,0,25.6,77.9,13.0,Low,38.1,33.7,Moderate,19.39,Low,164.82,13.77,0
B06,Research Lab,Laboratory,35000,4,2025-09-23 04:00:00,4,1,9,0,26.2,59.6,18.1,Low,36.7,50.9,Moderate,21.48,Low,182.58,15.25,0
B02,Computer Lab,Laboratory,28000,3,2025-09-23 04:00:00,4,1,9,0,27.1,60.1,2.1,Low,29.8,39.6,Moderate,24.26,Low,206.21,17.22,0
B06,Research Lab,Laboratory,35000,4,2025-09-23 05:00:00,5,1,9,0,26.3,71.0,4.0,Low,34.5,29.3,Moderate,15.54,Low,132.09,11.03,0
B01,Academic Block,Classroom,45000,4,2025-09-23 07:00:00,7,1,9,0,24.1,65.0,16.1,Low,29.5,25.0,Moderate,22.62,Low,192.27,16.06,0
B05,Administration,Office,18000,3,2025-09-23 09:00:00,9,1,9,0,24.2,67.7,60.3,Medium,42.8,69.5,Moderate,23.83,Low,202.55,16.92,0
B06,Research Lab,Laboratory,35000,4,2025-09-23 09:00:00,9,1,9,0,22.8,57.6,67.0,Medium,54.8,63.1,Cool,40.06,High,340.51,28.44,0
B01,Academic Block,Classroom,45000,4,2025-09-23 10:00:00,10,1,9,0,27.6,63.7,68.7,Medium,64.5,61.5,Moderate,35.97,High,305.74,25.54,0
B01,Academic Block,Classroom,45000,4,2025-09-23 11:00:00,11,1,9,0,26.0,66.8,60.3,Medium,42.2,58.3,Moderate,29.25,Medium,248.62,20.77,0
B03,Library,Library,22000,3,2025-09-23 12:00:00,12,1,9,0,23.3,78.4,48.3,Medium,40.9,57.1,Cool,26.68,Medium,226.78,18.94,0
B02,Computer Lab,Laboratory,28000,3,2025-09-23 13:00:00,13,1,9,0,28.0,59.3,45.7,Medium,47.7,43.5,Moderate,29.38,Medium,249.73,20.86,0
B03,Library,Library,22000,3,2025-09-23 14:00:00,14,1,9,0,27.7,65.2,59.7,Medium,56.3,62.5,Moderate,23.51,Low,199.84,16.69,0
B03,Library,Library,22000,3,2025-09-23 14:00:00,14,1,9,0,28.5,70.7,54.1,Medium,44.3,57.7,Moderate,26.92,Medium,228.82,19.11,0
B05,Administration,Office,18000,3,2025-09-23 14:00:00,14,1,9,0,25.9,64.6,69.1,Medium,58.9,66.8,Moderate,27.37,Medium,232.64,19.43,0
B04,Hostel,Dormitory,60000,6,2025-09-23 15:00:00,15,1,9,0,26.6,71.3,52.8,Medium,41.2,52.7,Moderate,35.67,High,303.2,25.33,0
B04,Hostel,Dormitory,60000,6,2025-09-23 16:00:00,16,1,9,0,26.5,81.3,51.8,Medium,45.4,58.5,Moderate,37.55,High,319.17,26.66,0
B01,Academic Block,Classroom,45000,4,2025-09-23 21:00:00,21,1,9,0,31.8,59.8,17.7,Low,37.0,42.6,Hot,33.3,High,283.05,23.64,0
B04,Hostel,Dormitory,60000,6,2025-09-23 22:00:00,22,1,9,0,27.7,72.1,31.3,Low,38.0,60.5,Moderate,35.38,High,300.73,25.12,0
B01,Academic Block,Classroom,45000,4,2025-09-23 22:00:00,22,1,9,0,27.0,67.0,9.7,Low,26.2,34.5,Moderate,18.69,Low,158.86,13.27,0
B01,Academic Block,Classroom,45000,4,2025-09-23 23:00:00,23,1,9,0,27.1,69.3,12.0,Low,27.7,48.8,Moderate,19.06,Low,162.01,13.53,0
B03,Library,Library,22000,3,2025-09-23 23:00:00,23,1,9,0,27.6,67.9,17.9,Low,41.0,52.2,Moderate,20.08,Low,170.68,14.26,0
B03,Library,Library,22000,3,2025-09-24 00:00:00,0,2,9,0,29.9,68.5,5.4,Low,35.8,37.0,Hot,19.1,Low,162.35,13.56,0
B01,Academic Block,Classroom,45000,4,2025-09-24 01:00:00,1,2,9,0,27.5,70.0,18.5,Low,48.3,47.7,Moderate,28.4,Medium,241.4,20.16,0
B02,Computer Lab,Laboratory,28000,3,2025-09-24 01:00:00,1,2,9,0,29.0,61.3,12.4,Low,35.6,46.7,Moderate,30.06,Medium,255.51,21.34,0
B01,Academic Block,Classroom,45000,4,2025-09-24 02:00:00,2,2,9,0,27.0,59.5,9.3,Low,27.5,35.2,Moderate,28.77,Medium,244.54,20.43,0
B04,Hostel,Dormitory,60000,6,2025-09-24 02:00:00,2,2,9,0,26.3,66.9,13.3,Low,29.2,43.5,Moderate,27.71,Medium,235.54,19.67,0
B01,Academic Block,Classroom,45000,4,2025-09-24 03:00:00,3,2,9,0,24.5,55.2,20.2,Low,30.6,50.1,Moderate,18.5,Low,157.25,13.14,0
B05,Administration,Office,18000,3,2025-09-24 03:00:00,3,2,9,0,28.5,66.5,20.2,Low,40.6,41.6,Moderate,20.72,Low,176.12,14.71,0
B04,Hostel,Dormitory,60000,6,2025-09-24 03:00:00,3,2,9,0,27.6,68.1,14.7,Low,32.8,50.5,Moderate,35.29,High,299.96,25.06,0
B06,Research Lab,Laboratory,35000,4,2025-09-24 05:00:00,5,2,9,0,26.8,62.3,16.4,Low,26.6,57.7,Moderate,24.59,Medium,209.02,17.46,0
B02,Computer Lab,Laboratory,28000,3,2025-09-24 07:00:00,7,2,9,0,26.1,64.4,12.3,Low,37.3,36.2,Moderate,23.52,Low,199.92,16.7,0
B02,Computer Lab,Laboratory,28000,3,2025-09-24 07:00:00,7,2,9,0,23.6,72.5,7.9,Low,33.0,11.2,Cool,20.18,Low,171.53,14.33,0
B02,Computer Lab,Laboratory,28000,3,2025-09-24 09:00:00,9,2,9,0,25.1,70.2,61.9,Medium,44.7,67.2,Moderate,35.52,High,301.92,25.22,0
B03,Library,Library,22000,3,2025-09-24 10:00:00,10,2,9,0,26.5,70.3,51.8,Medium,55.1,50.7,Moderate,33.28,High,282.88,23.63,0
B04,Hostel,Dormitory,60000,6,2025-09-24 11:00:00,11,2,9,0,26.6,69.2,43.8,Medium,40.6,47.3,Moderate,36.49,High,310.17,25.91,0
B05,Administration,Office,18000,3,2025-09-24 14:00:00,14,2,9,0,26.8,64.3,59.7,Medium,55.8,54.9,Moderate,27.73,Medium,235.7,19.69,0
B04,Hostel,Dormitory,60000,6,2025-09-24 17:00:00,17,2,9,0,31.0,60.1,39.5,Medium,44.3,47.7,Hot,32.66,High,277.61,23.19,0
B01,Academic Block,Classroom,45000,4,2025-09-24 17:00:00,17,2,9,0,28.8,64.9,57.9,Medium,66.7,45.9,Moderate,31.78,High,270.13,22.56,0
B01,Academic Block,Classroom,45000,4,2025-09-24 18:00:00,18,2,9,0,30.3,70.9,80.8,High,52.7,69.6,Hot,39.65,High,337.02,28.15,0
B06,Research Lab,Laboratory,35000,4,2025-09-24 19:00:00,19,2,9,0,28.8,63.8,19.9,Low,32.6,38.6,Moderate,28.59,Medium,243.02,20.3,0
B02,Computer Lab,Laboratory,28000,3,2025-09-24 19:00:00,19,2,9,0,28.0,71.7,10.3,Low,47.6,39.8,Moderate,27.07,Medium,230.1,19.22,0
B06,Research Lab,Laboratory,35000,4,2025-09-24 21:00:00,21,2,9,0,30.0,46.8,15.7,Low,29.6,45.2,Hot,21.91,Low,186.24,15.56,0
B03,Library,Library,22000,3,2025-09-24 22:00:00,22,2,9,0,29.4,63.7,5.3,Low,33.7,31.1,Hot,12.19,Low,103.62,8.65,0
B01,Academic Block,Classroom,45000,4,2025-09-24 22:00:00,22,2,9,0,28.9,62.5,16.6,Low,35.1,50.1,Moderate,33.53,High,285.0,23.81,0
B03,Library,Library,22000,3,2025-09-24 22:00:00,22,2,9,0,27.1,51.7,13.8,Low,34.2,47.5,Moderate,19.26,Low,163.71,13.67,0
B04,Hostel,Dormitory,60000,6,2025-09-24 23:00:00,23,2,9,0,29.5,50.8,27.1,Low,44.5,59.7,Hot,29.76,Medium,252.96,21.13,0
B04,Hostel,Dormitory,60000,6,2025-09-25 00:00:00,0,3,9,0,26.3,67.2,9.7,Low,29.7,49.3,Moderate,29.55,Medium,251.18,20.98,0
B04,Hostel,Dormitory,60000,6,2025-09-25 01:00:00,1,3,9,0,28.2,63.2,9.3,Low,38.9,40.6,Moderate,26.35,Medium,223.98,18.71,0
B01,Academic Block,Classroom,45000,4,2025-09-25 04:00:00,4,3,9,0,23.9,71.4,18.0,Low,38.2,49.6,Cool,21.14,Low,179.69,15.01,0
B04,Hostel,Dormitory,60000,6,2025-09-25 04:00:00,4,3,9,0,24.3,47.4,11.4,Low,24.6,38.4,Moderate,26.0,Medium,221.0,18.46,0
B01,Academic Block,Classroom,45000,4,2025-09-25 04:00:00,4,3,9,0,26.0,71.7,1.0,Low,16.8,36.1,Moderate,16.05,Low,136.43,11.4,0
B05,Administration,Office,18000,3,2025-09-25 05:00:00,5,3,9,0,26.0,71.7,8.9,Low,26.3,42.2,Moderate,4.89,Low,41.56,3.47,0
B06,Research Lab,Laboratory,35000,4,2025-09-25 05:00:00,5,3,9,0,25.4,55.0,6.5,Low,30.2,47.5,Moderate,27.18,Medium,231.03,19.3,0
B02,Computer Lab,Laboratory,28000,3,2025-09-25 05:00:00,5,3,9,0,24.3,75.4,1.7,Low,25.7,39.0,Moderate,18.95,Low,161.07,13.45,0
B06,Research Lab,Laboratory,35000,4,2025-09-25 06:00:00,6,3,9,0,26.5,76.3,6.7,Low,35.7,42.8,Moderate,28.5,Medium,242.25,20.24,0
B02,Computer Lab,Laboratory,28000,3,2025-09-25 07:00:00,7,3,9,0,24.8,55.8,0.0,Low,36.2,13.5,Moderate,20.66,Low,175.61,14.67,0
B06,Research Lab,Laboratory,35000,4,2025-09-25 08:00:00,8,3,9,0,24.8,65.9,52.3,Medium,44.6,37.9,Moderate,23.08,Low,196.18,16.39,0
B02,Computer Lab,Laboratory,28000,3,2025-09-25 13:00:00,13,3,9,0,25.8,65.7,60.2,Medium,45.5,60.3,Moderate,29.56,Medium,251.26,20.99,0
B03,Library,Library,22000,3,2025-09-25 13:00:00,13,3,9,0,24.9,52.5,58.1,Medium,41.2,56.2,Moderate,29.2,Medium,248.2,20.73,0
B03,Library,Library,22000,3,2025-09-25 15:00:00,15,3,9,0,28.7,59.7,58.4,Medium,51.4,53.2,Moderate,26.48,Medium,225.08,18.8,0
B02,Computer Lab,Laboratory,28000,3,2025-09-25 18:00:00,18,3,9,0,27.3,73.0,65.5,Medium,57.6,67.8,Moderate,29.84,Medium,253.64,21.19,0
B05,Administration,Office,18000,3,2025-09-26 04:00:00,4,4,9,0,28.0,56.6,20.3,Low,34.3,55.2,Moderate,15.23,Low,129.46,10.81,0
B06,Research Lab,Laboratory,35000,4,2025-09-26 04:00:00,4,4,9,0,24.2,78.4,4.8,Low,29.2,33.6,Moderate,21.33,Low,181.3,15.14,0
B01,Academic Block,Classroom,45000,4,2025-09-26 04:00:00,4,4,9,0,25.9,66.9,2.4,Low,21.4,37.0,Moderate,17.61,Low,149.68,12.5,0
B06,Research Lab,Laboratory,35000,4,2025-09-26 05:00:00,5,4,9,0,25.1,59.4,12.3,Low,29.8,43.7,Moderate,23.07,Low,196.1,16.38,0
B06,Research Lab,Laboratory,35000,4,2025-09-26 05:00:00,5,4,9,0,24.9,65.4,15.8,Low,21.5,52.5,Moderate,17.03,Low,144.76,12.09,0
B04,Hostel,Dormitory,60000,6,2025-09-26 05:00:00,5,4,9,0,26.1,53.9,6.2,Low,26.1,41.8,Moderate,24.56,Medium,208.76,17.44,0
B02,Computer Lab,Laboratory,28000,3,2025-09-26 07:00:00,7,4,9,0,25.7,67.4,13.9,Low,40.4,29.0,Moderate,25.33,Medium,215.3,17.98,0
B04,Hostel,Dormitory,60000,6,2025-09-26 09:00:00,9,4,9,0,25.3,63.4,63.8,Medium,49.8,61.0,Moderate,37.72,High,320.62,26.78,0
B02,Computer Lab,Laboratory,28000,3,2025-09-26 11:00:00,11,4,9,0,23.4,63.3,49.4,Medium,39.0,54.1,Cool,26.28,Medium,223.38,18.66,0
B04,Hostel,Dormitory,60000,6,2025-09-26 12:00:00,12,4,9,0,23.7,55.9,51.0,Medium,42.5,57.6,Cool,30.57,Medium,259.85,21.7,0
B04,Hostel,Dormitory,60000,6,2025-09-26 12:00:00,12,4,9,0,23.6,65.6,58.3,Medium,46.4,70.3,Cool,42.5,High,361.25,30.17,0
B02,Computer Lab,Laboratory,28000,3,2025-09-26 12:00:00,12,4,9,0,25.1,66.4,57.4,Medium,47.6,55.3,Moderate,36.8,High,312.8,26.13,0
B01,Academic Block,Classroom,45000,4,2025-09-26 13:00:00,13,4,9,0,29.1,52.1,69.5,Medium,58.5,65.3,Hot,30.44,Medium,258.74,21.61,0
B01,Academic Block,Classroom,45000,4,2025-09-26 13:00:00,13,4,9,0,25.9,71.8,73.0,High,46.6,66.1,Moderate,35.17,High,298.94,24.97,0
B03,Library,Library,22000,3,2025-09-26 14:00:00,14,4,9,0,29.6,63.3,52.8,Medium,43.3,52.4,Hot,22.06,Low,187.51,15.66,0
B06,Research Lab,Laboratory,35000,4,2025-09-26 14:00:00,14,4,9,0,26.4,57.9,51.4,Medium,50.3,60.5,Moderate,33.46,High,284.41,23.76,0
B01,Academic Block,Classroom,45000,4,2025-09-26 14:00:00,14,4,9,0,26.7,63.0,65.9,Medium,43.7,60.3,Moderate,22.75,Low,193.38,16.15,0
B02,Computer Lab,Laboratory,28000,3,2025-09-26 15:00:00,15,4,9,0,27.9,68.5,51.1,Medium,50.7,55.3,Moderate,27.89,Medium,237.06,19.8,0
B05,Administration,Office,18000,3,2025-09-26 16:00:00,16,4,9,0,27.0,73.0,58.8,Medium,55.6,64.1,Moderate,26.46,Medium,224.91,18.79,0
B05,Administration,Office,18000,3,2025-09-26 18:00:00,18,4,9,0,28.5,73.3,65.8,Medium,48.5,70.3,Moderate,28.32,Medium,240.72,20.11,0
B01,Academic Block,Classroom,45000,4,2025-09-26 19:00:00,19,4,9,0,25.8,77.0,13.3,Low,27.6,52.2,Moderate,20.52,Low,174.42,14.57,0
B06,Research Lab,Laboratory,35000,4,2025-09-26 19:00:00,19,4,9,0,27.0,54.1,19.0,Low,34.7,51.6,Moderate,28.96,Medium,246.16,20.56,0
B04,Hostel,Dormitory,60000,6,2025-09-26 20:00:00,20,4,9,0,25.9,59.3,33.6,Low,33.5,62.1,Moderate,32.78,High,278.63,23.27,0
B02,Computer Lab,Laboratory,28000,3,2025-09-26 20:00:00,20,4,9,0,29.5,51.6,6.5,Low,30.4,37.0,Hot,19.06,Low,162.01,13.53,0
B01,Academic Block,Classroom,45000,4,2025-09-26 22:00:00,22,4,9,0,26.1,71.8,5.0,Low,25.9,28.9,Moderate,18.03,Low,153.26,12.8,0
B04,Hostel,Dormitory,60000,6,2025-09-26 22:00:00,22,4,9,0,30.3,59.5,36.4,Medium,43.1,59.3,Hot,42.78,High,363.63,30.37,0
B06,Research Lab,Laboratory,35000,4,2025-09-26 22:00:00,22,4,9,0,28.7,70.9,13.7,Low,39.8,46.1,Moderate,28.31,Medium,240.64,20.1,0
B03,Library,Library,22000,3,2025-09-27 01:00:00,1,5,9,1,28.3,52.4,10.7,Low,35.6,48.1,Moderate,18.86,Low,160.31,13.39,0
B01,Academic Block,Classroom,45000,4,2025-09-27 01:00:00,1,5,9,1,25.9,59.5,14.4,Low,23.4,53.3,Moderate,18.54,Low,157.59,13.16,0
B06,Research Lab,Laboratory,35000,4,2025-09-27 01:00:00,1,5,9,1,25.2,59.3,7.1,Low,38.6,40.4,Moderate,22.98,Low,195.33,16.32,0
B01,Academic Block,Classroom,45000,4,2025-09-27 02:00:00,2,5,9,1,25.8,73.0,0.0,Low,25.0,40.6,Moderate,22.68,Low,192.78,16.1,0
B04,Hostel,Dormitory,60000,6,2025-09-27 03:00:00,3,5,9,1,27.4,68.0,19.3,Low,36.1,50.3,Moderate,33.39,High,283.82,23.71,0
B04,Hostel,Dormitory,60000,6,2025-09-27 05:00:00,5,5,9,1,28.1,48.3,16.5,Low,33.6,48.4,Moderate,32.29,High,274.46,22.93,0
B03,Library,Library,22000,3,2025-09-27 10:00:00,10,5,9,1,25.4,61.4,11.4,Low,30.0,22.1,Moderate,14.75,Low,125.38,10.47,0
B05,Administration,Office,18000,3,2025-09-27 11:00:00,11,5,9,1,23.0,73.3,5.7,Low,18.4,16.9,Cool,7.32,Low,62.22,5.2,0
B02,Computer Lab,Laboratory,28000,3,2025-09-27 11:00:00,11,5,9,1,23.5,74.0,10.5,Low,18.3,20.0,Cool,19.66,Low,167.11,13.96,0
B05,Administration,Office,18000,3,2025-09-27 12:00:00,12,5,9,1,23.1,69.4,0.0,Low,20.0,12.2,Cool,13.24,Low,112.54,9.4,0
B04,Hostel,Dormitory,60000,6,2025-09-27 14:00:00,14,5,9,1,26.2,65.3,12.8,Low,40.6,21.2,Moderate,26.7,Medium,226.95,18.96,0
B01,Academic Block,Classroom,45000,4,2025-09-27 14:00:00,14,5,9,1,25.9,57.8,0.0,Low,30.4,19.3,Moderate,20.64,Low,175.44,14.65,0
B05,Administration,Office,18000,3,2025-09-27 15:00:00,15,5,9,1,26.7,71.1,12.7,Low,40.2,30.9,Moderate,18.49,Low,157.16,13.13,0
B02,Computer Lab,Laboratory,28000,3,2025-09-27 16:00:00,16,5,9,1,25.7,56.1,7.1,Low,25.7,16.5,Moderate,21.61,Low,183.68,15.34,0
B01,Academic Block,Classroom,45000,4,2025-09-27 16:00:00,16,5,9,1,25.6,53.2,11.0,Low,25.4,18.8,Moderate,24.63,Medium,209.36,17.49,0
B04,Hostel,Dormitory,60000,6,2025-09-27 17:00:00,17,5,9,1,27.9,64.1,4.0,Low,28.9,17.1,Moderate,19.83,Low,168.55,14.08,0
B04,Hostel,Dormitory,60000,6,2025-09-27 17:00:00,17,5,9,1,28.5,59.1,22.6,Low,42.7,27.6,Moderate,34.05,High,289.42,24.18,0
B05,Administration,Office,18000,3,2025-09-27 17:00:00,17,5,9,1,26.0,69.3,14.5,Low,38.4,20.8,Moderate,11.63,Low,98.86,8.26,0
B02,Computer Lab,Laboratory,28000,3,2025-09-27 18:00:00,18,5,9,1,28.8,65.4,7.2,Low,33.1,18.7,Moderate,19.26,Low,163.71,13.67,0
B02,Computer Lab,Laboratory,28000,3,2025-09-27 18:00:00,18,5,9,1,29.5,73.4,10.7,Low,28.8,24.2,Hot,27.51,Medium,233.84,19.53,0
B02,Computer Lab,Laboratory,28000,3,2025-09-27 18:00:00,18,5,9,1,24.6,68.2,23.2,Low,38.6,33.6,Moderate,19.61,Low,166.68,13.92,0
B05,Administration,Office,18000,3,2025-09-27 20:00:00,20,5,9,1,30.7,67.9,5.4,Low,44.2,37.5,Hot,24.34,Low,206.89,17.28,0
B02,Computer Lab,Laboratory,28000,3,2025-09-27 20:00:00,20,5,9,1,29.4,55.5,4.2,Low,37.9,35.5,Hot,22.49,Low,191.16,15.97,0
B03,Library,Library,22000,3,2025-09-27 20:00:00,20,5,9,1,29.8,66.1,3.9,Low,44.0,41.0,Hot,47.25,High,401.62,33.55,1
B02,Computer Lab,Laboratory,28000,3,2025-09-27 23:00:00,23,5,9,1,26.2,62.1,7.2,Low,18.6,42.3,Moderate,16.54,Low,140.59,11.74,0
B02,Computer Lab,Laboratory,28000,3,2025-09-28 05:00:00,5,6,9,1,26.0,60.7,22.5,Low,29.5,52.7,Moderate,24.0,Low,204.0,17.04,0
B01,Academic Block,Classroom,45000,4,2025-09-28 05:00:00,5,6,9,1,26.2,57.7,8.1,Low,30.5,38.3,Moderate,13.39,Low,113.82,9.51,0
B02,Computer Lab,Laboratory,28000,3,2025-09-28 06:00:00,6,6,9,1,23.6,76.9,9.1,Low,19.7,48.5,Cool,21.9,Low,186.15,15.55,0
B06,Research Lab,Laboratory,35000,4,2025-09-28 06:00:00,6,6,9,1,25.7,64.4,13.4,Low,36.9,38.5,Moderate,19.58,Low,166.43,13.9,0
B03,Library,Library,22000,3,2025-09-28 07:00:00,7,6,9,1,24.1,60.2,11.8,Low,20.9,21.1,Moderate,15.16,Low,128.86,10.76,0
B02,Computer Lab,Laboratory,28000,3,2025-09-28 07:00:00,7,6,9,1,23.4,71.0,18.8,Low,37.2,24.2,Cool,19.79,Low,168.22,14.05,0
B04,Hostel,Dormitory,60000,6,2025-09-28 09:00:00,9,6,9,1,24.0,62.7,17.7,Low,24.7,28.3,Cool,34.93,High,296.9,24.8,0
B04,Hostel,Dormitory,60000,6,2025-09-28 10:00:00,10,6,9,1,24.8,59.6,14.3,Low,38.4,22.4,Moderate,27.81,Medium,236.38,19.75,0
B01,Academic Block,Classroom,45000,4,2025-09-28 11:00:00,11,6,9,1,24.4,85.8,10.4,Low,23.0,23.3,Moderate,27.38,Medium,232.73,19.44,0
B03,Library,Library,22000,3,2025-09-28 16:00:00,16,6,9,1,26.1,55.7,18.7,Low,19.7,31.6,Moderate,13.96,Low,118.66,9.91,0
B02,Computer Lab,Laboratory,28000,3,2025-09-28 16:00:00,16,6,9,1,27.9,75.7,6.5,Low,33.7,26.2,Moderate,11.06,Low,94.01,7.85,0
B02,Computer Lab,Laboratory,28000,3,2025-09-28 17:00:00,17,6,9,1,28.5,56.5,6.0,Low,37.9,20.6,Moderate,25.86,Medium,219.81,18.36,0
B03,Library,Library,22000,3,2025-09-28 17:00:00,17,6,9,1,27.9,67.1,9.1,Low,27.6,22.8,Moderate,13.51,Low,114.84,9.59,0
B02,Computer Lab,Laboratory,28000,3,2025-09-28 17:00:00,17,6,9,1,25.3,64.0,20.1,Low,42.5,32.2,Moderate,27.98,Medium,237.83,19.87,0
B05,Administration,Office,18000,3,2025-09-28 19:00:00,19,6,9,1,27.3,68.3,6.1,Low,39.9,28.2,Moderate,17.16,Low,145.86,12.18,0
B04,Hostel,Dormitory,60000,6,2025-09-28 20:00:00,20,6,9,1,27.0,53.7,27.8,Low,37.7,56.1,Moderate,35.18,High,299.03,24.98,0
B04,Hostel,Dormitory,60000,6,2025-09-28 21:00:00,21,6,9,1,30.8,49.8,33.2,Low,49.4,54.4,Hot,40.74,High,346.29,28.93,0
B06,Research Lab,Laboratory,35000,4,2025-09-29 01:00:00,1,0,9,0,26.9,68.8,11.6,Low,33.0,40.5,Moderate,33.16,High,281.86,23.54,0
B01,Academic Block,Classroom,45000,4,2025-09-29 02:00:00,2,0,9,0,25.8,51.9,9.3,Low,34.0,41.4,Moderate,27.5,Medium,233.75,19.52,0
B01,Academic Block,Classroom,45000,4,2025-09-29 03:00:00,3,0,9,0,24.8,57.0,15.3,Low,35.5,51.2,Moderate,25.46,Medium,216.41,18.08,0
B06,Research Lab,Laboratory,35000,4,2025-09-29 06:00:00,6,0,9,0,24.3,64.9,8.7,Low,17.2,32.7,Moderate,25.49,Medium,216.66,18.1,0
B06,Research Lab,Laboratory,35000,4,2025-09-29 08:00:00,8,0,9,0,25.3,55.7,66.2,Medium,59.2,65.8,Moderate,36.44,High,309.74,25.87,0
B03,Library,Library,22000,3,2025-09-29 09:00:00,9,0,9,0,21.5,59.6,56.6,Medium,46.9,58.0,Cool,26.47,Medium,225.0,18.79,0
B01,Academic Block,Classroom,45000,4,2025-09-29 09:00:00,9,0,9,0,24.6,62.4,73.7,High,44.2,72.4,Moderate,39.15,High,332.78,27.8,0
B05,Administration,Office,18000,3,2025-09-29 11:00:00,11,0,9,0,24.0,50.5,57.2,Medium,52.3,69.1,Cool,24.08,Low,204.68,17.1,0
B05,Administration,Office,18000,3,2025-09-29 12:00:00,12,0,9,0,25.8,54.6,61.7,Medium,59.9,69.1,Moderate,26.84,Medium,228.14,19.06,0
B06,Research Lab,Laboratory,35000,4,2025-09-29 12:00:00,12,0,9,0,26.4,73.3,45.5,Medium,33.6,50.6,Moderate,26.82,Medium,227.97,19.04,0
B01,Academic Block,Classroom,45000,4,2025-09-29 14:00:00,14,0,9,0,25.1,71.6,76.0,High,56.3,74.8,Moderate,43.36,High,368.56,30.79,0
B03,Library,Library,22000,3,2025-09-29 17:00:00,17,0,9,0,25.5,80.5,71.0,High,56.7,68.1,Moderate,26.63,Medium,226.36,18.91,0
B06,Research Lab,Laboratory,35000,4,2025-09-29 20:00:00,20,0,9,0,27.7,67.0,10.0,Low,35.9,46.3,Moderate,27.52,Medium,233.92,19.54,0
B06,Research Lab,Laboratory,35000,4,2025-09-29 21:00:00,21,0,9,0,30.0,70.1,14.6,Low,46.5,46.1,Hot,26.18,Medium,222.53,18.59,0
B01,Academic Block,Classroom,45000,4,2025-09-30 03:00:00,3,1,9,0,26.8,60.6,12.8,Low,34.3,46.7,Moderate,23.33,Low,198.3,16.56,0
B06,Research Lab,Laboratory,35000,4,2025-09-30 04:00:00,4,1,9,0,24.5,64.1,3.0,Low,28.5,33.9,Moderate,26.71,Medium,227.04,18.96,0
B06,Research Lab,Laboratory,35000,4,2025-09-30 04:00:00,4,1,9,0,24.1,68.6,20.7,Low,19.6,51.7,Moderate,44.3,High,376.55,31.45,1
B06,Research Lab,Laboratory,35000,4,2025-09-30 05:00:00,5,1,9,0,23.8,52.7,10.1,Low,22.8,49.4,Cool,28.19,Medium,239.62,20.01,0
B02,Computer Lab,Laboratory,28000,3,2025-09-30 08:00:00,8,1,9,0,22.2,71.1,44.5,Medium,43.5,51.2,Cool,30.17,Medium,256.44,21.42,0
B06,Research Lab,Laboratory,35000,4,2025-09-30 09:00:00,9,1,9,0,25.3,60.4,53.8,Medium,40.6,55.9,Moderate,29.9,Medium,254.15,21.23,0
B03,Library,Library,22000,3,2025-09-30 11:00:00,11,1,9,0,26.1,60.9,45.1,Medium,42.8,34.3,Moderate,19.21,Low,163.28,13.64,0
B03,Library,Library,22000,3,2025-09-30 12:00:00,12,1,9,0,24.5,72.4,55.8,Medium,37.3,58.8,Moderate,24.79,Medium,210.72,17.6,0
B02,Computer Lab,Laboratory,28000,3,2025-09-30 13:00:00,13,1,9,0,24.8,54.3,59.6,Medium,41.9,59.3,Moderate,30.04,Medium,255.34,21.33,0
B01,Academic Block,Classroom,45000,4,2025-09-30 13:00:00,13,1,9,0,24.5,65.8,74.9,High,52.7,65.8,Moderate,32.71,High,278.04,23.22,0
B05,Administration,Office,18000,3,2025-09-30 14:00:00,14,1,9,0,25.4,67.8,75.5,High,51.7,71.3,Moderate,27.8,Medium,236.3,19.74,0
B01,Academic Block,Classroom,45000,4,2025-09-30 15:00:00,15,1,9,0,25.5,60.9,80.0,High,43.4,74.7,Moderate,30.37,Medium,258.14,21.56,0
B02,Computer Lab,Laboratory,28000,3,2025-09-30 16:00:00,16,1,9,0,26.9,63.7,51.6,Medium,42.3,53.7,Moderate,30.94,High,262.99,21.97,0
B02,Computer Lab,Laboratory,28000,3,2025-09-30 16:00:00,16,1,9,0,28.3,63.0,63.1,Medium,61.8,66.0,Moderate,34.58,High,293.93,24.55,0
B06,Research Lab,Laboratory,35000,4,2025-09-30 17:00:00,17,1,9,0,28.5,68.5,64.4,Medium,60.7,62.2,Moderate,32.38,High,275.23,22.99,0
B01,Academic Block,Classroom,45000,4,2025-09-30 18:00:00,18,1,9,0,26.6,62.4,62.9,Medium,50.5,60.9,Moderate,29.94,Medium,254.49,21.26,0
B04,Hostel,Dormitory,60000,6,2025-09-30 20:00:00,20,1,9,0,28.3,53.6,34.0,Low,45.3,58.7,Moderate,35.11,High,298.44,24.93,0
B02,Computer Lab,Laboratory,28000,3,2025-09-30 20:00:00,20,1,9,0,29.1,57.7,14.8,Low,34.1,47.3,Hot,23.92,Low,203.32,16.98,0
B01,Academic Block,Classroom,45000,4,2025-09-30 21:00:00,21,1,9,0,26.6,61.3,8.6,Low,39.6,44.2,Moderate,21.99,Low,186.92,15.61,0
B02,Computer Lab,Laboratory,28000,3,2025-10-01 01:00:00,1,2,10,0,26.7,58.0,21.0,Low,34.2,57.2,Moderate,28.8,Medium,244.8,20.45,0
B04,Hostel,Dormitory,60000,6,2025-10-01 01:00:00,1,2,10,0,28.4,63.6,13.6,Low,28.9,47.8,Moderate,34.42,High,292.57,24.44,0
B02,Computer Lab,Laboratory,28000,3,2025-10-01 01:00:00,1,2,10,0,26.2,65.0,10.8,Low,21.1,48.5,Moderate,24.38,Low,207.23,17.31,0
B04,Hostel,Dormitory,60000,6,2025-10-01 04:00:00,4,2,10,0,22.0,68.0,3.4,Low,10.7,41.8,Cool,22.57,Low,191.84,16.02,0
B01,Academic Block,Classroom,45000,4,2025-10-01 06:00:00,6,2,10,0,20.5,62.3,20.1,Low,22.3,50.8,Cool,30.32,Medium,257.72,21.53,0
B02,Computer Lab,Laboratory,28000,3,2025-10-01 06:00:00,6,2,10,0,24.8,66.1,12.5,Low,39.3,40.7,Moderate,24.58,Medium,208.93,17.45,0
B01,Academic Block,Classroom,45000,4,2025-10-01 06:00:00,6,2,10,0,24.4,74.5,12.5,Low,44.7,46.4,Moderate,24.72,Medium,210.12,17.55,0
B05,Administration,Office,18000,3,2025-10-01 06:00:00,6,2,10,0,24.6,67.4,6.1,Low,33.2,47.4,Moderate,20.11,Low,170.94,14.28,0
B06,Research Lab,Laboratory,35000,4,2025-10-01 08:00:00,8,2,10,0,24.8,72.7,65.1,Medium,37.4,69.3,Moderate,31.2,High,265.2,22.15,0
B05,Administration,Office,18000,3,2025-10-01 08:00:00,8,2,10,0,21.8,68.3,54.8,Medium,32.5,62.5,Cool,12.24,Low,104.04,8.69,0
B03,Library,Library,22000,3,2025-10-01 11:00:00,11,2,10,0,23.4,61.8,39.4,Medium,29.7,35.3,Cool,21.12,Low,179.52,15.0,0
B06,Research Lab,Laboratory,35000,4,2025-10-01 11:00:00,11,2,10,0,25.2,70.9,53.8,Medium,42.9,45.5,Moderate,33.72,High,286.62,23.94,0
B01,Academic Block,Classroom,45000,4,2025-10-01 13:00:00,13,2,10,0,26.6,53.9,69.0,Medium,47.4,64.3,Moderate,57.24,High,486.54,40.64,1
B05,Administration,Office,18000,3,2025-10-01 14:00:00,14,2,10,0,25.6,60.6,65.1,Medium,53.0,66.2,Moderate,19.19,Low,163.12,13.62,0
B01,Academic Block,Classroom,45000,4,2025-10-01 14:00:00,14,2,10,0,23.9,64.9,67.6,Medium,45.4,63.8,Cool,34.12,High,290.02,24.23,0
B02,Computer Lab,Laboratory,28000,3,2025-10-01 15:00:00,15,2,10,0,27.0,68.0,57.6,Medium,54.4,57.2,Moderate,48.31,High,410.64,34.3,1
B04,Hostel,Dormitory,60000,6,2025-10-01 17:00:00,17,2,10,0,27.5,71.9,52.1,Medium,51.7,46.7,Moderate,37.6,High,319.6,26.7,0
B04,Hostel,Dormitory,60000,6,2025-10-01 19:00:00,19,2,10,0,26.4,69.8,52.0,Medium,54.0,71.0,Moderate,32.11,High,272.94,22.8,0
B06,Research Lab,Laboratory,35000,4,2025-10-01 19:00:00,19,2,10,0,25.0,70.2,13.7,Low,25.8,40.8,Moderate,22.35,Low,189.98,15.87,0
B06,Research Lab,Laboratory,35000,4,2025-10-01 22:00:00,22,2,10,0,28.6,68.2,9.0,Low,40.8,37.5,Moderate,22.94,Low,194.99,16.29,0
B05,Administration,Office,18000,3,2025-10-01 23:00:00,23,2,10,0,26.5,70.8,11.3,Low,27.5,39.8,Moderate,20.32,Low,172.72,14.43,0
B02,Computer Lab,Laboratory,28000,3,2025-10-02 01:00:00,1,3,10,0,26.7,55.7,10.5,Low,31.8,37.4,Moderate,24.54,Medium,208.59,17.42,0
B03,Library,Library,22000,3,2025-10-02 01:00:00,1,3,10,0,26.7,79.1,12.5,Low,27.8,32.4,Moderate,15.8,Low,134.3,11.22,0
B05,Administration,Office,18000,3,2025-10-02 02:00:00,2,3,10,0,24.2,73.4,5.6,Low,28.0,46.3,Moderate,13.93,Low,118.4,9.89,0
B01,Academic Block,Classroom,45000,4,2025-10-02 03:00:00,3,3,10,0,26.0,62.9,17.6,Low,41.3,47.6,Moderate,24.55,Medium,208.68,17.43,0
B01,Academic Block,Classroom,45000,4,2025-10-02 05:00:00,5,3,10,0,23.2,69.0,14.1,Low,34.1,42.1,Cool,25.01,Medium,212.58,17.76,0
B05,Administration,Office,18000,3,2025-10-02 06:00:00,6,3,10,0,22.0,58.2,6.5,Low,24.4,39.2,Cool,18.99,Low,161.42,13.48,0
B03,Library,Library,22000,3,2025-10-02 07:00:00,7,3,10,0,21.6,65.9,19.1,Low,25.8,31.0,Cool,14.55,Low,123.68,10.33,0
B05,Administration,Office,18000,3,2025-10-02 07:00:00,7,3,10,0,24.0,63.4,0.0,Low,23.5,15.6,Cool,15.17,Low,128.94,10.77,0
B02,Computer Lab,Laboratory,28000,3,2025-10-02 08:00:00,8,3,10,0,26.3,61.0,73.9,High,62.8,66.7,Moderate,31.86,High,270.81,22.62,0
B01,Academic Block,Classroom,45000,4,2025-10-02 10:00:00,10,3,10,0,24.3,71.3,79.8,High,47.0,79.8,Moderate,22.97,Low,195.24,16.31,0
B04,Hostel,Dormitory,60000,6,2025-10-02 11:00:00,11,3,10,0,27.2,64.0,63.1,Medium,54.2,59.4,Moderate,36.32,High,308.72,25.79,0
B02,Computer Lab,Laboratory,28000,3,2025-10-02 11:00:00,11,3,10,0,26.7,55.3,55.3,Medium,54.6,55.3,Moderate,31.59,High,268.52,22.43,0
B04,Hostel,Dormitory,60000,6,2025-10-02 13:00:00,13,3,10,0,26.2,55.8,52.7,Medium,46.0,63.1,Moderate,33.35,High,283.48,23.68,0
B03,Library,Library,22000,3,2025-10-02 13:00:00,13,3,10,0,27.8,49.0,50.5,Medium,53.7,63.2,Moderate,27.51,Medium,233.84,19.53,0
B01,Academic Block,Classroom,45000,4,2025-10-02 14:00:00,14,3,10,0,28.1,68.7,69.6,Medium,68.6,72.9,Moderate,37.92,High,322.32,26.92,0
B05,Administration,Office,18000,3,2025-10-02 14:00:00,14,3,10,0,27.7,61.3,62.8,Medium,51.7,58.8,Moderate,29.89,Medium,254.06,21.22,0
B01,Academic Block,Classroom,45000,4,2025-10-02 14:00:00,14,3,10,0,23.1,71.8,63.4,Medium,42.6,60.4,Cool,26.57,Medium,225.84,18.86,0
B04,Hostel,Dormitory,60000,6,2025-10-02 14:00:00,14,3,10,0,25.6,86.5,47.7,Medium,44.5,46.9,Moderate,38.64,High,328.44,27.43,0
B04,Hostel,Dormitory,60000,6,2025-10-02 16:00:00,16,3,10,0,25.9,58.0,51.6,Medium,48.0,52.5,Moderate,35.74,High,303.79,25.38,0
B06,Research Lab,Laboratory,35000,4,2025-10-02 17:00:00,17,3,10,0,29.1,64.0,79.4,High,68.6,77.2,Hot,32.98,High,280.33,23.42,0
B06,Research Lab,Laboratory,35000,4,2025-10-02 18:00:00,18,3,10,0,27.2,73.3,67.9,Medium,60.7,56.5,Moderate,33.41,High,283.98,23.72,0
B04,Hostel,Dormitory,60000,6,2025-10-02 19:00:00,19,3,10,0,30.5,57.2,32.6,Low,48.7,54.3,Hot,36.13,High,307.1,25.65,0
B03,Library,Library,22000,3,2025-10-02 20:00:00,20,3,10,0,28.1,60.1,10.7,Low,22.9,43.6,Moderate,16.85,Low,143.23,11.96,0
B05,Administration,Office,18000,3,2025-10-02 21:00:00,21,3,10,0,27.8,66.5,16.4,Low,27.5,46.8,Moderate,14.32,Low,121.72,10.17,0
B05,Administration,Office,18000,3,2025-10-02 22:00:00,22,3,10,0,27.1,81.1,7.7,Low,37.7,38.5,Moderate,18.88,Low,160.48,13.4,0
B05,Administration,Office,18000,3,2025-10-03 01:00:00,1,4,10,0,26.1,68.6,10.4,Low,27.2,35.8,Moderate,16.46,Low,139.91,11.69,0
B03,Library,Library,22000,3,2025-10-03 01:00:00,1,4,10,0,26.8,57.7,0.0,Low,34.9,32.0,Moderate,15.69,Low,133.36,11.14,0
B01,Academic Block,Classroom,45000,4,2025-10-03 03:00:00,3,4,10,0,25.2,59.8,12.6,Low,35.1,42.0,Moderate,20.72,Low,176.12,14.71,0
B03,Library,Library,22000,3,2025-10-03 05:00:00,5,4,10,0,23.7,62.6,12.8,Low,26.4,37.9,Cool,11.21,Low,95.29,7.96,0
B04,Hostel,Dormitory,60000,6,2025-10-03 06:00:00,6,4,10,0,23.5,53.5,8.2,Low,20.6,37.0,Cool,33.25,High,282.62,23.61,0
B06,Research Lab,Laboratory,35000,4,2025-10-03 08:00:00,8,4,10,0,26.6,62.6,62.0,Medium,49.0,60.5,Moderate,31.56,High,268.26,22.41,0
B04,Hostel,Dormitory,60000,6,2025-10-03 08:00:00,8,4,10,0,26.8,63.6,51.9,Medium,48.0,56.3,Moderate,38.97,High,331.24,27.67,0
B06,Research Lab,Laboratory,35000,4,2025-10-03 09:00:00,9,4,10,0,23.2,66.8,55.1,Medium,33.1,60.9,Cool,33.67,High,286.2,23.91,0
B05,Administration,Office,18000,3,2025-10-03 09:00:00,9,4,10,0,25.2,54.7,68.5,Medium,55.3,61.1,Moderate,29.5,Medium,250.75,20.94,0
B05,Administration,Office,18000,3,2025-10-03 09:00:00,9,4,10,0,22.7,69.3,61.4,Medium,47.0,59.3,Cool,26.54,Medium,225.59,18.84,0
B01,Academic Block,Classroom,45000,4,2025-10-03 09:00:00,9,4,10,0,23.4,59.4,59.3,Medium,44.4,58.2,Cool,30.76,Medium,261.46,21.84,0
B04,Hostel,Dormitory,60000,6,2025-10-03 10:00:00,10,4,10,0,22.5,65.3,38.7,Medium,35.6,43.0,Cool,26.46,Medium,224.91,18.79,0
B06,Research Lab,Laboratory,35000,4,2025-10-03 11:00:00,11,4,10,0,26.0,59.0,68.8,Medium,59.8,65.3,Moderate,39.75,High,337.88,28.22,0
B03,Library,Library,22000,3,2025-10-03 11:00:00,11,4,10,0,25.2,72.9,55.8,Medium,40.9,51.0,Moderate,19.78,Low,168.13,14.04,0
B06,Research Lab,Laboratory,35000,4,2025-10-03 13:00:00,13,4,10,0,26.3,59.2,59.4,Medium,46.4,61.9,Moderate,37.19,High,316.12,26.4,0
B04,Hostel,Dormitory,60000,6,2025-10-03 14:00:00,14,4,10,0,27.2,72.7,50.7,Medium,47.5,51.5,Moderate,34.93,High,296.9,24.8,0
B03,Library,Library,22000,3,2025-10-03 15:00:00,15,4,10,0,25.1,65.9,63.4,Medium,44.3,62.7,Moderate,28.88,Medium,245.48,20.5,0
B03,Library,Library,22000,3,2025-10-03 15:00:00,15,4,10,0,25.9,67.2,55.9,Medium,45.8,57.3,Moderate,27.78,Medium,236.13,19.72,0
B01,Academic Block,Classroom,45000,4,2025-10-03 17:00:00,17,4,10,0,27.9,63.3,77.4,High,48.3,70.0,Moderate,35.13,High,298.6,24.94,0
B02,Computer Lab,Laboratory,28000,3,2025-10-03 18:00:00,18,4,10,0,27.1,57.4,59.8,Medium,47.8,63.7,Moderate,31.8,High,270.3,22.58,0
B06,Research Lab,Laboratory,35000,4,2025-10-03 18:00:00,18,4,10,0,27.7,65.7,40.1,Medium,43.6,42.8,Moderate,28.94,Medium,245.99,20.55,0
B02,Computer Lab,Laboratory,28000,3,2025-10-03 18:00:00,18,4,10,0,26.4,60.9,67.7,Medium,47.1,66.6,Moderate,31.21,High,265.29,22.16,0
B06,Research Lab,Laboratory,35000,4,2025-10-03 21:00:00,21,4,10,0,29.8,63.4,14.2,Low,46.8,46.1,Hot,29.47,Medium,250.5,20.92,0
B04,Hostel,Dormitory,60000,6,2025-10-03 21:00:00,21,4,10,0,29.2,65.9,28.5,Low,45.6,57.7,Hot,36.03,High,306.26,25.58,0
B01,Academic Block,Classroom,45000,4,2025-10-03 21:00:00,21,4,10,0,29.6,74.7,10.2,Low,36.6,48.0,Hot,26.26,Medium,223.21,18.64,0
B02,Computer Lab,Laboratory,28000,3,2025-10-03 22:00:00,22,4,10,0,28.6,65.4,9.8,Low,31.7,38.7,Moderate,35.83,High,304.56,25.44,1
B04,Hostel,Dormitory,60000,6,2025-10-03 23:00:00,23,4,10,0,25.6,71.2,23.3,Low,25.4,52.4,Moderate,29.26,Medium,248.71,20.77,0
B02,Computer Lab,Laboratory,28000,3,2025-10-04 00:00:00,0,5,10,1,26.0,68.8,18.1,Low,29.4,48.4,Moderate,25.17,Medium,213.95,17.87,0
B04,Hostel,Dormitory,60000,6,2025-10-04 02:00:00,2,5,10,1,24.7,63.7,8.9,Low,28.4,40.2,Moderate,28.43,Medium,241.66,20.19,0
B04,Hostel,Dormitory,60000,6,2025-10-04 03:00:00,3,5,10,1,24.9,69.8,5.9,Low,26.9,41.9,Moderate,28.62,Medium,243.27,20.32,0
B06,Research Lab,Laboratory,35000,4,2025-10-04 03:00:00,3,5,10,1,26.8,62.7,42.1,Medium,38.9,60.8,Moderate,27.68,Medium,235.28,19.65,0
B04,Hostel,Dormitory,60000,6,2025-10-04 03:00:00,3,5,10,1,23.0,63.7,3.9,Low,33.2,44.9,Cool,31.15,High,264.77,22.12,0
B06,Research Lab,Laboratory,35000,4,2025-10-04 05:00:00,5,5,10,1,23.5,58.6,11.4,Low,33.3,50.8,Cool,27.49,Medium,233.66,19.52,0
B04,Hostel,Dormitory,60000,6,2025-10-04 05:00:00,5,5,10,1,23.8,70.5,0.0,Low,20.6,31.8,Cool,18.66,Low,158.61,13.25,0
B02,Computer Lab,Laboratory,28000,3,2025-10-04 05:00:00,5,5,10,1,22.4,63.1,20.8,Low,31.5,50.1,Cool,18.44,Low,156.74,13.09,0
B03,Library,Library,22000,3,2025-10-04 06:00:00,6,5,10,1,24.3,70.0,10.0,Low,35.4,33.5,Moderate,17.39,Low,147.82,12.35,0
B01,Academic Block,Classroom,45000,4,2025-10-04 08:00:00,8,5,10,1,23.3,66.4,17.7,Low,30.6,25.0,Cool,24.79,Medium,210.72,17.6,0
B03,Library,Library,22000,3,2025-10-04 08:00:00,8,5,10,1,25.4,62.7,5.4,Low,27.0,30.6,Moderate,17.81,Low,151.38,12.65,0
B04,Hostel,Dormitory,60000,6,2025-10-04 10:00:00,10,5,10,1,23.6,60.1,0.7,Low,12.2,18.5,Cool,24.81,Medium,210.88,17.62,0
B01,Academic Block,Classroom,45000,4,2025-10-04 11:00:00,11,5,10,1,25.0,74.1,6.8,Low,27.4,23.5,Moderate,24.64,Medium,209.44,17.49,0
B04,Hostel,Dormitory,60000,6,2025-10-04 11:00:00,11,5,10,1,24.5,62.7,21.4,Low,27.4,28.6,Moderate,31.38,High,266.73,22.28,0
B04,Hostel,Dormitory,60000,6,2025-10-04 13:00:00,13,5,10,1,21.5,78.9,16.0,Low,22.0,26.5,Cool,27.4,Medium,232.9,19.45,0
B02,Computer Lab,Laboratory,28000,3,2025-10-04 15:00:00,15,5,10,1,24.1,60.0,0.7,Low,22.1,15.2,Moderate,18.74,Low,159.29,13.31,0
B06,Research Lab,Laboratory,35000,4,2025-10-04 15:00:00,15,5,10,1,26.9,74.0,0.0,Low,27.5,8.0,Moderate,17.43,Low,148.16,12.38,0
B04,Hostel,Dormitory,60000,6,2025-10-04 17:00:00,17,5,10,1,27.7,63.4,9.8,Low,31.4,22.9,Moderate,29.73,Medium,252.7,21.11,0
B05,Administration,Office,18000,3,2025-10-04 17:00:00,17,5,10,1,27.1,69.3,19.6,Low,28.0,33.5,Moderate,19.84,Low,168.64,14.09,0
B06,Research Lab,Laboratory,35000,4,2025-10-04 18:00:00,18,5,10,1,29.5,52.3,6.7,Low,25.4,28.9,Hot,22.78,Low,193.63,16.17,0
B01,Academic Block,Classroom,45000,4,2025-10-04 19:00:00,19,5,10,1,28.5,53.1,19.5,Low,43.5,50.8,Moderate,27.65,Medium,235.02,19.63,0
B05,Administration,Office,18000,3,2025-10-04 19:00:00,19,5,10,1,30.1,62.7,12.9,Low,49.3,44.0,Hot,23.37,Low,198.64,16.59,0
B02,Computer Lab,Laboratory,28000,3,2025-10-04 19:00:00,19,5,10,1,24.0,58.7,24.3,Low,32.7,52.6,Cool,27.52,Medium,233.92,19.54,0
B02,Computer Lab,Laboratory,28000,3,2025-10-04 20:00:00,20,5,10,1,30.4,70.0,7.2,Low,31.1,42.2,Hot,24.4,Low,207.4,17.32,0
B04,Hostel,Dormitory,60000,6,2025-10-04 20:00:00,20,5,10,1,26.9,66.0,31.6,Low,45.8,62.5,Moderate,31.52,High,267.92,22.38,0
B06,Research Lab,Laboratory,35000,4,2025-10-04 21:00:00,21,5,10,1,27.7,58.3,7.4,Low,45.3,45.9,Moderate,25.79,Medium,219.22,18.31,0
B04,Hostel,Dormitory,60000,6,2025-10-04 23:00:00,23,5,10,1,29.0,55.4,38.9,Medium,53.5,53.6,Moderate,37.82,High,321.47,26.85,0
B05,Administration,Office,18000,3,2025-10-04 23:00:00,23,5,10,1,24.0,63.8,16.1,Low,37.3,52.4,Cool,19.59,Low,166.52,13.91,0
B05,Administration,Office,18000,3,2025-10-05 01:00:00,1,6,10,1,25.8,60.4,0.1,Low,19.9,29.1,Moderate,9.17,Low,77.94,6.51,0
B03,Library,Library,22000,3,2025-10-05 03:00:00,3,6,10,1,26.7,67.1,16.8,Low,31.0,42.7,Moderate,18.1,Low,153.85,12.85,0
B04,Hostel,Dormitory,60000,6,2025-10-05 03:00:00,3,6,10,1,24.2,65.1,1.6,Low,31.8,35.1,Moderate,24.67,Medium,209.7,17.52,0
B05,Administration,Office,18000,3,2025-10-05 03:00:00,3,6,10,1,26.5,72.0,5.6,Low,22.8,41.7,Moderate,16.39,Low,139.32,11.64,0
B03,Library,Library,22000,3,2025-10-05 04:00:00,4,6,10,1,25.7,68.9,17.2,Low,29.4,41.3,Moderate,19.98,Low,169.83,14.19,0
B03,Library,Library,22000,3,2025-10-05 04:00:00,4,6,10,1,24.9,59.0,3.2,Low,27.5,34.4,Moderate,20.3,Low,172.55,14.41,0
B02,Computer Lab,Laboratory,28000,3,2025-10-05 04:00:00,4,6,10,1,25.6,61.5,9.4,Low,33.0,43.5,Moderate,27.27,Medium,231.8,19.36,0
B01,Academic Block,Classroom,45000,4,2025-10-05 05:00:00,5,6,10,1,26.2,58.0,17.3,Low,32.0,50.4,Moderate,26.65,Medium,226.52,18.92,0
B02,Computer Lab,Laboratory,28000,3,2025-10-05 06:00:00,6,6,10,1,24.9,59.0,14.9,Low,30.5,48.5,Moderate,21.8,Low,185.3,15.48,0
B01,Academic Block,Classroom,45000,4,2025-10-05 06:00:00,6,6,10,1,25.3,52.2,14.5,Low,32.0,50.6,Moderate,22.63,Low,192.36,16.07,0
B06,Research Lab,Laboratory,35000,4,2025-10-05 07:00:00,7,6,10,1,22.4,73.7,17.5,Low,25.5,33.8,Cool,25.76,Medium,218.96,18.29,0
B03,Library,Library,22000,3,2025-10-05 07:00:00,7,6,10,1,24.6,74.4,21.1,Low,29.1,31.4,Moderate,20.98,Low,178.33,14.9,0
B01,Academic Block,Classroom,45000,4,2025-10-05 07:00:00,7,6,10,1,24.5,58.5,3.3,Low,24.9,17.1,Moderate,16.49,Low,140.16,11.71,0
B04,Hostel,Dormitory,60000,6,2025-10-05 08:00:00,8,6,10,1,25.4,57.1,14.3,Low,27.9,21.8,Moderate,36.78,High,312.63,26.11,0
B06,Research Lab,Laboratory,35000,4,2025-10-05 10:00:00,10,6,10,1,22.2,71.2,18.8,Low,32.3,26.2,Cool,26.01,Medium,221.08,18.47,0
B01,Academic Block,Classroom,45000,4,2025-10-05 10:00:00,10,6,10,1,25.6,58.8,17.4,Low,34.4,21.2,Moderate,26.31,Medium,223.64,18.68,0
B04,Hostel,Dormitory,60000,6,2025-10-05 11:00:00,11,6,10,1,22.9,75.6,10.9,Low,25.0,30.1,Cool,29.76,Medium,252.96,21.13,0
B03,Library,Library,22000,3,2025-10-05 11:00:00,11,6,10,1,27.8,57.7,10.5,Low,32.7,22.5,Moderate,14.68,Low,124.78,10.42,0
B03,Library,Library,22000,3,2025-10-05 11:00:00,11,6,10,1,22.9,51.7,17.8,Low,34.1,32.1,Cool,16.97,Low,144.24,12.05,0
B03,Library,Library,22000,3,2025-10-05 12:00:00,12,6,10,1,22.9,65.8,13.5,Low,24.1,38.5,Cool,14.77,Low,125.54,10.49,0
B06,Research Lab,Laboratory,35000,4,2025-10-05 13:00:00,13,6,10,1,24.7,61.1,19.7,Low,36.1,40.9,Moderate,19.91,Low,169.24,14.14,0
B01,Academic Block,Classroom,45000,4,2025-10-05 13:00:00,13,6,10,1,26.7,64.7,12.8,Low,40.1,30.1,Moderate,20.12,Low,171.02,14.29,0
B01,Academic Block,Classroom,45000,4,2025-10-05 16:00:00,16,6,10,1,27.2,60.8,9.4,Low,35.6,20.2,Moderate,29.5,Medium,250.75,20.94,0
B01,Academic Block,Classroom,45000,4,2025-10-05 17:00:00,17,6,10,1,29.6,65.4,0.0,Low,24.0,19.0,Hot,22.2,Low,188.7,15.76,0
B01,Academic Block,Classroom,45000,4,2025-10-05 17:00:00,17,6,10,1,26.6,66.7,10.4,Low,29.4,22.8,Moderate,25.71,Medium,218.54,18.25,0
B02,Computer Lab,Laboratory,28000,3,2025-10-05 19:00:00,19,6,10,1,26.9,65.8,3.4,Low,24.9,32.8,Moderate,19.41,Low,164.98,13.78,0
B01,Academic Block,Classroom,45000,4,2025-10-05 20:00:00,20,6,10,1,26.6,65.1,0.0,Low,21.1,30.4,Moderate,28.6,Medium,243.1,20.31,1
B05,Administration,Office,18000,3,2025-10-05 20:00:00,20,6,10,1,26.9,63.5,5.9,Low,37.4,43.7,Moderate,23.26,Low,197.71,16.51,0
B02,Computer Lab,Laboratory,28000,3,2025-10-05 20:00:00,20,6,10,1,25.6,54.7,16.9,Low,34.7,51.4,Moderate,23.5,Low,199.75,16.68,0
B02,Computer Lab,Laboratory,28000,3,2025-10-05 21:00:00,21,6,10,1,26.6,66.4,10.3,Low,16.5,48.8,Moderate,21.14,Low,179.69,15.01,0
B02,Computer Lab,Laboratory,28000,3,2025-10-05 22:00:00,22,6,10,1,25.6,69.6,13.2,Low,31.0,43.7,Moderate,23.94,Low,203.49,17.0,0
B06,Research Lab,Laboratory,35000,4,2025-10-05 22:00:00,22,6,10,1,28.5,64.6,16.7,Low,33.6,45.3,Moderate,29.34,Medium,249.39,20.83,0
B04,Hostel,Dormitory,60000,6,2025-10-05 23:00:00,23,6,10,1,29.3,60.1,31.7,Low,49.8,53.3,Hot,34.14,High,290.19,24.24,0
B01,Academic Block,Classroom,45000,4,2025-10-05 23:00:00,23,6,10,1,27.4,67.2,7.2,Low,28.3,32.1,Moderate,15.52,Low,131.92,11.02,0
B04,Hostel,Dormitory,60000,6,2025-10-06 01:00:00,1,0,10,0,25.1,66.6,8.9,Low,30.6,37.4,Moderate,33.06,High,281.01,23.47,0
B05,Administration,Office,18000,3,2025-10-06 02:00:00,2,0,10,0,26.7,68.6,17.4,Low,36.4,44.8,Moderate,20.46,Low,173.91,14.53,0
B03,Library,Library,22000,3,2025-10-06 04:00:00,4,0,10,0,24.5,64.8,11.8,Low,23.7,38.2,Moderate,14.2,Low,120.7,10.08,0
B04,Hostel,Dormitory,60000,6,2025-10-06 05:00:00,5,0,10,0,25.7,54.4,0.0,Low,20.6,32.4,Moderate,26.51,Medium,225.34,18.82,0
B06,Research Lab,Laboratory,35000,4,2025-10-06 06:00:00,6,0,10,0,22.4,65.8,9.5,Low,36.2,51.6,Cool,30.1,Medium,255.85,21.37,0
B06,Research Lab,Laboratory,35000,4,2025-10-06 07:00:00,7,0,10,0,22.4,60.4,15.7,Low,28.6,23.3,Cool,29.23,Medium,248.46,20.75,0
B03,Library,Library,22000,3,2025-10-06 07:00:00,7,0,10,0,24.8,61.9,13.3,Low,30.0,15.7,Moderate,15.69,Low,133.36,11.14,0
B06,Research Lab,Laboratory,35000,4,2025-10-06 08:00:00,8,0,10,0,23.6,66.7,51.7,Medium,48.2,54.5,Cool,35.86,High,304.81,25.46,0
B05,Administration,Office,18000,3,2025-10-06 11:00:00,11,0,10,0,25.6,71.5,57.5,Medium,57.1,61.3,Moderate,25.16,Medium,213.86,17.86,0
B03,Library,Library,22000,3,2025-10-06 11:00:00,11,0,10,0,22.9,71.3,41.3,Medium,45.1,41.5,Cool,19.68,Low,167.28,13.97,0
B02,Computer Lab,Laboratory,28000,3,2025-10-06 11:00:00,11,0,10,0,24.8,66.6,62.6,Medium,38.7,65.7,Moderate,27.44,Medium,233.24,19.48,0
B06,Research Lab,Laboratory,35000,4,2025-10-06 13:00:00,13,0,10,0,25.9,73.0,63.2,Medium,49.3,71.4,Moderate,39.2,High,333.2,27.83,0
B03,Library,Library,22000,3,2025-10-06 14:00:00,14,0,10,0,23.3,66.7,54.0,Medium,39.6,54.3,Cool,25.57,Medium,217.34,18.15,0
B02,Computer Lab,Laboratory,28000,3,2025-10-06 15:00:00,15,0,10,0,26.1,65.5,56.3,Medium,58.5,60.9,Moderate,27.42,Medium,233.07,19.47,0
B01,Academic Block,Classroom,45000,4,2025-10-06 18:00:00,18,0,10,0,24.3,62.9,59.0,Medium,49.1,63.9,Moderate,34.35,High,291.98,24.39,0
B06,Research Lab,Laboratory,35000,4,2025-10-06 21:00:00,21,0,10,0,29.7,53.8,14.3,Low,31.1,47.8,Hot,31.52,High,267.92,22.38,0
B04,Hostel,Dormitory,60000,6,2025-10-06 23:00:00,23,0,10,0,25.0,68.9,20.5,Low,21.5,54.9,Moderate,28.64,Medium,243.44,20.33,0
B04,Hostel,Dormitory,60000,6,2025-10-07 04:00:00,4,1,10,0,24.2,54.7,17.4,Low,39.8,50.7,Moderate,32.97,High,280.24,23.41,0
B04,Hostel,Dormitory,60000,6,2025-10-07 05:00:00,5,1,10,0,24.1,59.2,16.1,Low,29.3,42.3,Moderate,34.67,High,294.7,24.62,0
B01,Academic Block,Classroom,45000,4,2025-10-07 06:00:00,6,1,10,0,22.3,68.4,20.2,Low,27.4,39.0,Cool,19.64,Low,166.94,13.94,0
B06,Research Lab,Laboratory,35000,4,2025-10-07 06:00:00,6,1,10,0,26.6,57.8,12.4,Low,30.6,45.2,Moderate,19.01,Low,161.58,13.5,0
B04,Hostel,Dormitory,60000,6,2025-10-07 08:00:00,8,1,10,0,22.5,67.1,47.4,Medium,32.5,49.4,Cool,30.87,Medium,262.4,21.92,0
B06,Research Lab,Laboratory,35000,4,2025-10-07 08:00:00,8,1,10,0,23.1,67.6,61.8,Medium,43.8,53.2,Cool,24.86,Medium,211.31,17.65,0
B04,Hostel,Dormitory,60000,6,2025-10-07 09:00:00,9,1,10,0,22.6,63.0,56.5,Medium,45.7,56.3,Cool,31.39,High,266.82,22.29,0
B06,Research Lab,Laboratory,35000,4,2025-10-07 11:00:00,11,1,10,0,23.1,66.9,50.7,Medium,39.6,52.4,Cool,33.55,High,285.17,23.82,0
B04,Hostel,Dormitory,60000,6,2025-10-07 11:00:00,11,1,10,0,23.9,66.2,50.5,Medium,47.4,54.4,Cool,32.32,High,274.72,22.95,0
B01,Academic Block,Classroom,45000,4,2025-10-07 12:00:00,12,1,10,0,25.6,56.5,68.5,Medium,54.6,71.9,Moderate,32.55,High,276.67,23.11,0
B01,Academic Block,Classroom,45000,4,2025-10-07 14:00:00,14,1,10,0,25.8,68.2,70.0,Medium,56.8,63.5,Moderate,35.27,High,299.8,25.04,0
B01,Academic Block,Classroom,45000,4,2025-10-07 15:00:00,15,1,10,0,24.9,50.9,64.1,Medium,48.8,52.8,Moderate,34.77,High,295.54,24.69,0
B05,Administration,Office,18000,3,2025-10-07 17:00:00,17,1,10,0,26.9,76.6,67.1,Medium,51.3,63.3,Moderate,27.24,Medium,231.54,19.34,0
B02,Computer Lab,Laboratory,28000,3,2025-10-07 19:00:00,19,1,10,0,25.4,68.4,5.3,Low,21.1,43.0,Moderate,13.74,Low,116.79,9.76,0
B03,Library,Library,22000,3,2025-10-07 20:00:00,20,1,10,0,29.3,68.7,26.1,Low,48.2,61.3,Hot,24.35,Low,206.98,17.29,0
B03,Library,Library,22000,3,2025-10-07 20:00:00,20,1,10,0,26.8,68.2,7.6,Low,32.8,37.7,Moderate,21.09,Low,179.26,14.97,0
B04,Hostel,Dormitory,60000,6,2025-10-07 22:00:00,22,1,10,0,26.6,63.4,34.9,Low,39.0,64.1,Moderate,59.84,High,508.64,42.49,1
B01,Academic Block,Classroom,45000,4,2025-10-07 22:00:00,22,1,10,0,24.3,60.2,8.1,Low,20.2,35.6,Moderate,23.63,Low,200.86,16.78,0
B06,Research Lab,Laboratory,35000,4,2025-10-08 01:00:00,1,2,10,0,25.2,64.7,12.7,Low,37.8,44.6,Moderate,23.29,Low,197.96,16.54,0
B04,Hostel,Dormitory,60000,6,2025-10-08 03:00:00,3,2,10,0,27.4,68.9,4.4,Low,31.2,24.1,Moderate,29.1,Medium,247.35,20.66,0
B02,Computer Lab,Laboratory,28000,3,2025-10-08 04:00:00,4,2,10,0,25.4,58.9,19.5,Low,44.2,48.0,Moderate,27.4,Medium,232.9,19.45,0
B01,Academic Block,Classroom,45000,4,2025-10-08 04:00:00,4,2,10,0,26.1,65.2,6.3,Low,17.2,41.3,Moderate,26.9,Medium,228.65,19.1,0
B04,Hostel,Dormitory,60000,6,2025-10-08 04:00:00,4,2,10,0,24.6,52.6,12.6,Low,31.0,42.2,Moderate,27.35,Medium,232.48,19.42,0
B01,Academic Block,Classroom,45000,4,2025-10-08 08:00:00,8,2,10,0,19.5,63.7,66.2,Medium,35.0,57.6,Cool,27.32,Medium,232.22,19.4,0
B06,Research Lab,Laboratory,35000,4,2025-10-08 08:00:00,8,2,10,0,23.5,60.2,53.9,Medium,37.2,55.8,Cool,35.33,High,300.3,25.08,0
B03,Library,Library,22000,3,2025-10-08 09:00:00,9,2,10,0,23.8,77.7,37.1,Medium,34.6,51.9,Cool,20.21,Low,171.78,14.35,0
B02,Computer Lab,Laboratory,28000,3,2025-10-08 11:00:00,11,2,10,0,25.4,55.3,66.2,Medium,53.0,60.5,Moderate,47.23,High,401.46,33.53,1
B03,Library,Library,22000,3,2025-10-08 12:00:00,12,2,10,0,24.4,68.3,55.9,Medium,45.5,53.4,Moderate,43.64,High,370.94,30.98,1
B02,Computer Lab,Laboratory,28000,3,2025-10-08 12:00:00,12,2,10,0,23.3,77.5,46.6,Medium,35.4,48.7,Cool,26.52,Medium,225.42,18.83,0
B01,Academic Block,Classroom,45000,4,2025-10-08 12:00:00,12,2,10,0,24.3,72.6,53.2,Medium,38.7,63.2,Moderate,35.94,High,305.49,25.52,0
B04,Hostel,Dormitory,60000,6,2025-10-08 13:00:00,13,2,10,0,24.4,76.1,48.7,Medium,31.1,44.9,Moderate,51.1,High,434.35,36.28,1
B03,Library,Library,22000,3,2025-10-08 13:00:00,13,2,10,0,25.7,76.1,54.3,Medium,42.0,51.9,Moderate,26.68,Medium,226.78,18.94,0
B04,Hostel,Dormitory,60000,6,2025-10-08 13:00:00,13,2,10,0,24.8,65.6,49.5,Medium,37.9,55.5,Moderate,32.89,High,279.56,23.35,0
B04,Hostel,Dormitory,60000,6,2025-10-08 14:00:00,14,2,10,0,23.9,69.2,61.1,Medium,51.9,54.6,Cool,43.22,High,367.37,30.69,0
B02,Computer Lab,Laboratory,28000,3,2025-10-08 14:00:00,14,2,10,0,26.3,65.3,47.1,Medium,41.8,46.0,Moderate,24.62,Medium,209.27,17.48,0
B06,Research Lab,Laboratory,35000,4,2025-10-08 15:00:00,15,2,10,0,24.8,68.5,60.3,Medium,43.8,69.1,Moderate,33.97,High,288.74,24.12,0
B04,Hostel,Dormitory,60000,6,2025-10-08 19:00:00,19,2,10,0,26.9,66.4,36.5,Medium,42.9,71.1,Moderate,26.96,Medium,229.16,19.14,0
B04,Hostel,Dormitory,60000,6,2025-10-08 20:00:00,20,2,10,0,26.7,75.7,36.4,Medium,49.4,65.3,Moderate,34.36,High,292.06,24.4,0
B03,Library,Library,22000,3,2025-10-08 22:00:00,22,2,10,0,27.5,65.0,18.3,Low,44.4,50.4,Moderate,23.53,Low,200.0,16.71,0
B05,Administration,Office,18000,3,2025-10-08 22:00:00,22,2,10,0,25.1,58.2,12.8,Low,44.4,41.7,Moderate,13.6,Low,115.6,9.66,0
B03,Library,Library,22000,3,2025-10-09 00:00:00,0,3,10,0,26.4,68.1,13.7,Low,24.3,45.3,Moderate,17.05,Low,144.93,12.11,0
B01,Academic Block,Classroom,45000,4,2025-10-09 02:00:00,2,3,10,0,27.0,68.5,9.7,Low,33.4,38.5,Moderate,35.26,High,299.71,25.03,0
B04,Hostel,Dormitory,60000,6,2025-10-09 03:00:00,3,3,10,0,25.0,59.2,1.4,Low,25.3,43.6,Moderate,24.39,Low,207.32,17.32,0
B05,Administration,Office,18000,3,2025-10-09 04:00:00,4,3,10,0,23.4,60.2,14.3,Low,16.6,46.5,Cool,17.16,Low,145.86,12.18,0
B01,Academic Block,Classroom,45000,4,2025-10-09 05:00:00,5,3,10,0,23.4,72.9,9.2,Low,18.7,41.1,Cool,16.83,Low,143.05,11.95,0
B04,Hostel,Dormitory,60000,6,2025-10-09 07:00:00,7,3,10,0,23.9,62.1,6.8,Low,31.3,20.4,Cool,24.08,Low,204.68,17.1,0
B03,Library,Library,22000,3,2025-10-09 08:00:00,8,3,10,0,24.2,62.7,57.5,Medium,47.2,54.9,Moderate,26.16,Medium,222.36,18.57,0
B06,Research Lab,Laboratory,35000,4,2025-10-09 08:00:00,8,3,10,0,25.6,61.3,62.0,Medium,51.3,64.1,Moderate,31.81,High,270.38,22.59,0
B02,Computer Lab,Laboratory,28000,3,2025-10-09 08:00:00,8,3,10,0,20.9,70.0,53.9,Medium,41.5,54.3,Cool,25.26,Medium,214.71,17.93,0
B04,Hostel,Dormitory,60000,6,2025-10-09 11:00:00,11,3,10,0,24.3,73.3,52.8,Medium,32.5,69.1,Moderate,33.18,High,282.03,23.56,0
B04,Hostel,Dormitory,60000,6,2025-10-09 12:00:00,12,3,10,0,24.6,70.0,50.4,Medium,35.7,50.6,Moderate,37.8,High,321.3,26.84,0
B02,Computer Lab,Laboratory,28000,3,2025-10-09 14:00:00,14,3,10,0,25.3,61.5,60.1,Medium,43.8,64.3,Moderate,28.78,Medium,244.63,20.43,0
B02,Computer Lab,Laboratory,28000,3,2025-10-09 17:00:00,17,3,10,0,27.3,72.5,67.6,Medium,58.2,74.9,Moderate,35.03,High,297.76,24.87,0
B05,Administration,Office,18000,3,2025-10-09 18:00:00,18,3,10,0,26.7,69.7,65.8,Medium,52.3,50.4,Moderate,19.09,Low,162.26,13.55,0
B01,Academic Block,Classroom,45000,4,2025-10-09 19:00:00,19,3,10,0,25.8,71.3,14.6,Low,37.4,43.8,Moderate,22.81,Low,193.88,16.2,0
B02,Computer Lab,Laboratory,28000,3,2025-10-09 20:00:00,20,3,10,0,27.7,69.6,5.8,Low,44.0,47.0,Moderate,33.86,High,287.81,24.04,1
B04,Hostel,Dormitory,60000,6,2025-10-09 20:00:00,20,3,10,0,28.3,58.8,26.8,Low,31.2,43.9,Moderate,29.83,Medium,253.55,21.18,0
B02,Computer Lab,Laboratory,28000,3,2025-10-09 20:00:00,20,3,10,0,27.3,56.7,15.4,Low,34.2,52.5,Moderate,24.24,Low,206.04,17.21,0
B01,Academic Block,Classroom,45000,4,2025-10-09 21:00:00,21,3,10,0,28.9,59.5,0.9,Low,32.0,37.3,Moderate,23.18,Low,197.03,16.46,0
B03,Library,Library,22000,3,2025-10-09 22:00:00,22,3,10,0,26.7,70.6,9.5,Low,26.8,49.8,Moderate,21.15,Low,179.77,15.02,0
B01,Academic Block,Classroom,45000,4,2025-10-09 23:00:00,23,3,10,0,27.5,54.7,6.7,Low,34.9,38.5,Moderate,28.06,Medium,238.51,19.92,0
B01,Academic Block,Classroom,45000,4,2025-10-10 00:00:00,0,4,10,0,23.9,56.7,11.0,Low,44.4,44.6,Cool,22.71,Low,193.04,16.12,0
B01,Academic Block,Classroom,45000,4,2025-10-10 05:00:00,5,4,10,0,27.2,50.5,10.5,Low,27.3,37.0,Moderate,27.73,Medium,235.7,19.69,0
B01,Academic Block,Classroom,45000,4,2025-10-10 05:00:00,5,4,10,0,23.5,57.4,12.9,Low,30.8,43.5,Cool,21.08,Low,179.18,14.97,0
B04,Hostel,Dormitory,60000,6,2025-10-10 06:00:00,6,4,10,0,22.8,61.2,15.3,Low,20.5,42.6,Cool,29.19,Medium,248.12,20.72,0
B02,Computer Lab,Laboratory,28000,3,2025-10-10 07:00:00,7,4,10,0,22.9,67.6,18.8,Low,17.4,26.2,Cool,16.34,Low,138.89,11.6,0
B04,Hostel,Dormitory,60000,6,2025-10-10 13:00:00,13,4,10,0,23.3,58.3,58.3,Medium,39.1,59.5,Cool,34.43,High,292.65,24.45,0
B01,Academic Block,Classroom,45000,4,2025-10-10 15:00:00,15,4,10,0,24.0,70.4,64.9,Medium,48.0,59.8,Cool,36.28,High,308.38,25.76,0
B04,Hostel,Dormitory,60000,6,2025-10-10 16:00:00,16,4,10,0,26.3,64.3,46.9,Medium,46.5,39.0,Moderate,34.94,High,296.99,24.81,0
B05,Administration,Office,18000,3,2025-10-10 18:00:00,18,4,10,0,27.2,48.9,57.2,Medium,60.0,59.1,Moderate,25.02,Medium,212.67,17.76,0
B04,Hostel,Dormitory,60000,6,2025-10-10 19:00:00,19,4,10,0,27.5,62.9,29.7,Low,42.0,58.4,Moderate,27.06,Medium,230.01,19.21,0
B01,Academic Block,Classroom,45000,4,2025-10-10 19:00:00,19,4,10,0,27.2,64.2,5.1,Low,31.2,42.5,Moderate,23.51,Low,199.84,16.69,0
B02,Computer Lab,Laboratory,28000,3,2025-10-10 22:00:00,22,4,10,0,26.9,76.9,15.3,Low,39.2,46.4,Moderate,24.98,Medium,212.33,17.74,0
B05,Administration,Office,18000,3,2025-10-11 00:00:00,0,5,10,1,24.4,67.2,19.2,Low,32.5,44.0,Moderate,16.45,Low,139.82,11.68,0
B04,Hostel,Dormitory,60000,6,2025-10-11 00:00:00,0,5,10,1,25.5,52.2,1.3,Low,26.6,43.6,Moderate,27.19,Medium,231.12,19.3,0
B04,Hostel,Dormitory,60000,6,2025-10-11 01:00:00,1,5,10,1,26.0,65.8,12.1,Low,30.4,42.4,Moderate,29.41,Medium,249.98,20.88,0
B04,Hostel,Dormitory,60000,6,2025-10-11 01:00:00,1,5,10,1,24.9,66.3,22.9,Low,37.1,47.3,Moderate,31.55,High,268.18,22.4,0
B05,Administration,Office,18000,3,2025-10-11 06:00:00,6,5,10,1,23.9,70.1,1.6,Low,27.1,43.5,Cool,15.31,Low,130.14,10.87,0
B02,Computer Lab,Laboratory,28000,3,2025-10-11 07:00:00,7,5,10,1,23.1,85.0,22.3,Low,28.2,40.2,Cool,27.26,Medium,231.71,19.35,0
B03,Library,Library,22000,3,2025-10-11 08:00:00,8,5,10,1,23.0,62.8,6.0,Low,32.5,5.7,Cool,12.22,Low,103.87,8.68,0
B01,Academic Block,Classroom,45000,4,2025-10-11 12:00:00,12,5,10,1,24.5,60.8,7.7,Low,32.2,16.1,Moderate,27.23,Medium,231.46,19.33,0
B01,Academic Block,Classroom,45000,4,2025-10-11 13:00:00,13,5,10,1,25.4,68.0,16.3,Low,37.6,26.3,Moderate,22.9,Low,194.65,16.26,0
B01,Academic Block,Classroom,45000,4,2025-10-11 15:00:00,15,5,10,1,26.8,76.3,15.6,Low,28.6,28.1,Moderate,25.31,Medium,215.14,17.97,0
B01,Academic Block,Classroom,45000,4,2025-10-11 16:00:00,16,5,10,1,29.2,66.3,11.3,Low,33.8,26.7,Hot,28.76,Medium,244.46,20.42,0
B06,Research Lab,Laboratory,35000,4,2025-10-11 18:00:00,18,5,10,1,28.2,60.0,6.7,Low,42.6,32.6,Moderate,26.89,Medium,228.56,19.09,0
B01,Academic Block,Classroom,45000,4,2025-10-11 19:00:00,19,5,10,1,24.9,72.0,3.3,Low,32.6,32.0,Moderate,22.27,Low,189.3,15.81,0
B05,Administration,Office,18000,3,2025-10-11 20:00:00,20,5,10,1,25.6,77.1,11.5,Low,22.0,44.4,Moderate,17.09,Low,145.26,12.13,0
B06,Research Lab,Laboratory,35000,4,2025-10-11 21:00:00,21,5,10,1,26.7,58.3,10.5,Low,34.1,35.5,Moderate,18.25,Low,155.12,12.96,0
B05,Administration,Office,18000,3,2025-10-12 01:00:00,1,6,10,1,24.5,58.4,6.5,Low,32.5,41.0,Moderate,7.52,Low,63.92,5.34,0
B06,Research Lab,Laboratory,35000,4,2025-10-12 01:00:00,1,6,10,1,26.2,64.4,10.2,Low,25.0,50.9,Moderate,27.4,Medium,232.9,19.45,0
B01,Academic Block,Classroom,45000,4,2025-10-12 02:00:00,2,6,10,1,25.9,66.4,13.8,Low,37.9,31.4,Moderate,22.9,Low,194.65,16.26,0
B02,Computer Lab,Laboratory,28000,3,2025-10-12 02:00:00,2,6,10,1,24.4,75.2,19.5,Low,31.5,42.4,Moderate,20.39,Low,173.32,14.48,0
B04,Hostel,Dormitory,60000,6,2025-10-12 04:00:00,4,6,10,1,25.9,61.0,13.4,Low,40.7,49.0,Moderate,32.03,High,272.26,22.74,0
B01,Academic Block,Classroom,45000,4,2025-10-12 04:00:00,4,6,10,1,26.3,66.8,10.8,Low,30.8,47.1,Moderate,23.52,Low,199.92,16.7,0
B04,Hostel,Dormitory,60000,6,2025-10-12 04:00:00,4,6,10,1,21.4,78.8,6.2,Low,13.5,35.5,Cool,22.33,Low,189.8,15.85,0
B03,Library,Library,22000,3,2025-10-12 05:00:00,5,6,10,1,21.6,69.3,6.8,Low,25.6,44.2,Cool,20.66,Low,175.61,14.67,0
B04,Hostel,Dormitory,60000,6,2025-10-12 06:00:00,6,6,10,1,25.0,62.2,13.5,Low,23.4,51.6,Moderate,33.43,High,284.15,23.74,0
B02,Computer Lab,Laboratory,28000,3,2025-10-12 09:00:00,9,6,10,1,24.5,69.4,13.9,Low,25.9,28.2,Moderate,22.27,Low,189.3,15.81,0
B05,Administration,Office,18000,3,2025-10-12 11:00:00,11,6,10,1,24.5,63.1,10.4,Low,17.2,30.1,Moderate,15.61,Low,132.68,11.08,0
B02,Computer Lab,Laboratory,28000,3,2025-10-12 11:00:00,11,6,10,1,23.7,68.4,18.3,Low,24.6,30.3,Cool,21.86,Low,185.81,15.52,0
B04,Hostel,Dormitory,60000,6,2025-10-12 11:00:00,11,6,10,1,23.5,64.9,12.4,Low,35.1,23.0,Cool,29.31,Medium,249.14,20.81,0
B03,Library,Library,22000,3,2025-10-12 12:00:00,12,6,10,1,24.9,64.1,8.6,Low,29.1,22.9,Moderate,17.97,Low,152.74,12.76,0
B01,Academic Block,Classroom,45000,4,2025-10-12 12:00:00,12,6,10,1,24.4,62.7,7.4,Low,25.5,24.8,Moderate,19.95,Low,169.58,14.16,0
B05,Administration,Office,18000,3,2025-10-12 13:00:00,13,6,10,1,26.6,59.7,6.9,Low,25.4,12.1,Moderate,17.88,Low,151.98,12.69,0
B05,Administration,Office,18000,3,2025-10-12 15:00:00,15,6,10,1,24.6,72.3,15.4,Low,31.3,27.9,Moderate,17.38,Low,147.73,12.34,0
B01,Academic Block,Classroom,45000,4,2025-10-12 15:00:00,15,6,10,1,25.7,65.8,7.7,Low,28.0,20.1,Moderate,24.54,Medium,208.59,17.42,0
B04,Hostel,Dormitory,60000,6,2025-10-12 16:00:00,16,6,10,1,27.4,72.0,12.8,Low,48.5,21.9,Moderate,35.55,High,302.17,25.24,0
B02,Computer Lab,Laboratory,28000,3,2025-10-12 17:00:00,17,6,10,1,26.8,47.8,6.1,Low,30.9,13.9,Moderate,21.28,Low,180.88,15.11,0
B06,Research Lab,Laboratory,35000,4,2025-10-12 17:00:00,17,6,10,1,27.5,59.4,10.8,Low,36.4,13.7,Moderate,25.66,Medium,218.11,18.22,0
B04,Hostel,Dormitory,60000,6,2025-10-12 18:00:00,18,6,10,1,27.8,57.6,11.6,Low,30.7,21.1,Moderate,31.68,High,269.28,22.49,0
B01,Academic Block,Classroom,45000,4,2025-10-12 18:00:00,18,6,10,1,26.2,62.3,28.5,Low,37.4,33.4,Moderate,25.78,Medium,219.13,18.3,0
B06,Research Lab,Laboratory,35000,4,2025-10-12 18:00:00,18,6,10,1,25.3,57.5,2.9,Low,29.7,21.9,Moderate,21.52,Low,182.92,15.28,0
B01,Academic Block,Classroom,45000,4,2025-10-12 21:00:00,21,6,10,1,25.9,53.0,17.7,Low,27.7,53.9,Moderate,25.26,Medium,214.71,17.93,0
B06,Research Lab,Laboratory,35000,4,2025-10-12 21:00:00,21,6,10,1,25.4,69.4,6.6,Low,32.0,35.7,Moderate,28.62,Medium,243.27,20.32,0
B01,Academic Block,Classroom,45000,4,2025-10-12 23:00:00,23,6,10,1,23.7,61.9,21.4,Low,31.3,46.7,Cool,16.16,Low,137.36,11.47,0
B02,Computer Lab,Laboratory,28000,3,2025-10-13 00:00:00,0,0,10,0,27.7,66.7,7.1,Low,19.1,37.5,Moderate,24.44,Medium,207.74,17.35,0
B01,Academic Block,Classroom,45000,4,2025-10-13 01:00:00,1,0,10,0,22.7,58.6,19.3,Low,33.0,55.1,Cool,25.61,Medium,217.68,18.18,0
B02,Computer Lab,Laboratory,28000,3,2025-10-13 03:00:00,3,0,10,0,27.3,51.7,13.6,Low,37.2,41.8,Moderate,22.41,Low,190.48,15.91,0
B03,Library,Library,22000,3,2025-10-13 04:00:00,4,0,10,0,23.2,68.1,2.7,Low,24.5,46.8,Cool,20.04,Low,170.34,14.23,0
B03,Library,Library,22000,3,2025-10-13 06:00:00,6,0,10,0,22.9,71.1,13.4,Low,22.5,45.7,Cool,13.49,Low,114.66,9.58,0
B02,Computer Lab,Laboratory,28000,3,2025-10-13 06:00:00,6,0,10,0,21.0,63.9,15.6,Low,40.3,48.9,Cool,22.84,Low,194.14,16.22,0
B04,Hostel,Dormitory,60000,6,2025-10-13 08:00:00,8,0,10,0,23.6,59.0,55.1,Medium,38.6,54.0,Cool,39.38,High,334.73,27.96,0
B01,Academic Block,Classroom,45000,4,2025-10-13 09:00:00,9,0,10,0,22.7,75.6,64.9,Medium,26.0,71.8,Cool,22.76,Low,193.46,16.16,0
B03,Library,Library,22000,3,2025-10-13 09:00:00,9,0,10,0,23.2,66.0,73.1,High,50.8,72.0,Cool,29.11,Medium,247.44,20.67,0
B01,Academic Block,Classroom,45000,4,2025-10-13 10:00:00,10,0,10,0,22.1,60.3,80.2,High,47.4,72.7,Cool,37.99,High,322.92,26.97,0
B05,Administration,Office,18000,3,2025-10-13 10:00:00,10,0,10,0,24.0,55.3,65.1,Medium,37.7,57.2,Cool,27.34,Medium,232.39,19.41,0
B01,Academic Block,Classroom,45000,4,2025-10-13 11:00:00,11,0,10,0,22.4,62.3,57.4,Medium,39.3,61.5,Cool,30.87,Medium,262.4,21.92,0
B01,Academic Block,Classroom,45000,4,2025-10-13 11:00:00,11,0,10,0,23.7,63.3,59.6,Medium,43.5,56.5,Cool,26.46,Medium,224.91,18.79,0
B03,Library,Library,22000,3,2025-10-13 12:00:00,12,0,10,0,24.7,70.6,53.0,Medium,38.9,53.9,Moderate,26.53,Medium,225.5,18.84,0
B06,Research Lab,Laboratory,35000,4,2025-10-13 14:00:00,14,0,10,0,27.2,63.1,58.1,Medium,50.4,53.9,Moderate,30.01,Medium,255.08,21.31,0
B01,Academic Block,Classroom,45000,4,2025-10-13 14:00:00,14,0,10,0,26.2,63.1,60.8,Medium,51.0,56.0,Moderate,30.5,Medium,259.25,21.65,0
B03,Library,Library,22000,3,2025-10-13 15:00:00,15,0,10,0,25.7,58.0,51.1,Medium,44.3,50.3,Moderate,23.59,Low,200.52,16.75,0
B06,Research Lab,Laboratory,35000,4,2025-10-13 16:00:00,16,0,10,0,26.0,73.9,44.9,Medium,37.4,48.4,Moderate,24.61,Medium,209.18,17.47,0
B04,Hostel,Dormitory,60000,6,2025-10-13 16:00:00,16,0,10,0,26.5,70.6,35.9,Medium,43.5,36.0,Moderate,37.59,High,319.52,26.69,0
B04,Hostel,Dormitory,60000,6,2025-10-13 16:00:00,16,0,10,0,27.2,69.5,51.1,Medium,37.5,52.1,Moderate,34.71,High,295.04,24.64,0
B01,Academic Block,Classroom,45000,4,2025-10-13 17:00:00,17,0,10,0,25.3,64.3,77.7,High,55.6,69.7,Moderate,33.27,High,282.8,23.62,0
B03,Library,Library,22000,3,2025-10-13 18:00:00,18,0,10,0,28.1,65.3,44.0,Medium,48.2,47.4,Moderate,22.33,Low,189.8,15.85,0
B01,Academic Block,Classroom,45000,4,2025-10-13 19:00:00,19,0,10,0,25.6,46.5,10.5,Low,28.9,47.5,Moderate,21.17,Low,179.95,15.03,0
B03,Library,Library,22000,3,2025-10-13 20:00:00,20,0,10,0,27.7,64.3,11.9,Low,31.4,45.0,Moderate,21.68,Low,184.28,15.39,0
B03,Library,Library,22000,3,2025-10-13 21:00:00,21,0,10,0,27.8,76.2,14.6,Low,28.2,42.9,Moderate,21.64,Low,183.94,15.36,0
B05,Administration,Office,18000,3,2025-10-13 22:00:00,22,0,10,0,25.8,60.3,8.4,Low,26.6,41.1,Moderate,27.04,Medium,229.84,19.2,0
B01,Academic Block,Classroom,45000,4,2025-10-13 22:00:00,22,0,10,0,24.5,58.5,4.3,Low,21.1,41.2,Moderate,20.69,Low,175.86,14.69,0
B06,Research Lab,Laboratory,35000,4,2025-10-13 22:00:00,22,0,10,0,26.4,62.9,16.5,Low,27.6,50.9,Moderate,24.17,Low,205.45,17.16,0
B06,Research Lab,Laboratory,35000,4,2025-10-14 00:00:00,0,1,10,0,22.0,61.4,0.0,Low,12.8,36.0,Cool,25.28,Medium,214.88,17.95,0
B03,Library,Library,22000,3,2025-10-14 02:00:00,2,1,10,0,24.7,58.8,14.7,Low,37.9,55.0,Moderate,22.86,Low,194.31,16.23,0
B03,Library,Library,22000,3,2025-10-14 03:00:00,3,1,10,0,22.6,68.8,6.4,Low,27.9,35.4,Cool,16.04,Low,136.34,11.39,0
B01,Academic Block,Classroom,45000,4,2025-10-14 05:00:00,5,1,10,0,28.2,68.2,13.7,Low,50.6,47.9,Moderate,28.57,Medium,242.84,20.28,0
B05,Administration,Office,18000,3,2025-10-14 05:00:00,5,1,10,0,25.1,66.8,20.1,Low,34.0,49.7,Moderate,24.2,Low,205.7,17.18,0
B01,Academic Block,Classroom,45000,4,2025-10-14 07:00:00,7,1,10,0,23.1,58.5,7.2,Low,28.8,25.5,Cool,29.21,Medium,248.28,20.74,1
B02,Computer Lab,Laboratory,28000,3,2025-10-14 10:00:00,10,1,10,0,25.2,60.2,56.2,Medium,45.0,57.2,Moderate,26.34,Medium,223.89,18.7,0
B03,Library,Library,22000,3,2025-10-14 11:00:00,11,1,10,0,24.6,67.6,52.0,Medium,52.0,64.4,Moderate,26.69,Medium,226.86,18.95,0
B02,Computer Lab,Laboratory,28000,3,2025-10-14 11:00:00,11,1,10,0,21.8,72.2,74.7,High,45.8,71.5,Cool,28.99,Medium,246.42,20.58,0
B06,Research Lab,Laboratory,35000,4,2025-10-14 13:00:00,13,1,10,0,23.5,64.7,57.9,Medium,48.8,62.1,Cool,29.46,Medium,250.41,20.92,0
B01,Academic Block,Classroom,45000,4,2025-10-14 14:00:00,14,1,10,0,26.5,57.5,65.4,Medium,52.1,63.1,Moderate,36.36,High,309.06,25.82,0
B03,Library,Library,22000,3,2025-10-14 17:00:00,17,1,10,0,24.9,70.5,54.3,Medium,55.3,57.4,Moderate,26.83,Medium,228.05,19.05,0
B04,Hostel,Dormitory,60000,6,2025-10-14 18:00:00,18,1,10,0,27.3,75.8,60.5,Medium,47.8,57.3,Moderate,37.06,High,315.01,26.31,0
B06,Research Lab,Laboratory,35000,4,2025-10-14 19:00:00,19,1,10,0,27.9,70.5,7.5,Low,40.1,42.8,Moderate,23.69,Low,201.36,16.82,0
B01,Academic Block,Classroom,45000,4,2025-10-14 19:00:00,19,1,10,0,26.5,77.7,17.6,Low,33.6,38.4,Moderate,25.84,Medium,219.64,18.35,0
B01,Academic Block,Classroom,45000,4,2025-10-14 22:00:00,22,1,10,0,26.9,59.1,6.7,Low,26.1,37.3,Moderate,27.04,Medium,229.84,19.2,0
B01,Academic Block,Classroom,45000,4,2025-10-15 02:00:00,2,2,10,0,26.1,71.3,6.2,Low,29.2,36.2,Moderate,18.3,Low,155.55,12.99,0
B04,Hostel,Dormitory,60000,6,2025-10-15 03:00:00,3,2,10,0,25.5,73.6,14.6,Low,17.9,55.5,Moderate,25.06,Medium,213.01,17.79,0
B05,Administration,Office,18000,3,2025-10-15 07:00:00,7,2,10,0,23.6,62.7,20.5,Low,35.7,26.7,Cool,19.96,Low,169.66,14.17,0
B01,Academic Block,Classroom,45000,4,2025-10-15 07:00:00,7,2,10,0,22.9,60.9,9.3,Low,28.9,19.6,Cool,19.85,Low,168.73,14.09,0
B01,Academic Block,Classroom,45000,4,2025-10-15 07:00:00,7,2,10,0,23.8,59.2,9.3,Low,37.9,18.2,Cool,19.8,Low,168.3,14.06,0
B02,Computer Lab,Laboratory,28000,3,2025-10-15 09:00:00,9,2,10,0,19.9,68.4,63.2,Medium,36.3,64.5,Cool,26.6,Medium,226.1,18.89,0
B02,Computer Lab,Laboratory,28000,3,2025-10-15 09:00:00,9,2,10,0,25.2,54.3,58.7,Medium,41.8,57.4,Moderate,31.5,High,267.75,22.36,0
B03,Library,Library,22000,3,2025-10-15 10:00:00,10,2,10,0,22.9,78.5,59.7,Medium,34.9,57.5,Cool,26.31,Medium,223.64,18.68,0
B01,Academic Block,Classroom,45000,4,2025-10-15 12:00:00,12,2,10,0,22.8,57.8,55.2,Medium,43.0,67.1,Cool,31.34,High,266.39,22.25,0
B01,Academic Block,Classroom,45000,4,2025-10-15 12:00:00,12,2,10,0,24.8,68.1,59.3,Medium,43.3,60.2,Moderate,28.53,Medium,242.5,20.26,0
B06,Research Lab,Laboratory,35000,4,2025-10-15 15:00:00,15,2,10,0,26.2,48.2,58.4,Medium,43.0,62.2,Moderate,28.66,Medium,243.61,20.35,0
B02,Computer Lab,Laboratory,28000,3,2025-10-15 17:00:00,17,2,10,0,24.8,79.5,62.0,Medium,49.1,63.5,Moderate,28.04,Medium,238.34,19.91,0
B02,Computer Lab,Laboratory,28000,3,2025-10-15 17:00:00,17,2,10,0,26.4,72.6,57.9,Medium,54.8,54.2,Moderate,27.14,Medium,230.69,19.27,0
B01,Academic Block,Classroom,45000,4,2025-10-15 17:00:00,17,2,10,0,26.3,52.8,67.2,Medium,51.9,62.5,Moderate,30.72,Medium,261.12,21.81,0
B04,Hostel,Dormitory,60000,6,2025-10-15 19:00:00,19,2,10,0,26.8,65.7,36.2,Medium,38.4,56.5,Moderate,33.96,High,288.66,24.11,0
B02,Computer Lab,Laboratory,28000,3,2025-10-15 20:00:00,20,2,10,0,29.3,59.9,3.3,Low,41.3,31.3,Hot,27.1,Medium,230.35,19.24,0
B06,Research Lab,Laboratory,35000,4,2025-10-15 23:00:00,23,2,10,0,26.3,65.0,16.2,Low,31.9,47.3,Moderate,25.96,Medium,220.66,18.43,0
B06,Research Lab,Laboratory,35000,4,2025-10-16 05:00:00,5,3,10,0,23.2,70.9,19.4,Low,27.3,50.1,Cool,24.79,Medium,210.72,17.6,0
B04,Hostel,Dormitory,60000,6,2025-10-16 14:00:00,14,3,10,0,23.8,60.4,48.6,Medium,43.3,50.8,Cool,40.45,High,343.83,28.72,0
B06,Research Lab,Laboratory,35000,4,2025-10-16 15:00:00,15,3,10,0,24.1,65.3,52.8,Medium,38.1,56.5,Moderate,17.64,Low,149.94,12.52,0
B01,Academic Block,Classroom,45000,4,2025-10-16 15:00:00,15,3,10,0,25.9,51.6,72.8,High,58.6,68.8,Moderate,35.73,High,303.7,25.37,0
B04,Hostel,Dormitory,60000,6,2025-10-16 16:00:00,16,3,10,0,25.1,65.5,63.0,Medium,42.1,68.4,Moderate,38.57,High,327.84,27.38,0
B06,Research Lab,Laboratory,35000,4,2025-10-16 17:00:00,17,3,10,0,25.9,49.9,59.8,Medium,44.3,57.3,Moderate,33.27,High,282.8,23.62,0
B01,Academic Block,Classroom,45000,4,2025-10-16 17:00:00,17,3,10,0,26.5,72.9,60.4,Medium,42.3,65.2,Moderate,34.0,High,289.0,24.14,0
B04,Hostel,Dormitory,60000,6,2025-10-16 18:00:00,18,3,10,0,26.6,53.5,51.0,Medium,51.3,57.0,Moderate,32.24,High,274.04,22.89,0
B01,Academic Block,Classroom,45000,4,2025-10-16 19:00:00,19,3,10,0,26.9,65.5,6.2,Low,39.1,26.8,Moderate,26.95,Medium,229.08,19.13,0
B06,Research Lab,Laboratory,35000,4,2025-10-16 20:00:00,20,3,10,0,27.0,69.2,17.0,Low,34.0,40.2,Moderate,27.35,Medium,232.48,19.42,0
B04,Hostel,Dormitory,60000,6,2025-10-16 23:00:00,23,3,10,0,27.1,76.4,31.6,Low,42.9,50.1,Moderate,32.27,High,274.3,22.91,0
B03,Library,Library,22000,3,2025-10-17 00:00:00,0,4,10,0,29.7,73.7,5.5,Low,38.0,40.6,Hot,23.07,Low,196.1,16.38,0
B05,Administration,Office,18000,3,2025-10-17 04:00:00,4,4,10,0,25.6,74.3,13.4,Low,33.0,39.6,Moderate,18.21,Low,154.78,12.93,0
B02,Computer Lab,Laboratory,28000,3,2025-10-17 04:00:00,4,4,10,0,23.2,66.3,7.4,Low,17.8,45.8,Cool,17.79,Low,151.22,12.63,0
B02,Computer Lab,Laboratory,28000,3,2025-10-17 06:00:00,6,4,10,0,24.8,73.0,2.8,Low,22.1,31.6,Moderate,13.29,Low,112.96,9.44,0
B01,Academic Block,Classroom,45000,4,2025-10-17 09:00:00,9,4,10,0,21.2,70.0,71.9,High,49.7,69.8,Cool,27.69,Medium,235.36,19.66,0
B04,Hostel,Dormitory,60000,6,2025-10-17 11:00:00,11,4,10,0,22.5,69.5,53.1,Medium,46.8,49.8,Cool,32.7,High,277.95,23.22,0
B02,Computer Lab,Laboratory,28000,3,2025-10-17 16:00:00,16,4,10,0,26.8,59.2,55.5,Medium,53.8,59.5,Moderate,31.78,High,270.13,22.56,0
B02,Computer Lab,Laboratory,28000,3,2025-10-17 17:00:00,17,4,10,0,27.1,75.5,67.7,Medium,53.0,64.2,Moderate,26.77,Medium,227.54,19.01,0
B04,Hostel,Dormitory,60000,6,2025-10-17 17:00:00,17,4,10,0,27.0,57.8,45.8,Medium,49.8,47.1,Moderate,36.85,High,313.23,26.16,0
B01,Academic Block,Classroom,45000,4,2025-10-17 18:00:00,18,4,10,0,25.6,57.0,63.6,Medium,39.5,59.3,Moderate,31.23,High,265.46,22.17,0
B01,Academic Block,Classroom,45000,4,2025-10-17 19:00:00,19,4,10,0,25.8,67.2,14.6,Low,19.8,40.4,Moderate,29.98,Medium,254.83,21.29,0
B03,Library,Library,22000,3,2025-10-17 20:00:00,20,4,10,0,26.9,50.9,18.1,Low,26.9,50.4,Moderate,20.77,Low,176.54,14.75,0
B04,Hostel,Dormitory,60000,6,2025-10-17 21:00:00,21,4,10,0,26.3,64.8,34.7,Low,56.8,57.6,Moderate,28.15,Medium,239.27,19.99,0
B01,Academic Block,Classroom,45000,4,2025-10-17 22:00:00,22,4,10,0,27.8,74.2,8.1,Low,45.7,53.0,Moderate,30.38,Medium,258.23,21.57,0
B04,Hostel,Dormitory,60000,6,2025-10-17 23:00:00,23,4,10,0,25.7,67.3,30.3,Low,27.7,65.7,Moderate,29.15,Medium,247.77,20.7,0
B06,Research Lab,Laboratory,35000,4,2025-10-17 23:00:00,23,4,10,0,25.7,64.7,7.5,Low,27.9,39.3,Moderate,20.63,Low,175.36,14.65,0
B05,Administration,Office,18000,3,2025-10-18 01:00:00,1,5,10,1,22.7,61.0,9.7,Low,22.1,40.2,Cool,15.31,Low,130.14,10.87,0
B03,Library,Library,22000,3,2025-10-18 01:00:00,1,5,10,1,26.5,53.3,10.2,Low,39.4,41.7,Moderate,21.32,Low,181.22,15.14,0
B01,Academic Block,Classroom,45000,4,2025-10-18 01:00:00,1,5,10,1,25.6,70.6,14.9,Low,35.6,53.7,Moderate,24.1,Low,204.85,17.11,0
B06,Research Lab,Laboratory,35000,4,2025-10-18 02:00:00,2,5,10,1,21.2,68.2,7.2,Low,20.3,50.9,Cool,23.66,Low,201.11,16.8,0
B02,Computer Lab,Laboratory,28000,3,2025-10-18 06:00:00,6,5,10,1,23.6,70.5,18.7,Low,32.8,39.2,Cool,20.04,Low,170.34,14.23,0
B02,Computer Lab,Laboratory,28000,3,2025-10-18 07:00:00,7,5,10,1,22.1,52.0,11.8,Low,28.9,30.5,Cool,17.66,Low,150.11,12.54,0
B02,Computer Lab,Laboratory,28000,3,2025-10-18 08:00:00,8,5,10,1,23.8,71.1,6.0,Low,14.2,18.1,Cool,19.78,Low,168.13,14.04,0
B01,Academic Block,Classroom,45000,4,2025-10-18 09:00:00,9,5,10,1,22.6,80.8,14.7,Low,29.4,21.9,Cool,17.13,Low,145.6,12.16,0
B01,Academic Block,Classroom,45000,4,2025-10-18 10:00:00,10,5,10,1,21.7,77.0,11.2,Low,23.8,29.0,Cool,19.49,Low,165.66,13.84,0
B06,Research Lab,Laboratory,35000,4,2025-10-18 10:00:00,10,5,10,1,25.5,66.7,8.8,Low,22.5,22.0,Moderate,21.42,Low,182.07,15.21,0
B06,Research Lab,Laboratory,35000,4,2025-10-18 13:00:00,13,5,10,1,26.5,56.5,21.9,Low,32.2,38.3,Moderate,26.77,Medium,227.54,19.01,0
B04,Hostel,Dormitory,60000,6,2025-10-18 14:00:00,14,5,10,1,24.4,66.3,9.8,Low,29.5,27.1,Moderate,40.55,High,344.67,28.79,1
B04,Hostel,Dormitory,60000,6,2025-10-18 15:00:00,15,5,10,1,25.7,65.5,8.8,Low,30.5,23.3,Moderate,27.24,Medium,231.54,19.34,0
B06,Research Lab,Laboratory,35000,4,2025-10-18 15:00:00,15,5,10,1,24.5,61.9,18.7,Low,29.9,37.1,Moderate,20.58,Low,174.93,14.61,0
B06,Research Lab,Laboratory,35000,4,2025-10-18 16:00:00,16,5,10,1,23.1,63.6,15.5,Low,25.6,25.9,Cool,22.08,Low,187.68,15.68,0
B02,Computer Lab,Laboratory,28000,3,2025-10-18 16:00:00,16,5,10,1,27.6,77.6,17.3,Low,36.5,22.5,Moderate,22.73,Low,193.2,16.14,0
B03,Library,Library,22000,3,2025-10-18 18:00:00,18,5,10,1,25.2,58.1,8.1,Low,19.0,30.7,Moderate,17.63,Low,149.85,12.52,0
B06,Research Lab,Laboratory,35000,4,2025-10-18 20:00:00,20,5,10,1,28.6,59.1,13.5,Low,46.9,43.9,Moderate,25.36,Medium,215.56,18.01,0
B06,Research Lab,Laboratory,35000,4,2025-10-18 20:00:00,20,5,10,1,27.7,66.8,2.3,Low,28.9,37.6,Moderate,21.28,Low,180.88,15.11,0
B01,Academic Block,Classroom,45000,4,2025-10-18 21:00:00,21,5,10,1,27.0,78.7,0.0,Low,32.0,32.2,Moderate,18.45,Low,156.82,13.1,0
B01,Academic Block,Classroom,45000,4,2025-10-18 21:00:00,21,5,10,1,26.5,61.7,7.9,Low,40.6,41.4,Moderate,25.08,Medium,213.18,17.81,0
B04,Hostel,Dormitory,60000,6,2025-10-19 00:00:00,0,6,10,1,26.6,51.1,12.3,Low,39.4,45.8,Moderate,29.88,Medium,253.98,21.21,0
B03,Library,Library,22000,3,2025-10-19 03:00:00,3,6,10,1,22.7,51.9,28.8,Low,33.2,51.0,Cool,19.99,Low,169.92,14.19,0
B01,Academic Block,Classroom,45000,4,2025-10-19 05:00:00,5,6,10,1,25.2,82.5,20.7,Low,32.3,45.1,Moderate,45.79,High,389.22,32.51,1
B01,Academic Block,Classroom,45000,4,2025-10-19 05:00:00,5,6,10,1,23.4,52.9,4.3,Low,23.9,33.8,Cool,20.12,Low,171.02,14.29,0
B06,Research Lab,Laboratory,35000,4,2025-10-19 05:00:00,5,6,10,1,25.4,65.2,18.1,Low,22.7,47.9,Moderate,22.71,Low,193.04,16.12,0
B01,Academic Block,Classroom,45000,4,2025-10-19 06:00:00,6,6,10,1,22.7,56.3,2.6,Low,14.9,39.1,Cool,22.63,Low,192.36,16.07,0
B03,Library,Library,22000,3,2025-10-19 07:00:00,7,6,10,1,22.9,61.2,22.7,Low,31.0,38.5,Cool,19.14,Low,162.69,13.59,0
B01,Academic Block,Classroom,45000,4,2025-10-19 07:00:00,7,6,10,1,23.0,62.1,8.5,Low,22.5,33.6,Cool,27.0,Medium,229.5,19.17,0
B03,Library,Library,22000,3,2025-10-19 07:00:00,7,6,10,1,23.5,52.5,8.0,Low,16.5,21.9,Cool,14.25,Low,121.12,10.12,0
B01,Academic Block,Classroom,45000,4,2025-10-19 08:00:00,8,6,10,1,25.3,73.3,19.1,Low,34.4,27.1,Moderate,29.3,Medium,249.05,20.8,0
B03,Library,Library,22000,3,2025-10-19 09:00:00,9,6,10,1,22.0,70.4,8.1,Low,27.4,9.2,Cool,14.72,Low,125.12,10.45,0
B01,Academic Block,Classroom,45000,4,2025-10-19 09:00:00,9,6,10,1,22.4,64.1,24.2,Low,36.2,34.4,Cool,26.48,Medium,225.08,18.8,0
B02,Computer Lab,Laboratory,28000,3,2025-10-19 10:00:00,10,6,10,1,22.8,62.7,8.0,Low,27.4,20.1,Cool,18.55,Low,157.68,13.17,0
B04,Hostel,Dormitory,60000,6,2025-10-19 11:00:00,11,6,10,1,19.7,76.9,18.2,Low,22.6,26.9,Cool,30.07,Medium,255.6,21.35,0
B03,Library,Library,22000,3,2025-10-19 11:00:00,11,6,10,1,22.3,67.8,12.8,Low,29.1,21.3,Cool,8.9,Low,75.65,6.32,0
B01,Academic Block,Classroom,45000,4,2025-10-19 13:00:00,13,6,10,1,23.3,81.0,16.8,Low,29.9,24.5,Cool,18.48,Low,157.08,13.12,0
B04,Hostel,Dormitory,60000,6,2025-10-19 13:00:00,13,6,10,1,28.0,59.5,4.9,Low,27.0,20.3,Moderate,25.11,Medium,213.44,17.83,0
B01,Academic Block,Classroom,45000,4,2025-10-19 14:00:00,14,6,10,1,25.0,68.0,0.0,Low,19.6,18.2,Moderate,27.23,Medium,231.46,19.33,0
B02,Computer Lab,Laboratory,28000,3,2025-10-19 14:00:00,14,6,10,1,25.3,56.1,5.4,Low,32.9,18.9,Moderate,24.76,Medium,210.46,17.58,0
B04,Hostel,Dormitory,60000,6,2025-10-19 14:00:00,14,6,10,1,22.4,64.0,9.2,Low,25.8,25.8,Cool,28.73,Medium,244.2,20.4,0
B04,Hostel,Dormitory,60000,6,2025-10-19 14:00:00,14,6,10,1,24.5,72.7,10.6,Low,29.8,29.4,Moderate,27.12,Medium,230.52,19.26,0
B04,Hostel,Dormitory,60000,6,2025-10-19 15:00:00,15,6,10,1,26.5,72.1,8.6,Low,31.5,21.0,Moderate,26.54,Medium,225.59,18.84,0
B02,Computer Lab,Laboratory,28000,3,2025-10-19 15:00:00,15,6,10,1,28.9,74.8,0.0,Low,36.0,21.1,Moderate,20.68,Low,175.78,14.68,0
B01,Academic Block,Classroom,45000,4,2025-10-19 15:00:00,15,6,10,1,24.1,68.8,7.5,Low,23.3,15.9,Moderate,23.24,Low,197.54,16.5,0
B01,Academic Block,Classroom,45000,4,2025-10-19 16:00:00,16,6,10,1,22.8,75.4,12.3,Low,25.0,25.7,Cool,22.34,Low,189.89,15.86,0
B06,Research Lab,Laboratory,35000,4,2025-10-19 16:00:00,16,6,10,1,24.4,69.8,10.3,Low,32.4,20.8,Moderate,26.62,Medium,226.27,18.9,0
B03,Library,Library,22000,3,2025-10-19 17:00:00,17,6,10,1,24.8,62.3,9.4,Low,28.6,24.5,Moderate,18.81,Low,159.88,13.36,0
B01,Academic Block,Classroom,45000,4,2025-10-19 18:00:00,18,6,10,1,25.2,54.2,8.8,Low,24.3,10.8,Moderate,22.38,Low,190.23,15.89,0
B03,Library,Library,22000,3,2025-10-19 19:00:00,19,6,10,1,27.9,61.1,12.4,Low,30.8,50.2,Moderate,17.17,Low,145.95,12.19,0
B04,Hostel,Dormitory,60000,6,2025-10-19 20:00:00,20,6,10,1,27.1,55.3,24.7,Low,38.1,53.3,Moderate,29.98,Medium,254.83,21.29,0
B02,Computer Lab,Laboratory,28000,3,2025-10-19 22:00:00,22,6,10,1,24.6,72.7,10.3,Low,12.8,44.9,Moderate,21.28,Low,180.88,15.11,0
B01,Academic Block,Classroom,45000,4,2025-10-20 00:00:00,0,0,10,0,27.6,70.7,9.1,Low,43.8,37.9,Moderate,26.65,Medium,226.52,18.92,0
B01,Academic Block,Classroom,45000,4,2025-10-20 00:00:00,0,0,10,0,28.3,55.3,3.3,Low,31.5,45.8,Moderate,23.77,Low,202.04,16.88,0
B04,Hostel,Dormitory,60000,6,2025-10-20 00:00:00,0,0,10,0,22.9,74.5,10.7,Low,28.3,44.7,Cool,24.9,Medium,211.65,17.68,0
B01,Academic Block,Classroom,45000,4,2025-10-20 00:00:00,0,0,10,0,27.3,54.9,0.0,Low,33.4,33.1,Moderate,23.81,Low,202.38,16.91,0
B06,Research Lab,Laboratory,35000,4,2025-10-20 03:00:00,3,0,10,0,23.7,76.2,7.2,Low,27.1,29.9,Cool,25.8,Medium,219.3,18.32,0
B01,Academic Block,Classroom,45000,4,2025-10-20 03:00:00,3,0,10,0,22.6,65.8,14.4,Low,17.9,44.1,Cool,18.65,Low,158.52,13.24,0
B04,Hostel,Dormitory,60000,6,2025-10-20 05:00:00,5,0,10,0,20.9,71.5,14.9,Low,18.8,34.6,Cool,27.1,Medium,230.35,19.24,0
B06,Research Lab,Laboratory,35000,4,2025-10-20 05:00:00,5,0,10,0,22.4,77.2,12.1,Low,16.0,44.7,Cool,19.98,Low,169.83,14.19,0
B01,Academic Block,Classroom,45000,4,2025-10-20 05:00:00,5,0,10,0,22.3,71.3,13.6,Low,31.9,48.2,Cool,27.41,Medium,232.98,19.46,0
B04,Hostel,Dormitory,60000,6,2025-10-20 06:00:00,6,0,10,0,23.0,65.7,16.3,Low,18.2,50.8,Cool,36.07,High,306.6,25.61,0
B05,Administration,Office,18000,3,2025-10-20 06:00:00,6,0,10,0,26.0,70.3,12.7,Low,27.7,40.2,Moderate,21.74,Low,184.79,15.44,0
B01,Academic Block,Classroom,45000,4,2025-10-20 07:00:00,7,0,10,0,21.8,60.8,20.2,Low,34.9,27.0,Cool,18.26,Low,155.21,12.96,0
B01,Academic Block,Classroom,45000,4,2025-10-20 07:00:00,7,0,10,0,20.5,55.1,0.0,Low,13.2,14.5,Cool,20.33,Low,172.8,14.43,0
B04,Hostel,Dormitory,60000,6,2025-10-20 09:00:00,9,0,10,0,22.1,75.3,56.8,Medium,41.0,54.9,Cool,37.16,High,315.86,26.38,0
B04,Hostel,Dormitory,60000,6,2025-10-20 09:00:00,9,0,10,0,24.1,56.5,35.8,Medium,40.9,33.6,Moderate,38.23,High,324.96,27.14,0
B03,Library,Library,22000,3,2025-10-20 10:00:00,10,0,10,0,22.4,73.5,50.5,Medium,38.0,49.8,Cool,20.8,Low,176.8,14.77,0
B01,Academic Block,Classroom,45000,4,2025-10-20 10:00:00,10,0,10,0,23.7,67.0,71.7,High,49.1,70.8,Cool,31.82,High,270.47,22.59,0
B05,Administration,Office,18000,3,2025-10-20 10:00:00,10,0,10,0,23.0,66.5,67.0,Medium,48.4,63.0,Cool,20.91,Low,177.74,14.85,0
B02,Computer Lab,Laboratory,28000,3,2025-10-20 11:00:00,11,0,10,0,23.2,59.8,52.0,Medium,51.1,52.8,Cool,24.09,Low,204.76,17.1,0
B01,Academic Block,Classroom,45000,4,2025-10-20 12:00:00,12,0,10,0,25.9,61.1,66.3,Medium,44.6,62.1,Moderate,31.37,High,266.64,22.27,0
B05,Administration,Office,18000,3,2025-10-20 12:00:00,12,0,10,0,22.0,67.5,58.5,Medium,37.8,70.6,Cool,28.76,Medium,244.46,20.42,0
B01,Academic Block,Classroom,45000,4,2025-10-20 12:00:00,12,0,10,0,21.9,68.9,72.5,High,49.2,70.0,Cool,32.4,High,275.4,23.0,0
B01,Academic Block,Classroom,45000,4,2025-10-20 13:00:00,13,0,10,0,22.6,60.6,66.1,Medium,43.0,65.7,Cool,31.04,High,263.84,22.04,0
B04,Hostel,Dormitory,60000,6,2025-10-20 13:00:00,13,0,10,0,24.5,70.6,46.5,Medium,37.4,47.0,Moderate,29.1,Medium,247.35,20.66,0
B03,Library,Library,22000,3,2025-10-20 15:00:00,15,0,10,0,25.1,70.6,57.6,Medium,51.9,60.6,Moderate,26.05,Medium,221.42,18.5,0
B01,Academic Block,Classroom,45000,4,2025-10-20 17:00:00,17,0,10,0,27.0,66.8,70.7,High,40.4,68.5,Moderate,29.95,Medium,254.58,21.26,0
B04,Hostel,Dormitory,60000,6,2025-10-20 18:00:00,18,0,10,0,26.1,61.0,49.6,Medium,51.5,43.5,Moderate,33.77,High,287.04,23.98,0
B05,Administration,Office,18000,3,2025-10-20 20:00:00,20,0,10,0,26.2,70.1,16.6,Low,42.9,54.9,Moderate,25.87,Medium,219.9,18.37,0
B02,Computer Lab,Laboratory,28000,3,2025-10-21 00:00:00,0,1,10,0,25.9,68.6,22.9,Low,33.8,51.6,Moderate,23.15,Low,196.77,16.44,0
B01,Academic Block,Classroom,45000,4,2025-10-21 02:00:00,2,1,10,0,27.0,49.7,0.0,Low,21.1,37.7,Moderate,20.71,Low,176.04,14.7,0
B06,Research Lab,Laboratory,35000,4,2025-10-21 02:00:00,2,1,10,0,22.7,68.3,20.4,Low,29.5,47.1,Cool,26.29,Medium,223.46,18.67,0
B04,Hostel,Dormitory,60000,6,2025-10-21 03:00:00,3,1,10,0,22.5,80.5,22.0,Low,31.5,53.7,Cool,18.72,Low,159.12,13.29,0
B05,Administration,Office,18000,3,2025-10-21 06:00:00,6,1,10,0,22.7,73.6,15.1,Low,16.7,49.7,Cool,13.74,Low,116.79,9.76,0
B01,Academic Block,Classroom,45000,4,2025-10-21 07:00:00,7,1,10,0,25.5,72.7,9.8,Low,30.2,15.0,Moderate,15.64,Low,132.94,11.1,0
B02,Computer Lab,Laboratory,28000,3,2025-10-21 07:00:00,7,1,10,0,20.9,63.4,1.1,Low,32.1,18.4,Cool,18.51,Low,157.34,13.14,0
B03,Library,Library,22000,3,2025-10-21 08:00:00,8,1,10,0,22.4,68.0,55.2,Medium,47.6,55.9,Cool,31.21,High,265.29,22.16,0
B02,Computer Lab,Laboratory,28000,3,2025-10-21 09:00:00,9,1,10,0,21.2,66.8,56.0,Medium,42.7,51.9,Cool,18.57,Low,157.84,13.18,0
B02,Computer Lab,Laboratory,28000,3,2025-10-21 09:00:00,9,1,10,0,23.1,66.5,49.1,Medium,41.6,60.2,Cool,22.18,Low,188.53,15.75,0
B04,Hostel,Dormitory,60000,6,2025-10-21 10:00:00,10,1,10,0,19.6,65.7,46.4,Medium,36.5,45.1,Cool,38.05,High,323.42,27.02,0
B05,Administration,Office,18000,3,2025-10-21 11:00:00,11,1,10,0,21.5,59.2,62.4,Medium,42.7,63.0,Cool,23.49,Low,199.66,16.68,0
B02,Computer Lab,Laboratory,28000,3,2025-10-21 12:00:00,12,1,10,0,25.3,65.2,60.7,Medium,46.6,54.3,Moderate,30.9,High,262.65,21.94,0
B03,Library,Library,22000,3,2025-10-21 12:00:00,12,1,10,0,23.4,60.8,47.7,Medium,40.4,45.3,Cool,22.9,Low,194.65,16.26,0
B02,Computer Lab,Laboratory,28000,3,2025-10-21 13:00:00,13,1,10,0,22.8,70.9,42.1,Medium,26.4,51.9,Cool,25.85,Medium,219.73,18.35,0
B01,Academic Block,Classroom,45000,4,2025-10-21 16:00:00,16,1,10,0,25.4,64.5,64.8,Medium,35.8,61.8,Moderate,28.76,Medium,244.46,20.42,0
B04,Hostel,Dormitory,60000,6,2025-10-21 18:00:00,18,1,10,0,26.1,50.6,44.6,Medium,38.5,55.7,Moderate,22.92,Low,194.82,16.27,0
B02,Computer Lab,Laboratory,28000,3,2025-10-21 21:00:00,21,1,10,0,27.2,72.9,8.9,Low,38.7,39.6,Moderate,23.71,Low,201.54,16.83,0
B06,Research Lab,Laboratory,35000,4,2025-10-21 22:00:00,22,1,10,0,23.0,69.6,0.0,Low,25.4,32.7,Cool,26.33,Medium,223.8,18.69,0
B02,Computer Lab,Laboratory,28000,3,2025-10-21 22:00:00,22,1,10,0,24.6,62.1,9.8,Low,33.2,38.5,Moderate,25.97,Medium,220.74,18.44,0
B02,Computer Lab,Laboratory,28000,3,2025-10-21 23:00:00,23,1,10,0,24.4,63.1,14.6,Low,30.0,43.5,Moderate,24.87,Medium,211.4,17.66,0
B02,Computer Lab,Laboratory,28000,3,2025-10-21 23:00:00,23,1,10,0,26.8,55.0,8.9,Low,39.0,44.8,Moderate,23.55,Low,200.18,16.72,0
B04,Hostel,Dormitory,60000,6,2025-10-22 00:00:00,0,2,10,0,25.3,64.3,12.7,Low,38.4,45.0,Moderate,31.12,High,264.52,22.1,0
B03,Library,Library,22000,3,2025-10-22 00:00:00,0,2,10,0,27.5,67.8,9.9,Low,40.5,40.9,Moderate,22.91,Low,194.74,16.27,0
B05,Administration,Office,18000,3,2025-10-22 01:00:00,1,2,10,0,26.1,76.3,0.0,Low,23.3,38.5,Moderate,10.16,Low,86.36,7.21,0
B03,Library,Library,22000,3,2025-10-22 02:00:00,2,2,10,0,23.8,65.3,12.6,Low,28.0,47.2,Cool,24.58,Medium,208.93,17.45,0
B03,Library,Library,22000,3,2025-10-22 02:00:00,2,2,10,0,24.3,65.9,6.5,Low,23.6,38.5,Moderate,20.34,Low,172.89,14.44,0
B02,Computer Lab,Laboratory,28000,3,2025-10-22 03:00:00,3,2,10,0,25.8,72.7,2.7,Low,36.6,44.6,Moderate,29.21,Medium,248.28,20.74,0
B03,Library,Library,22000,3,2025-10-22 05:00:00,5,2,10,0,25.1,56.8,16.7,Low,38.2,39.8,Moderate,20.44,Low,173.74,14.51,0
B01,Academic Block,Classroom,45000,4,2025-10-22 06:00:00,6,2,10,0,22.5,68.0,13.9,Low,28.5,47.5,Cool,21.88,Low,185.98,15.53,0
B03,Library,Library,22000,3,2025-10-22 07:00:00,7,2,10,0,20.9,63.0,7.7,Low,26.8,20.2,Cool,17.85,Low,151.73,12.67,0
B06,Research Lab,Laboratory,35000,4,2025-10-22 10:00:00,10,2,10,0,19.5,70.3,57.7,Medium,41.9,60.8,Cool,33.52,High,284.92,23.8,0
B01,Academic Block,Classroom,45000,4,2025-10-22 10:00:00,10,2,10,0,19.5,76.0,67.7,Medium,38.1,66.3,Cool,37.29,High,316.96,26.48,0
B05,Administration,Office,18000,3,2025-10-22 10:00:00,10,2,10,0,23.3,54.8,50.8,Medium,46.6,54.4,Cool,21.9,Low,186.15,15.55,0
B03,Library,Library,22000,3,2025-10-22 10:00:00,10,2,10,0,23.3,74.1,46.9,Medium,50.9,41.2,Cool,21.87,Low,185.9,15.53,0
B02,Computer Lab,Laboratory,28000,3,2025-10-22 12:00:00,12,2,10,0,22.3,69.7,51.2,Medium,41.5,54.5,Cool,31.58,High,268.43,22.42,0
B01,Academic Block,Classroom,45000,4,2025-10-22 13:00:00,13,2,10,0,25.8,65.3,70.1,High,50.7,72.8,Moderate,55.37,High,470.64,39.31,1
B02,Computer Lab,Laboratory,28000,3,2025-10-22 13:00:00,13,2,10,0,23.5,75.6,69.8,Medium,42.8,64.3,Cool,28.11,Medium,238.94,19.96,0
B01,Academic Block,Classroom,45000,4,2025-10-22 16:00:00,16,2,10,0,24.5,59.9,70.7,High,47.7,73.0,Moderate,30.29,Medium,257.46,21.51,0
B04,Hostel,Dormitory,60000,6,2025-10-22 17:00:00,17,2,10,0,27.5,53.6,51.8,Medium,40.4,52.1,Moderate,28.48,Medium,242.08,20.22,0
B03,Library,Library,22000,3,2025-10-22 17:00:00,17,2,10,0,27.3,56.0,47.7,Medium,40.7,47.8,Moderate,21.12,Low,179.52,15.0,0
B05,Administration,Office,18000,3,2025-10-22 17:00:00,17,2,10,0,25.7,68.2,67.9,Medium,49.4,63.1,Moderate,26.93,Medium,228.9,19.12,0
B01,Academic Block,Classroom,45000,4,2025-10-22 18:00:00,18,2,10,0,26.9,60.0,64.1,Medium,53.2,58.0,Moderate,54.44,High,462.74,38.65,1
B01,Academic Block,Classroom,45000,4,2025-10-22 19:00:00,19,2,10,0,27.2,57.1,4.9,Low,22.2,39.0,Moderate,24.27,Low,206.3,17.23,0
B06,Research Lab,Laboratory,35000,4,2025-10-22 20:00:00,20,2,10,0,29.6,54.5,17.1,Low,40.8,44.7,Hot,33.38,High,283.73,23.7,0
B02,Computer Lab,Laboratory,28000,3,2025-10-22 20:00:00,20,2,10,0,26.1,65.3,21.3,Low,44.3,48.2,Moderate,33.83,High,287.56,24.02,0
B02,Computer Lab,Laboratory,28000,3,2025-10-22 21:00:00,21,2,10,0,24.5,65.2,17.2,Low,33.1,44.5,Moderate,22.49,Low,191.16,15.97,0
B01,Academic Block,Classroom,45000,4,2025-10-22 21:00:00,21,2,10,0,27.2,53.3,28.6,Low,42.3,58.1,Moderate,23.84,Low,202.64,16.93,0
B04,Hostel,Dormitory,60000,6,2025-10-22 21:00:00,21,2,10,0,26.4,54.2,26.7,Low,39.7,48.7,Moderate,30.98,High,263.33,22.0,0
B04,Hostel,Dormitory,60000,6,2025-10-22 22:00:00,22,2,10,0,26.2,60.4,28.7,Low,28.0,59.5,Moderate,34.75,High,295.38,24.67,0
B05,Administration,Office,18000,3,2025-10-23 00:00:00,0,3,10,0,25.2,71.3,5.8,Low,18.7,41.9,Moderate,24.15,Low,205.27,17.15,0
B06,Research Lab,Laboratory,35000,4,2025-10-23 01:00:00,1,3,10,0,22.4,64.1,5.8,Low,26.3,41.9,Cool,24.17,Low,205.45,17.16,0
B06,Research Lab,Laboratory,35000,4,2025-10-23 01:00:00,1,3,10,0,25.2,54.5,21.8,Low,37.7,46.4,Moderate,28.22,Medium,239.87,20.04,0
B05,Administration,Office,18000,3,2025-10-23 01:00:00,1,3,10,0,24.3,65.0,4.2,Low,31.9,39.3,Moderate,15.63,Low,132.86,11.1,0
B03,Library,Library,22000,3,2025-10-23 02:00:00,2,3,10,0,23.8,66.2,8.2,Low,34.2,47.7,Cool,19.06,Low,162.01,13.53,0
B01,Academic Block,Classroom,45000,4,2025-10-23 02:00:00,2,3,10,0,23.7,55.6,20.8,Low,27.2,44.6,Cool,28.39,Medium,241.32,20.16,0
B05,Administration,Office,18000,3,2025-10-23 02:00:00,2,3,10,0,24.2,57.1,14.7,Low,34.9,46.9,Moderate,20.92,Low,177.82,14.85,0
B04,Hostel,Dormitory,60000,6,2025-10-23 02:00:00,2,3,10,0,24.7,70.4,4.9,Low,32.3,33.1,Moderate,28.33,Medium,240.8,20.11,0
B01,Academic Block,Classroom,45000,4,2025-10-23 04:00:00,4,3,10,0,23.2,57.8,11.4,Low,35.4,42.2,Cool,24.77,Medium,210.54,17.59,0
B04,Hostel,Dormitory,60000,6,2025-10-23 06:00:00,6,3,10,0,24.3,71.1,0.1,Low,33.8,34.9,Moderate,27.03,Medium,229.76,19.19,0
B01,Academic Block,Classroom,45000,4,2025-10-23 07:00:00,7,3,10,0,23.5,55.4,10.6,Low,24.1,19.8,Cool,25.62,Medium,217.77,18.19,0
B01,Academic Block,Classroom,45000,4,2025-10-23 07:00:00,7,3,10,0,22.2,56.7,12.5,Low,24.3,20.6,Cool,28.19,Medium,239.62,20.01,0
B04,Hostel,Dormitory,60000,6,2025-10-23 08:00:00,8,3,10,0,20.7,68.6,52.0,Medium,39.4,55.3,Cool,31.62,High,268.77,22.45,0
B02,Computer Lab,Laboratory,28000,3,2025-10-23 09:00:00,9,3,10,0,23.2,61.2,71.9,High,42.4,63.9,Cool,27.58,Medium,234.43,19.58,0
B03,Library,Library,22000,3,2025-10-23 09:00:00,9,3,10,0,21.9,63.7,60.1,Medium,47.7,62.7,Cool,24.11,Low,204.94,17.12,0
B05,Administration,Office,18000,3,2025-10-23 11:00:00,11,3,10,0,22.6,68.0,54.5,Medium,38.9,64.6,Cool,26.04,Medium,221.34,18.49,0
B02,Computer Lab,Laboratory,28000,3,2025-10-23 12:00:00,12,3,10,0,21.3,64.0,59.6,Medium,47.9,53.3,Cool,27.71,Medium,235.54,19.67,0
B03,Library,Library,22000,3,2025-10-23 13:00:00,13,3,10,0,24.4,58.8,54.4,Medium,52.4,49.1,Moderate,27.87,Medium,236.9,19.79,0
B06,Research Lab,Laboratory,35000,4,2025-10-23 16:00:00,16,3,10,0,29.2,65.1,71.9,High,56.4,61.3,Hot,30.31,Medium,257.64,21.52,0
B06,Research Lab,Laboratory,35000,4,2025-10-23 17:00:00,17,3,10,0,24.9,66.3,55.7,Medium,34.2,54.4,Moderate,29.38,Medium,249.73,20.86,0
B01,Academic Block,Classroom,45000,4,2025-10-23 17:00:00,17,3,10,0,26.6,64.0,67.5,Medium,51.7,69.9,Moderate,33.1,High,281.35,23.5,0
B06,Research Lab,Laboratory,35000,4,2025-10-23 17:00:00,17,3,10,0,27.6,62.8,60.7,Medium,59.3,65.3,Moderate,30.9,High,262.65,21.94,0
B06,Research Lab,Laboratory,35000,4,2025-10-23 17:00:00,17,3,10,0,24.9,59.5,51.3,Medium,51.1,55.6,Moderate,30.51,Medium,259.34,21.66,0
B03,Library,Library,22000,3,2025-10-23 18:00:00,18,3,10,0,22.4,60.0,44.2,Medium,35.6,49.2,Cool,25.87,Medium,219.9,18.37,0
B04,Hostel,Dormitory,60000,6,2025-10-23 18:00:00,18,3,10,0,27.0,61.0,49.4,Medium,47.0,58.4,Moderate,35.58,High,302.43,25.26,0
B06,Research Lab,Laboratory,35000,4,2025-10-23 19:00:00,19,3,10,0,26.3,58.5,16.7,Low,32.7,45.1,Moderate,27.29,Medium,231.96,19.38,0
B02,Computer Lab,Laboratory,28000,3,2025-10-23 21:00:00,21,3,10,0,26.7,63.6,2.8,Low,25.9,39.9,Moderate,26.71,Medium,227.04,18.96,0
B02,Computer Lab,Laboratory,28000,3,2025-10-23 21:00:00,21,3,10,0,26.3,61.2,11.3,Low,21.4,53.4,Moderate,19.45,Low,165.32,13.81,0
B04,Hostel,Dormitory,60000,6,2025-10-23 21:00:00,21,3,10,0,27.9,62.8,27.3,Low,43.3,61.6,Moderate,35.3,High,300.05,25.06,0
B01,Academic Block,Classroom,45000,4,2025-10-23 22:00:00,22,3,10,0,25.9,63.6,0.0,Low,24.1,29.4,Moderate,11.35,Low,96.48,8.06,0
B04,Hostel,Dormitory,60000,6,2025-10-23 23:00:00,23,3,10,0,28.9,74.2,33.6,Low,45.5,57.3,Moderate,30.78,Medium,261.63,21.85,0
B02,Computer Lab,Laboratory,28000,3,2025-10-23 23:00:00,23,3,10,0,26.7,53.9,14.9,Low,37.7,56.3,Moderate,27.53,Medium,234.0,19.55,0
B03,Library,Library,22000,3,2025-10-24 01:00:00,1,4,10,0,26.2,62.7,16.7,Low,38.8,44.6,Moderate,18.1,Low,153.85,12.85,0
B01,Academic Block,Classroom,45000,4,2025-10-24 02:00:00,2,4,10,0,24.2,57.9,17.5,Low,26.0,56.1,Moderate,25.27,Medium,214.8,17.94,0
B03,Library,Library,22000,3,2025-10-24 04:00:00,4,4,10,0,23.7,62.7,11.3,Low,21.2,41.3,Cool,11.86,Low,100.81,8.42,0
B06,Research Lab,Laboratory,35000,4,2025-10-24 04:00:00,4,4,10,0,20.7,62.7,14.8,Low,28.7,45.1,Cool,15.35,Low,130.48,10.9,0
B04,Hostel,Dormitory,60000,6,2025-10-24 06:00:00,6,4,10,0,21.6,72.2,13.3,Low,28.6,40.4,Cool,26.82,Medium,227.97,19.04,0
B06,Research Lab,Laboratory,35000,4,2025-10-24 07:00:00,7,4,10,0,23.9,55.6,0.0,Low,20.0,11.3,Cool,18.76,Low,159.46,13.32,0
B01,Academic Block,Classroom,45000,4,2025-10-24 07:00:00,7,4,10,0,22.2,72.7,1.5,Low,26.9,15.1,Cool,19.42,Low,165.07,13.79,0
B01,Academic Block,Classroom,45000,4,2025-10-24 11:00:00,11,4,10,0,21.1,71.8,61.4,Medium,41.3,62.0,Cool,35.2,High,299.2,24.99,0
B04,Hostel,Dormitory,60000,6,2025-10-24 12:00:00,12,4,10,0,22.2,81.6,51.4,Medium,33.9,51.5,Cool,26.67,Medium,226.7,18.94,0
B02,Computer Lab,Laboratory,28000,3,2025-10-24 15:00:00,15,4,10,0,23.7,78.7,60.7,Medium,38.4,64.0,Cool,26.39,Medium,224.32,18.74,0
B01,Academic Block,Classroom,45000,4,2025-10-24 16:00:00,16,4,10,0,25.1,59.3,71.2,High,53.4,66.4,Moderate,31.21,High,265.29,22.16,0
B04,Hostel,Dormitory,60000,6,2025-10-24 16:00:00,16,4,10,0,24.0,74.5,55.7,Medium,44.5,46.5,Cool,34.52,High,293.42,24.51,0
B01,Academic Block,Classroom,45000,4,2025-10-24 17:00:00,17,4,10,0,27.8,60.5,67.9,Medium,56.5,64.9,Moderate,36.96,High,314.16,26.24,0
B06,Research Lab,Laboratory,35000,4,2025-10-24 17:00:00,17,4,10,0,25.9,66.4,62.2,Medium,42.2,59.3,Moderate,31.31,High,266.14,22.23,0
B01,Academic Block,Classroom,45000,4,2025-10-24 18:00:00,18,4,10,0,23.8,78.0,77.3,High,36.9,80.4,Cool,34.85,High,296.23,24.74,0
B05,Administration,Office,18000,3,2025-10-24 19:00:00,19,4,10,0,28.4,57.0,14.9,Low,40.4,50.7,Moderate,24.57,Medium,208.84,17.44,0
B03,Library,Library,22000,3,2025-10-24 20:00:00,20,4,10,0,26.1,64.5,11.8,Low,38.7,48.8,Moderate,14.84,Low,126.14,10.54,0
B04,Hostel,Dormitory,60000,6,2025-10-24 22:00:00,22,4,10,0,26.7,50.0,35.2,Medium,31.1,64.9,Moderate,37.37,High,317.64,26.53,0
B06,Research Lab,Laboratory,35000,4,2025-10-24 23:00:00,23,4,10,0,26.1,70.3,17.7,Low,31.1,50.5,Moderate,25.3,Medium,215.05,17.96,0
B03,Library,Library,22000,3,2025-10-24 23:00:00,23,4,10,0,26.2,78.8,22.8,Low,51.4,54.3,Moderate,22.47,Low,191.0,15.95,0
B02,Computer Lab,Laboratory,28000,3,2025-10-25 00:00:00,0,5,10,1,24.6,69.3,4.3,Low,29.6,42.8,Moderate,22.36,Low,190.06,15.88,0
B02,Computer Lab,Laboratory,28000,3,2025-10-25 01:00:00,1,5,10,1,25.1,74.5,0.5,Low,33.6,38.3,Moderate,23.19,Low,197.12,16.46,0
B04,Hostel,Dormitory,60000,6,2025-10-25 06:00:00,6,5,10,1,22.2,75.2,13.5,Low,34.9,42.5,Cool,24.88,Medium,211.48,17.66,0
B02,Computer Lab,Laboratory,28000,3,2025-10-25 09:00:00,9,5,10,1,22.7,61.9,1.9,Low,19.0,9.3,Cool,13.23,Low,112.46,9.39,0
B04,Hostel,Dormitory,60000,6,2025-10-25 11:00:00,11,5,10,1,22.4,69.3,10.3,Low,38.4,13.3,Cool,26.71,Medium,227.04,18.96,0
B01,Academic Block,Classroom,45000,4,2025-10-25 12:00:00,12,5,10,1,22.7,70.3,24.7,Low,19.5,29.3,Cool,24.91,Medium,211.74,17.69,0
B04,Hostel,Dormitory,60000,6,2025-10-25 13:00:00,13,5,10,1,21.4,59.7,12.0,Low,27.3,20.3,Cool,32.42,High,275.57,23.02,0
B04,Hostel,Dormitory,60000,6,2025-10-25 13:00:00,13,5,10,1,23.6,76.2,12.1,Low,29.2,23.6,Cool,25.92,Medium,220.32,18.4,0
B03,Library,Library,22000,3,2025-10-25 14:00:00,14,5,10,1,24.5,61.9,9.2,Low,21.1,21.3,Moderate,18.87,Low,160.4,13.4,0
B05,Administration,Office,18000,3,2025-10-25 14:00:00,14,5,10,1,26.9,62.0,22.5,Low,32.2,40.6,Moderate,18.1,Low,153.85,12.85,0
B04,Hostel,Dormitory,60000,6,2025-10-25 15:00:00,15,5,10,1,25.4,62.8,15.0,Low,27.7,29.1,Moderate,30.03,Medium,255.26,21.32,0
B01,Academic Block,Classroom,45000,4,2025-10-25 15:00:00,15,5,10,1,23.6,66.4,8.7,Low,17.3,17.8,Cool,18.39,Low,156.32,13.06,0
B04,Hostel,Dormitory,60000,6,2025-10-25 16:00:00,16,5,10,1,23.6,86.6,22.4,Low,22.2,38.7,Cool,29.85,Medium,253.73,21.19,0
B06,Research Lab,Laboratory,35000,4,2025-10-25 17:00:00,17,5,10,1,25.9,60.0,13.3,Low,29.7,23.8,Moderate,20.69,Low,175.86,14.69,0
B03,Library,Library,22000,3,2025-10-25 17:00:00,17,5,10,1,24.4,54.7,9.1,Low,24.6,24.7,Moderate,16.72,Low,142.12,11.87,0
B04,Hostel,Dormitory,60000,6,2025-10-25 18:00:00,18,5,10,1,25.0,66.1,0.0,Low,21.5,17.3,Moderate,29.22,Medium,248.37,20.75,0
B01,Academic Block,Classroom,45000,4,2025-10-25 19:00:00,19,5,10,1,24.9,59.0,13.0,Low,34.8,45.0,Moderate,22.78,Low,193.63,16.17,0
B01,Academic Block,Classroom,45000,4,2025-10-25 19:00:00,19,5,10,1,25.6,61.7,8.8,Low,25.1,48.7,Moderate,24.06,Low,204.51,17.08,0
B02,Computer Lab,Laboratory,28000,3,2025-10-25 19:00:00,19,5,10,1,27.2,67.6,9.8,Low,34.4,39.4,Moderate,24.72,Medium,210.12,17.55,0
B02,Computer Lab,Laboratory,28000,3,2025-10-25 20:00:00,20,5,10,1,23.1,58.9,9.4,Low,25.3,42.7,Cool,25.73,Medium,218.7,18.27,0
B04,Hostel,Dormitory,60000,6,2025-10-25 21:00:00,21,5,10,1,28.0,60.1,19.2,Low,35.6,44.9,Moderate,25.51,Medium,216.84,18.11,0
B06,Research Lab,Laboratory,35000,4,2025-10-25 22:00:00,22,5,10,1,25.6,66.6,29.9,Low,28.7,59.2,Moderate,29.63,Medium,251.86,21.04,0
B03,Library,Library,22000,3,2025-10-26 01:00:00,1,6,10,1,23.6,60.7,7.1,Low,24.3,42.4,Cool,13.33,Low,113.3,9.46,0
B04,Hostel,Dormitory,60000,6,2025-10-26 02:00:00,2,6,10,1,25.4,64.4,16.7,Low,28.1,48.0,Moderate,25.98,Medium,220.83,18.45,0
B01,Academic Block,Classroom,45000,4,2025-10-26 03:00:00,3,6,10,1,23.2,68.5,10.5,Low,31.6,43.2,Cool,21.22,Low,180.37,15.07,0
B04,Hostel,Dormitory,60000,6,2025-10-26 05:00:00,5,6,10,1,21.1,67.3,0.0,Low,23.8,34.1,Cool,23.98,Low,203.83,17.03,0
B04,Hostel,Dormitory,60000,6,2025-10-26 05:00:00,5,6,10,1,20.4,69.8,11.0,Low,20.3,45.1,Cool,29.22,Medium,248.37,20.75,0
B03,Library,Library,22000,3,2025-10-26 07:00:00,7,6,10,1,23.2,68.9,12.8,Low,21.3,27.7,Cool,13.16,Low,111.86,9.34,0
B02,Computer Lab,Laboratory,28000,3,2025-10-26 08:00:00,8,6,10,1,23.2,61.7,8.2,Low,19.7,15.1,Cool,21.68,Low,184.28,15.39,0
B03,Library,Library,22000,3,2025-10-26 09:00:00,9,6,10,1,21.5,57.5,22.2,Low,26.3,30.3,Cool,10.55,Low,89.68,7.49,0
B02,Computer Lab,Laboratory,28000,3,2025-10-26 10:00:00,10,6,10,1,24.3,58.3,24.5,Low,39.0,31.6,Moderate,27.69,Medium,235.36,19.66,0
B01,Academic Block,Classroom,45000,4,2025-10-26 11:00:00,11,6,10,1,22.7,58.5,14.0,Low,33.2,28.8,Cool,17.73,Low,150.71,12.59,0
B04,Hostel,Dormitory,60000,6,2025-10-26 11:00:00,11,6,10,1,24.6,73.9,15.0,Low,13.9,32.3,Moderate,28.96,Medium,246.16,20.56,0
B01,Academic Block,Classroom,45000,4,2025-10-26 13:00:00,13,6,10,1,22.1,55.2,3.9,Low,30.7,20.1,Cool,18.71,Low,159.04,13.28,0
B03,Library,Library,22000,3,2025-10-26 14:00:00,14,6,10,1,22.4,71.5,3.9,Low,21.4,18.6,Cool,13.77,Low,117.04,9.78,0
B05,Administration,Office,18000,3,2025-10-26 15:00:00,15,6,10,1,23.8,61.2,7.4,Low,17.6,16.7,Cool,10.98,Low,93.33,7.8,0
B03,Library,Library,22000,3,2025-10-26 17:00:00,17,6,10,1,24.9,72.3,26.0,Low,34.0,43.8,Moderate,12.52,Low,106.42,8.89,0
B04,Hostel,Dormitory,60000,6,2025-10-26 17:00:00,17,6,10,1,27.2,60.3,8.2,Low,27.3,16.5,Moderate,26.58,Medium,225.93,18.87,0
B04,Hostel,Dormitory,60000,6,2025-10-26 18:00:00,18,6,10,1,26.2,64.3,21.2,Low,44.9,24.6,Moderate,26.85,Medium,228.23,19.06,0
B01,Academic Block,Classroom,45000,4,2025-10-26 21:00:00,21,6,10,1,24.9,68.7,6.9,Low,24.2,43.8,Moderate,17.52,Low,148.92,12.44,0
B01,Academic Block,Classroom,45000,4,2025-10-26 21:00:00,21,6,10,1,26.0,73.0,5.3,Low,23.3,36.4,Moderate,20.65,Low,175.52,14.66,0
B02,Computer Lab,Laboratory,28000,3,2025-10-27 00:00:00,0,0,10,0,24.3,61.6,8.5,Low,39.7,45.2,Moderate,22.36,Low,190.06,15.88,0
B04,Hostel,Dormitory,60000,6,2025-10-27 00:00:00,0,0,10,0,23.8,61.6,8.3,Low,28.5,48.4,Cool,29.55,Medium,251.18,20.98,0
B04,Hostel,Dormitory,60000,6,2025-10-27 01:00:00,1,0,10,0,24.4,69.1,6.9,Low,23.7,38.8,Moderate,29.87,Medium,253.9,21.21,0
B02,Computer Lab,Laboratory,28000,3,2025-10-27 01:00:00,1,0,10,0,24.2,54.5,22.9,Low,43.1,54.5,Moderate,21.27,Low,180.8,15.1,0
B02,Computer Lab,Laboratory,28000,3,2025-10-27 03:00:00,3,0,10,0,22.3,55.1,11.6,Low,32.5,41.5,Cool,17.83,Low,151.55,12.66,0
B05,Administration,Office,18000,3,2025-10-27 04:00:00,4,0,10,0,21.8,70.1,10.6,Low,20.0,43.3,Cool,28.77,Medium,244.54,20.43,1
B02,Computer Lab,Laboratory,28000,3,2025-10-27 04:00:00,4,0,10,0,24.2,70.3,12.2,Low,23.4,43.5,Moderate,20.82,Low,176.97,14.78,0
B01,Academic Block,Classroom,45000,4,2025-10-27 05:00:00,5,0,10,0,23.2,68.8,18.4,Low,29.2,53.6,Cool,31.4,High,266.9,22.29,0
B02,Computer Lab,Laboratory,28000,3,2025-10-27 05:00:00,5,0,10,0,24.0,65.1,12.2,Low,26.9,41.4,Cool,15.0,Low,127.5,10.65,0
B02,Computer Lab,Laboratory,28000,3,2025-10-27 05:00:00,5,0,10,0,22.2,63.5,14.1,Low,21.0,42.2,Cool,22.98,Low,195.33,16.32,0
B02,Computer Lab,Laboratory,28000,3,2025-10-27 06:00:00,6,0,10,0,20.6,79.6,19.1,Low,26.6,48.3,Cool,20.31,Low,172.64,14.42,0
B01,Academic Block,Classroom,45000,4,2025-10-27 08:00:00,8,0,10,0,21.1,80.1,59.1,Medium,51.2,62.6,Cool,28.16,Medium,239.36,19.99,0
B03,Library,Library,22000,3,2025-10-27 09:00:00,9,0,10,0,23.6,66.9,49.0,Medium,46.3,47.8,Cool,21.49,Low,182.66,15.26,0
B01,Academic Block,Classroom,45000,4,2025-10-27 11:00:00,11,0,10,0,20.2,64.1,67.4,Medium,45.9,59.6,Cool,35.62,High,302.77,25.29,0
B06,Research Lab,Laboratory,35000,4,2025-10-27 12:00:00,12,0,10,0,25.2,57.8,53.8,Medium,42.5,61.2,Moderate,24.86,Medium,211.31,17.65,0
B05,Administration,Office,18000,3,2025-10-27 12:00:00,12,0,10,0,21.3,71.0,61.1,Medium,40.6,49.7,Cool,17.07,Low,145.1,12.12,0
B01,Academic Block,Classroom,45000,4,2025-10-27 13:00:00,13,0,10,0,24.6,56.7,58.9,Medium,49.4,52.7,Moderate,32.32,High,274.72,22.95,0
B06,Research Lab,Laboratory,35000,4,2025-10-27 14:00:00,14,0,10,0,22.5,58.6,52.8,Medium,43.0,65.4,Cool,36.76,High,312.46,26.1,0
B05,Administration,Office,18000,3,2025-10-27 14:00:00,14,0,10,0,23.1,63.1,70.5,High,47.0,59.1,Cool,22.43,Low,190.66,15.93,0
B01,Academic Block,Classroom,45000,4,2025-10-27 16:00:00,16,0,10,0,21.9,71.0,64.0,Medium,48.9,60.8,Cool,34.79,High,295.71,24.7,0
B01,Academic Block,Classroom,45000,4,2025-10-27 16:00:00,16,0,10,0,27.8,73.0,63.4,Medium,45.6,59.3,Moderate,62.52,High,531.42,44.39,1
B03,Library,Library,22000,3,2025-10-27 19:00:00,19,0,10,0,26.8,65.3,6.2,Low,36.7,28.2,Moderate,19.13,Low,162.6,13.58,0
B02,Computer Lab,Laboratory,28000,3,2025-10-27 20:00:00,20,0,10,0,26.9,67.0,5.8,Low,34.6,34.3,Moderate,23.3,Low,198.05,16.54,0
B01,Academic Block,Classroom,45000,4,2025-10-27 21:00:00,21,0,10,0,25.2,71.7,4.7,Low,18.8,39.9,Moderate,20.29,Low,172.46,14.41,0
B01,Academic Block,Classroom,45000,4,2025-10-27 23:00:00,23,0,10,0,24.0,72.0,3.0,Low,20.7,41.0,Cool,24.76,Medium,210.46,17.58,0
B04,Hostel,Dormitory,60000,6,2025-10-28 00:00:00,0,1,10,0,26.1,60.3,7.1,Low,38.9,45.8,Moderate,32.73,High,278.2,23.24,0
B04,Hostel,Dormitory,60000,6,2025-10-28 01:00:00,1,1,10,0,22.6,73.0,11.2,Low,28.2,41.5,Cool,27.1,Medium,230.35,19.24,0
B02,Computer Lab,Laboratory,28000,3,2025-10-28 02:00:00,2,1,10,0,23.7,73.3,16.5,Low,28.1,38.1,Cool,16.96,Low,144.16,12.04,0
B01,Academic Block,Classroom,45000,4,2025-10-28 03:00:00,3,1,10,0,21.5,70.0,11.4,Low,26.0,43.8,Cool,20.29,Low,172.46,14.41,0
B03,Library,Library,22000,3,2025-10-28 03:00:00,3,1,10,0,23.6,67.1,4.9,Low,24.7,45.5,Cool,13.43,Low,114.16,9.54,0
B06,Research Lab,Laboratory,35000,4,2025-10-28 05:00:00,5,1,10,0,19.6,73.5,8.2,Low,25.0,48.8,Cool,23.88,Low,202.98,16.95,0
B03,Library,Library,22000,3,2025-10-28 07:00:00,7,1,10,0,19.8,72.6,7.8,Low,28.3,25.8,Cool,18.37,Low,156.15,13.04,0
B02,Computer Lab,Laboratory,28000,3,2025-10-28 07:00:00,7,1,10,0,20.7,55.4,7.4,Low,33.5,13.7,Cool,22.25,Low,189.12,15.8,0
B03,Library,Library,22000,3,2025-10-28 10:00:00,10,1,10,0,23.1,69.5,52.2,Medium,34.4,53.2,Cool,24.42,Low,207.57,17.34,0
B04,Hostel,Dormitory,60000,6,2025-10-28 10:00:00,10,1,10,0,21.4,76.1,57.2,Medium,47.0,59.0,Cool,36.77,High,312.54,26.11,0
B03,Library,Library,22000,3,2025-10-28 10:00:00,10,1,10,0,23.7,73.0,59.6,Medium,41.7,61.7,Cool,24.59,Medium,209.02,17.46,0
B06,Research Lab,Laboratory,35000,4,2025-10-28 11:00:00,11,1,10,0,24.8,67.8,70.0,Medium,42.2,58.6,Moderate,31.72,High,269.62,22.52,0
B02,Computer Lab,Laboratory,28000,3,2025-10-28 11:00:00,11,1,10,0,22.0,68.4,52.5,Medium,46.2,64.7,Cool,33.34,High,283.39,23.67,0
B05,Administration,Office,18000,3,2025-10-28 15:00:00,15,1,10,0,22.2,64.5,54.9,Medium,35.4,62.8,Cool,20.92,Low,177.82,14.85,0
B06,Research Lab,Laboratory,35000,4,2025-10-28 16:00:00,16,1,10,0,26.4,63.1,56.2,Medium,53.6,57.1,Moderate,31.4,High,266.9,22.29,0
B02,Computer Lab,Laboratory,28000,3,2025-10-28 18:00:00,18,1,10,0,23.3,71.5,67.0,Medium,52.3,65.9,Cool,23.44,Low,199.24,16.64,0
B05,Administration,Office,18000,3,2025-10-28 19:00:00,19,1,10,0,24.5,68.1,0.0,Low,36.2,32.5,Moderate,14.22,Low,120.87,10.1,0
B06,Research Lab,Laboratory,35000,4,2025-10-28 22:00:00,22,1,10,0,23.1,72.8,12.8,Low,33.9,50.8,Cool,24.43,Medium,207.66,17.35,0
B04,Hostel,Dormitory,60000,6,2025-10-28 22:00:00,22,1,10,0,27.1,59.7,29.6,Low,47.4,51.4,Moderate,38.19,High,324.62,27.11,0
B01,Academic Block,Classroom,45000,4,2025-10-29 00:00:00,0,2,10,0,25.7,72.0,16.4,Low,39.5,47.9,Moderate,20.61,Low,175.18,14.63,0
B04,Hostel,Dormitory,60000,6,2025-10-29 00:00:00,0,2,10,0,27.3,58.8,14.9,Low,36.1,42.0,Moderate,30.69,Medium,260.86,21.79,0
B01,Academic Block,Classroom,45000,4,2025-10-29 01:00:00,1,2,10,0,23.7,67.5,16.3,Low,36.9,47.1,Cool,42.22,High,358.87,29.98,1
B05,Administration,Office,18000,3,2025-10-29 02:00:00,2,2,10,0,22.6,63.0,15.4,Low,24.9,52.4,Cool,19.69,Low,167.36,13.98,0
B06,Research Lab,Laboratory,35000,4,2025-10-29 03:00:00,3,2,10,0,22.6,66.2,31.6,Low,28.4,55.5,Cool,25.26,Medium,214.71,17.93,0
B01,Academic Block,Classroom,45000,4,2025-10-29 05:00:00,5,2,10,0,20.4,82.9,24.5,Low,32.1,54.3,Cool,27.53,Medium,234.0,19.55,0
B02,Computer Lab,Laboratory,28000,3,2025-10-29 05:00:00,5,2,10,0,24.6,68.9,17.8,Low,38.3,47.7,Moderate,25.1,Medium,213.35,17.82,0
B02,Computer Lab,Laboratory,28000,3,2025-10-29 06:00:00,6,2,10,0,27.2,64.8,8.6,Low,31.3,37.8,Moderate,20.26,Low,172.21,14.38,0
B05,Administration,Office,18000,3,2025-10-29 08:00:00,8,2,10,0,20.8,78.2,60.1,Medium,38.7,57.0,Cool,19.23,Low,163.46,13.65,0
B02,Computer Lab,Laboratory,28000,3,2025-10-29 08:00:00,8,2,10,0,22.7,48.9,66.8,Medium,36.0,62.1,Cool,36.47,High,310.0,25.89,0
B02,Computer Lab,Laboratory,28000,3,2025-10-29 10:00:00,10,2,10,0,21.9,66.4,67.1,Medium,38.6,56.3,Cool,27.22,Medium,231.37,19.33,0
B02,Computer Lab,Laboratory,28000,3,2025-10-29 10:00:00,10,2,10,0,22.8,63.3,52.8,Medium,35.7,53.8,Cool,21.48,Low,182.58,15.25,0
B02,Computer Lab,Laboratory,28000,3,2025-10-29 11:00:00,11,2,10,0,24.0,59.8,44.8,Medium,46.6,49.0,Cool,25.91,Medium,220.24,18.4,0
B03,Library,Library,22000,3,2025-10-29 11:00:00,11,2,10,0,20.7,57.7,42.1,Medium,32.3,39.0,Cool,18.55,Low,157.68,13.17,0
B04,Hostel,Dormitory,60000,6,2025-10-29 12:00:00,12,2,10,0,22.1,65.8,59.2,Medium,43.8,57.1,Cool,31.76,High,269.96,22.55,0
B04,Hostel,Dormitory,60000,6,2025-10-29 12:00:00,12,2,10,0,24.7,70.1,60.5,Medium,37.0,59.2,Moderate,35.3,High,300.05,25.06,0
B06,Research Lab,Laboratory,35000,4,2025-10-29 13:00:00,13,2,10,0,24.1,64.7,58.9,Medium,52.2,63.2,Moderate,32.81,High,278.88,23.3,0
B04,Hostel,Dormitory,60000,6,2025-10-29 13:00:00,13,2,10,0,23.8,71.6,53.3,Medium,43.3,63.6,Cool,28.56,Medium,242.76,20.28,0
B04,Hostel,Dormitory,60000,6,2025-10-29 14:00:00,14,2,10,0,24.6,65.8,63.5,Medium,38.8,64.6,Moderate,36.62,High,311.27,26.0,0
B05,Administration,Office,18000,3,2025-10-29 16:00:00,16,2,10,0,25.8,72.5,76.8,High,50.6,65.7,Moderate,29.12,Medium,247.52,20.68,0
B01,Academic Block,Classroom,45000,4,2025-10-29 16:00:00,16,2,10,0,26.6,60.2,71.4,High,48.6,63.9,Moderate,28.96,Medium,246.16,20.56,0
B03,Library,Library,22000,3,2025-10-29 19:00:00,19,2,10,0,26.9,50.4,11.8,Low,34.3,44.2,Moderate,14.65,Low,124.52,10.4,0
B04,Hostel,Dormitory,60000,6,2025-10-29 20:00:00,20,2,10,0,25.8,53.3,29.0,Low,34.8,54.5,Moderate,28.73,Medium,244.2,20.4,0
B04,Hostel,Dormitory,60000,6,2025-10-29 21:00:00,21,2,10,0,26.3,60.5,30.0,Low,36.5,57.3,Moderate,31.1,High,264.35,22.08,0
B02,Computer Lab,Laboratory,28000,3,2025-10-30 00:00:00,0,3,10,0,24.7,59.1,6.6,Low,22.1,44.1,Moderate,21.17,Low,179.95,15.03,0
B05,Administration,Office,18000,3,2025-10-30 00:00:00,0,3,10,0,23.7,61.9,16.6,Low,21.5,46.6,Cool,12.83,Low,109.06,9.11,0
B05,Administration,Office,18000,3,2025-10-30 00:00:00,0,3,10,0,24.7,73.2,11.1,Low,33.7,55.6,Moderate,16.61,Low,141.18,11.79,0
B03,Library,Library,22000,3,2025-10-30 02:00:00,2,3,10,0,23.6,55.6,6.3,Low,31.1,31.8,Cool,16.29,Low,138.46,11.57,0
B04,Hostel,Dormitory,60000,6,2025-10-30 02:00:00,2,3,10,0,21.2,78.6,19.9,Low,23.0,52.6,Cool,30.37,Medium,258.14,21.56,0
B06,Research Lab,Laboratory,35000,4,2025-10-30 04:00:00,4,3,10,0,24.0,60.2,15.9,Low,32.2,38.6,Cool,19.68,Low,167.28,13.97,0
B04,Hostel,Dormitory,60000,6,2025-10-30 04:00:00,4,3,10,0,24.2,56.9,13.8,Low,23.4,41.1,Moderate,25.87,Medium,219.9,18.37,0
B05,Administration,Office,18000,3,2025-10-30 05:00:00,5,3,10,0,23.2,65.5,10.9,Low,30.7,47.4,Cool,14.6,Low,124.1,10.37,0
B02,Computer Lab,Laboratory,28000,3,2025-10-30 06:00:00,6,3,10,0,23.4,76.8,15.2,Low,27.0,36.1,Cool,27.46,Medium,233.41,19.5,0
B04,Hostel,Dormitory,60000,6,2025-10-30 06:00:00,6,3,10,0,21.8,62.6,9.6,Low,18.9,43.7,Cool,31.52,High,267.92,22.38,0
B04,Hostel,Dormitory,60000,6,2025-10-30 07:00:00,7,3,10,0,21.1,63.9,31.4,Low,24.9,32.3,Cool,29.49,Medium,250.66,20.94,0
B04,Hostel,Dormitory,60000,6,2025-10-30 09:00:00,9,3,10,0,23.3,62.6,67.0,Medium,52.3,64.9,Cool,32.21,High,273.79,22.87,0
B01,Academic Block,Classroom,45000,4,2025-10-30 09:00:00,9,3,10,0,20.3,76.8,60.9,Medium,33.0,57.5,Cool,31.62,High,268.77,22.45,0
B06,Research Lab,Laboratory,35000,4,2025-10-30 09:00:00,9,3,10,0,20.2,65.7,57.0,Medium,39.5,57.8,Cool,34.13,High,290.1,24.23,0
B04,Hostel,Dormitory,60000,6,2025-10-30 11:00:00,11,3,10,0,23.0,69.7,44.7,Medium,25.9,50.5,Cool,31.71,High,269.54,22.51,0
B06,Research Lab,Laboratory,35000,4,2025-10-30 12:00:00,12,3,10,0,23.4,67.1,45.7,Medium,32.7,54.6,Cool,26.44,Medium,224.74,18.77,0
B05,Administration,Office,18000,3,2025-10-30 12:00:00,12,3,10,0,24.2,64.9,74.6,High,42.4,71.6,Moderate,22.74,Low,193.29,16.15,0
B01,Academic Block,Classroom,45000,4,2025-10-30 13:00:00,13,3,10,0,20.7,64.9,65.6,Medium,28.3,67.3,Cool,31.42,High,267.07,22.31,0
B04,Hostel,Dormitory,60000,6,2025-10-30 15:00:00,15,3,10,0,24.2,79.4,43.3,Medium,35.9,47.1,Moderate,34.85,High,296.23,24.74,0
B04,Hostel,Dormitory,60000,6,2025-10-30 16:00:00,16,3,10,0,23.1,86.1,38.9,Medium,33.6,37.5,Cool,27.79,Medium,236.22,19.73,0
B02,Computer Lab,Laboratory,28000,3,2025-10-30 17:00:00,17,3,10,0,26.5,57.6,60.4,Medium,42.2,54.6,Moderate,41.16,High,349.86,29.22,1
B01,Academic Block,Classroom,45000,4,2025-10-30 21:00:00,21,3,10,0,27.7,55.3,14.5,Low,31.7,53.3,Moderate,21.36,Low,181.56,15.17,0
B04,Hostel,Dormitory,60000,6,2025-10-30 21:00:00,21,3,10,0,26.5,64.1,34.9,Low,38.9,55.1,Moderate,39.34,High,334.39,27.93,0
B05,Administration,Office,18000,3,2025-10-30 22:00:00,22,3,10,0,24.7,49.3,19.5,Low,20.3,50.6,Moderate,17.83,Low,151.55,12.66,0
B01,Academic Block,Classroom,45000,4,2025-10-30 23:00:00,23,3,10,0,24.1,66.1,18.3,Low,30.4,49.6,Moderate,27.84,Medium,236.64,19.77,0
B01,Academic Block,Classroom,45000,4,2025-10-31 00:00:00,0,4,10,0,24.1,79.8,3.0,Low,28.4,37.8,Moderate,22.17,Low,188.45,15.74,0
B05,Administration,Office,18000,3,2025-10-31 01:00:00,1,4,10,0,23.0,62.4,4.4,Low,25.1,43.4,Cool,16.96,Low,144.16,12.04,0
B03,Library,Library,22000,3,2025-10-31 02:00:00,2,4,10,0,23.5,73.8,18.8,Low,31.2,45.9,Cool,17.57,Low,149.34,12.47,0
B03,Library,Library,22000,3,2025-10-31 02:00:00,2,4,10,0,22.6,77.2,7.7,Low,22.9,39.7,Cool,21.54,Low,183.09,15.29,0
B03,Library,Library,22000,3,2025-10-31 03:00:00,3,4,10,0,21.1,62.1,1.7,Low,22.7,34.6,Cool,16.71,Low,142.04,11.86,0
B04,Hostel,Dormitory,60000,6,2025-10-31 04:00:00,4,4,10,0,23.3,67.6,2.4,Low,29.6,25.5,Cool,26.9,Medium,228.65,19.1,0
B05,Administration,Office,18000,3,2025-10-31 04:00:00,4,4,10,0,23.4,68.8,18.6,Low,44.1,45.1,Cool,12.31,Low,104.64,8.74,0
B02,Computer Lab,Laboratory,28000,3,2025-10-31 07:00:00,7,4,10,0,24.3,70.7,18.4,Low,24.4,34.1,Moderate,23.48,Low,199.58,16.67,0
B01,Academic Block,Classroom,45000,4,2025-10-31 07:00:00,7,4,10,0,21.1,73.7,12.9,Low,19.5,34.8,Cool,23.37,Low,198.64,16.59,0
B01,Academic Block,Classroom,45000,4,2025-10-31 08:00:00,8,4,10,0,18.9,77.7,60.0,Medium,35.2,64.8,Cool,33.46,High,284.41,23.76,0
B01,Academic Block,Classroom,45000,4,2025-10-31 10:00:00,10,4,10,0,23.2,61.0,66.2,Medium,53.0,66.6,Cool,30.39,Medium,258.32,21.58,0
B01,Academic Block,Classroom,45000,4,2025-10-31 11:00:00,11,4,10,0,23.7,67.3,65.5,Medium,55.3,57.2,Cool,28.62,Medium,243.27,20.32,0
B02,Computer Lab,Laboratory,28000,3,2025-10-31 12:00:00,12,4,10,0,24.4,75.9,55.7,Medium,48.4,57.7,Moderate,35.1,High,298.35,24.92,0
B03,Library,Library,22000,3,2025-10-31 13:00:00,13,4,10,0,25.4,75.8,59.7,Medium,39.0,60.3,Moderate,19.15,Low,162.77,13.6,0
B03,Library,Library,22000,3,2025-10-31 16:00:00,16,4,10,0,27.0,65.0,51.5,Medium,45.2,65.3,Moderate,21.97,Low,186.74,15.6,0
B04,Hostel,Dormitory,60000,6,2025-10-31 16:00:00,16,4,10,0,23.3,62.6,54.8,Medium,43.6,47.4,Cool,39.89,High,339.06,28.32,0
B04,Hostel,Dormitory,60000,6,2025-10-31 17:00:00,17,4,10,0,27.5,70.2,53.3,Medium,50.6,48.7,Moderate,39.47,High,335.5,28.02,0
B06,Research Lab,Laboratory,35000,4,2025-10-31 18:00:00,18,4,10,0,25.0,68.8,48.7,Medium,54.1,57.6,Moderate,29.93,Medium,254.4,21.25,0
B05,Administration,Office,18000,3,2025-10-31 18:00:00,18,4,10,0,26.7,67.2,76.7,High,61.7,80.2,Moderate,27.63,Medium,234.86,19.62,0
B03,Library,Library,22000,3,2025-10-31 20:00:00,20,4,10,0,26.1,69.6,16.0,Low,39.1,48.7,Moderate,19.21,Low,163.28,13.64,0
B02,Computer Lab,Laboratory,28000,3,2025-11-01 00:00:00,0,5,11,1,23.2,59.8,0.9,Low,19.9,33.9,Cool,22.76,Low,193.46,16.16,0
B04,Hostel,Dormitory,60000,6,2025-11-01 04:00:00,4,5,11,1,24.4,71.4,1.9,Low,27.5,39.3,Moderate,30.85,Medium,262.23,21.9,0
B04,Hostel,Dormitory,60000,6,2025-11-01 04:00:00,4,5,11,1,22.0,68.5,23.1,Low,18.2,63.2,Cool,32.28,High,274.38,22.92,0
B06,Research Lab,Laboratory,35000,4,2025-11-01 04:00:00,4,5,11,1,25.4,72.7,13.3,Low,31.3,41.7,Moderate,43.7,High,371.45,31.03,1
B06,Research Lab,Laboratory,35000,4,2025-11-01 08:00:00,8,5,11,1,20.5,68.7,15.9,Low,26.6,29.3,Cool,25.65,Medium,218.02,18.21,0
B05,Administration,Office,18000,3,2025-11-01 11:00:00,11,5,11,1,20.7,72.5,14.7,Low,17.6,25.0,Cool,6.56,Low,55.76,4.66,0
B03,Library,Library,22000,3,2025-11-01 11:00:00,11,5,11,1,21.3,71.2,19.6,Low,25.1,31.5,Cool,18.88,Low,160.48,13.4,0
B04,Hostel,Dormitory,60000,6,2025-11-01 12:00:00,12,5,11,1,24.9,61.3,19.9,Low,41.0,33.8,Moderate,29.47,Medium,250.5,20.92,0
B03,Library,Library,22000,3,2025-11-01 13:00:00,13,5,11,1,20.8,62.0,5.9,Low,21.8,16.5,Cool,22.84,Low,194.14,16.22,0
B04,Hostel,Dormitory,60000,6,2025-11-01 14:00:00,14,5,11,1,25.0,70.6,15.5,Low,34.6,31.5,Moderate,24.48,Medium,208.08,17.38,0
B04,Hostel,Dormitory,60000,6,2025-11-01 14:00:00,14,5,11,1,26.4,57.9,2.2,Low,43.0,14.2,Moderate,24.43,Medium,207.66,17.35,0
B01,Academic Block,Classroom,45000,4,2025-11-01 14:00:00,14,5,11,1,23.4,63.9,4.4,Low,21.3,21.2,Cool,21.06,Low,179.01,14.95,0
B05,Administration,Office,18000,3,2025-11-01 15:00:00,15,5,11,1,23.6,63.6,9.9,Low,31.4,12.7,Cool,11.15,Low,94.78,7.92,0
B04,Hostel,Dormitory,60000,6,2025-11-01 16:00:00,16,5,11,1,24.8,67.7,0.1,Low,24.0,18.9,Moderate,35.37,High,300.64,25.11,0
B01,Academic Block,Classroom,45000,4,2025-11-01 16:00:00,16,5,11,1,23.0,71.3,6.6,Low,30.7,15.5,Cool,23.46,Low,199.41,16.66,0
B01,Academic Block,Classroom,45000,4,2025-11-01 17:00:00,17,5,11,1,29.0,50.9,0.0,Low,32.3,12.5,Moderate,20.85,Low,177.23,14.8,0
B01,Academic Block,Classroom,45000,4,2025-11-01 20:00:00,20,5,11,1,26.7,58.6,11.9,Low,39.0,32.6,Moderate,25.7,Medium,218.45,18.25,0
B06,Research Lab,Laboratory,35000,4,2025-11-01 23:00:00,23,5,11,1,23.2,61.0,23.5,Low,38.6,51.5,Cool,27.73,Medium,235.7,19.69,0
B04,Hostel,Dormitory,60000,6,2025-11-01 23:00:00,23,5,11,1,23.9,64.3,32.2,Low,33.5,65.8,Cool,30.59,Medium,260.02,21.72,0
B04,Hostel,Dormitory,60000,6,2025-11-01 23:00:00,23,5,11,1,25.3,50.8,32.2,Low,43.5,51.3,Moderate,28.7,Medium,243.95,20.38,0
B01,Academic Block,Classroom,45000,4,2025-11-02 01:00:00,1,6,11,1,22.2,75.2,9.5,Low,13.4,43.1,Cool,17.62,Low,149.77,12.51,0
B06,Research Lab,Laboratory,35000,4,2025-11-02 02:00:00,2,6,11,1,21.3,68.4,18.8,Low,27.4,38.9,Cool,23.16,Low,196.86,16.44,0
B05,Administration,Office,18000,3,2025-11-02 03:00:00,3,6,11,1,23.5,65.3,11.6,Low,34.6,42.9,Cool,21.0,Low,178.5,14.91,0
B01,Academic Block,Classroom,45000,4,2025-11-02 04:00:00,4,6,11,1,24.1,71.0,4.3,Low,39.6,42.5,Moderate,25.83,Medium,219.55,18.34,0
B01,Academic Block,Classroom,45000,4,2025-11-02 07:00:00,7,6,11,1,23.0,70.2,13.2,Low,18.8,24.4,Cool,29.07,Medium,247.1,20.64,0
B05,Administration,Office,18000,3,2025-11-02 09:00:00,9,6,11,1,21.6,71.3,22.9,Low,21.2,36.1,Cool,13.88,Low,117.98,9.85,0
B04,Hostel,Dormitory,60000,6,2025-11-02 11:00:00,11,6,11,1,21.8,67.5,2.0,Low,17.6,14.0,Cool,21.51,Low,182.84,15.27,0
B05,Administration,Office,18000,3,2025-11-02 12:00:00,12,6,11,1,22.7,67.6,5.4,Low,24.1,32.0,Cool,14.78,Low,125.63,10.49,0
B04,Hostel,Dormitory,60000,6,2025-11-02 13:00:00,13,6,11,1,24.6,71.2,11.3,Low,24.7,29.0,Moderate,29.62,Medium,251.77,21.03,0
B02,Computer Lab,Laboratory,28000,3,2025-11-02 13:00:00,13,6,11,1,21.2,71.8,9.5,Low,28.7,23.2,Cool,22.72,Low,193.12,16.13,0
B01,Academic Block,Classroom,45000,4,2025-11-02 14:00:00,14,6,11,1,22.4,79.2,14.9,Low,24.2,34.7,Cool,23.93,Low,203.4,16.99,0
B04,Hostel,Dormitory,60000,6,2025-11-02 16:00:00,16,6,11,1,24.0,66.8,5.1,Low,21.1,25.8,Cool,27.72,Medium,235.62,19.68,0
B04,Hostel,Dormitory,60000,6,2025-11-02 16:00:00,16,6,11,1,24.2,70.2,8.3,Low,20.6,18.5,Moderate,24.91,Medium,211.74,17.69,0
B01,Academic Block,Classroom,45000,4,2025-11-02 20:00:00,20,6,11,1,25.5,63.7,12.4,Low,31.0,46.8,Moderate,22.51,Low,191.34,15.98,0
B04,Hostel,Dormitory,60000,6,2025-11-02 22:00:00,22,6,11,1,25.3,67.0,32.6,Low,40.1,58.0,Moderate,38.78,High,329.63,27.53,0
B04,Hostel,Dormitory,60000,6,2025-11-02 23:00:00,23,6,11,1,26.0,66.8,50.2,Medium,50.2,77.2,Moderate,32.93,High,279.9,23.38,0
B02,Computer Lab,Laboratory,28000,3,2025-11-03 00:00:00,0,0,11,0,21.9,64.4,17.5,Low,23.8,56.0,Cool,24.01,Low,204.08,17.05,0
B02,Computer Lab,Laboratory,28000,3,2025-11-03 01:00:00,1,0,11,0,21.6,63.2,1.2,Low,23.3,28.5,Cool,24.19,Low,205.62,17.17,0
B03,Library,Library,22000,3,2025-11-03 03:00:00,3,0,11,0,22.0,71.9,4.9,Low,31.2,39.3,Cool,13.91,Low,118.24,9.88,0
B05,Administration,Office,18000,3,2025-11-03 03:00:00,3,0,11,0,24.3,68.7,2.5,Low,32.4,44.2,Moderate,13.04,Low,110.84,9.26,0
B02,Computer Lab,Laboratory,28000,3,2025-11-03 05:00:00,5,0,11,0,21.1,78.4,23.3,Low,25.6,56.3,Cool,24.88,Medium,211.48,17.66,0
B02,Computer Lab,Laboratory,28000,3,2025-11-03 05:00:00,5,0,11,0,22.1,67.4,4.5,Low,25.8,40.5,Cool,22.84,Low,194.14,16.22,0
B03,Library,Library,22000,3,2025-11-03 06:00:00,6,0,11,0,22.0,60.4,16.1,Low,24.5,52.5,Cool,17.42,Low,148.07,12.37,0
B04,Hostel,Dormitory,60000,6,2025-11-03 07:00:00,7,0,11,0,22.1,67.4,15.4,Low,22.9,19.9,Cool,29.35,Medium,249.48,20.84,0
B01,Academic Block,Classroom,45000,4,2025-11-03 07:00:00,7,0,11,0,23.9,71.3,1.7,Low,18.4,19.1,Cool,14.28,Low,121.38,10.14,0
B02,Computer Lab,Laboratory,28000,3,2025-11-03 10:00:00,10,0,11,0,22.8,51.9,55.9,Medium,51.6,63.1,Cool,27.54,Medium,234.09,19.55,0
B01,Academic Block,Classroom,45000,4,2025-11-03 10:00:00,10,0,11,0,23.3,66.3,64.7,Medium,40.8,66.4,Cool,34.61,High,294.18,24.57,0
B02,Computer Lab,Laboratory,28000,3,2025-11-03 12:00:00,12,0,11,0,22.3,71.8,47.7,Medium,36.3,44.7,Cool,20.03,Low,170.26,14.22,0
B05,Administration,Office,18000,3,2025-11-03 14:00:00,14,0,11,0,25.7,66.1,75.2,High,41.5,69.5,Moderate,32.86,High,279.31,23.33,0
B04,Hostel,Dormitory,60000,6,2025-11-03 15:00:00,15,0,11,0,24.2,63.1,52.2,Medium,48.8,54.2,Moderate,35.1,High,298.35,24.92,0
B05,Administration,Office,18000,3,2025-11-03 16:00:00,16,0,11,0,21.6,59.3,73.9,High,45.7,66.3,Cool,31.19,High,265.12,22.14,0
B01,Academic Block,Classroom,45000,4,2025-11-03 17:00:00,17,0,11,0,28.6,62.0,82.1,High,67.7,72.1,Moderate,40.89,High,347.56,29.03,0
B04,Hostel,Dormitory,60000,6,2025-11-03 21:00:00,21,0,11,0,25.5,56.0,33.1,Low,40.0,62.3,Moderate,34.37,High,292.14,24.4,0
B04,Hostel,Dormitory,60000,6,2025-11-03 22:00:00,22,0,11,0,26.1,68.8,34.6,Low,40.3,69.2,Moderate,35.22,High,299.37,25.01,0
B04,Hostel,Dormitory,60000,6,2025-11-03 22:00:00,22,0,11,0,23.7,66.5,26.5,Low,37.4,45.4,Cool,38.25,High,325.12,27.16,0
B06,Research Lab,Laboratory,35000,4,2025-11-04 00:00:00,0,1,11,0,27.8,73.2,21.3,Low,37.8,48.6,Moderate,23.94,Low,203.49,17.0,0
B03,Library,Library,22000,3,2025-11-04 01:00:00,1,1,11,0,22.8,53.1,11.7,Low,14.5,40.2,Cool,16.07,Low,136.6,11.41,0
B02,Computer Lab,Laboratory,28000,3,2025-11-04 02:00:00,2,1,11,0,22.9,64.3,9.0,Low,26.4,49.3,Cool,20.2,Low,171.7,14.34,0
B04,Hostel,Dormitory,60000,6,2025-11-04 02:00:00,2,1,11,0,21.2,73.2,6.6,Low,29.0,43.6,Cool,25.97,Medium,220.74,18.44,0
B01,Academic Block,Classroom,45000,4,2025-11-04 02:00:00,2,1,11,0,24.0,73.8,12.5,Low,22.8,51.3,Cool,27.25,Medium,231.62,19.35,0
B01,Academic Block,Classroom,45000,4,2025-11-04 03:00:00,3,1,11,0,22.5,72.4,16.4,Low,14.0,51.7,Cool,24.08,Low,204.68,17.1,0
B02,Computer Lab,Laboratory,28000,3,2025-11-04 06:00:00,6,1,11,0,19.4,62.8,13.4,Low,20.4,51.0,Cool,23.42,Low,199.07,16.63,0
B04,Hostel,Dormitory,60000,6,2025-11-04 08:00:00,8,1,11,0,21.4,64.5,54.2,Medium,40.9,57.1,Cool,36.37,High,309.14,25.82,0
B06,Research Lab,Laboratory,35000,4,2025-11-04 09:00:00,9,1,11,0,21.7,52.0,57.3,Medium,33.0,60.4,Cool,32.66,High,277.61,23.19,0
B04,Hostel,Dormitory,60000,6,2025-11-04 10:00:00,10,1,11,0,21.4,68.2,54.5,Medium,38.4,58.5,Cool,34.3,High,291.55,24.35,0
B03,Library,Library,22000,3,2025-11-04 11:00:00,11,1,11,0,19.3,77.7,58.2,Medium,42.8,58.8,Cool,28.27,Medium,240.3,20.07,0
B01,Academic Block,Classroom,45000,4,2025-11-04 12:00:00,12,1,11,0,22.9,66.7,75.1,High,42.6,71.4,Cool,31.61,High,268.68,22.44,0
B06,Research Lab,Laboratory,35000,4,2025-11-04 12:00:00,12,1,11,0,20.6,72.6,64.4,Medium,50.3,65.7,Cool,32.6,High,277.1,23.15,0
B01,Academic Block,Classroom,45000,4,2025-11-04 13:00:00,13,1,11,0,24.3,69.4,67.7,Medium,51.9,68.0,Moderate,30.7,Medium,260.95,21.8,0
B03,Library,Library,22000,3,2025-11-04 13:00:00,13,1,11,0,22.1,65.1,57.8,Medium,34.4,59.4,Cool,23.05,Low,195.92,16.37,0
B04,Hostel,Dormitory,60000,6,2025-11-04 15:00:00,15,1,11,0,25.4,47.7,42.9,Medium,45.3,48.1,Moderate,35.25,High,299.62,25.03,0
B04,Hostel,Dormitory,60000,6,2025-11-04 15:00:00,15,1,11,0,24.0,75.2,59.9,Medium,39.6,63.5,Cool,35.68,High,303.28,25.33,0
B03,Library,Library,22000,3,2025-11-04 17:00:00,17,1,11,0,25.0,68.0,53.2,Medium,40.9,54.3,Moderate,20.8,Low,176.8,14.77,0
B06,Research Lab,Laboratory,35000,4,2025-11-04 18:00:00,18,1,11,0,27.1,54.6,57.9,Medium,49.7,52.3,Moderate,31.16,High,264.86,22.12,0
B01,Academic Block,Classroom,45000,4,2025-11-04 18:00:00,18,1,11,0,24.0,68.4,63.3,Medium,50.7,63.5,Cool,30.09,Medium,255.76,21.36,0
B04,Hostel,Dormitory,60000,6,2025-11-04 19:00:00,19,1,11,0,23.8,67.4,25.8,Low,32.0,49.9,Cool,30.66,Medium,260.61,21.77,0
B01,Academic Block,Classroom,45000,4,2025-11-04 21:00:00,21,1,11,0,26.2,73.2,6.3,Low,32.2,44.9,Moderate,17.03,Low,144.76,12.09,0
B05,Administration,Office,18000,3,2025-11-04 23:00:00,23,1,11,0,22.9,70.0,4.5,Low,31.8,35.4,Cool,18.74,Low,159.29,13.31,0
B04,Hostel,Dormitory,60000,6,2025-11-05 00:00:00,0,2,11,0,23.2,69.8,10.3,Low,27.3,40.2,Cool,28.22,Medium,239.87,20.04,0
B04,Hostel,Dormitory,60000,6,2025-11-05 00:00:00,0,2,11,0,22.0,68.8,17.8,Low,22.4,50.4,Cool,30.72,Medium,261.12,21.81,0
B04,Hostel,Dormitory,60000,6,2025-11-05 00:00:00,0,2,11,0,26.1,58.7,11.8,Low,35.7,43.8,Moderate,32.12,High,273.02,22.81,0
B02,Computer Lab,Laboratory,28000,3,2025-11-05 01:00:00,1,2,11,0,22.4,71.8,16.6,Low,23.3,53.4,Cool,18.99,Low,161.42,13.48,0
B04,Hostel,Dormitory,60000,6,2025-11-05 02:00:00,2,2,11,0,22.4,66.9,15.4,Low,24.4,45.5,Cool,31.42,High,267.07,22.31,0
B01,Academic Block,Classroom,45000,4,2025-11-05 06:00:00,6,2,11,0,19.7,62.6,8.9,Low,26.5,40.2,Cool,18.93,Low,160.9,13.44,0
B02,Computer Lab,Laboratory,28000,3,2025-11-05 06:00:00,6,2,11,0,21.1,63.5,20.7,Low,30.8,46.7,Cool,24.71,Medium,210.04,17.54,0
B02,Computer Lab,Laboratory,28000,3,2025-11-05 07:00:00,7,2,11,0,21.3,60.0,19.0,Low,25.6,23.3,Cool,15.26,Low,129.71,10.83,0
B02,Computer Lab,Laboratory,28000,3,2025-11-05 07:00:00,7,2,11,0,22.7,74.3,17.7,Low,25.6,25.6,Cool,13.8,Low,117.3,9.8,0
B02,Computer Lab,Laboratory,28000,3,2025-11-05 08:00:00,8,2,11,0,19.4,83.3,61.7,Medium,52.6,63.3,Cool,33.53,High,285.0,23.81,0
B05,Administration,Office,18000,3,2025-11-05 09:00:00,9,2,11,0,20.6,76.6,60.3,Medium,28.0,66.6,Cool,24.35,Low,206.98,17.29,0
B02,Computer Lab,Laboratory,28000,3,2025-11-05 10:00:00,10,2,11,0,23.8,68.6,56.4,Medium,45.2,61.6,Cool,28.31,Medium,240.64,20.1,0
B03,Library,Library,22000,3,2025-11-05 15:00:00,15,2,11,0,25.5,64.1,54.7,Medium,45.5,53.2,Moderate,24.01,Low,204.08,17.05,0
B04,Hostel,Dormitory,60000,6,2025-11-05 15:00:00,15,2,11,0,22.9,64.6,60.6,Medium,40.3,61.3,Cool,30.08,Medium,255.68,21.36,0
B03,Library,Library,22000,3,2025-11-05 16:00:00,16,2,11,0,24.3,58.7,62.7,Medium,47.8,62.2,Moderate,25.28,Medium,214.88,17.95,0
B03,Library,Library,22000,3,2025-11-05 17:00:00,17,2,11,0,27.8,76.4,44.8,Medium,40.3,54.4,Moderate,24.06,Low,204.51,17.08,0
B04,Hostel,Dormitory,60000,6,2025-11-05 18:00:00,18,2,11,0,23.4,59.0,52.8,Medium,33.2,61.2,Cool,32.66,High,277.61,23.19,0
B04,Hostel,Dormitory,60000,6,2025-11-05 18:00:00,18,2,11,0,22.3,61.2,33.6,Low,38.5,30.5,Cool,30.7,Medium,260.95,21.8,0
B01,Academic Block,Classroom,45000,4,2025-11-05 19:00:00,19,2,11,0,24.5,64.0,8.9,Low,23.6,48.6,Moderate,19.15,Low,162.77,13.6,0
B01,Academic Block,Classroom,45000,4,2025-11-05 21:00:00,21,2,11,0,25.2,64.0,7.3,Low,27.6,32.6,Moderate,16.86,Low,143.31,11.97,0
B04,Hostel,Dormitory,60000,6,2025-11-05 21:00:00,21,2,11,0,24.1,69.9,35.9,Medium,22.8,63.3,Moderate,32.32,High,274.72,22.95,0
B02,Computer Lab,Laboratory,28000,3,2025-11-05 22:00:00,22,2,11,0,26.6,59.0,4.4,Low,19.4,27.9,Moderate,15.9,Low,135.15,11.29,0
B02,Computer Lab,Laboratory,28000,3,2025-11-06 02:00:00,2,3,11,0,23.7,52.1,1.3,Low,25.0,41.1,Cool,22.32,Low,189.72,15.85,0
B04,Hostel,Dormitory,60000,6,2025-11-06 04:00:00,4,3,11,0,21.4,66.3,8.5,Low,29.5,39.7,Cool,29.81,Medium,253.38,21.17,0
B03,Library,Library,22000,3,2025-11-06 06:00:00,6,3,11,0,20.8,67.2,11.9,Low,20.0,47.3,Cool,20.74,Low,176.29,14.73,0
B04,Hostel,Dormitory,60000,6,2025-11-06 07:00:00,7,3,11,0,20.3,67.0,0.0,Low,29.8,13.6,Cool,27.58,Medium,234.43,19.58,0
B02,Computer Lab,Laboratory,28000,3,2025-11-06 09:00:00,9,3,11,0,22.7,65.0,66.8,Medium,52.4,70.0,Cool,41.52,High,352.92,29.48,0
B02,Computer Lab,Laboratory,28000,3,2025-11-06 09:00:00,9,3,11,0,20.7,66.0,57.4,Medium,45.4,49.7,Cool,44.66,High,379.61,31.71,1
B01,Academic Block,Classroom,45000,4,2025-11-06 10:00:00,10,3,11,0,19.8,59.9,66.8,Medium,49.9,68.1,Cool,32.76,High,278.46,23.26,0
B02,Computer Lab,Laboratory,28000,3,2025-11-06 13:00:00,13,3,11,0,24.3,75.8,66.5,Medium,55.3,67.0,Moderate,28.82,Medium,244.97,20.46,0
B01,Academic Block,Classroom,45000,4,2025-11-06 13:00:00,13,3,11,0,22.4,76.9,61.5,Medium,39.1,63.0,Cool,33.2,High,282.2,23.57,0
B05,Administration,Office,18000,3,2025-11-06 14:00:00,14,3,11,0,21.3,77.7,73.1,High,42.7,72.4,Cool,25.75,Medium,218.88,18.28,0
B01,Academic Block,Classroom,45000,4,2025-11-06 14:00:00,14,3,11,0,25.9,56.0,66.6,Medium,54.5,70.6,Moderate,26.12,Medium,222.02,18.55,0
B02,Computer Lab,Laboratory,28000,3,2025-11-06 16:00:00,16,3,11,0,25.3,67.6,64.3,Medium,41.0,68.2,Moderate,26.66,Medium,226.61,18.93,0
B04,Hostel,Dormitory,60000,6,2025-11-06 17:00:00,17,3,11,0,24.8,62.2,54.1,Medium,46.0,48.5,Moderate,34.28,High,291.38,24.34,0
B02,Computer Lab,Laboratory,28000,3,2025-11-06 18:00:00,18,3,11,0,24.8,61.8,63.6,Medium,50.1,63.3,Moderate,25.64,Medium,217.94,18.2,0
B01,Academic Block,Classroom,45000,4,2025-11-06 18:00:00,18,3,11,0,24.7,58.7,67.1,Medium,52.5,67.1,Moderate,33.56,High,285.26,23.83,0
B03,Library,Library,22000,3,2025-11-06 20:00:00,20,3,11,0,24.9,83.0,8.7,Low,31.7,41.2,Moderate,12.72,Low,108.12,9.03,0
B06,Research Lab,Laboratory,35000,4,2025-11-06 20:00:00,20,3,11,0,24.9,63.3,25.6,Low,26.5,55.0,Moderate,25.1,Medium,213.35,17.82,0
B01,Academic Block,Classroom,45000,4,2025-11-06 20:00:00,20,3,11,0,24.5,58.9,11.9,Low,18.4,46.3,Moderate,21.06,Low,179.01,14.95,0
B06,Research Lab,Laboratory,35000,4,2025-11-06 20:00:00,20,3,11,0,25.2,65.8,4.3,Low,27.7,42.0,Moderate,26.87,Medium,228.4,19.08,0
B04,Hostel,Dormitory,60000,6,2025-11-06 21:00:00,21,3,11,0,24.4,70.8,42.3,Medium,53.8,69.6,Moderate,34.87,High,296.4,24.76,0
B05,Administration,Office,18000,3,2025-11-07 00:00:00,0,4,11,0,24.6,64.3,9.8,Low,22.3,46.7,Moderate,18.99,Low,161.42,13.48,0
B03,Library,Library,22000,3,2025-11-07 01:00:00,1,4,11,0,23.8,67.7,0.0,Low,21.3,44.8,Cool,17.39,Low,147.82,12.35,0
B01,Academic Block,Classroom,45000,4,2025-11-07 03:00:00,3,4,11,0,21.7,74.7,6.2,Low,24.0,38.6,Cool,17.69,Low,150.36,12.56,0
B04,Hostel,Dormitory,60000,6,2025-11-07 03:00:00,3,4,11,0,22.6,60.2,0.0,Low,17.8,34.3,Cool,34.01,High,289.08,24.15,0
B01,Academic Block,Classroom,45000,4,2025-11-07 04:00:00,4,4,11,0,23.1,67.8,6.6,Low,28.2,43.5,Cool,26.21,Medium,222.78,18.61,0
B01,Academic Block,Classroom,45000,4,2025-11-07 04:00:00,4,4,11,0,18.9,65.4,24.3,Low,32.8,53.2,Cool,21.67,Low,184.2,15.39,0
B02,Computer Lab,Laboratory,28000,3,2025-11-07 06:00:00,6,4,11,0,22.4,61.7,15.2,Low,35.3,44.7,Cool,19.38,Low,164.73,13.76,0
B04,Hostel,Dormitory,60000,6,2025-11-07 06:00:00,6,4,11,0,19.7,81.5,12.0,Low,27.5,41.7,Cool,33.0,High,280.5,23.43,0
B01,Academic Block,Classroom,45000,4,2025-11-07 10:00:00,10,4,11,0,20.9,67.7,62.6,Medium,39.9,65.1,Cool,32.97,High,280.24,23.41,0
B01,Academic Block,Classroom,45000,4,2025-11-07 10:00:00,10,4,11,0,17.3,63.7,65.6,Medium,48.2,66.5,Cool,33.37,High,283.64,23.69,0
B01,Academic Block,Classroom,45000,4,2025-11-07 13:00:00,13,4,11,0,23.6,65.3,74.4,High,48.7,80.1,Cool,29.21,Medium,248.28,20.74,0
B03,Library,Library,22000,3,2025-11-07 14:00:00,14,4,11,0,22.2,58.8,42.1,Medium,32.8,41.5,Cool,18.57,Low,157.84,13.18,0
B04,Hostel,Dormitory,60000,6,2025-11-07 17:00:00,17,4,11,0,24.0,64.3,71.6,High,46.2,63.7,Cool,41.77,High,355.04,29.66,0
B03,Library,Library,22000,3,2025-11-07 18:00:00,18,4,11,0,25.2,60.1,48.7,Medium,39.8,51.9,Moderate,24.77,Medium,210.54,17.59,0
B04,Hostel,Dormitory,60000,6,2025-11-07 19:00:00,19,4,11,0,22.3,70.7,30.3,Low,37.7,53.8,Cool,29.51,Medium,250.84,20.95,0
B05,Administration,Office,18000,3,2025-11-07 22:00:00,22,4,11,0,25.1,78.5,10.9,Low,35.8,34.3,Moderate,21.76,Low,184.96,15.45,0
B03,Library,Library,22000,3,2025-11-07 23:00:00,23,4,11,0,25.7,63.2,10.7,Low,32.1,40.9,Moderate,25.03,Medium,212.76,17.77,0
B03,Library,Library,22000,3,2025-11-08 00:00:00,0,5,11,1,24.5,60.9,7.3,Low,24.4,51.3,Moderate,15.66,Low,133.11,11.12,0
B04,Hostel,Dormitory,60000,6,2025-11-08 02:00:00,2,5,11,1,22.6,67.6,18.1,Low,28.5,61.0,Cool,28.13,Medium,239.1,19.97,0
B01,Academic Block,Classroom,45000,4,2025-11-08 02:00:00,2,5,11,1,23.3,76.8,20.0,Low,24.9,52.7,Cool,29.1,Medium,247.35,20.66,0
B06,Research Lab,Laboratory,35000,4,2025-11-08 06:00:00,6,5,11,1,21.4,71.5,18.7,Low,26.0,43.5,Cool,30.22,Medium,256.87,21.46,0
B06,Research Lab,Laboratory,35000,4,2025-11-08 07:00:00,7,5,11,1,22.4,66.1,12.6,Low,16.1,20.5,Cool,27.35,Medium,232.48,19.42,0
B03,Library,Library,22000,3,2025-11-08 07:00:00,7,5,11,1,23.2,52.0,7.9,Low,24.2,21.4,Cool,17.13,Low,145.6,12.16,0
B04,Hostel,Dormitory,60000,6,2025-11-08 08:00:00,8,5,11,1,20.6,68.2,10.7,Low,29.0,20.5,Cool,25.93,Medium,220.4,18.41,0
B01,Academic Block,Classroom,45000,4,2025-11-08 09:00:00,9,5,11,1,21.7,73.1,11.4,Low,20.8,24.4,Cool,24.35,Low,206.98,17.29,0
B04,Hostel,Dormitory,60000,6,2025-11-08 11:00:00,11,5,11,1,20.8,75.1,5.1,Low,28.0,19.0,Cool,25.88,Medium,219.98,18.37,0
B01,Academic Block,Classroom,45000,4,2025-11-08 12:00:00,12,5,11,1,22.9,75.9,13.2,Low,29.9,18.8,Cool,20.58,Low,174.93,14.61,0
B01,Academic Block,Classroom,45000,4,2025-11-08 12:00:00,12,5,11,1,22.9,62.0,24.6,Low,32.8,33.2,Cool,24.69,Medium,209.86,17.53,0
B01,Academic Block,Classroom,45000,4,2025-11-08 14:00:00,14,5,11,1,23.0,63.8,10.8,Low,22.2,25.4,Cool,21.41,Low,181.98,15.2,0
B03,Library,Library,22000,3,2025-11-08 14:00:00,14,5,11,1,24.0,65.0,15.5,Low,23.6,24.8,Cool,14.83,Low,126.06,10.53,0
B02,Computer Lab,Laboratory,28000,3,2025-11-08 15:00:00,15,5,11,1,23.8,70.9,7.4,Low,31.9,25.3,Cool,17.39,Low,147.82,12.35,0
B05,Administration,Office,18000,3,2025-11-08 18:00:00,18,5,11,1,24.9,63.2,18.2,Low,24.5,28.9,Moderate,15.49,Low,131.66,11.0,0
B06,Research Lab,Laboratory,35000,4,2025-11-08 19:00:00,19,5,11,1,23.8,69.6,7.4,Low,23.5,39.9,Cool,20.91,Low,177.74,14.85,0
B01,Academic Block,Classroom,45000,4,2025-11-08 21:00:00,21,5,11,1,25.4,62.0,9.1,Low,30.8,42.1,Moderate,18.39,Low,156.32,13.06,0
B04,Hostel,Dormitory,60000,6,2025-11-08 21:00:00,21,5,11,1,24.3,60.6,35.6,Medium,51.1,59.0,Moderate,34.96,High,297.16,24.82,0
B04,Hostel,Dormitory,60000,6,2025-11-08 21:00:00,21,5,11,1,26.5,71.6,25.1,Low,41.2,55.9,Moderate,33.44,High,284.24,23.74,0
B04,Hostel,Dormitory,60000,6,2025-11-08 23:00:00,23,5,11,1,23.4,68.5,35.0,Low,30.8,57.0,Cool,34.79,High,295.71,24.7,0
B02,Computer Lab,Laboratory,28000,3,2025-11-09 02:00:00,2,6,11,1,23.6,71.3,19.4,Low,29.6,61.5,Cool,24.57,Medium,208.84,17.44,0
B01,Academic Block,Classroom,45000,4,2025-11-09 02:00:00,2,6,11,1,22.8,65.3,13.1,Low,24.6,55.0,Cool,23.3,Low,198.05,16.54,0
B02,Computer Lab,Laboratory,28000,3,2025-11-09 05:00:00,5,6,11,1,22.2,72.9,18.1,Low,28.7,48.2,Cool,25.66,Medium,218.11,18.22,0
B04,Hostel,Dormitory,60000,6,2025-11-09 05:00:00,5,6,11,1,21.7,60.2,3.0,Low,27.0,40.1,Cool,28.55,Medium,242.68,20.27,0
B01,Academic Block,Classroom,45000,4,2025-11-09 06:00:00,6,6,11,1,20.2,62.5,15.1,Low,21.6,49.3,Cool,24.08,Low,204.68,17.1,0
B02,Computer Lab,Laboratory,28000,3,2025-11-09 06:00:00,6,6,11,1,23.1,73.1,8.8,Low,26.2,44.6,Cool,23.77,Low,202.04,16.88,0
B03,Library,Library,22000,3,2025-11-09 08:00:00,8,6,11,1,19.8,68.7,14.7,Low,31.0,29.4,Cool,26.79,Medium,227.72,19.02,1
B01,Academic Block,Classroom,45000,4,2025-11-09 08:00:00,8,6,11,1,22.1,65.6,23.1,Low,21.1,36.1,Cool,26.39,Medium,224.32,18.74,0
B04,Hostel,Dormitory,60000,6,2025-11-09 13:00:00,13,6,11,1,20.1,62.5,0.0,Low,19.2,18.5,Cool,25.92,Medium,220.32,18.4,0
B01,Academic Block,Classroom,45000,4,2025-11-09 13:00:00,13,6,11,1,22.2,72.9,7.7,Low,20.8,16.8,Cool,20.18,Low,171.53,14.33,0
B02,Computer Lab,Laboratory,28000,3,2025-11-09 16:00:00,16,6,11,1,26.5,76.9,0.0,Low,28.0,17.2,Moderate,23.54,Low,200.09,16.71,0
B04,Hostel,Dormitory,60000,6,2025-11-09 18:00:00,18,6,11,1,24.5,69.7,3.4,Low,12.4,13.8,Moderate,23.51,Low,199.84,16.69,0
B04,Hostel,Dormitory,60000,6,2025-11-09 18:00:00,18,6,11,1,25.1,61.8,8.7,Low,24.4,24.1,Moderate,26.1,Medium,221.85,18.53,0
B05,Administration,Office,18000,3,2025-11-09 19:00:00,19,6,11,1,27.5,72.7,18.0,Low,23.5,53.2,Moderate,20.17,Low,171.45,14.32,0
B04,Hostel,Dormitory,60000,6,2025-11-09 20:00:00,20,6,11,1,25.0,67.5,37.7,Medium,32.2,65.2,Moderate,33.9,High,288.15,24.07,0
B01,Academic Block,Classroom,45000,4,2025-11-09 23:00:00,23,6,11,1,25.0,62.0,17.5,Low,32.3,51.9,Moderate,36.25,High,308.12,25.74,0
B05,Administration,Office,18000,3,2025-11-10 00:00:00,0,0,11,0,25.0,73.9,15.9,Low,33.4,48.0,Moderate,21.7,Low,184.45,15.41,0
B01,Academic Block,Classroom,45000,4,2025-11-10 00:00:00,0,0,11,0,22.1,66.1,2.6,Low,18.7,46.2,Cool,13.27,Low,112.8,9.42,0
B03,Library,Library,22000,3,2025-11-10 00:00:00,0,0,11,0,23.4,56.2,17.6,Low,16.0,50.3,Cool,18.67,Low,158.7,13.26,0
B03,Library,Library,22000,3,2025-11-10 01:00:00,1,0,11,0,23.8,63.7,7.3,Low,22.3,35.9,Cool,10.15,Low,86.28,7.21,0
B04,Hostel,Dormitory,60000,6,2025-11-10 02:00:00,2,0,11,0,20.7,72.2,15.1,Low,17.8,43.9,Cool,27.1,Medium,230.35,19.24,0
B04,Hostel,Dormitory,60000,6,2025-11-10 05:00:00,5,0,11,0,23.8,60.9,5.6,Low,23.7,41.4,Cool,28.77,Medium,244.54,20.43,0
B04,Hostel,Dormitory,60000,6,2025-11-10 05:00:00,5,0,11,0,22.8,53.7,10.7,Low,25.8,49.6,Cool,27.66,Medium,235.11,19.64,0
B05,Administration,Office,18000,3,2025-11-10 06:00:00,6,0,11,0,22.3,77.4,11.5,Low,14.9,45.6,Cool,8.06,Low,68.51,5.72,0
B02,Computer Lab,Laboratory,28000,3,2025-11-10 07:00:00,7,0,11,0,23.2,87.4,14.4,Low,24.9,26.9,Cool,21.59,Low,183.52,15.33,0
B04,Hostel,Dormitory,60000,6,2025-11-10 12:00:00,12,0,11,0,23.2,63.1,45.1,Medium,24.7,43.2,Cool,29.94,Medium,254.49,21.26,0
B03,Library,Library,22000,3,2025-11-10 14:00:00,14,0,11,0,22.8,62.4,59.5,Medium,41.1,69.1,Cool,27.25,Medium,231.62,19.35,0
B04,Hostel,Dormitory,60000,6,2025-11-10 15:00:00,15,0,11,0,21.2,58.6,41.8,Medium,33.5,39.7,Cool,25.66,Medium,218.11,18.22,0
B03,Library,Library,22000,3,2025-11-10 15:00:00,15,0,11,0,22.6,61.2,66.8,Medium,35.4,57.4,Cool,42.3,High,359.55,30.03,1
B05,Administration,Office,18000,3,2025-11-10 16:00:00,16,0,11,0,23.1,55.8,57.4,Medium,33.4,55.7,Cool,25.12,Medium,213.52,17.84,0
B03,Library,Library,22000,3,2025-11-10 17:00:00,17,0,11,0,25.5,55.5,41.2,Medium,51.3,48.9,Moderate,15.64,Low,132.94,11.1,0
B06,Research Lab,Laboratory,35000,4,2025-11-10 17:00:00,17,0,11,0,24.7,65.3,58.3,Medium,47.3,56.7,Moderate,32.95,High,280.08,23.39,0
B04,Hostel,Dormitory,60000,6,2025-11-10 17:00:00,17,0,11,0,22.2,56.2,48.1,Medium,33.0,48.0,Cool,30.54,Medium,259.59,21.68,0
B01,Academic Block,Classroom,45000,4,2025-11-10 18:00:00,18,0,11,0,26.2,53.8,60.2,Medium,46.6,56.0,Moderate,29.73,Medium,252.7,21.11,0
B04,Hostel,Dormitory,60000,6,2025-11-10 19:00:00,19,0,11,0,27.1,64.8,41.4,Medium,36.5,74.9,Moderate,31.26,High,265.71,22.19,0
B02,Computer Lab,Laboratory,28000,3,2025-11-10 20:00:00,20,0,11,0,27.3,58.8,17.3,Low,36.9,49.7,Moderate,23.87,Low,202.9,16.95,0
B01,Academic Block,Classroom,45000,4,2025-11-10 21:00:00,21,0,11,0,23.4,68.8,15.2,Low,27.1,50.9,Cool,20.22,Low,171.87,14.36,0
B03,Library,Library,22000,3,2025-11-10 23:00:00,23,0,11,0,25.0,62.6,5.3,Low,31.6,49.3,Moderate,13.88,Low,117.98,9.85,0
B04,Hostel,Dormitory,60000,6,2025-11-11 01:00:00,1,1,11,0,22.1,66.0,8.3,Low,29.2,51.4,Cool,32.32,High,274.72,22.95,0
B06,Research Lab,Laboratory,35000,4,2025-11-11 02:00:00,2,1,11,0,26.0,69.7,7.7,Low,38.0,36.3,Moderate,24.49,Medium,208.16,17.39,0
B04,Hostel,Dormitory,60000,6,2025-11-11 04:00:00,4,1,11,0,22.1,63.5,0.0,Low,25.3,36.2,Cool,28.37,Medium,241.14,20.14,0
B02,Computer Lab,Laboratory,28000,3,2025-11-11 04:00:00,4,1,11,0,21.5,72.8,13.9,Low,23.6,49.4,Cool,22.68,Low,192.78,16.1,0
B06,Research Lab,Laboratory,35000,4,2025-11-11 05:00:00,5,1,11,0,20.8,65.4,14.4,Low,16.9,46.3,Cool,28.19,Medium,239.62,20.01,0
B05,Administration,Office,18000,3,2025-11-11 05:00:00,5,1,11,0,22.2,61.5,12.9,Low,23.1,41.3,Cool,17.78,Low,151.13,12.62,0
B03,Library,Library,22000,3,2025-11-11 05:00:00,5,1,11,0,22.4,59.6,13.6,Low,25.2,31.9,Cool,19.04,Low,161.84,13.52,0
B01,Academic Block,Classroom,45000,4,2025-11-11 05:00:00,5,1,11,0,19.2,58.0,4.1,Low,23.8,44.8,Cool,24.74,Medium,210.29,17.57,0
B01,Academic Block,Classroom,45000,4,2025-11-11 07:00:00,7,1,11,0,23.2,57.8,5.7,Low,20.8,28.5,Cool,18.15,Low,154.27,12.89,0
B02,Computer Lab,Laboratory,28000,3,2025-11-11 07:00:00,7,1,11,0,21.8,55.1,9.8,Low,16.2,26.0,Cool,26.27,Medium,223.3,18.65,0
B04,Hostel,Dormitory,60000,6,2025-11-11 09:00:00,9,1,11,0,23.2,59.5,60.7,Medium,44.9,60.4,Cool,31.61,High,268.68,22.44,0
B04,Hostel,Dormitory,60000,6,2025-11-11 10:00:00,10,1,11,0,23.9,71.6,59.1,Medium,58.6,56.6,Cool,38.32,High,325.72,27.21,0
B03,Library,Library,22000,3,2025-11-11 10:00:00,10,1,11,0,21.2,68.0,58.5,Medium,49.0,59.5,Cool,26.18,Medium,222.53,18.59,0
B04,Hostel,Dormitory,60000,6,2025-11-11 11:00:00,11,1,11,0,22.9,64.0,65.1,Medium,51.6,70.5,Cool,46.22,High,392.87,32.82,0
B04,Hostel,Dormitory,60000,6,2025-11-11 12:00:00,12,1,11,0,21.2,63.2,54.6,Medium,36.9,58.7,Cool,36.24,High,308.04,25.73,0
B01,Academic Block,Classroom,45000,4,2025-11-11 13:00:00,13,1,11,0,21.9,66.9,71.1,High,40.4,57.4,Cool,27.9,Medium,237.15,19.81,0
B03,Library,Library,22000,3,2025-11-11 13:00:00,13,1,11,0,24.9,65.3,65.3,Medium,52.6,72.0,Moderate,24.68,Medium,209.78,17.52,0
B06,Research Lab,Laboratory,35000,4,2025-11-11 14:00:00,14,1,11,0,22.0,59.6,63.7,Medium,49.9,66.2,Cool,30.95,High,263.08,21.97,0
B04,Hostel,Dormitory,60000,6,2025-11-11 14:00:00,14,1,11,0,23.4,69.5,62.5,Medium,42.8,56.5,Cool,36.39,High,309.32,25.84,0
B01,Academic Block,Classroom,45000,4,2025-11-11 15:00:00,15,1,11,0,22.2,65.0,66.8,Medium,40.2,68.1,Cool,31.43,High,267.15,22.32,0
B02,Computer Lab,Laboratory,28000,3,2025-11-11 20:00:00,20,1,11,0,24.1,67.8,7.5,Low,23.2,41.7,Moderate,22.8,Low,193.8,16.19,0
B05,Administration,Office,18000,3,2025-11-11 20:00:00,20,1,11,0,24.3,65.3,11.3,Low,29.4,44.5,Moderate,17.2,Low,146.2,12.21,0
B02,Computer Lab,Laboratory,28000,3,2025-11-11 23:00:00,23,1,11,0,26.7,53.7,13.7,Low,32.9,40.2,Moderate,25.29,Medium,214.96,17.96,0
B01,Academic Block,Classroom,45000,4,2025-11-12 02:00:00,2,2,11,0,23.8,75.1,5.7,Low,25.3,38.0,Cool,18.14,Low,154.19,12.88,0
B01,Academic Block,Classroom,45000,4,2025-11-12 02:00:00,2,2,11,0,24.3,65.5,7.0,Low,34.0,32.2,Moderate,17.18,Low,146.03,12.2,0
B01,Academic Block,Classroom,45000,4,2025-11-12 04:00:00,4,2,11,0,19.3,67.0,9.0,Low,28.3,47.9,Cool,27.13,Medium,230.6,19.26,0
B06,Research Lab,Laboratory,35000,4,2025-11-12 04:00:00,4,2,11,0,22.1,71.4,4.3,Low,20.6,33.9,Cool,16.89,Low,143.56,11.99,0
B01,Academic Block,Classroom,45000,4,2025-11-12 05:00:00,5,2,11,0,21.0,60.1,7.9,Low,22.8,46.5,Cool,22.24,Low,189.04,15.79,0
B06,Research Lab,Laboratory,35000,4,2025-11-12 10:00:00,10,2,11,0,22.0,56.4,63.9,Medium,48.5,66.0,Cool,29.53,Medium,251.0,20.97,0
B04,Hostel,Dormitory,60000,6,2025-11-12 12:00:00,12,2,11,0,25.6,68.4,56.6,Medium,49.5,55.5,Moderate,42.47,High,361.0,30.15,0
B04,Hostel,Dormitory,60000,6,2025-11-12 14:00:00,14,2,11,0,19.4,77.5,41.2,Medium,44.3,42.2,Cool,40.06,High,340.51,28.44,0
B02,Computer Lab,Laboratory,28000,3,2025-11-12 15:00:00,15,2,11,0,24.1,67.7,61.0,Medium,49.2,61.8,Moderate,29.98,Medium,254.83,21.29,0
B03,Library,Library,22000,3,2025-11-12 19:00:00,19,2,11,0,28.3,68.0,11.5,Low,36.9,49.0,Moderate,19.55,Low,166.18,13.88,0
B03,Library,Library,22000,3,2025-11-12 20:00:00,20,2,11,0,24.3,56.7,19.4,Low,28.0,53.6,Moderate,18.36,Low,156.06,13.04,0
B01,Academic Block,Classroom,45000,4,2025-11-12 23:00:00,23,2,11,0,24.7,62.7,10.1,Low,19.0,45.4,Moderate,45.59,High,387.52,32.37,1
B06,Research Lab,Laboratory,35000,4,2025-11-13 00:00:00,0,3,11,0,25.0,60.4,3.3,Low,32.9,36.7,Moderate,26.83,Medium,228.05,19.05,0
B05,Administration,Office,18000,3,2025-11-13 02:00:00,2,3,11,0,19.7,76.4,8.6,Low,29.4,45.5,Cool,43.92,High,373.32,31.18,1
B01,Academic Block,Classroom,45000,4,2025-11-13 04:00:00,4,3,11,0,22.4,70.5,3.6,Low,30.2,30.0,Cool,18.29,Low,155.46,12.99,0
B04,Hostel,Dormitory,60000,6,2025-11-13 05:00:00,5,3,11,0,20.4,75.9,0.0,Low,12.7,36.2,Cool,27.11,Medium,230.44,19.25,0
B03,Library,Library,22000,3,2025-11-13 06:00:00,6,3,11,0,24.3,61.2,11.6,Low,30.5,43.7,Moderate,17.7,Low,150.45,12.57,0
B03,Library,Library,22000,3,2025-11-13 07:00:00,7,3,11,0,20.7,60.5,15.6,Low,21.4,20.6,Cool,14.6,Low,124.1,10.37,0
B03,Library,Library,22000,3,2025-11-13 08:00:00,8,3,11,0,19.9,78.4,56.2,Medium,39.1,55.4,Cool,22.23,Low,188.96,15.78,0
B06,Research Lab,Laboratory,35000,4,2025-11-13 09:00:00,9,3,11,0,22.3,67.3,49.8,Medium,28.6,60.8,Cool,28.45,Medium,241.82,20.2,0
B02,Computer Lab,Laboratory,28000,3,2025-11-13 10:00:00,10,3,11,0,22.0,74.9,49.3,Medium,33.2,54.8,Cool,27.58,Medium,234.43,19.58,0
B01,Academic Block,Classroom,45000,4,2025-11-13 11:00:00,11,3,11,0,22.9,66.2,68.1,Medium,44.8,70.8,Cool,32.82,High,278.97,23.3,0
B02,Computer Lab,Laboratory,28000,3,2025-11-13 11:00:00,11,3,11,0,24.4,80.9,70.7,High,51.4,65.8,Moderate,33.0,High,280.5,23.43,0
B01,Academic Block,Classroom,45000,4,2025-11-13 11:00:00,11,3,11,0,20.7,76.7,75.7,High,51.0,63.4,Cool,27.49,Medium,233.66,19.52,0
B02,Computer Lab,Laboratory,28000,3,2025-11-13 11:00:00,11,3,11,0,24.1,64.6,56.7,Medium,53.2,65.0,Moderate,27.76,Medium,235.96,19.71,0
B01,Academic Block,Classroom,45000,4,2025-11-13 12:00:00,12,3,11,0,24.8,65.3,68.1,Medium,48.2,62.4,Moderate,33.33,High,283.3,23.66,0
B06,Research Lab,Laboratory,35000,4,2025-11-13 12:00:00,12,3,11,0,20.8,68.5,65.2,Medium,40.0,62.3,Cool,36.48,High,310.08,25.9,0
B01,Academic Block,Classroom,45000,4,2025-11-13 13:00:00,13,3,11,0,21.4,59.9,65.6,Medium,45.1,57.5,Cool,32.25,High,274.12,22.9,0
B02,Computer Lab,Laboratory,28000,3,2025-11-13 15:00:00,15,3,11,0,23.6,62.7,49.4,Medium,42.0,59.0,Cool,26.96,Medium,229.16,19.14,0
B02,Computer Lab,Laboratory,28000,3,2025-11-13 17:00:00,17,3,11,0,24.1,61.8,39.1,Medium,30.8,46.0,Moderate,26.91,Medium,228.74,19.11,0
B06,Research Lab,Laboratory,35000,4,2025-11-13 19:00:00,19,3,11,0,27.5,64.6,13.3,Low,27.3,44.3,Moderate,26.39,Medium,224.32,18.74,0
B04,Hostel,Dormitory,60000,6,2025-11-13 23:00:00,23,3,11,0,23.1,60.8,30.6,Low,46.4,61.0,Cool,30.08,Medium,255.68,21.36,0
B02,Computer Lab,Laboratory,28000,3,2025-11-13 23:00:00,23,3,11,0,24.7,64.2,0.1,Low,26.5,33.2,Moderate,20.03,Low,170.26,14.22,0
B01,Academic Block,Classroom,45000,4,2025-11-13 23:00:00,23,3,11,0,23.2,63.9,2.0,Low,27.6,33.5,Cool,22.38,Low,190.23,15.89,0
B04,Hostel,Dormitory,60000,6,2025-11-14 00:00:00,0,4,11,0,24.1,66.3,10.2,Low,30.8,36.7,Moderate,31.54,High,268.09,22.39,0
B06,Research Lab,Laboratory,35000,4,2025-11-14 03:00:00,3,4,11,0,25.6,74.8,8.2,Low,32.2,34.6,Moderate,29.19,Medium,248.12,20.72,0
B01,Academic Block,Classroom,45000,4,2025-11-14 04:00:00,4,4,11,0,24.7,72.9,22.0,Low,40.2,56.9,Moderate,32.43,High,275.65,23.03,0
B04,Hostel,Dormitory,60000,6,2025-11-14 04:00:00,4,4,11,0,22.5,57.8,21.9,Low,42.0,57.8,Cool,26.5,Medium,225.25,18.81,0
B03,Library,Library,22000,3,2025-11-14 06:00:00,6,4,11,0,22.1,67.0,6.1,Low,25.7,31.1,Cool,15.91,Low,135.24,11.3,0
B04,Hostel,Dormitory,60000,6,2025-11-14 06:00:00,6,4,11,0,21.9,65.4,22.5,Low,28.6,51.6,Cool,35.96,High,305.66,25.53,0
B05,Administration,Office,18000,3,2025-11-14 06:00:00,6,4,11,0,20.7,63.9,23.3,Low,34.3,53.0,Cool,21.85,Low,185.73,15.51,0
B06,Research Lab,Laboratory,35000,4,2025-11-14 06:00:00,6,4,11,0,24.1,80.8,14.1,Low,27.4,42.3,Moderate,27.36,Medium,232.56,19.43,0
B05,Administration,Office,18000,3,2025-11-14 07:00:00,7,4,11,0,23.0,62.9,5.5,Low,16.5,15.0,Cool,11.12,Low,94.52,7.9,0
B01,Academic Block,Classroom,45000,4,2025-11-14 08:00:00,8,4,11,0,21.3,64.8,67.4,Medium,47.5,66.1,Cool,29.04,Medium,246.84,20.62,0
B04,Hostel,Dormitory,60000,6,2025-11-14 09:00:00,9,4,11,0,20.7,80.7,36.1,Medium,27.2,38.6,Cool,33.4,High,283.9,23.71,0
B01,Academic Block,Classroom,45000,4,2025-11-14 09:00:00,9,4,11,0,20.8,75.1,62.5,Medium,37.2,62.0,Cool,28.08,Medium,238.68,19.94,0
B05,Administration,Office,18000,3,2025-11-14 10:00:00,10,4,11,0,21.7,64.5,64.6,Medium,35.0,58.0,Cool,19.23,Low,163.46,13.65,0
B01,Academic Block,Classroom,45000,4,2025-11-14 11:00:00,11,4,11,0,21.5,73.1,69.3,Medium,29.2,64.1,Cool,30.04,Medium,255.34,21.33,0
B06,Research Lab,Laboratory,35000,4,2025-11-14 11:00:00,11,4,11,0,23.2,64.8,55.7,Medium,33.7,55.4,Cool,28.9,Medium,245.65,20.52,0
B02,Computer Lab,Laboratory,28000,3,2025-11-14 13:00:00,13,4,11,0,23.1,65.3,59.3,Medium,43.4,57.8,Cool,32.02,High,272.17,22.73,0
B02,Computer Lab,Laboratory,28000,3,2025-11-14 13:00:00,13,4,11,0,21.0,62.6,51.7,Medium,45.3,59.5,Cool,30.01,Medium,255.08,21.31,0
B04,Hostel,Dormitory,60000,6,2025-11-14 14:00:00,14,4,11,0,21.2,51.0,60.9,Medium,38.1,57.9,Cool,42.25,High,359.12,30.0,0
B06,Research Lab,Laboratory,35000,4,2025-11-14 15:00:00,15,4,11,0,24.9,55.1,68.9,Medium,45.2,71.4,Moderate,29.4,Medium,249.9,20.87,0
B01,Academic Block,Classroom,45000,4,2025-11-14 16:00:00,16,4,11,0,22.2,59.5,71.6,High,45.0,53.8,Cool,31.06,High,264.01,22.05,0
B04,Hostel,Dormitory,60000,6,2025-11-14 17:00:00,17,4,11,0,23.8,68.9,49.1,Medium,40.0,51.8,Cool,36.25,High,308.12,25.74,0
B04,Hostel,Dormitory,60000,6,2025-11-14 18:00:00,18,4,11,0,24.0,66.9,45.2,Medium,39.1,38.4,Cool,34.94,High,296.99,24.81,0
B04,Hostel,Dormitory,60000,6,2025-11-14 22:00:00,22,4,11,0,22.8,74.4,37.9,Medium,41.1,69.6,Cool,35.25,High,299.62,25.03,0
B01,Academic Block,Classroom,45000,4,2025-11-14 22:00:00,22,4,11,0,25.1,56.5,13.3,Low,28.4,55.1,Moderate,18.07,Low,153.6,12.83,0
B06,Research Lab,Laboratory,35000,4,2025-11-14 23:00:00,23,4,11,0,24.1,78.2,5.0,Low,22.6,38.6,Moderate,16.12,Low,137.02,11.45,0
B04,Hostel,Dormitory,60000,6,2025-11-14 23:00:00,23,4,11,0,23.4,78.1,39.4,Medium,36.4,73.2,Cool,46.92,High,398.82,33.31,1
B01,Academic Block,Classroom,45000,4,2025-11-15 00:00:00,0,5,11,1,27.0,63.6,8.9,Low,36.0,37.7,Moderate,25.93,Medium,220.4,18.41,0
B06,Research Lab,Laboratory,35000,4,2025-11-15 00:00:00,0,5,11,1,20.2,64.0,6.0,Low,39.3,44.4,Cool,18.41,Low,156.49,13.07,0
B02,Computer Lab,Laboratory,28000,3,2025-11-15 02:00:00,2,5,11,1,21.6,63.3,18.6,Low,37.0,53.2,Cool,26.73,Medium,227.2,18.98,0
B03,Library,Library,22000,3,2025-11-15 03:00:00,3,5,11,1,21.5,69.2,6.5,Low,23.8,39.1,Cool,15.8,Low,134.3,11.22,0
B05,Administration,Office,18000,3,2025-11-15 03:00:00,3,5,11,1,20.3,81.9,12.9,Low,21.4,44.6,Cool,15.28,Low,129.88,10.85,0
B02,Computer Lab,Laboratory,28000,3,2025-11-15 03:00:00,3,5,11,1,25.7,63.8,21.0,Low,33.5,52.4,Moderate,31.27,High,265.8,22.2,0
B03,Library,Library,22000,3,2025-11-15 04:00:00,4,5,11,1,25.2,53.8,20.3,Low,28.8,51.3,Moderate,25.64,Medium,217.94,18.2,0
B06,Research Lab,Laboratory,35000,4,2025-11-15 05:00:00,5,5,11,1,20.4,81.9,14.4,Low,26.3,47.5,Cool,22.33,Low,189.8,15.85,0
B05,Administration,Office,18000,3,2025-11-15 06:00:00,6,5,11,1,23.0,63.8,3.8,Low,25.1,48.5,Cool,18.93,Low,160.9,13.44,0
B02,Computer Lab,Laboratory,28000,3,2025-11-15 06:00:00,6,5,11,1,22.0,77.6,8.5,Low,26.6,51.4,Cool,22.51,Low,191.34,15.98,0
B04,Hostel,Dormitory,60000,6,2025-11-15 07:00:00,7,5,11,1,23.4,70.7,28.9,Low,20.8,40.9,Cool,32.92,High,279.82,23.37,0
B01,Academic Block,Classroom,45000,4,2025-11-15 08:00:00,8,5,11,1,20.7,67.4,18.6,Low,21.3,39.3,Cool,21.6,Low,183.6,15.34,0
B05,Administration,Office,18000,3,2025-11-15 09:00:00,9,5,11,1,21.6,74.5,10.4,Low,32.4,17.3,Cool,11.16,Low,94.86,7.92,0
B01,Academic Block,Classroom,45000,4,2025-11-15 09:00:00,9,5,11,1,23.0,61.5,3.2,Low,16.3,21.5,Cool,19.95,Low,169.58,14.16,0
B02,Computer Lab,Laboratory,28000,3,2025-11-15 09:00:00,9,5,11,1,22.8,64.7,0.0,Low,16.8,19.3,Cool,21.7,Low,184.45,15.41,0
B01,Academic Block,Classroom,45000,4,2025-11-15 10:00:00,10,5,11,1,21.4,64.2,20.5,Low,25.2,28.3,Cool,22.44,Low,190.74,15.93,0
B01,Academic Block,Classroom,45000,4,2025-11-15 11:00:00,11,5,11,1,20.0,67.6,20.6,Low,35.7,41.2,Cool,27.58,Medium,234.43,19.58,0
B04,Hostel,Dormitory,60000,6,2025-11-15 11:00:00,11,5,11,1,20.3,72.6,11.7,Low,28.1,31.9,Cool,33.08,High,281.18,23.49,0
B06,Research Lab,Laboratory,35000,4,2025-11-15 12:00:00,12,5,11,1,19.1,73.5,9.1,Low,21.5,24.5,Cool,26.59,Medium,226.02,18.88,0
B01,Academic Block,Classroom,45000,4,2025-11-15 12:00:00,12,5,11,1,23.0,55.7,19.9,Low,26.0,26.4,Cool,24.49,Medium,208.16,17.39,0
B06,Research Lab,Laboratory,35000,4,2025-11-15 13:00:00,13,5,11,1,22.7,63.1,1.6,Low,17.7,8.5,Cool,28.74,Medium,244.29,20.41,1
B04,Hostel,Dormitory,60000,6,2025-11-15 14:00:00,14,5,11,1,23.3,63.8,26.0,Low,23.9,29.3,Cool,22.43,Low,190.66,15.93,0
B01,Academic Block,Classroom,45000,4,2025-11-15 16:00:00,16,5,11,1,23.8,70.1,17.2,Low,24.4,36.1,Cool,25.04,Medium,212.84,17.78,0
B04,Hostel,Dormitory,60000,6,2025-11-15 17:00:00,17,5,11,1,22.6,57.1,3.2,Low,32.8,16.0,Cool,30.18,Medium,256.53,21.43,0
B04,Hostel,Dormitory,60000,6,2025-11-15 17:00:00,17,5,11,1,24.8,70.1,17.5,Low,40.1,33.9,Moderate,30.54,Medium,259.59,21.68,0
B02,Computer Lab,Laboratory,28000,3,2025-11-15 20:00:00,20,5,11,1,25.8,56.5,7.2,Low,27.3,42.2,Moderate,23.0,Low,195.5,16.33,0
B04,Hostel,Dormitory,60000,6,2025-11-15 22:00:00,22,5,11,1,23.3,68.1,22.6,Low,27.3,41.8,Cool,29.73,Medium,252.7,21.11,0
B04,Hostel,Dormitory,60000,6,2025-11-15 23:00:00,23,5,11,1,24.2,73.4,37.5,Medium,43.9,61.8,Moderate,34.41,High,292.48,24.43,0
B01,Academic Block,Classroom,45000,4,2025-11-16 02:00:00,2,6,11,1,21.8,59.0,4.3,Low,17.9,33.4,Cool,22.35,Low,189.98,15.87,0
B01,Academic Block,Classroom,45000,4,2025-11-16 04:00:00,4,6,11,1,21.5,69.5,2.6,Low,24.9,41.1,Cool,25.15,Medium,213.77,17.86,0
B02,Computer Lab,Laboratory,28000,3,2025-11-16 04:00:00,4,6,11,1,20.1,67.6,15.4,Low,18.7,51.0,Cool,22.57,Low,191.84,16.02,0
B03,Library,Library,22000,3,2025-11-16 04:00:00,4,6,11,1,21.4,61.0,11.3,Low,25.0,42.6,Cool,17.66,Low,150.11,12.54,0
B05,Administration,Office,18000,3,2025-11-16 05:00:00,5,6,11,1,23.8,57.4,19.1,Low,27.1,57.0,Cool,17.76,Low,150.96,12.61,0
B04,Hostel,Dormitory,60000,6,2025-11-16 06:00:00,6,6,11,1,20.3,63.8,9.9,Low,26.2,47.8,Cool,29.95,Medium,254.58,21.26,0
B04,Hostel,Dormitory,60000,6,2025-11-16 07:00:00,7,6,11,1,19.9,63.4,9.3,Low,31.0,19.8,Cool,21.02,Low,178.67,14.92,0
B02,Computer Lab,Laboratory,28000,3,2025-11-16 08:00:00,8,6,11,1,19.9,67.6,0.0,Low,16.4,17.7,Cool,21.93,Low,186.4,15.57,0
B04,Hostel,Dormitory,60000,6,2025-11-16 10:00:00,10,6,11,1,20.8,65.4,15.5,Low,19.0,22.7,Cool,26.87,Medium,228.4,19.08,0
B05,Administration,Office,18000,3,2025-11-16 14:00:00,14,6,11,1,25.5,67.6,11.9,Low,28.7,22.2,Moderate,13.3,Low,113.05,9.44,0
B03,Library,Library,22000,3,2025-11-16 14:00:00,14,6,11,1,24.9,70.7,20.3,Low,40.4,33.3,Moderate,24.32,Low,206.72,17.27,0
B05,Administration,Office,18000,3,2025-11-16 14:00:00,14,6,11,1,22.6,56.2,17.3,Low,27.9,28.3,Cool,15.64,Low,132.94,11.1,0
B04,Hostel,Dormitory,60000,6,2025-11-16 14:00:00,14,6,11,1,21.9,65.7,14.3,Low,24.6,18.6,Cool,24.11,Low,204.94,17.12,0
B02,Computer Lab,Laboratory,28000,3,2025-11-16 17:00:00,17,6,11,1,21.6,61.1,6.9,Low,29.3,22.3,Cool,23.5,Low,199.75,16.68,0
B05,Administration,Office,18000,3,2025-11-16 19:00:00,19,6,11,1,23.4,58.7,9.1,Low,28.8,40.2,Cool,14.94,Low,126.99,10.61,0
B05,Administration,Office,18000,3,2025-11-16 19:00:00,19,6,11,1,21.8,56.6,15.8,Low,39.5,42.9,Cool,17.12,Low,145.52,12.16,0
B03,Library,Library,22000,3,2025-11-16 21:00:00,21,6,11,1,25.9,52.8,11.6,Low,24.5,38.2,Moderate,20.62,Low,175.27,14.64,0
B03,Library,Library,22000,3,2025-11-16 21:00:00,21,6,11,1,26.8,59.9,21.9,Low,36.3,50.5,Moderate,24.19,Low,205.62,17.17,0
B02,Computer Lab,Laboratory,28000,3,2025-11-16 23:00:00,23,6,11,1,23.7,68.8,21.2,Low,22.2,52.2,Cool,18.41,Low,156.49,13.07,0
B06,Research Lab,Laboratory,35000,4,2025-11-16 23:00:00,23,6,11,1,24.8,67.9,10.2,Low,22.1,41.5,Moderate,23.33,Low,198.3,16.56,0
B06,Research Lab,Laboratory,35000,4,2025-11-17 00:00:00,0,0,11,0,22.1,60.0,12.7,Low,32.5,46.1,Cool,20.01,Low,170.08,14.21,0
B06,Research Lab,Laboratory,35000,4,2025-11-17 01:00:00,1,0,11,0,20.4,60.6,6.4,Low,16.8,38.5,Cool,21.02,Low,178.67,14.92,0
B06,Research Lab,Laboratory,35000,4,2025-11-17 03:00:00,3,0,11,0,22.3,68.8,11.3,Low,33.9,46.4,Cool,22.34,Low,189.89,15.86,0
B06,Research Lab,Laboratory,35000,4,2025-11-17 06:00:00,6,0,11,0,21.6,64.7,18.6,Low,19.9,48.2,Cool,28.15,Medium,239.27,19.99,0
B02,Computer Lab,Laboratory,28000,3,2025-11-17 06:00:00,6,0,11,0,23.6,72.3,8.2,Low,25.2,33.0,Cool,17.37,Low,147.65,12.33,0
B03,Library,Library,22000,3,2025-11-17 07:00:00,7,0,11,0,23.9,58.1,9.4,Low,19.5,16.1,Cool,17.33,Low,147.3,12.3,0
B05,Administration,Office,18000,3,2025-11-17 09:00:00,9,0,11,0,20.4,55.7,54.5,Medium,43.0,53.2,Cool,21.79,Low,185.22,15.47,0
B04,Hostel,Dormitory,60000,6,2025-11-17 09:00:00,9,0,11,0,22.2,71.5,47.1,Medium,38.1,56.6,Cool,28.57,Medium,242.84,20.28,0
B06,Research Lab,Laboratory,35000,4,2025-11-17 12:00:00,12,0,11,0,22.2,54.0,63.1,Medium,50.0,57.5,Cool,29.11,Medium,247.44,20.67,0
B05,Administration,Office,18000,3,2025-11-17 13:00:00,13,0,11,0,22.3,57.0,61.0,Medium,47.0,62.7,Cool,19.79,Low,168.22,14.05,0
B01,Academic Block,Classroom,45000,4,2025-11-17 14:00:00,14,0,11,0,22.7,62.2,58.5,Medium,42.5,60.9,Cool,27.0,Medium,229.5,19.17,0
B03,Library,Library,22000,3,2025-11-17 14:00:00,14,0,11,0,22.6,64.9,56.4,Medium,41.5,51.2,Cool,20.25,Low,172.12,14.38,0
B04,Hostel,Dormitory,60000,6,2025-11-17 15:00:00,15,0,11,0,23.1,70.7,50.6,Medium,32.1,51.6,Cool,32.45,High,275.83,23.04,0
B04,Hostel,Dormitory,60000,6,2025-11-17 16:00:00,16,0,11,0,26.3,56.9,58.8,Medium,50.6,59.9,Moderate,40.42,High,343.57,28.7,0
B04,Hostel,Dormitory,60000,6,2025-11-17 19:00:00,19,0,11,0,25.0,74.2,31.0,Low,35.7,56.9,Moderate,29.59,Medium,251.52,21.01,0
B01,Academic Block,Classroom,45000,4,2025-11-17 19:00:00,19,0,11,0,27.3,52.5,5.0,Low,35.2,41.6,Moderate,20.17,Low,171.45,14.32,0
B01,Academic Block,Classroom,45000,4,2025-11-17 19:00:00,19,0,11,0,23.4,63.7,18.7,Low,33.6,51.7,Cool,22.77,Low,193.54,16.17,0
B04,Hostel,Dormitory,60000,6,2025-11-17 20:00:00,20,0,11,0,20.5,74.4,25.2,Low,25.0,55.0,Cool,29.74,Medium,252.79,21.12,0
B02,Computer Lab,Laboratory,28000,3,2025-11-17 21:00:00,21,0,11,0,24.0,72.0,2.9,Low,20.3,41.8,Cool,17.99,Low,152.92,12.77,0
B05,Administration,Office,18000,3,2025-11-17 21:00:00,21,0,11,0,23.5,45.5,4.7,Low,24.8,38.5,Cool,11.19,Low,95.12,7.94,0
B04,Hostel,Dormitory,60000,6,2025-11-17 22:00:00,22,0,11,0,22.3,86.1,27.7,Low,28.7,56.3,Cool,67.23,High,571.46,47.73,1
B01,Academic Block,Classroom,45000,4,2025-11-17 22:00:00,22,0,11,0,26.5,61.5,0.0,Low,19.3,36.4,Moderate,23.45,Low,199.32,16.65,0
B01,Academic Block,Classroom,45000,4,2025-11-18 00:00:00,0,1,11,0,21.7,69.6,0.0,Low,14.0,29.5,Cool,19.68,Low,167.28,13.97,0
B02,Computer Lab,Laboratory,28000,3,2025-11-18 00:00:00,0,1,11,0,24.6,63.0,17.5,Low,37.3,51.0,Moderate,29.54,Medium,251.09,20.97,0
B06,Research Lab,Laboratory,35000,4,2025-11-18 01:00:00,1,1,11,0,26.3,78.9,10.8,Low,34.2,40.0,Moderate,33.82,High,287.47,24.01,0
B05,Administration,Office,18000,3,2025-11-18 03:00:00,3,1,11,0,20.5,77.6,10.8,Low,23.6,42.0,Cool,20.99,Low,178.42,14.9,0
B05,Administration,Office,18000,3,2025-11-18 03:00:00,3,1,11,0,21.9,82.2,11.6,Low,31.6,46.4,Cool,10.09,Low,85.76,7.16,0
B01,Academic Block,Classroom,45000,4,2025-11-18 06:00:00,6,1,11,0,23.0,69.9,15.9,Low,27.0,49.2,Cool,24.93,Medium,211.9,17.7,0
B01,Academic Block,Classroom,45000,4,2025-11-18 06:00:00,6,1,11,0,20.4,75.1,6.3,Low,26.4,32.6,Cool,19.26,Low,163.71,13.67,0
B04,Hostel,Dormitory,60000,6,2025-11-18 07:00:00,7,1,11,0,21.3,60.6,15.9,Low,25.3,19.9,Cool,26.8,Medium,227.8,19.03,0
B03,Library,Library,22000,3,2025-11-18 07:00:00,7,1,11,0,21.8,65.7,12.8,Low,24.8,19.6,Cool,10.84,Low,92.14,7.7,0
B06,Research Lab,Laboratory,35000,4,2025-11-18 08:00:00,8,1,11,0,21.0,74.6,52.1,Medium,57.1,55.1,Cool,32.5,High,276.25,23.08,0
B06,Research Lab,Laboratory,35000,4,2025-11-18 10:00:00,10,1,11,0,20.3,71.0,63.1,Medium,37.9,68.9,Cool,37.47,High,318.5,26.6,0
B06,Research Lab,Laboratory,35000,4,2025-11-18 11:00:00,11,1,11,0,20.1,69.7,59.2,Medium,44.0,57.0,Cool,30.79,Medium,261.71,21.86,0
B01,Academic Block,Classroom,45000,4,2025-11-18 11:00:00,11,1,11,0,19.7,63.8,59.3,Medium,43.9,54.8,Cool,33.3,High,283.05,23.64,0
B02,Computer Lab,Laboratory,28000,3,2025-11-18 11:00:00,11,1,11,0,22.2,75.4,52.0,Medium,45.5,49.3,Cool,29.27,Medium,248.8,20.78,0
B02,Computer Lab,Laboratory,28000,3,2025-11-18 12:00:00,12,1,11,0,20.7,76.5,62.2,Medium,41.3,63.8,Cool,32.03,High,272.26,22.74,0
B03,Library,Library,22000,3,2025-11-18 13:00:00,13,1,11,0,24.0,73.1,62.0,Medium,57.3,66.9,Cool,18.79,Low,159.72,13.34,0
B04,Hostel,Dormitory,60000,6,2025-11-18 13:00:00,13,1,11,0,24.6,67.4,53.0,Medium,41.1,59.8,Moderate,36.71,High,312.04,26.06,0
B01,Academic Block,Classroom,45000,4,2025-11-18 14:00:00,14,1,11,0,21.0,68.3,72.8,High,42.8,66.2,Cool,34.44,High,292.74,24.45,0
B03,Library,Library,22000,3,2025-11-18 15:00:00,15,1,11,0,24.4,73.3,63.5,Medium,51.6,55.0,Moderate,31.62,High,268.77,22.45,0
B04,Hostel,Dormitory,60000,6,2025-11-18 16:00:00,16,1,11,0,26.8,70.1,49.4,Medium,53.3,52.5,Moderate,31.25,High,265.62,22.19,0
B02,Computer Lab,Laboratory,28000,3,2025-11-18 19:00:00,19,1,11,0,23.4,60.0,13.2,Low,19.7,52.3,Cool,47.54,High,404.09,33.75,1
B06,Research Lab,Laboratory,35000,4,2025-11-18 22:00:00,22,1,11,0,26.3,66.2,16.7,Low,29.0,49.7,Moderate,24.55,Medium,208.68,17.43,0
B04,Hostel,Dormitory,60000,6,2025-11-18 23:00:00,23,1,11,0,25.0,69.6,24.0,Low,34.8,46.2,Moderate,60.97,High,518.24,43.29,1
B02,Computer Lab,Laboratory,28000,3,2025-11-18 23:00:00,23,1,11,0,25.6,59.8,19.2,Low,36.8,49.1,Moderate,27.74,Medium,235.79,19.7,0
B02,Computer Lab,Laboratory,28000,3,2025-11-19 00:00:00,0,2,11,0,22.5,73.3,21.5,Low,36.5,46.1,Cool,27.48,Medium,233.58,19.51,0
B05,Administration,Office,18000,3,2025-11-19 02:00:00,2,2,11,0,25.5,69.6,6.8,Low,29.4,41.7,Moderate,10.7,Low,90.95,7.6,0
B06,Research Lab,Laboratory,35000,4,2025-11-19 02:00:00,2,2,11,0,21.7,64.7,32.1,Low,38.2,58.9,Cool,28.5,Medium,242.25,20.24,0
B06,Research Lab,Laboratory,35000,4,2025-11-19 07:00:00,7,2,11,0,21.7,58.1,17.6,Low,15.3,26.8,Cool,30.98,High,263.33,22.0,1
B01,Academic Block,Classroom,45000,4,2025-11-19 07:00:00,7,2,11,0,20.7,72.5,10.9,Low,16.6,20.0,Cool,20.93,Low,177.9,14.86,0
B06,Research Lab,Laboratory,35000,4,2025-11-19 07:00:00,7,2,11,0,21.6,81.5,0.0,Low,20.0,17.1,Cool,18.96,Low,161.16,13.46,0
B03,Library,Library,22000,3,2025-11-19 10:00:00,10,2,11,0,19.5,71.2,54.3,Medium,45.3,61.7,Cool,18.74,Low,159.29,13.31,0
B06,Research Lab,Laboratory,35000,4,2025-11-19 12:00:00,12,2,11,0,19.8,73.6,61.8,Medium,39.7,69.4,Cool,27.95,Medium,237.58,19.84,0
B04,Hostel,Dormitory,60000,6,2025-11-19 12:00:00,12,2,11,0,22.1,59.2,53.2,Medium,37.1,57.0,Cool,36.6,High,311.1,25.99,0
B05,Administration,Office,18000,3,2025-11-19 13:00:00,13,2,11,0,21.6,67.4,53.5,Medium,41.0,61.5,Cool,24.21,Low,205.78,17.19,0
B02,Computer Lab,Laboratory,28000,3,2025-11-19 13:00:00,13,2,11,0,21.6,66.9,54.2,Medium,37.6,50.6,Cool,23.69,Low,201.36,16.82,0
B04,Hostel,Dormitory,60000,6,2025-11-19 16:00:00,16,2,11,0,24.5,59.2,55.8,Medium,52.5,55.2,Moderate,34.32,High,291.72,24.37,0
B03,Library,Library,22000,3,2025-11-19 18:00:00,18,2,11,0,22.2,70.3,59.0,Medium,41.6,54.5,Cool,25.07,Medium,213.1,17.8,0
B04,Hostel,Dormitory,60000,6,2025-11-19 21:00:00,21,2,11,0,26.4,66.7,38.6,Medium,56.2,61.5,Moderate,36.96,High,314.16,26.24,0
B06,Research Lab,Laboratory,35000,4,2025-11-19 21:00:00,21,2,11,0,24.8,63.1,12.8,Low,30.4,39.5,Moderate,26.93,Medium,228.9,19.12,0
B01,Academic Block,Classroom,45000,4,2025-11-19 21:00:00,21,2,11,0,25.8,64.3,11.8,Low,28.7,52.0,Moderate,24.86,Medium,211.31,17.65,0
B06,Research Lab,Laboratory,35000,4,2025-11-19 21:00:00,21,2,11,0,25.4,79.1,15.6,Low,32.1,44.8,Moderate,27.45,Medium,233.32,19.49,0
B06,Research Lab,Laboratory,35000,4,2025-11-19 22:00:00,22,2,11,0,25.3,60.4,12.7,Low,37.0,43.8,Moderate,25.31,Medium,215.14,17.97,0
B04,Hostel,Dormitory,60000,6,2025-11-19 22:00:00,22,2,11,0,22.6,59.0,21.3,Low,27.5,43.2,Cool,31.79,High,270.21,22.57,0
B02,Computer Lab,Laboratory,28000,3,2025-11-19 22:00:00,22,2,11,0,26.2,56.0,22.6,Low,18.6,41.9,Moderate,28.32,Medium,240.72,20.11,0
B03,Library,Library,22000,3,2025-11-20 04:00:00,4,3,11,0,22.1,69.1,18.5,Low,23.8,57.4,Cool,24.44,Medium,207.74,17.35,0
B01,Academic Block,Classroom,45000,4,2025-11-20 06:00:00,6,3,11,0,20.2,51.0,15.0,Low,11.3,45.1,Cool,22.09,Low,187.76,15.68,0
B01,Academic Block,Classroom,45000,4,2025-11-20 10:00:00,10,3,11,0,20.7,64.9,57.0,Medium,43.0,69.2,Cool,26.14,Medium,222.19,18.56,0
B04,Hostel,Dormitory,60000,6,2025-11-20 10:00:00,10,3,11,0,21.5,61.0,56.9,Medium,33.2,56.9,Cool,39.28,High,333.88,27.89,0
B05,Administration,Office,18000,3,2025-11-20 13:00:00,13,3,11,0,22.4,66.7,59.6,Medium,41.9,53.5,Cool,14.97,Low,127.24,10.63,0
B02,Computer Lab,Laboratory,28000,3,2025-11-20 13:00:00,13,3,11,0,23.0,66.2,64.6,Medium,35.6,63.6,Cool,30.81,Medium,261.88,21.88,0
B01,Academic Block,Classroom,45000,4,2025-11-20 15:00:00,15,3,11,0,25.6,66.9,70.4,High,50.6,68.2,Moderate,34.05,High,289.42,24.18,0
B05,Administration,Office,18000,3,2025-11-20 17:00:00,17,3,11,0,22.5,71.3,60.3,Medium,43.0,60.9,Cool,23.94,Low,203.49,17.0,0
B03,Library,Library,22000,3,2025-11-20 17:00:00,17,3,11,0,25.2,72.8,62.3,Medium,44.6,61.4,Moderate,26.69,Medium,226.86,18.95,0
B01,Academic Block,Classroom,45000,4,2025-11-20 17:00:00,17,3,11,0,23.9,63.4,58.3,Medium,43.6,51.2,Cool,24.8,Medium,210.8,17.61,0
B02,Computer Lab,Laboratory,28000,3,2025-11-20 18:00:00,18,3,11,0,26.1,59.5,59.2,Medium,38.0,51.7,Moderate,24.77,Medium,210.54,17.59,0
B01,Academic Block,Classroom,45000,4,2025-11-20 18:00:00,18,3,11,0,26.8,69.5,78.2,High,56.3,79.5,Moderate,30.19,Medium,256.62,21.43,0
B02,Computer Lab,Laboratory,28000,3,2025-11-20 18:00:00,18,3,11,0,24.7,53.6,62.2,Medium,42.8,71.5,Moderate,42.68,High,362.78,30.3,1
B01,Academic Block,Classroom,45000,4,2025-11-20 18:00:00,18,3,11,0,25.3,70.1,73.0,High,52.0,68.3,Moderate,30.2,Medium,256.7,21.44,0
B01,Academic Block,Classroom,45000,4,2025-11-20 19:00:00,19,3,11,0,26.4,64.9,12.6,Low,31.6,35.3,Moderate,23.08,Low,196.18,16.39,0
B05,Administration,Office,18000,3,2025-11-20 20:00:00,20,3,11,0,26.1,67.3,11.9,Low,30.1,49.9,Moderate,21.37,Low,181.64,15.17,0
B02,Computer Lab,Laboratory,28000,3,2025-11-20 23:00:00,23,3,11,0,25.9,66.8,3.5,Low,25.6,33.4,Moderate,27.97,Medium,237.74,19.86,0
B06,Research Lab,Laboratory,35000,4,2025-11-21 00:00:00,0,4,11,0,23.2,67.4,10.9,Low,27.6,44.9,Cool,21.46,Low,182.41,15.24,0
B01,Academic Block,Classroom,45000,4,2025-11-21 01:00:00,1,4,11,0,22.3,68.4,16.7,Low,36.4,44.9,Cool,24.35,Low,206.98,17.29,0
B03,Library,Library,22000,3,2025-11-21 01:00:00,1,4,11,0,21.4,60.1,4.3,Low,20.7,35.8,Cool,16.51,Low,140.34,11.72,0
B06,Research Lab,Laboratory,35000,4,2025-11-21 02:00:00,2,4,11,0,22.3,62.6,5.3,Low,25.6,34.7,Cool,19.98,Low,169.83,14.19,0
B04,Hostel,Dormitory,60000,6,2025-11-21 06:00:00,6,4,11,0,20.7,80.9,14.9,Low,34.6,53.2,Cool,29.11,Medium,247.44,20.67,0
B01,Academic Block,Classroom,45000,4,2025-11-21 06:00:00,6,4,11,0,20.7,73.2,17.8,Low,28.6,50.6,Cool,30.17,Medium,256.44,21.42,0
B04,Hostel,Dormitory,60000,6,2025-11-21 07:00:00,7,4,11,0,21.4,75.3,26.1,Low,33.7,36.2,Cool,34.9,High,296.65,24.78,0
B01,Academic Block,Classroom,45000,4,2025-11-21 13:00:00,13,4,11,0,22.9,64.3,64.7,Medium,39.1,63.7,Cool,34.86,High,296.31,24.75,0
B01,Academic Block,Classroom,45000,4,2025-11-21 14:00:00,14,4,11,0,22.5,67.6,64.9,Medium,45.8,65.6,Cool,32.97,High,280.24,23.41,0
B06,Research Lab,Laboratory,35000,4,2025-11-21 15:00:00,15,4,11,0,23.6,69.8,64.6,Medium,47.6,57.5,Cool,34.86,High,296.31,24.75,0
B02,Computer Lab,Laboratory,28000,3,2025-11-21 15:00:00,15,4,11,0,24.4,73.9,62.8,Medium,57.0,64.7,Moderate,32.32,High,274.72,22.95,0
B01,Academic Block,Classroom,45000,4,2025-11-21 19:00:00,19,4,11,0,23.3,65.3,10.2,Low,18.4,48.7,Cool,28.03,Medium,238.26,19.9,0
B04,Hostel,Dormitory,60000,6,2025-11-21 20:00:00,20,4,11,0,26.0,67.5,31.8,Low,51.4,59.9,Moderate,44.13,High,375.1,31.33,1
B01,Academic Block,Classroom,45000,4,2025-11-21 20:00:00,20,4,11,0,23.7,71.0,7.6,Low,32.6,45.0,Cool,19.59,Low,166.52,13.91,0
B01,Academic Block,Classroom,45000,4,2025-11-21 21:00:00,21,4,11,0,26.7,70.2,3.9,Low,35.6,35.9,Moderate,18.29,Low,155.46,12.99,0
B02,Computer Lab,Laboratory,28000,3,2025-11-21 22:00:00,22,4,11,0,24.6,63.9,11.1,Low,21.7,45.4,Moderate,19.43,Low,165.16,13.8,0
B02,Computer Lab,Laboratory,28000,3,2025-11-21 22:00:00,22,4,11,0,24.4,74.5,22.7,Low,26.8,50.1,Moderate,23.8,Low,202.3,16.9,0
B05,Administration,Office,18000,3,2025-11-22 02:00:00,2,5,11,1,19.9,59.1,7.0,Low,26.2,32.0,Cool,15.21,Low,129.28,10.8,0
B06,Research Lab,Laboratory,35000,4,2025-11-22 02:00:00,2,5,11,1,23.5,58.3,2.0,Low,10.9,35.3,Cool,18.37,Low,156.15,13.04,0
B03,Library,Library,22000,3,2025-11-22 03:00:00,3,5,11,1,22.2,70.6,5.0,Low,13.1,44.4,Cool,16.53,Low,140.5,11.74,0
B01,Academic Block,Classroom,45000,4,2025-11-22 03:00:00,3,5,11,1,22.3,70.3,15.7,Low,30.8,40.1,Cool,24.91,Medium,211.74,17.69,0
B02,Computer Lab,Laboratory,28000,3,2025-11-22 03:00:00,3,5,11,1,21.9,65.8,15.0,Low,32.4,54.4,Cool,25.55,Medium,217.18,18.14,0
B06,Research Lab,Laboratory,35000,4,2025-11-22 04:00:00,4,5,11,1,22.5,63.9,20.9,Low,41.1,47.9,Cool,29.44,Medium,250.24,20.9,0
B04,Hostel,Dormitory,60000,6,2025-11-22 04:00:00,4,5,11,1,22.8,63.8,19.4,Low,26.2,52.4,Cool,28.06,Medium,238.51,19.92,0
B01,Academic Block,Classroom,45000,4,2025-11-22 06:00:00,6,5,11,1,21.6,61.4,14.1,Low,19.7,53.2,Cool,26.67,Medium,226.7,18.94,0
B05,Administration,Office,18000,3,2025-11-22 07:00:00,7,5,11,1,22.6,66.6,16.6,Low,22.3,36.6,Cool,16.18,Low,137.53,11.49,0
B06,Research Lab,Laboratory,35000,4,2025-11-22 08:00:00,8,5,11,1,19.5,58.5,6.8,Low,25.1,28.1,Cool,37.53,High,319.0,26.65,1
B02,Computer Lab,Laboratory,28000,3,2025-11-22 10:00:00,10,5,11,1,19.9,77.0,16.8,Low,24.7,23.8,Cool,19.2,Low,163.2,13.63,0
B04,Hostel,Dormitory,60000,6,2025-11-22 10:00:00,10,5,11,1,21.4,70.6,11.2,Low,15.8,29.1,Cool,33.2,High,282.2,23.57,0
B01,Academic Block,Classroom,45000,4,2025-11-22 12:00:00,12,5,11,1,22.6,76.0,18.0,Low,30.5,25.5,Cool,24.84,Medium,211.14,17.64,0
B03,Library,Library,22000,3,2025-11-22 13:00:00,13,5,11,1,22.8,67.9,14.9,Low,20.5,21.5,Cool,16.71,Low,142.04,11.86,0
B01,Academic Block,Classroom,45000,4,2025-11-22 13:00:00,13,5,11,1,20.1,68.7,8.7,Low,27.5,18.6,Cool,17.31,Low,147.14,12.29,0
B03,Library,Library,22000,3,2025-11-22 13:00:00,13,5,11,1,20.2,69.7,4.3,Low,25.7,24.5,Cool,19.85,Low,168.73,14.09,0
B04,Hostel,Dormitory,60000,6,2025-11-22 14:00:00,14,5,11,1,22.3,62.3,8.5,Low,21.7,19.0,Cool,23.18,Low,197.03,16.46,0
B01,Academic Block,Classroom,45000,4,2025-11-22 14:00:00,14,5,11,1,19.9,60.4,13.3,Low,26.4,21.1,Cool,29.76,Medium,252.96,21.13,0
B01,Academic Block,Classroom,45000,4,2025-11-22 15:00:00,15,5,11,1,23.5,59.3,6.3,Low,23.2,27.7,Cool,23.98,Low,203.83,17.03,0
B01,Academic Block,Classroom,45000,4,2025-11-22 16:00:00,16,5,11,1,23.4,63.3,10.9,Low,25.9,22.5,Cool,17.24,Low,146.54,12.24,0
B04,Hostel,Dormitory,60000,6,2025-11-22 18:00:00,18,5,11,1,22.9,60.5,19.6,Low,20.8,33.0,Cool,29.4,Medium,249.9,20.87,0
B04,Hostel,Dormitory,60000,6,2025-11-22 19:00:00,19,5,11,1,23.7,75.5,40.2,Medium,16.8,60.4,Cool,38.5,High,327.25,27.33,0
B02,Computer Lab,Laboratory,28000,3,2025-11-22 20:00:00,20,5,11,1,24.7,60.3,15.3,Low,29.5,44.5,Moderate,22.89,Low,194.56,16.25,0
B05,Administration,Office,18000,3,2025-11-22 20:00:00,20,5,11,1,22.3,69.9,21.5,Low,22.1,50.1,Cool,16.35,Low,138.98,11.61,0
B02,Computer Lab,Laboratory,28000,3,2025-11-22 20:00:00,20,5,11,1,23.7,70.1,3.1,Low,19.0,34.4,Cool,21.28,Low,180.88,15.11,0
B04,Hostel,Dormitory,60000,6,2025-11-22 22:00:00,22,5,11,1,23.9,74.5,41.1,Medium,32.3,65.4,Cool,30.88,High,262.48,21.92,0
B05,Administration,Office,18000,3,2025-11-23 00:00:00,0,6,11,1,23.1,71.3,2.5,Low,28.6,32.4,Cool,20.24,Low,172.04,14.37,0
B06,Research Lab,Laboratory,35000,4,2025-11-23 00:00:00,0,6,11,1,23.1,65.3,12.1,Low,32.7,43.7,Cool,21.92,Low,186.32,15.56,0
B06,Research Lab,Laboratory,35000,4,2025-11-23 00:00:00,0,6,11,1,25.6,76.5,6.3,Low,30.7,45.4,Moderate,26.0,Medium,221.0,18.46,0
B01,Academic Block,Classroom,45000,4,2025-11-23 01:00:00,1,6,11,1,24.5,56.7,17.2,Low,28.6,39.5,Moderate,27.98,Medium,237.83,19.87,0
B05,Administration,Office,18000,3,2025-11-23 06:00:00,6,6,11,1,19.8,62.6,1.0,Low,22.3,35.1,Cool,15.15,Low,128.78,10.76,0
B01,Academic Block,Classroom,45000,4,2025-11-23 06:00:00,6,6,11,1,19.2,71.2,0.0,Low,26.6,32.6,Cool,25.97,Medium,220.74,18.44,0
B05,Administration,Office,18000,3,2025-11-23 06:00:00,6,6,11,1,20.2,69.4,7.4,Low,32.6,37.7,Cool,16.04,Low,136.34,11.39,0
B05,Administration,Office,18000,3,2025-11-23 07:00:00,7,6,11,1,22.4,72.8,6.9,Low,18.6,29.9,Cool,10.88,Low,92.48,7.72,0
B06,Research Lab,Laboratory,35000,4,2025-11-23 08:00:00,8,6,11,1,17.3,72.3,8.0,Low,13.7,28.2,Cool,24.39,Low,207.32,17.32,0
B06,Research Lab,Laboratory,35000,4,2025-11-23 10:00:00,10,6,11,1,20.9,70.9,7.3,Low,24.4,18.0,Cool,23.42,Low,199.07,16.63,0
B01,Academic Block,Classroom,45000,4,2025-11-23 11:00:00,11,6,11,1,20.6,75.5,16.8,Low,15.1,20.8,Cool,17.81,Low,151.38,12.65,0
B04,Hostel,Dormitory,60000,6,2025-11-23 11:00:00,11,6,11,1,22.9,67.7,11.4,Low,27.3,31.2,Cool,28.17,Medium,239.45,20.0,0
B02,Computer Lab,Laboratory,28000,3,2025-11-23 12:00:00,12,6,11,1,23.0,71.4,22.8,Low,31.1,34.1,Cool,19.75,Low,167.88,14.02,0
B04,Hostel,Dormitory,60000,6,2025-11-23 12:00:00,12,6,11,1,19.3,64.3,13.6,Low,24.0,19.4,Cool,27.67,Medium,235.2,19.65,0
B03,Library,Library,22000,3,2025-11-23 13:00:00,13,6,11,1,23.8,61.1,18.2,Low,40.4,24.1,Cool,26.73,Medium,227.2,18.98,0
B03,Library,Library,22000,3,2025-11-23 13:00:00,13,6,11,1,18.5,76.4,16.1,Low,26.1,27.6,Cool,20.67,Low,175.7,14.68,0
B01,Academic Block,Classroom,45000,4,2025-11-23 14:00:00,14,6,11,1,23.4,67.1,5.7,Low,27.8,28.0,Cool,24.03,Low,204.26,17.06,0
B01,Academic Block,Classroom,45000,4,2025-11-23 14:00:00,14,6,11,1,23.6,67.3,8.4,Low,32.8,19.5,Cool,22.7,Low,192.95,16.12,0
B01,Academic Block,Classroom,45000,4,2025-11-23 19:00:00,19,6,11,1,27.0,58.5,19.0,Low,35.2,51.5,Moderate,29.45,Medium,250.32,20.91,0
B05,Administration,Office,18000,3,2025-11-23 21:00:00,21,6,11,1,24.8,62.3,0.0,Low,22.7,32.0,Moderate,15.05,Low,127.93,10.69,0
B06,Research Lab,Laboratory,35000,4,2025-11-23 22:00:00,22,6,11,1,23.3,68.4,15.4,Low,25.5,48.9,Cool,18.5,Low,157.25,13.14,0
B04,Hostel,Dormitory,60000,6,2025-11-23 22:00:00,22,6,11,1,22.7,64.7,30.8,Low,34.6,49.9,Cool,27.29,Medium,231.96,19.38,0
B06,Research Lab,Laboratory,35000,4,2025-11-24 00:00:00,0,0,11,0,25.7,58.4,6.8,Low,31.0,43.3,Moderate,22.55,Low,191.68,16.01,0
B05,Administration,Office,18000,3,2025-11-24 01:00:00,1,0,11,0,25.5,58.6,10.1,Low,40.1,43.8,Moderate,16.73,Low,142.21,11.88,0
B04,Hostel,Dormitory,60000,6,2025-11-24 01:00:00,1,0,11,0,22.3,62.7,23.3,Low,24.9,48.3,Cool,30.33,Medium,257.8,21.53,0
B01,Academic Block,Classroom,45000,4,2025-11-24 03:00:00,3,0,11,0,22.0,65.0,0.0,Low,18.6,18.2,Cool,24.02,Low,204.17,17.05,0
B01,Academic Block,Classroom,45000,4,2025-11-24 03:00:00,3,0,11,0,24.0,63.9,3.5,Low,30.6,45.8,Cool,24.26,Low,206.21,17.22,0
B03,Library,Library,22000,3,2025-11-24 04:00:00,4,0,11,0,22.6,77.9,0.0,Low,25.0,26.3,Cool,16.31,Low,138.64,11.58,0
B03,Library,Library,22000,3,2025-11-24 04:00:00,4,0,11,0,21.2,74.5,8.9,Low,22.8,48.0,Cool,13.6,Low,115.6,9.66,0
B03,Library,Library,22000,3,2025-11-24 06:00:00,6,0,11,0,19.6,71.4,7.6,Low,21.5,36.6,Cool,16.05,Low,136.43,11.4,0
B03,Library,Library,22000,3,2025-11-24 07:00:00,7,0,11,0,19.3,82.6,13.1,Low,21.6,26.7,Cool,14.38,Low,122.23,10.21,0
B05,Administration,Office,18000,3,2025-11-24 08:00:00,8,0,11,0,21.9,66.7,59.3,Medium,35.3,62.5,Cool,19.43,Low,165.16,13.8,0
B04,Hostel,Dormitory,60000,6,2025-11-24 08:00:00,8,0,11,0,19.9,72.4,54.2,Medium,38.8,63.9,Cool,24.53,Medium,208.5,17.42,0
B03,Library,Library,22000,3,2025-11-24 09:00:00,9,0,11,0,19.9,71.4,49.4,Medium,40.8,46.6,Cool,18.69,Low,158.86,13.27,0
B03,Library,Library,22000,3,2025-11-24 10:00:00,10,0,11,0,21.7,70.9,69.6,Medium,46.6,67.0,Cool,32.46,High,275.91,23.05,0
B03,Library,Library,22000,3,2025-11-24 11:00:00,11,0,11,0,21.2,62.8,59.2,Medium,40.2,54.6,Cool,28.17,Medium,239.45,20.0,0
B04,Hostel,Dormitory,60000,6,2025-11-24 11:00:00,11,0,11,0,21.7,65.5,54.6,Medium,41.0,50.7,Cool,31.82,High,270.47,22.59,0
B01,Academic Block,Classroom,45000,4,2025-11-24 11:00:00,11,0,11,0,20.6,62.8,71.0,High,39.1,68.7,Cool,29.39,Medium,249.82,20.87,0
B01,Academic Block,Classroom,45000,4,2025-11-24 12:00:00,12,0,11,0,20.9,71.1,59.3,Medium,44.2,63.7,Cool,39.06,High,332.01,27.73,0
B01,Academic Block,Classroom,45000,4,2025-11-24 13:00:00,13,0,11,0,20.9,68.3,64.9,Medium,34.1,76.1,Cool,38.77,High,329.54,27.53,0
B06,Research Lab,Laboratory,35000,4,2025-11-24 14:00:00,14,0,11,0,23.5,53.0,57.4,Medium,44.3,56.9,Cool,31.63,High,268.86,22.46,0
B06,Research Lab,Laboratory,35000,4,2025-11-24 14:00:00,14,0,11,0,22.6,70.5,55.5,Medium,44.1,56.3,Cool,33.27,High,282.8,23.62,0
B01,Academic Block,Classroom,45000,4,2025-11-24 16:00:00,16,0,11,0,23.9,67.4,64.2,Medium,46.5,63.1,Cool,31.94,High,271.49,22.68,0
B03,Library,Library,22000,3,2025-11-24 16:00:00,16,0,11,0,22.0,79.3,60.7,Medium,41.3,61.3,Cool,37.56,High,319.26,26.67,1
B03,Library,Library,22000,3,2025-11-24 17:00:00,17,0,11,0,24.9,71.6,54.5,Medium,37.9,57.1,Moderate,24.61,Medium,209.18,17.47,0
B01,Academic Block,Classroom,45000,4,2025-11-24 19:00:00,19,0,11,0,24.9,72.9,14.1,Low,29.9,39.8,Moderate,25.72,Medium,218.62,18.26,0
B03,Library,Library,22000,3,2025-11-24 19:00:00,19,0,11,0,25.5,56.7,0.2,Low,38.3,21.4,Moderate,20.63,Low,175.36,14.65,0
B02,Computer Lab,Laboratory,28000,3,2025-11-24 20:00:00,20,0,11,0,25.0,72.8,0.0,Low,25.0,33.7,Moderate,21.7,Low,184.45,15.41,0
B06,Research Lab,Laboratory,35000,4,2025-11-24 20:00:00,20,0,11,0,24.9,63.7,5.4,Low,25.5,48.9,Moderate,25.04,Medium,212.84,17.78,0
B03,Library,Library,22000,3,2025-11-24 22:00:00,22,0,11,0,21.5,63.0,23.5,Low,18.5,53.0,Cool,14.19,Low,120.62,10.07,0
B04,Hostel,Dormitory,60000,6,2025-11-24 23:00:00,23,0,11,0,25.6,48.1,46.1,Medium,44.8,68.9,Moderate,32.73,High,278.2,23.24,0
B03,Library,Library,22000,3,2025-11-24 23:00:00,23,0,11,0,21.9,76.7,18.9,Low,29.2,49.1,Cool,23.96,Low,203.66,17.01,1
B05,Administration,Office,18000,3,2025-11-25 00:00:00,0,1,11,0,25.0,63.0,9.2,Low,25.8,38.4,Moderate,17.96,Low,152.66,12.75,0
B01,Academic Block,Classroom,45000,4,2025-11-25 01:00:00,1,1,11,0,22.9,65.8,15.0,Low,25.4,45.8,Cool,21.41,Low,181.98,15.2,0
B01,Academic Block,Classroom,45000,4,2025-11-25 01:00:00,1,1,11,0,20.6,70.8,20.8,Low,19.3,50.8,Cool,22.9,Low,194.65,16.26,0
B06,Research Lab,Laboratory,35000,4,2025-11-25 02:00:00,2,1,11,0,22.3,80.2,25.0,Low,30.0,54.0,Cool,26.67,Medium,226.7,18.94,0
B04,Hostel,Dormitory,60000,6,2025-11-25 02:00:00,2,1,11,0,20.2,67.3,3.9,Low,24.3,38.5,Cool,28.95,Medium,246.08,20.55,0
B01,Academic Block,Classroom,45000,4,2025-11-25 02:00:00,2,1,11,0,24.1,65.6,13.4,Low,14.9,45.6,Moderate,15.54,Low,132.09,11.03,0
B01,Academic Block,Classroom,45000,4,2025-11-25 03:00:00,3,1,11,0,21.2,74.8,9.7,Low,23.2,42.0,Cool,23.85,Low,202.73,16.93,0
B02,Computer Lab,Laboratory,28000,3,2025-11-25 04:00:00,4,1,11,0,19.9,67.1,16.1,Low,36.0,52.8,Cool,22.69,Low,192.86,16.11,0
B02,Computer Lab,Laboratory,28000,3,2025-11-25 04:00:00,4,1,11,0,22.4,61.3,12.4,Low,26.0,53.8,Cool,25.88,Medium,219.98,18.37,0
B05,Administration,Office,18000,3,2025-11-25 04:00:00,4,1,11,0,21.4,52.6,5.0,Low,24.7,30.3,Cool,14.17,Low,120.44,10.06,0
B06,Research Lab,Laboratory,35000,4,2025-11-25 05:00:00,5,1,11,0,21.8,76.9,14.8,Low,31.5,43.3,Cool,22.87,Low,194.4,16.24,0
B06,Research Lab,Laboratory,35000,4,2025-11-25 06:00:00,6,1,11,0,20.5,70.3,7.1,Low,25.9,29.2,Cool,26.98,Medium,229.33,19.16,0
B04,Hostel,Dormitory,60000,6,2025-11-25 07:00:00,7,1,11,0,22.3,71.0,11.8,Low,22.5,26.3,Cool,24.38,Low,207.23,17.31,0
B04,Hostel,Dormitory,60000,6,2025-11-25 09:00:00,9,1,11,0,19.9,65.7,51.1,Medium,28.2,59.6,Cool,31.9,High,271.15,22.65,0
B02,Computer Lab,Laboratory,28000,3,2025-11-25 09:00:00,9,1,11,0,18.2,75.2,70.6,High,60.9,68.5,Cool,29.09,Medium,247.26,20.65,0
B04,Hostel,Dormitory,60000,6,2025-11-25 11:00:00,11,1,11,0,19.4,65.4,53.2,Medium,43.1,55.5,Cool,33.51,High,284.83,23.79,0
B01,Academic Block,Classroom,45000,4,2025-11-25 15:00:00,15,1,11,0,23.6,67.3,66.0,Medium,51.0,61.6,Cool,37.32,High,317.22,26.5,0
B06,Research Lab,Laboratory,35000,4,2025-11-25 15:00:00,15,1,11,0,22.0,68.2,63.9,Medium,48.6,63.9,Cool,28.04,Medium,238.34,19.91,0
B04,Hostel,Dormitory,60000,6,2025-11-25 18:00:00,18,1,11,0,26.1,72.0,44.8,Medium,49.8,48.2,Moderate,34.13,High,290.1,24.23,0
B02,Computer Lab,Laboratory,28000,3,2025-11-25 18:00:00,18,1,11,0,22.4,71.6,59.5,Medium,46.3,65.0,Cool,32.44,High,275.74,23.03,0
B04,Hostel,Dormitory,60000,6,2025-11-25 20:00:00,20,1,11,0,26.0,59.8,36.4,Medium,40.1,72.5,Moderate,33.81,High,287.38,24.01,0
B04,Hostel,Dormitory,60000,6,2025-11-25 20:00:00,20,1,11,0,23.8,70.2,36.1,Medium,34.0,69.9,Cool,34.86,High,296.31,24.75,0
B04,Hostel,Dormitory,60000,6,2025-11-25 20:00:00,20,1,11,0,26.4,61.3,28.3,Low,42.2,67.6,Moderate,32.08,High,272.68,22.78,0
B02,Computer Lab,Laboratory,28000,3,2025-11-25 22:00:00,22,1,11,0,24.9,59.4,14.5,Low,31.2,49.1,Moderate,22.94,Low,194.99,16.29,0
B06,Research Lab,Laboratory,35000,4,2025-11-25 22:00:00,22,1,11,0,24.5,69.3,16.8,Low,31.1,49.3,Moderate,24.6,Medium,209.1,17.47,0
B03,Library,Library,22000,3,2025-11-25 23:00:00,23,1,11,0,24.9,66.4,5.7,Low,33.1,39.2,Moderate,17.13,Low,145.6,12.16,0
B01,Academic Block,Classroom,45000,4,2025-11-26 00:00:00,0,2,11,0,25.3,56.4,7.8,Low,41.3,42.7,Moderate,28.42,Medium,241.57,20.18,0
B05,Administration,Office,18000,3,2025-11-26 01:00:00,1,2,11,0,22.9,63.1,9.7,Low,19.4,44.0,Cool,13.81,Low,117.38,9.81,0
B02,Computer Lab,Laboratory,28000,3,2025-11-26 01:00:00,1,2,11,0,20.1,74.1,28.3,Low,32.8,62.8,Cool,26.49,Medium,225.16,18.81,0
B06,Research Lab,Laboratory,35000,4,2025-11-26 03:00:00,3,2,11,0,23.7,68.8,6.8,Low,19.4,39.2,Cool,26.22,Medium,222.87,18.62,0
B04,Hostel,Dormitory,60000,6,2025-11-26 03:00:00,3,2,11,0,21.5,70.8,14.3,Low,26.2,40.5,Cool,31.07,High,264.1,22.06,0
B01,Academic Block,Classroom,45000,4,2025-11-26 03:00:00,3,2,11,0,25.7,77.4,9.5,Low,19.9,42.0,Moderate,21.44,Low,182.24,15.22,0
B05,Administration,Office,18000,3,2025-11-26 03:00:00,3,2,11,0,21.0,75.2,5.4,Low,17.7,34.4,Cool,19.57,Low,166.34,13.89,0
B01,Academic Block,Classroom,45000,4,2025-11-26 06:00:00,6,2,11,0,20.1,68.1,16.9,Low,26.0,46.6,Cool,24.25,Low,206.12,17.22,0
B02,Computer Lab,Laboratory,28000,3,2025-11-26 07:00:00,7,2,11,0,21.6,64.9,2.1,Low,27.2,8.0,Cool,22.52,Low,191.42,15.99,0
B05,Administration,Office,18000,3,2025-11-26 07:00:00,7,2,11,0,21.6,63.0,22.1,Low,18.9,31.8,Cool,14.48,Low,123.08,10.28,0
B03,Library,Library,22000,3,2025-11-26 08:00:00,8,2,11,0,21.0,65.0,47.6,Medium,39.3,46.3,Cool,24.55,Medium,208.68,17.43,0
B04,Hostel,Dormitory,60000,6,2025-11-26 08:00:00,8,2,11,0,19.6,58.1,46.3,Medium,36.0,53.5,Cool,36.06,High,306.51,25.6,0
B02,Computer Lab,Laboratory,28000,3,2025-11-26 13:00:00,13,2,11,0,20.2,60.3,62.8,Medium,50.8,60.2,Cool,27.48,Medium,233.58,19.51,0
B05,Administration,Office,18000,3,2025-11-26 14:00:00,14,2,11,0,21.4,72.5,68.0,Medium,41.4,56.4,Cool,28.81,Medium,244.88,20.46,0
B01,Academic Block,Classroom,45000,4,2025-11-26 15:00:00,15,2,11,0,20.7,79.2,68.2,Medium,46.5,64.1,Cool,35.27,High,299.8,25.04,0
B04,Hostel,Dormitory,60000,6,2025-11-26 17:00:00,17,2,11,0,26.9,63.9,47.3,Medium,44.4,50.1,Moderate,33.24,High,282.54,23.6,0
B02,Computer Lab,Laboratory,28000,3,2025-11-26 18:00:00,18,2,11,0,22.6,62.0,47.6,Medium,31.9,52.4,Cool,21.52,Low,182.92,15.28,0
B03,Library,Library,22000,3,2025-11-26 19:00:00,19,2,11,0,23.9,42.0,11.4,Low,24.0,46.2,Cool,17.09,Low,145.26,12.13,0
B06,Research Lab,Laboratory,35000,4,2025-11-26 23:00:00,23,2,11,0,24.9,77.0,6.0,Low,22.8,35.5,Moderate,22.64,Low,192.44,16.07,0
B02,Computer Lab,Laboratory,28000,3,2025-11-27 00:00:00,0,3,11,0,23.4,56.9,28.9,Low,22.2,52.9,Cool,21.74,Low,184.79,15.44,0
B03,Library,Library,22000,3,2025-11-27 01:00:00,1,3,11,0,22.0,57.1,12.9,Low,33.8,44.5,Cool,17.08,Low,145.18,12.13,0
B04,Hostel,Dormitory,60000,6,2025-11-27 05:00:00,5,3,11,0,20.7,66.4,3.0,Low,18.9,38.8,Cool,30.2,Medium,256.7,21.44,0
B01,Academic Block,Classroom,45000,4,2025-11-27 05:00:00,5,3,11,0,20.1,68.6,9.7,Low,26.3,44.6,Cool,28.56,Medium,242.76,20.28,0
B04,Hostel,Dormitory,60000,6,2025-11-27 06:00:00,6,3,11,0,20.3,68.8,17.3,Low,19.4,52.7,Cool,32.13,High,273.1,22.81,0
B04,Hostel,Dormitory,60000,6,2025-11-27 08:00:00,8,3,11,0,21.0,62.2,59.1,Medium,41.0,50.9,Cool,39.6,High,336.6,28.12,0
B05,Administration,Office,18000,3,2025-11-27 08:00:00,8,3,11,0,18.8,72.9,60.5,Medium,44.2,65.2,Cool,24.17,Low,205.45,17.16,0
B02,Computer Lab,Laboratory,28000,3,2025-11-27 11:00:00,11,3,11,0,22.6,63.3,58.0,Medium,41.9,62.6,Cool,23.59,Low,200.52,16.75,0
B02,Computer Lab,Laboratory,28000,3,2025-11-27 11:00:00,11,3,11,0,21.1,64.6,62.8,Medium,37.0,66.4,Cool,27.19,Medium,231.12,19.3,0
B05,Administration,Office,18000,3,2025-11-27 13:00:00,13,3,11,0,21.0,66.2,56.2,Medium,44.5,56.0,Cool,20.76,Low,176.46,14.74,0
B06,Research Lab,Laboratory,35000,4,2025-11-27 13:00:00,13,3,11,0,21.4,63.1,61.2,Medium,29.1,62.2,Cool,33.44,High,284.24,23.74,0
B03,Library,Library,22000,3,2025-11-27 13:00:00,13,3,11,0,23.6,57.3,56.9,Medium,33.3,60.1,Cool,16.14,Low,137.19,11.46,0
B02,Computer Lab,Laboratory,28000,3,2025-11-27 15:00:00,15,3,11,0,24.1,57.4,62.5,Medium,45.0,61.0,Moderate,30.14,Medium,256.19,21.4,0
B02,Computer Lab,Laboratory,28000,3,2025-11-27 23:00:00,23,3,11,0,24.2,57.9,11.7,Low,13.7,48.5,Moderate,20.68,Low,175.78,14.68,0
B02,Computer Lab,Laboratory,28000,3,2025-11-28 00:00:00,0,4,11,0,22.4,70.3,1.0,Low,16.4,29.8,Cool,20.75,Low,176.38,14.73,0
B05,Administration,Office,18000,3,2025-11-28 01:00:00,1,4,11,0,23.7,68.8,13.6,Low,25.0,48.8,Cool,13.77,Low,117.04,9.78,0
B02,Computer Lab,Laboratory,28000,3,2025-11-28 02:00:00,2,4,11,0,22.4,65.2,5.9,Low,31.9,41.9,Cool,26.22,Medium,222.87,18.62,0
B01,Academic Block,Classroom,45000,4,2025-11-28 03:00:00,3,4,11,0,24.4,63.9,24.1,Low,28.8,60.7,Moderate,26.02,Medium,221.17,18.47,0
B01,Academic Block,Classroom,45000,4,2025-11-28 07:00:00,7,4,11,0,20.4,76.9,24.3,Low,25.4,42.9,Cool,20.15,Low,171.27,14.31,0
B06,Research Lab,Laboratory,35000,4,2025-11-28 07:00:00,7,4,11,0,22.9,70.3,4.0,Low,11.9,17.0,Cool,17.2,Low,146.2,12.21,0
B03,Library,Library,22000,3,2025-11-28 08:00:00,8,4,11,0,20.6,79.5,48.9,Medium,37.6,59.4,Cool,21.66,Low,184.11,15.38,0
B05,Administration,Office,18000,3,2025-11-28 09:00:00,9,4,11,0,18.9,65.8,46.5,Medium,36.3,51.4,Cool,23.21,Low,197.28,16.48,0
B05,Administration,Office,18000,3,2025-11-28 12:00:00,12,4,11,0,26.3,55.8,67.8,Medium,44.9,67.5,Moderate,22.77,Low,193.54,16.17,0
B01,Academic Block,Classroom,45000,4,2025-11-28 13:00:00,13,4,11,0,19.7,76.2,62.6,Medium,47.4,63.9,Cool,33.01,High,280.58,23.44,0
B01,Academic Block,Classroom,45000,4,2025-11-28 14:00:00,14,4,11,0,19.4,69.3,68.5,Medium,49.1,59.7,Cool,31.2,High,265.2,22.15,0
B03,Library,Library,22000,3,2025-11-28 15:00:00,15,4,11,0,19.8,63.5,51.1,Medium,34.5,59.0,Cool,28.24,Medium,240.04,20.05,0
B05,Administration,Office,18000,3,2025-11-28 15:00:00,15,4,11,0,27.0,66.8,51.5,Medium,35.5,46.7,Moderate,20.12,Low,171.02,14.29,0
B06,Research Lab,Laboratory,35000,4,2025-11-28 16:00:00,16,4,11,0,26.5,58.9,60.3,Medium,42.8,62.7,Moderate,31.61,High,268.68,22.44,0
B03,Library,Library,22000,3,2025-11-28 16:00:00,16,4,11,0,23.6,70.9,63.9,Medium,54.5,50.4,Cool,28.78,Medium,244.63,20.43,0
B06,Research Lab,Laboratory,35000,4,2025-11-28 16:00:00,16,4,11,0,24.0,69.2,58.6,Medium,44.9,57.9,Cool,28.15,Medium,239.27,19.99,0
B04,Hostel,Dormitory,60000,6,2025-11-28 18:00:00,18,4,11,0,24.5,63.8,43.8,Medium,35.2,47.8,Moderate,29.89,Medium,254.06,21.22,0
B01,Academic Block,Classroom,45000,4,2025-11-28 18:00:00,18,4,11,0,21.4,56.1,65.6,Medium,51.2,67.4,Cool,27.67,Medium,235.2,19.65,0
B01,Academic Block,Classroom,45000,4,2025-11-28 18:00:00,18,4,11,0,26.3,57.5,70.2,High,51.2,74.9,Moderate,35.04,High,297.84,24.88,0
B04,Hostel,Dormitory,60000,6,2025-11-28 19:00:00,19,4,11,0,26.3,74.6,30.6,Low,38.5,57.6,Moderate,28.14,Medium,239.19,19.98,0
B01,Academic Block,Classroom,45000,4,2025-11-28 21:00:00,21,4,11,0,22.4,79.3,4.3,Low,36.6,32.0,Cool,23.81,Low,202.38,16.91,0
B01,Academic Block,Classroom,45000,4,2025-11-28 21:00:00,21,4,11,0,24.8,83.3,26.1,Low,39.7,52.3,Moderate,23.8,Low,202.3,16.9,0
B02,Computer Lab,Laboratory,28000,3,2025-11-28 22:00:00,22,4,11,0,24.0,68.6,1.4,Low,22.4,37.2,Cool,30.47,Medium,259.0,21.63,1
B02,Computer Lab,Laboratory,28000,3,2025-11-29 02:00:00,2,5,11,1,22.0,59.8,27.9,Low,32.0,56.7,Cool,18.33,Low,155.8,13.01,0
B01,Academic Block,Classroom,45000,4,2025-11-29 02:00:00,2,5,11,1,21.3,77.3,11.4,Low,27.3,34.9,Cool,22.32,Low,189.72,15.85,0
B05,Administration,Office,18000,3,2025-11-29 03:00:00,3,5,11,1,21.6,65.9,18.3,Low,31.3,46.2,Cool,15.4,Low,130.9,10.93,0
B02,Computer Lab,Laboratory,28000,3,2025-11-29 03:00:00,3,5,11,1,21.0,63.4,13.5,Low,18.5,42.5,Cool,20.76,Low,176.46,14.74,0
B01,Academic Block,Classroom,45000,4,2025-11-29 04:00:00,4,5,11,1,22.9,69.0,5.9,Low,33.5,38.4,Cool,22.28,Low,189.38,15.82,0
B02,Computer Lab,Laboratory,28000,3,2025-11-29 05:00:00,5,5,11,1,20.9,81.6,21.3,Low,36.0,54.0,Cool,30.66,Medium,260.61,21.77,0
B05,Administration,Office,18000,3,2025-11-29 05:00:00,5,5,11,1,19.9,68.3,16.3,Low,20.1,43.3,Cool,13.35,Low,113.48,9.48,0
B01,Academic Block,Classroom,45000,4,2025-11-29 05:00:00,5,5,11,1,20.9,68.4,11.3,Low,23.9,48.8,Cool,24.86,Medium,211.31,17.65,0
B04,Hostel,Dormitory,60000,6,2025-11-29 07:00:00,7,5,11,1,20.2,58.1,17.1,Low,26.4,31.5,Cool,27.7,Medium,235.45,19.67,0
B02,Computer Lab,Laboratory,28000,3,2025-11-29 07:00:00,7,5,11,1,20.1,69.7,11.0,Low,24.8,12.8,Cool,22.34,Low,189.89,15.86,0
B04,Hostel,Dormitory,60000,6,2025-11-29 07:00:00,7,5,11,1,21.4,72.5,0.0,Low,24.7,12.9,Cool,25.53,Medium,217.0,18.13,0
B02,Computer Lab,Laboratory,28000,3,2025-11-29 07:00:00,7,5,11,1,20.0,68.4,0.0,Low,18.0,16.1,Cool,25.02,Medium,212.67,17.76,0
B02,Computer Lab,Laboratory,28000,3,2025-11-29 07:00:00,7,5,11,1,19.5,69.3,11.8,Low,26.7,31.4,Cool,21.37,Low,181.64,15.17,0
B04,Hostel,Dormitory,60000,6,2025-11-29 11:00:00,11,5,11,1,18.9,71.5,9.8,Low,27.2,16.4,Cool,27.86,Medium,236.81,19.78,0
B01,Academic Block,Classroom,45000,4,2025-11-29 11:00:00,11,5,11,1,20.9,60.9,11.4,Low,27.0,14.9,Cool,45.21,High,384.28,32.1,1
B06,Research Lab,Laboratory,35000,4,2025-11-29 12:00:00,12,5,11,1,23.2,50.5,9.6,Low,28.4,23.3,Cool,21.88,Low,185.98,15.53,0
B01,Academic Block,Classroom,45000,4,2025-11-29 12:00:00,12,5,11,1,21.1,67.4,4.1,Low,24.8,13.0,Cool,24.18,Low,205.53,17.17,0
B05,Administration,Office,18000,3,2025-11-29 13:00:00,13,5,11,1,21.0,66.6,2.3,Low,22.1,16.4,Cool,18.2,Low,154.7,12.92,0
B02,Computer Lab,Laboratory,28000,3,2025-11-29 14:00:00,14,5,11,1,21.2,72.0,6.1,Low,10.6,15.9,Cool,16.66,Low,141.61,11.83,0
B06,Research Lab,Laboratory,35000,4,2025-11-29 15:00:00,15,5,11,1,20.2,85.6,17.3,Low,20.0,32.6,Cool,26.32,Medium,223.72,18.69,0
B05,Administration,Office,18000,3,2025-11-29 15:00:00,15,5,11,1,24.6,74.4,6.3,Low,19.1,23.4,Moderate,11.13,Low,94.6,7.9,0
B02,Computer Lab,Laboratory,28000,3,2025-11-29 17:00:00,17,5,11,1,24.5,51.0,19.3,Low,24.8,26.4,Moderate,22.54,Low,191.59,16.0,0
B05,Administration,Office,18000,3,2025-11-29 19:00:00,19,5,11,1,25.4,82.3,4.7,Low,21.8,46.1,Moderate,13.7,Low,116.45,9.73,0
B02,Computer Lab,Laboratory,28000,3,2025-11-29 20:00:00,20,5,11,1,24.7,69.9,20.3,Low,38.2,50.5,Moderate,24.35,Low,206.98,17.29,0
B06,Research Lab,Laboratory,35000,4,2025-11-29 21:00:00,21,5,11,1,23.0,64.7,8.4,Low,32.7,43.0,Cool,26.94,Medium,228.99,19.13,0
B04,Hostel,Dormitory,60000,6,2025-11-29 21:00:00,21,5,11,1,23.8,76.3,29.8,Low,37.5,54.0,Cool,36.34,High,308.89,25.8,0
B04,Hostel,Dormitory,60000,6,2025-11-29 22:00:00,22,5,11,1,23.3,48.5,29.9,Low,26.8,53.7,Cool,23.16,Low,196.86,16.44,0
B04,Hostel,Dormitory,60000,6,2025-11-29 23:00:00,23,5,11,1,23.1,62.7,36.1,Medium,29.1,69.7,Cool,29.94,Medium,254.49,21.26,0
B01,Academic Block,Classroom,45000,4,2025-11-30 01:00:00,1,6,11,1,22.2,68.6,13.8,Low,21.3,45.9,Cool,27.64,Medium,234.94,19.62,0
B01,Academic Block,Classroom,45000,4,2025-11-30 02:00:00,2,6,11,1,23.9,66.4,13.0,Low,23.6,45.9,Cool,23.05,Low,195.92,16.37,0
B02,Computer Lab,Laboratory,28000,3,2025-11-30 04:00:00,4,6,11,1,24.3,76.2,11.4,Low,36.1,41.0,Moderate,22.91,Low,194.74,16.27,0
B06,Research Lab,Laboratory,35000,4,2025-11-30 08:00:00,8,6,11,1,19.0,78.1,8.0,Low,14.7,22.4,Cool,25.05,Medium,212.92,17.79,0
B03,Library,Library,22000,3,2025-11-30 08:00:00,8,6,11,1,20.0,73.8,19.7,Low,28.8,29.9,Cool,9.46,Low,80.41,6.72,0
B02,Computer Lab,Laboratory,28000,3,2025-11-30 08:00:00,8,6,11,1,20.6,66.6,12.6,Low,16.8,24.4,Cool,16.79,Low,142.72,11.92,0
B01,Academic Block,Classroom,45000,4,2025-11-30 08:00:00,8,6,11,1,18.8,76.7,16.0,Low,28.6,35.3,Cool,26.71,Medium,227.04,18.96,0
B04,Hostel,Dormitory,60000,6,2025-11-30 09:00:00,9,6,11,1,20.4,64.5,13.4,Low,22.4,25.7,Cool,21.98,Low,186.83,15.61,0
B05,Administration,Office,18000,3,2025-11-30 09:00:00,9,6,11,1,20.9,73.7,9.0,Low,16.4,16.1,Cool,14.16,Low,120.36,10.05,0
B03,Library,Library,22000,3,2025-11-30 10:00:00,10,6,11,1,20.4,63.6,28.8,Low,26.7,39.1,Cool,11.94,Low,101.49,8.48,0
B01,Academic Block,Classroom,45000,4,2025-11-30 10:00:00,10,6,11,1,21.5,69.9,20.6,Low,30.2,28.6,Cool,21.56,Low,183.26,15.31,0
B01,Academic Block,Classroom,45000,4,2025-11-30 14:00:00,14,6,11,1,22.3,57.0,8.2,Low,13.6,16.1,Cool,23.93,Low,203.4,16.99,0
B04,Hostel,Dormitory,60000,6,2025-11-30 16:00:00,16,6,11,1,19.0,77.0,26.4,Low,25.5,31.2,Cool,23.13,Low,196.6,16.42,0
B03,Library,Library,22000,3,2025-11-30 17:00:00,17,6,11,1,22.3,64.0,18.5,Low,25.9,34.3,Cool,16.76,Low,142.46,11.9,0
B06,Research Lab,Laboratory,35000,4,2025-11-30 19:00:00,19,6,11,1,26.4,54.3,4.3,Low,21.2,33.1,Moderate,48.63,High,413.36,34.53,1
B03,Library,Library,22000,3,2025-11-30 20:00:00,20,6,11,1,25.1,58.2,18.2,Low,26.2,43.8,Moderate,15.48,Low,131.58,10.99,0
B03,Library,Library,22000,3,2025-11-30 22:00:00,22,6,11,1,19.7,67.1,14.9,Low,33.9,46.5,Cool,20.18,Low,171.53,14.33,0
B03,Library,Library,22000,3,2025-11-30 22:00:00,22,6,11,1,21.8,61.2,13.2,Low,16.7,43.3,Cool,23.33,Low,198.3,16.56,0
B01,Academic Block,Classroom,45000,4,2025-11-30 22:00:00,22,6,11,1,25.1,70.0,19.1,Low,29.1,44.4,Moderate,26.71,Medium,227.04,18.96,0
B01,Academic Block,Classroom,45000,4,2025-11-30 23:00:00,23,6,11,1,22.8,64.8,14.4,Low,29.4,50.4,Cool,24.75,Medium,210.38,17.57,0
B02,Computer Lab,Laboratory,28000,3,2025-12-01 00:00:00,0,0,12,0,19.2,76.2,0.0,Low,19.6,32.9,Cool,25.51,Medium,216.84,18.11,0
B02,Computer Lab,Laboratory,28000,3,2025-12-01 02:00:00,2,0,12,0,23.8,64.0,2.5,Low,20.7,30.4,Cool,20.6,Low,175.1,14.63,0
B05,Administration,Office,18000,3,2025-12-01 06:00:00,6,0,12,0,21.6,72.7,6.0,Low,26.8,41.0,Cool,15.71,Low,133.54,11.15,0
B04,Hostel,Dormitory,60000,6,2025-12-01 08:00:00,8,0,12,0,19.0,69.9,65.0,Medium,30.3,67.8,Cool,52.05,High,442.42,36.96,1
B04,Hostel,Dormitory,60000,6,2025-12-01 10:00:00,10,0,12,0,22.4,65.3,55.6,Medium,44.4,59.1,Cool,38.67,High,328.7,27.46,0
B01,Academic Block,Classroom,45000,4,2025-12-01 11:00:00,11,0,12,0,19.7,62.0,70.4,High,38.9,71.1,Cool,38.29,High,325.46,27.19,0
B04,Hostel,Dormitory,60000,6,2025-12-01 15:00:00,15,0,12,0,21.8,68.0,51.8,Medium,22.8,57.1,Cool,25.61,Medium,217.68,18.18,0
B01,Academic Block,Classroom,45000,4,2025-12-01 15:00:00,15,0,12,0,22.0,72.5,60.1,Medium,54.0,58.7,Cool,28.09,Medium,238.76,19.94,0
B06,Research Lab,Laboratory,35000,4,2025-12-01 15:00:00,15,0,12,0,19.9,64.3,48.6,Medium,37.2,49.1,Cool,28.65,Medium,243.52,20.34,0
B05,Administration,Office,18000,3,2025-12-01 15:00:00,15,0,12,0,23.4,66.2,69.7,Medium,51.5,63.9,Cool,22.58,Low,191.93,16.03,0
B03,Library,Library,22000,3,2025-12-01 16:00:00,16,0,12,0,24.0,61.9,66.5,Medium,53.3,64.8,Cool,29.41,Medium,249.98,20.88,0
B03,Library,Library,22000,3,2025-12-01 16:00:00,16,0,12,0,22.6,80.5,59.6,Medium,36.4,51.5,Cool,25.74,Medium,218.79,18.28,0
B04,Hostel,Dormitory,60000,6,2025-12-01 19:00:00,19,0,12,0,25.2,67.0,28.6,Low,34.2,50.7,Moderate,33.31,High,283.14,23.65,0
B02,Computer Lab,Laboratory,28000,3,2025-12-01 20:00:00,20,0,12,0,21.9,68.1,9.1,Low,23.0,48.5,Cool,28.34,Medium,240.89,20.12,0
B03,Library,Library,22000,3,2025-12-01 23:00:00,23,0,12,0,24.7,61.8,16.9,Low,26.6,52.2,Moderate,19.96,Low,169.66,14.17,0
B04,Hostel,Dormitory,60000,6,2025-12-01 23:00:00,23,0,12,0,24.2,71.8,31.2,Low,42.0,59.2,Moderate,31.39,High,266.82,22.29,0
B02,Computer Lab,Laboratory,28000,3,2025-12-02 00:00:00,0,1,12,0,22.2,67.2,10.9,Low,32.2,50.8,Cool,19.09,Low,162.26,13.55,0
B03,Library,Library,22000,3,2025-12-02 01:00:00,1,1,12,0,23.4,65.8,8.2,Low,24.6,43.1,Cool,18.98,Low,161.33,13.48,0
B06,Research Lab,Laboratory,35000,4,2025-12-02 01:00:00,1,1,12,0,21.4,67.4,7.4,Low,25.6,40.7,Cool,30.35,Medium,257.98,21.55,1
B04,Hostel,Dormitory,60000,6,2025-12-02 03:00:00,3,1,12,0,23.4,58.5,11.2,Low,31.6,36.6,Cool,31.78,High,270.13,22.56,0
B01,Academic Block,Classroom,45000,4,2025-12-02 05:00:00,5,1,12,0,21.6,78.2,0.9,Low,22.0,34.3,Cool,19.49,Low,165.66,13.84,0
B05,Administration,Office,18000,3,2025-12-02 06:00:00,6,1,12,0,21.0,74.6,16.3,Low,22.2,52.1,Cool,10.1,Low,85.85,7.17,0
B03,Library,Library,22000,3,2025-12-02 06:00:00,6,1,12,0,19.8,69.2,0.0,Low,5.1,37.8,Cool,17.88,Low,151.98,12.69,0
B05,Administration,Office,18000,3,2025-12-02 06:00:00,6,1,12,0,21.7,66.9,19.5,Low,27.4,59.4,Cool,20.46,Low,173.91,14.53,0
B03,Library,Library,22000,3,2025-12-02 10:00:00,10,1,12,0,22.3,61.0,51.2,Medium,43.2,53.5,Cool,26.4,Medium,224.4,18.74,0
B06,Research Lab,Laboratory,35000,4,2025-12-02 10:00:00,10,1,12,0,22.9,56.3,58.0,Medium,36.3,45.7,Cool,35.29,High,299.96,25.06,1
B03,Library,Library,22000,3,2025-12-02 12:00:00,12,1,12,0,20.4,62.5,58.8,Medium,41.6,61.0,Cool,29.21,Medium,248.28,20.74,0
B02,Computer Lab,Laboratory,28000,3,2025-12-02 13:00:00,13,1,12,0,22.9,74.7,56.8,Medium,44.2,45.4,Cool,34.65,High,294.52,24.6,0
B02,Computer Lab,Laboratory,28000,3,2025-12-02 13:00:00,13,1,12,0,23.8,63.3,53.6,Medium,44.7,52.8,Cool,24.9,Medium,211.65,17.68,0
B04,Hostel,Dormitory,60000,6,2025-12-02 13:00:00,13,1,12,0,21.3,75.5,53.0,Medium,39.3,59.2,Cool,54.41,High,462.48,38.63,1
B05,Administration,Office,18000,3,2025-12-02 13:00:00,13,1,12,0,23.8,65.7,78.1,High,44.6,82.0,Cool,25.33,Medium,215.3,17.98,0
B03,Library,Library,22000,3,2025-12-02 15:00:00,15,1,12,0,23.0,60.5,60.4,Medium,50.2,55.1,Cool,23.79,Low,202.22,16.89,0
B05,Administration,Office,18000,3,2025-12-02 16:00:00,16,1,12,0,21.7,62.5,57.4,Medium,39.8,60.0,Cool,24.1,Low,204.85,17.11,0
B05,Administration,Office,18000,3,2025-12-02 19:00:00,19,1,12,0,23.1,68.2,9.5,Low,22.1,50.0,Cool,14.46,Low,122.91,10.27,0
B04,Hostel,Dormitory,60000,6,2025-12-02 20:00:00,20,1,12,0,22.1,56.0,28.7,Low,20.4,57.0,Cool,56.37,High,479.14,40.02,1
B02,Computer Lab,Laboratory,28000,3,2025-12-02 22:00:00,22,1,12,0,23.9,60.5,4.8,Low,27.5,35.5,Cool,28.19,Medium,239.62,20.01,0
B06,Research Lab,Laboratory,35000,4,2025-12-02 22:00:00,22,1,12,0,23.7,62.9,16.2,Low,43.5,56.4,Cool,22.56,Low,191.76,16.02,0
B05,Administration,Office,18000,3,2025-12-02 23:00:00,23,1,12,0,23.9,71.6,9.7,Low,25.4,47.2,Cool,17.89,Low,152.06,12.7,0
B04,Hostel,Dormitory,60000,6,2025-12-03 00:00:00,0,2,12,0,25.2,66.8,14.2,Low,27.8,46.0,Moderate,37.74,High,320.79,26.8,0
B06,Research Lab,Laboratory,35000,4,2025-12-03 00:00:00,0,2,12,0,23.2,67.8,0.0,Low,22.1,27.4,Cool,22.05,Low,187.42,15.66,0
B02,Computer Lab,Laboratory,28000,3,2025-12-03 01:00:00,1,2,12,0,22.3,70.4,16.8,Low,26.0,45.8,Cool,25.26,Medium,214.71,17.93,0
B04,Hostel,Dormitory,60000,6,2025-12-03 02:00:00,2,2,12,0,21.9,74.7,7.9,Low,20.6,37.3,Cool,25.17,Medium,213.95,17.87,0
B01,Academic Block,Classroom,45000,4,2025-12-03 02:00:00,2,2,12,0,19.4,69.8,5.0,Low,34.2,30.2,Cool,19.47,Low,165.5,13.82,0
B03,Library,Library,22000,3,2025-12-03 02:00:00,2,2,12,0,23.2,59.2,2.6,Low,23.3,43.7,Cool,12.02,Low,102.17,8.53,0
B04,Hostel,Dormitory,60000,6,2025-12-03 03:00:00,3,2,12,0,21.5,69.1,5.6,Low,14.1,42.1,Cool,27.55,Medium,234.18,19.56,0
B01,Academic Block,Classroom,45000,4,2025-12-03 03:00:00,3,2,12,0,21.8,61.7,9.0,Low,16.1,38.2,Cool,27.93,Medium,237.4,19.83,0
B06,Research Lab,Laboratory,35000,4,2025-12-03 05:00:00,5,2,12,0,20.5,54.1,18.2,Low,33.2,45.7,Cool,27.85,Medium,236.73,19.77,0
B03,Library,Library,22000,3,2025-12-03 06:00:00,6,2,12,0,20.7,69.8,8.9,Low,24.8,39.4,Cool,17.79,Low,151.22,12.63,0
B01,Academic Block,Classroom,45000,4,2025-12-03 09:00:00,9,2,12,0,18.3,74.0,73.5,High,43.6,65.1,Cool,30.11,Medium,255.94,21.38,0
B03,Library,Library,22000,3,2025-12-03 11:00:00,11,2,12,0,20.8,70.8,56.9,Medium,37.3,71.9,Cool,22.82,Low,193.97,16.2,0
B01,Academic Block,Classroom,45000,4,2025-12-03 11:00:00,11,2,12,0,19.9,72.6,79.3,High,51.9,70.9,Cool,30.3,Medium,257.55,21.51,0
B04,Hostel,Dormitory,60000,6,2025-12-03 12:00:00,12,2,12,0,21.3,75.8,47.5,Medium,31.9,49.0,Cool,30.66,Medium,260.61,21.77,0
B01,Academic Block,Classroom,45000,4,2025-12-03 12:00:00,12,2,12,0,19.7,62.5,69.5,Medium,43.4,63.7,Cool,32.88,High,279.48,23.34,0
B04,Hostel,Dormitory,60000,6,2025-12-03 13:00:00,13,2,12,0,22.4,64.4,59.7,Medium,46.0,50.8,Cool,44.28,High,376.38,31.44,0
B01,Academic Block,Classroom,45000,4,2025-12-03 14:00:00,14,2,12,0,22.2,58.2,71.0,High,40.8,62.1,Cool,33.91,High,288.23,24.08,0
B01,Academic Block,Classroom,45000,4,2025-12-03 14:00:00,14,2,12,0,20.3,71.9,65.4,Medium,50.5,69.3,Cool,29.95,Medium,254.58,21.26,0
B04,Hostel,Dormitory,60000,6,2025-12-03 16:00:00,16,2,12,0,24.6,73.9,47.6,Medium,31.5,49.1,Moderate,30.48,Medium,259.08,21.64,0
B04,Hostel,Dormitory,60000,6,2025-12-03 16:00:00,16,2,12,0,22.4,63.3,37.4,Medium,34.0,45.1,Cool,29.33,Medium,249.3,20.82,0
B06,Research Lab,Laboratory,35000,4,2025-12-03 16:00:00,16,2,12,0,22.7,71.9,57.1,Medium,41.7,60.1,Cool,38.78,High,329.63,27.53,0
B03,Library,Library,22000,3,2025-12-03 17:00:00,17,2,12,0,24.8,59.8,48.4,Medium,29.2,53.6,Moderate,25.21,Medium,214.28,17.9,0
B03,Library,Library,22000,3,2025-12-03 19:00:00,19,2,12,0,25.7,69.0,8.2,Low,25.1,37.7,Moderate,18.73,Low,159.21,13.3,0
B01,Academic Block,Classroom,45000,4,2025-12-03 20:00:00,20,2,12,0,23.5,50.6,12.4,Low,30.6,52.7,Cool,28.09,Medium,238.76,19.94,0
B04,Hostel,Dormitory,60000,6,2025-12-03 21:00:00,21,2,12,0,24.3,76.2,21.1,Low,27.2,55.4,Moderate,33.14,High,281.69,23.53,0
B01,Academic Block,Classroom,45000,4,2025-12-03 22:00:00,22,2,12,0,25.0,57.4,5.1,Low,25.6,41.2,Moderate,14.77,Low,125.54,10.49,0
B02,Computer Lab,Laboratory,28000,3,2025-12-04 00:00:00,0,3,12,0,25.1,66.1,14.7,Low,28.3,47.3,Moderate,19.34,Low,164.39,13.73,0
B01,Academic Block,Classroom,45000,4,2025-12-04 01:00:00,1,3,12,0,22.8,76.6,3.1,Low,28.4,30.4,Cool,25.84,Medium,219.64,18.35,0
B01,Academic Block,Classroom,45000,4,2025-12-04 01:00:00,1,3,12,0,23.4,58.1,11.7,Low,28.7,47.9,Cool,31.17,High,264.94,22.13,0
B02,Computer Lab,Laboratory,28000,3,2025-12-04 01:00:00,1,3,12,0,21.3,80.3,2.2,Low,18.1,36.0,Cool,24.8,Medium,210.8,17.61,0
B02,Computer Lab,Laboratory,28000,3,2025-12-04 02:00:00,2,3,12,0,19.9,83.8,15.7,Low,21.2,42.7,Cool,21.86,Low,185.81,15.52,0
B03,Library,Library,22000,3,2025-12-04 04:00:00,4,3,12,0,22.0,72.2,16.6,Low,31.0,42.3,Cool,20.5,Low,174.25,14.56,0
B01,Academic Block,Classroom,45000,4,2025-12-04 05:00:00,5,3,12,0,19.6,69.4,20.6,Low,28.1,55.4,Cool,21.4,Low,181.9,15.19,0
B02,Computer Lab,Laboratory,28000,3,2025-12-04 07:00:00,7,3,12,0,18.9,68.6,20.7,Low,33.3,23.5,Cool,24.14,Low,205.19,17.14,0
B02,Computer Lab,Laboratory,28000,3,2025-12-04 08:00:00,8,3,12,0,21.1,72.1,60.7,Medium,45.0,58.5,Cool,30.22,Medium,256.87,21.46,0
B01,Academic Block,Classroom,45000,4,2025-12-04 09:00:00,9,3,12,0,20.0,74.2,54.3,Medium,19.4,56.5,Cool,26.98,Medium,229.33,19.16,0
B01,Academic Block,Classroom,45000,4,2025-12-04 10:00:00,10,3,12,0,20.8,54.3,66.6,Medium,49.7,64.2,Cool,33.88,High,287.98,24.05,0
B03,Library,Library,22000,3,2025-12-04 12:00:00,12,3,12,0,19.3,67.6,58.1,Medium,41.1,60.7,Cool,25.0,Medium,212.5,17.75,0
B02,Computer Lab,Laboratory,28000,3,2025-12-04 14:00:00,14,3,12,0,20.8,64.3,59.6,Medium,42.3,65.6,Cool,19.4,Low,164.9,13.77,0
B01,Academic Block,Classroom,45000,4,2025-12-04 14:00:00,14,3,12,0,24.6,60.2,78.2,High,40.0,76.7,Moderate,30.19,Medium,256.62,21.43,0
B05,Administration,Office,18000,3,2025-12-04 14:00:00,14,3,12,0,21.2,63.1,71.8,High,42.2,69.2,Cool,22.83,Low,194.05,16.21,0
B02,Computer Lab,Laboratory,28000,3,2025-12-04 14:00:00,14,3,12,0,21.9,58.4,59.0,Medium,41.0,57.0,Cool,28.15,Medium,239.27,19.99,0
B01,Academic Block,Classroom,45000,4,2025-12-04 14:00:00,14,3,12,0,22.5,77.8,71.8,High,38.3,61.7,Cool,31.78,High,270.13,22.56,0
B06,Research Lab,Laboratory,35000,4,2025-12-04 15:00:00,15,3,12,0,21.1,64.0,48.5,Medium,44.9,51.1,Cool,31.3,High,266.05,22.22,0
B02,Computer Lab,Laboratory,28000,3,2025-12-04 15:00:00,15,3,12,0,24.7,64.2,60.1,Medium,50.4,58.2,Moderate,29.07,Medium,247.1,20.64,0
B05,Administration,Office,18000,3,2025-12-04 15:00:00,15,3,12,0,22.7,64.7,53.9,Medium,37.7,58.1,Cool,36.58,High,310.93,25.97,1
B06,Research Lab,Laboratory,35000,4,2025-12-04 16:00:00,16,3,12,0,22.8,62.9,57.5,Medium,52.4,57.4,Cool,23.49,Low,199.66,16.68,0
B02,Computer Lab,Laboratory,28000,3,2025-12-04 19:00:00,19,3,12,0,25.7,67.4,7.2,Low,31.4,45.6,Moderate,26.38,Medium,224.23,18.73,0
B05,Administration,Office,18000,3,2025-12-04 19:00:00,19,3,12,0,25.5,62.4,7.4,Low,37.1,38.3,Moderate,17.98,Low,152.83,12.77,0
B04,Hostel,Dormitory,60000,6,2025-12-04 19:00:00,19,3,12,0,27.1,67.6,26.3,Low,33.5,51.9,Moderate,31.75,High,269.88,22.54,0
B03,Library,Library,22000,3,2025-12-04 20:00:00,20,3,12,0,23.5,77.2,9.2,Low,28.8,44.0,Cool,16.82,Low,142.97,11.94,0
B06,Research Lab,Laboratory,35000,4,2025-12-04 20:00:00,20,3,12,0,27.5,55.3,8.0,Low,40.8,41.5,Moderate,21.02,Low,178.67,14.92,0
B03,Library,Library,22000,3,2025-12-04 21:00:00,21,3,12,0,25.1,67.2,16.4,Low,38.4,49.2,Moderate,26.77,Medium,227.54,19.01,0
B05,Administration,Office,18000,3,2025-12-04 22:00:00,22,3,12,0,26.5,65.9,10.1,Low,37.7,41.9,Moderate,15.92,Low,135.32,11.3,0
B05,Administration,Office,18000,3,2025-12-04 23:00:00,23,3,12,0,25.1,56.7,11.7,Low,37.1,43.9,Moderate,12.41,Low,105.48,8.81,0
B05,Administration,Office,18000,3,2025-12-05 00:00:00,0,4,12,0,22.2,71.8,14.0,Low,34.4,44.0,Cool,17.2,Low,146.2,12.21,0
B06,Research Lab,Laboratory,35000,4,2025-12-05 00:00:00,0,4,12,0,21.9,65.6,14.0,Low,11.1,46.2,Cool,23.18,Low,197.03,16.46,0
B03,Library,Library,22000,3,2025-12-05 00:00:00,0,4,12,0,20.5,79.7,4.5,Low,19.0,44.6,Cool,20.44,Low,173.74,14.51,0
B04,Hostel,Dormitory,60000,6,2025-12-05 02:00:00,2,4,12,0,19.1,76.7,10.1,Low,13.1,40.0,Cool,26.91,Medium,228.74,19.11,0
B04,Hostel,Dormitory,60000,6,2025-12-05 03:00:00,3,4,12,0,20.7,68.4,13.7,Low,14.4,42.2,Cool,27.1,Medium,230.35,19.24,0
B06,Research Lab,Laboratory,35000,4,2025-12-05 04:00:00,4,4,12,0,23.1,65.0,5.8,Low,20.9,40.9,Cool,20.33,Low,172.8,14.43,0
B03,Library,Library,22000,3,2025-12-05 04:00:00,4,4,12,0,20.4,80.8,5.0,Low,19.2,37.8,Cool,10.95,Low,93.07,7.77,0
B06,Research Lab,Laboratory,35000,4,2025-12-05 05:00:00,5,4,12,0,19.7,65.2,3.8,Low,29.5,44.9,Cool,19.27,Low,163.79,13.68,0
B02,Computer Lab,Laboratory,28000,3,2025-12-05 08:00:00,8,4,12,0,21.2,69.9,60.2,Medium,33.9,63.6,Cool,30.36,Medium,258.06,21.56,0
B02,Computer Lab,Laboratory,28000,3,2025-12-05 08:00:00,8,4,12,0,18.9,69.4,56.7,Medium,40.9,61.8,Cool,30.31,Medium,257.64,21.52,0
B04,Hostel,Dormitory,60000,6,2025-12-05 08:00:00,8,4,12,0,22.9,75.0,49.9,Medium,48.7,57.2,Cool,38.89,High,330.56,27.61,0
B02,Computer Lab,Laboratory,28000,3,2025-12-05 10:00:00,10,4,12,0,20.0,77.9,46.3,Medium,35.3,46.4,Cool,25.77,Medium,219.04,18.3,0
B01,Academic Block,Classroom,45000,4,2025-12-05 11:00:00,11,4,12,0,22.1,71.1,67.1,Medium,55.4,65.9,Cool,37.49,High,318.67,26.62,0
B05,Administration,Office,18000,3,2025-12-05 13:00:00,13,4,12,0,21.3,64.3,63.5,Medium,31.0,66.0,Cool,19.91,Low,169.24,14.14,0
B04,Hostel,Dormitory,60000,6,2025-12-05 13:00:00,13,4,12,0,21.7,66.5,52.8,Medium,33.4,54.6,Cool,32.56,High,276.76,23.12,0
B01,Academic Block,Classroom,45000,4,2025-12-05 13:00:00,13,4,12,0,23.3,57.7,76.7,High,58.4,68.0,Cool,33.11,High,281.44,23.51,0
B01,Academic Block,Classroom,45000,4,2025-12-05 13:00:00,13,4,12,0,22.0,69.1,61.3,Medium,37.4,65.6,Cool,29.46,Medium,250.41,20.92,0
B06,Research Lab,Laboratory,35000,4,2025-12-05 13:00:00,13,4,12,0,23.9,60.2,62.2,Medium,43.8,60.8,Cool,28.59,Medium,243.02,20.3,0
B02,Computer Lab,Laboratory,28000,3,2025-12-05 14:00:00,14,4,12,0,21.0,83.9,61.1,Medium,51.4,62.3,Cool,26.71,Medium,227.04,18.96,0
B03,Library,Library,22000,3,2025-12-05 14:00:00,14,4,12,0,20.2,65.0,58.1,Medium,44.3,61.5,Cool,16.55,Low,140.68,11.75,0
B02,Computer Lab,Laboratory,28000,3,2025-12-05 15:00:00,15,4,12,0,20.1,76.1,56.6,Medium,29.9,65.0,Cool,49.8,High,423.3,35.36,1
B02,Computer Lab,Laboratory,28000,3,2025-12-05 16:00:00,16,4,12,0,25.0,75.7,64.1,Medium,51.5,64.1,Moderate,30.7,Medium,260.95,21.8,0
B05,Administration,Office,18000,3,2025-12-05 16:00:00,16,4,12,0,24.5,71.2,57.6,Medium,40.4,48.1,Moderate,21.32,Low,181.22,15.14,0
B02,Computer Lab,Laboratory,28000,3,2025-12-05 17:00:00,17,4,12,0,23.2,62.9,55.5,Medium,38.6,57.5,Cool,25.36,Medium,215.56,18.01,0
B06,Research Lab,Laboratory,35000,4,2025-12-05 18:00:00,18,4,12,0,24.3,61.5,57.5,Medium,43.7,59.5,Moderate,31.3,High,266.05,22.22,0
B06,Research Lab,Laboratory,35000,4,2025-12-05 19:00:00,19,4,12,0,25.7,85.0,10.4,Low,26.8,34.5,Moderate,23.34,Low,198.39,16.57,0
B04,Hostel,Dormitory,60000,6,2025-12-05 19:00:00,19,4,12,0,23.8,79.8,34.6,Low,38.3,68.3,Cool,39.76,High,337.96,28.23,0
B01,Academic Block,Classroom,45000,4,2025-12-05 19:00:00,19,4,12,0,21.5,69.9,13.8,Low,19.6,32.1,Cool,20.27,Low,172.3,14.39,0
B02,Computer Lab,Laboratory,28000,3,2025-12-05 19:00:00,19,4,12,0,21.5,65.4,13.9,Low,26.7,48.3,Cool,21.6,Low,183.6,15.34,0
B06,Research Lab,Laboratory,35000,4,2025-12-05 23:00:00,23,4,12,0,21.9,61.4,21.3,Low,32.0,43.3,Cool,28.32,Medium,240.72,20.11,0
B02,Computer Lab,Laboratory,28000,3,2025-12-06 02:00:00,2,5,12,1,22.3,62.8,10.5,Low,23.8,48.2,Cool,24.42,Low,207.57,17.34,0
B01,Academic Block,Classroom,45000,4,2025-12-06 02:00:00,2,5,12,1,20.7,73.4,19.4,Low,27.2,52.4,Cool,20.13,Low,171.1,14.29,0
B02,Computer Lab,Laboratory,28000,3,2025-12-06 04:00:00,4,5,12,1,22.7,83.0,4.5,Low,23.4,45.7,Cool,23.24,Low,197.54,16.5,0
B02,Computer Lab,Laboratory,28000,3,2025-12-06 06:00:00,6,5,12,1,18.5,69.4,11.1,Low,24.7,45.9,Cool,26.35,Medium,223.98,18.71,0
B04,Hostel,Dormitory,60000,6,2025-12-06 06:00:00,6,5,12,1,19.4,77.9,11.5,Low,23.4,45.4,Cool,33.93,High,288.4,24.09,0
B02,Computer Lab,Laboratory,28000,3,2025-12-06 06:00:00,6,5,12,1,17.7,77.1,2.8,Low,20.1,35.5,Cool,16.03,Low,136.26,11.38,0
B06,Research Lab,Laboratory,35000,4,2025-12-06 07:00:00,7,5,12,1,19.5,67.4,12.3,Low,23.6,15.5,Cool,22.35,Low,189.98,15.87,0
B03,Library,Library,22000,3,2025-12-06 10:00:00,10,5,12,1,20.4,75.7,12.8,Low,25.6,35.5,Cool,13.59,Low,115.52,9.65,0
B03,Library,Library,22000,3,2025-12-06 12:00:00,12,5,12,1,22.8,74.0,16.2,Low,24.5,24.7,Cool,20.01,Low,170.08,14.21,0
B06,Research Lab,Laboratory,35000,4,2025-12-06 12:00:00,12,5,12,1,21.3,74.4,15.4,Low,24.5,28.2,Cool,24.08,Low,204.68,17.1,0
B03,Library,Library,22000,3,2025-12-06 13:00:00,13,5,12,1,22.7,64.0,3.1,Low,28.3,13.2,Cool,19.78,Low,168.13,14.04,0
B05,Administration,Office,18000,3,2025-12-06 13:00:00,13,5,12,1,23.1,71.5,20.4,Low,41.2,24.9,Cool,19.9,Low,169.15,14.13,0
B03,Library,Library,22000,3,2025-12-06 14:00:00,14,5,12,1,22.7,75.2,8.8,Low,39.1,21.9,Cool,14.46,Low,122.91,10.27,0
B06,Research Lab,Laboratory,35000,4,2025-12-06 16:00:00,16,5,12,1,21.8,74.3,7.8,Low,23.5,22.9,Cool,22.75,Low,193.38,16.15,0
B04,Hostel,Dormitory,60000,6,2025-12-06 17:00:00,17,5,12,1,24.2,73.2,15.4,Low,23.2,35.3,Moderate,26.03,Medium,221.26,18.48,0
B04,Hostel,Dormitory,60000,6,2025-12-06 18:00:00,18,5,12,1,26.1,62.7,18.0,Low,32.2,33.5,Moderate,26.28,Medium,223.38,18.66,0
B03,Library,Library,22000,3,2025-12-06 19:00:00,19,5,12,1,23.6,73.6,8.7,Low,26.8,42.9,Cool,15.77,Low,134.04,11.2,0
B02,Computer Lab,Laboratory,28000,3,2025-12-06 23:00:00,23,5,12,1,24.4,74.5,11.7,Low,34.9,43.5,Moderate,23.74,Low,201.79,16.86,0
B06,Research Lab,Laboratory,35000,4,2025-12-07 00:00:00,0,6,12,1,23.9,62.7,18.4,Low,25.6,50.5,Cool,21.76,Low,184.96,15.45,0
B02,Computer Lab,Laboratory,28000,3,2025-12-07 02:00:00,2,6,12,1,21.6,58.0,5.5,Low,21.2,37.8,Cool,21.24,Low,180.54,15.08,0
B06,Research Lab,Laboratory,35000,4,2025-12-07 03:00:00,3,6,12,1,23.0,78.0,0.0,Low,15.7,36.3,Cool,17.0,Low,144.5,12.07,0
B05,Administration,Office,18000,3,2025-12-07 05:00:00,5,6,12,1,20.1,65.7,15.8,Low,35.5,42.9,Cool,11.38,Low,96.73,8.08,0
B05,Administration,Office,18000,3,2025-12-07 06:00:00,6,6,12,1,21.1,62.9,18.4,Low,29.7,46.0,Cool,24.1,Low,204.85,17.11,0
B02,Computer Lab,Laboratory,28000,3,2025-12-07 06:00:00,6,6,12,1,20.0,70.5,0.8,Low,18.2,35.3,Cool,18.53,Low,157.5,13.16,0
B02,Computer Lab,Laboratory,28000,3,2025-12-07 07:00:00,7,6,12,1,20.3,66.9,11.9,Low,24.5,25.5,Cool,20.34,Low,172.89,14.44,0
B02,Computer Lab,Laboratory,28000,3,2025-12-07 07:00:00,7,6,12,1,21.6,54.2,8.5,Low,14.9,20.8,Cool,18.24,Low,155.04,12.95,0
B03,Library,Library,22000,3,2025-12-07 07:00:00,7,6,12,1,17.3,77.4,12.9,Low,27.2,25.6,Cool,18.81,Low,159.88,13.36,0
B02,Computer Lab,Laboratory,28000,3,2025-12-07 07:00:00,7,6,12,1,21.1,74.2,0.0,Low,22.3,10.4,Cool,19.49,Low,165.66,13.84,0
B03,Library,Library,22000,3,2025-12-07 08:00:00,8,6,12,1,21.2,60.8,3.1,Low,10.5,11.3,Cool,16.81,Low,142.88,11.94,0
B04,Hostel,Dormitory,60000,6,2025-12-07 08:00:00,8,6,12,1,19.3,69.4,15.1,Low,20.9,26.1,Cool,28.87,Medium,245.4,20.5,0
B02,Computer Lab,Laboratory,28000,3,2025-12-07 08:00:00,8,6,12,1,20.1,61.8,11.1,Low,22.1,14.9,Cool,20.07,Low,170.6,14.25,0
B02,Computer Lab,Laboratory,28000,3,2025-12-07 11:00:00,11,6,12,1,19.2,63.6,22.5,Low,26.1,36.2,Cool,26.28,Medium,223.38,18.66,0
B01,Academic Block,Classroom,45000,4,2025-12-07 12:00:00,12,6,12,1,19.9,64.9,16.1,Low,22.6,20.2,Cool,20.52,Low,174.42,14.57,0
B05,Administration,Office,18000,3,2025-12-07 12:00:00,12,6,12,1,21.5,71.5,5.3,Low,22.6,17.0,Cool,14.18,Low,120.53,10.07,0
B05,Administration,Office,18000,3,2025-12-07 14:00:00,14,6,12,1,26.1,78.2,17.0,Low,41.7,30.3,Moderate,17.54,Low,149.09,12.45,0
B01,Academic Block,Classroom,45000,4,2025-12-07 14:00:00,14,6,12,1,23.1,63.6,24.0,Low,33.3,37.6,Cool,29.35,Medium,249.48,20.84,0
B04,Hostel,Dormitory,60000,6,2025-12-07 16:00:00,16,6,12,1,21.8,73.4,11.5,Low,31.1,26.8,Cool,29.79,Medium,253.22,21.15,0
B04,Hostel,Dormitory,60000,6,2025-12-07 17:00:00,17,6,12,1,24.7,70.8,14.8,Low,32.2,28.5,Moderate,29.39,Medium,249.82,20.87,0
B05,Administration,Office,18000,3,2025-12-07 17:00:00,17,6,12,1,24.4,50.6,17.8,Low,28.6,41.2,Moderate,9.82,Low,83.47,6.97,0
B03,Library,Library,22000,3,2025-12-07 17:00:00,17,6,12,1,20.9,58.6,10.8,Low,22.7,17.8,Cool,17.21,Low,146.28,12.22,0
B01,Academic Block,Classroom,45000,4,2025-12-07 19:00:00,19,6,12,1,23.6,80.4,0.0,Low,27.7,36.6,Cool,24.24,Low,206.04,17.21,0
B01,Academic Block,Classroom,45000,4,2025-12-07 19:00:00,19,6,12,1,23.8,62.4,15.9,Low,32.0,50.1,Cool,27.59,Medium,234.52,19.59,0
B01,Academic Block,Classroom,45000,4,2025-12-07 21:00:00,21,6,12,1,24.2,68.8,17.6,Low,38.1,50.0,Moderate,24.44,Medium,207.74,17.35,0
B04,Hostel,Dormitory,60000,6,2025-12-07 22:00:00,22,6,12,1,23.8,68.3,42.2,Medium,38.1,64.3,Cool,36.42,High,309.57,25.86,0
B03,Library,Library,22000,3,2025-12-07 22:00:00,22,6,12,1,24.1,50.8,4.3,Low,16.9,40.9,Moderate,17.66,Low,150.11,12.54,0
B04,Hostel,Dormitory,60000,6,2025-12-07 23:00:00,23,6,12,1,22.1,62.5,24.6,Low,27.6,55.8,Cool,23.94,Low,203.49,17.0,0
B02,Computer Lab,Laboratory,28000,3,2025-12-08 03:00:00,3,0,12,0,21.1,73.2,7.2,Low,13.6,46.6,Cool,24.62,Medium,209.27,17.48,0
B01,Academic Block,Classroom,45000,4,2025-12-08 03:00:00,3,0,12,0,21.2,61.5,10.8,Low,23.0,45.5,Cool,22.2,Low,188.7,15.76,0
B02,Computer Lab,Laboratory,28000,3,2025-12-08 07:00:00,7,0,12,0,21.9,64.8,15.8,Low,18.5,17.3,Cool,21.17,Low,179.95,15.03,0
B03,Library,Library,22000,3,2025-12-08 08:00:00,8,0,12,0,19.1,61.3,47.1,Medium,35.9,54.3,Cool,20.37,Low,173.14,14.46,0
B02,Computer Lab,Laboratory,28000,3,2025-12-08 10:00:00,10,0,12,0,20.0,63.1,65.4,Medium,43.8,62.0,Cool,64.04,High,544.34,45.47,1
B05,Administration,Office,18000,3,2025-12-08 10:00:00,10,0,12,0,19.8,65.5,69.0,Medium,43.4,65.8,Cool,26.14,Medium,222.19,18.56,0
B06,Research Lab,Laboratory,35000,4,2025-12-08 11:00:00,11,0,12,0,23.1,53.5,65.3,Medium,43.2,58.3,Cool,25.71,Medium,218.54,18.25,0
B01,Academic Block,Classroom,45000,4,2025-12-08 14:00:00,14,0,12,0,23.1,74.7,64.4,Medium,42.2,64.0,Cool,28.14,Medium,239.19,19.98,0
B04,Hostel,Dormitory,60000,6,2025-12-08 15:00:00,15,0,12,0,21.2,58.3,35.4,Medium,39.2,51.4,Cool,37.89,High,322.06,26.9,0
B03,Library,Library,22000,3,2025-12-08 15:00:00,15,0,12,0,23.2,65.2,66.1,Medium,47.0,69.9,Cool,29.02,Medium,246.67,20.6,0
B02,Computer Lab,Laboratory,28000,3,2025-12-08 17:00:00,17,0,12,0,22.0,62.2,54.6,Medium,30.0,50.0,Cool,25.63,Medium,217.86,18.2,0
B02,Computer Lab,Laboratory,28000,3,2025-12-08 20:00:00,20,0,12,0,24.5,72.9,17.0,Low,31.2,46.8,Moderate,22.25,Low,189.12,15.8,0
B01,Academic Block,Classroom,45000,4,2025-12-08 20:00:00,20,0,12,0,26.2,55.4,12.9,Low,41.2,49.7,Moderate,22.3,Low,189.55,15.83,0
B01,Academic Block,Classroom,45000,4,2025-12-08 21:00:00,21,0,12,0,21.1,62.6,19.9,Low,24.2,49.0,Cool,21.0,Low,178.5,14.91,0
B06,Research Lab,Laboratory,35000,4,2025-12-08 23:00:00,23,0,12,0,22.0,58.0,11.6,Low,21.8,33.5,Cool,23.92,Low,203.32,16.98,0
B05,Administration,Office,18000,3,2025-12-09 02:00:00,2,1,12,0,22.3,50.3,12.5,Low,28.7,41.6,Cool,22.73,Low,193.2,16.14,0
B04,Hostel,Dormitory,60000,6,2025-12-09 04:00:00,4,1,12,0,20.5,72.2,13.3,Low,19.5,51.9,Cool,27.9,Medium,237.15,19.81,0
B06,Research Lab,Laboratory,35000,4,2025-12-09 07:00:00,7,1,12,0,20.5,68.8,14.9,Low,18.1,33.7,Cool,23.26,Low,197.71,16.51,0
B05,Administration,Office,18000,3,2025-12-09 09:00:00,9,1,12,0,20.0,70.5,54.1,Medium,29.5,54.7,Cool,18.98,Low,161.33,13.48,0
B01,Academic Block,Classroom,45000,4,2025-12-09 10:00:00,10,1,12,0,17.8,76.4,79.7,High,52.0,73.4,Cool,33.08,High,281.18,23.49,0
B06,Research Lab,Laboratory,35000,4,2025-12-09 11:00:00,11,1,12,0,21.6,68.5,58.3,Medium,45.6,47.3,Cool,31.76,High,269.96,22.55,0
B01,Academic Block,Classroom,45000,4,2025-12-09 11:00:00,11,1,12,0,18.7,66.9,70.6,High,41.2,67.5,Cool,37.83,High,321.56,26.86,0
B05,Administration,Office,18000,3,2025-12-09 12:00:00,12,1,12,0,21.4,69.7,73.3,High,38.7,67.1,Cool,28.97,Medium,246.24,20.57,0
B06,Research Lab,Laboratory,35000,4,2025-12-09 13:00:00,13,1,12,0,20.9,64.7,58.7,Medium,45.8,49.6,Cool,34.85,High,296.23,24.74,0
B05,Administration,Office,18000,3,2025-12-09 13:00:00,13,1,12,0,25.2,72.6,55.7,Medium,44.5,52.0,Moderate,21.55,Low,183.18,15.3,0
B03,Library,Library,22000,3,2025-12-09 14:00:00,14,1,12,0,21.9,64.9,47.7,Medium,24.7,44.2,Cool,17.73,Low,150.71,12.59,0
B05,Administration,Office,18000,3,2025-12-09 21:00:00,21,1,12,0,24.5,64.6,8.9,Low,29.8,42.0,Moderate,16.81,Low,142.88,11.94,0
B01,Academic Block,Classroom,45000,4,2025-12-10 00:00:00,0,2,12,0,23.9,70.3,14.3,Low,30.2,53.5,Cool,22.12,Low,188.02,15.71,0
B05,Administration,Office,18000,3,2025-12-10 01:00:00,1,2,12,0,23.1,82.9,15.1,Low,35.6,45.6,Cool,16.58,Low,140.93,11.77,0
B03,Library,Library,22000,3,2025-12-10 03:00:00,3,2,12,0,21.5,60.6,19.9,Low,32.0,51.2,Cool,34.44,High,292.74,24.45,1
B04,Hostel,Dormitory,60000,6,2025-12-10 03:00:00,3,2,12,0,20.1,60.4,1.2,Low,25.8,48.2,Cool,30.58,Medium,259.93,21.71,0
B04,Hostel,Dormitory,60000,6,2025-12-10 05:00:00,5,2,12,0,20.5,66.9,13.6,Low,19.5,35.7,Cool,32.35,High,274.98,22.97,0
B03,Library,Library,22000,3,2025-12-10 07:00:00,7,2,12,0,17.3,65.9,16.3,Low,17.6,28.2,Cool,18.32,Low,155.72,13.01,0
B05,Administration,Office,18000,3,2025-12-10 07:00:00,7,2,12,0,20.9,73.2,16.0,Low,28.7,32.7,Cool,17.33,Low,147.3,12.3,0
B02,Computer Lab,Laboratory,28000,3,2025-12-10 11:00:00,11,2,12,0,25.0,66.4,41.9,Medium,40.2,48.0,Moderate,23.78,Low,202.13,16.88,0
B06,Research Lab,Laboratory,35000,4,2025-12-10 12:00:00,12,2,12,0,21.3,60.1,56.2,Medium,43.5,49.0,Cool,34.49,High,293.17,24.49,0
B06,Research Lab,Laboratory,35000,4,2025-12-10 13:00:00,13,2,12,0,22.1,72.6,64.5,Medium,43.5,73.0,Cool,35.05,High,297.92,24.89,0
B02,Computer Lab,Laboratory,28000,3,2025-12-10 18:00:00,18,2,12,0,21.5,80.7,53.1,Medium,47.3,59.0,Cool,27.38,Medium,232.73,19.44,0
B04,Hostel,Dormitory,60000,6,2025-12-10 18:00:00,18,2,12,0,22.6,61.3,42.7,Medium,33.4,48.4,Cool,35.82,High,304.47,25.43,0
B06,Research Lab,Laboratory,35000,4,2025-12-10 18:00:00,18,2,12,0,25.1,67.2,62.7,Medium,47.8,55.1,Moderate,32.09,High,272.77,22.78,0
B01,Academic Block,Classroom,45000,4,2025-12-10 19:00:00,19,2,12,0,21.8,52.2,14.1,Low,21.1,57.0,Cool,27.48,Medium,233.58,19.51,0
B01,Academic Block,Classroom,45000,4,2025-12-10 20:00:00,20,2,12,0,23.0,64.0,13.6,Low,21.3,48.1,Cool,22.17,Low,188.45,15.74,0
B01,Academic Block,Classroom,45000,4,2025-12-10 21:00:00,21,2,12,0,24.9,67.2,7.5,Low,35.8,42.9,Moderate,22.97,Low,195.24,16.31,0
B02,Computer Lab,Laboratory,28000,3,2025-12-10 22:00:00,22,2,12,0,25.0,64.0,2.8,Low,25.7,40.0,Moderate,15.67,Low,133.2,11.13,0
B02,Computer Lab,Laboratory,28000,3,2025-12-10 22:00:00,22,2,12,0,23.6,66.9,18.6,Low,44.2,53.7,Cool,23.56,Low,200.26,16.73,0
B06,Research Lab,Laboratory,35000,4,2025-12-11 01:00:00,1,3,12,0,22.8,61.3,35.4,Medium,25.8,62.1,Cool,33.16,High,281.86,23.54,0
B05,Administration,Office,18000,3,2025-12-11 02:00:00,2,3,12,0,22.2,76.1,0.7,Low,21.2,34.9,Cool,24.14,Low,205.19,17.14,0
B03,Library,Library,22000,3,2025-12-11 02:00:00,2,3,12,0,20.2,66.0,19.1,Low,27.6,38.1,Cool,30.4,Medium,258.4,21.58,1
B05,Administration,Office,18000,3,2025-12-11 03:00:00,3,3,12,0,21.4,59.3,10.8,Low,31.3,39.2,Cool,15.23,Low,129.46,10.81,0
B03,Library,Library,22000,3,2025-12-11 04:00:00,4,3,12,0,21.4,67.6,14.2,Low,19.7,55.6,Cool,17.09,Low,145.26,12.13,0
B02,Computer Lab,Laboratory,28000,3,2025-12-11 04:00:00,4,3,12,0,20.9,74.7,11.6,Low,20.5,39.5,Cool,21.22,Low,180.37,15.07,0
B02,Computer Lab,Laboratory,28000,3,2025-12-11 05:00:00,5,3,12,0,17.8,74.6,27.4,Low,21.1,54.1,Cool,22.52,Low,191.42,15.99,0
B01,Academic Block,Classroom,45000,4,2025-12-11 06:00:00,6,3,12,0,22.6,63.3,6.4,Low,32.1,34.0,Cool,25.42,Medium,216.07,18.05,0
B01,Academic Block,Classroom,45000,4,2025-12-11 06:00:00,6,3,12,0,18.7,82.5,7.8,Low,12.4,43.4,Cool,16.52,Low,140.42,11.73,0
B05,Administration,Office,18000,3,2025-12-11 07:00:00,7,3,12,0,20.2,68.3,12.5,Low,25.1,23.1,Cool,15.72,Low,133.62,11.16,0
B05,Administration,Office,18000,3,2025-12-11 09:00:00,9,3,12,0,20.6,56.5,66.7,Medium,58.3,63.6,Cool,32.44,High,275.74,23.03,0
B01,Academic Block,Classroom,45000,4,2025-12-11 09:00:00,9,3,12,0,19.4,73.6,75.9,High,53.4,67.9,Cool,36.56,High,310.76,25.96,0
B01,Academic Block,Classroom,45000,4,2025-12-11 10:00:00,10,3,12,0,20.7,67.5,70.0,Medium,51.9,69.6,Cool,39.48,High,335.58,28.03,0
B04,Hostel,Dormitory,60000,6,2025-12-11 12:00:00,12,3,12,0,19.9,68.6,52.6,Medium,48.7,61.8,Cool,35.55,High,302.17,25.24,0
B05,Administration,Office,18000,3,2025-12-11 13:00:00,13,3,12,0,24.8,71.4,59.6,Medium,46.9,51.2,Moderate,21.38,Low,181.73,15.18,0
B06,Research Lab,Laboratory,35000,4,2025-12-11 15:00:00,15,3,12,0,22.2,65.4,62.4,Medium,43.2,60.3,Cool,32.52,High,276.42,23.09,0
B06,Research Lab,Laboratory,35000,4,2025-12-11 16:00:00,16,3,12,0,24.4,63.4,53.8,Medium,43.1,54.5,Moderate,27.64,Medium,234.94,19.62,0
B01,Academic Block,Classroom,45000,4,2025-12-11 17:00:00,17,3,12,0,21.8,58.8,68.0,Medium,43.3,62.2,Cool,29.07,Medium,247.1,20.64,0
B03,Library,Library,22000,3,2025-12-11 17:00:00,17,3,12,0,24.6,61.6,53.4,Medium,39.7,60.8,Moderate,23.16,Low,196.86,16.44,0
B03,Library,Library,22000,3,2025-12-11 17:00:00,17,3,12,0,22.4,68.8,48.0,Medium,45.8,56.8,Cool,28.06,Medium,238.51,19.92,0
B01,Academic Block,Classroom,45000,4,2025-12-11 19:00:00,19,3,12,0,21.9,63.4,22.9,Low,24.9,53.3,Cool,27.78,Medium,236.13,19.72,0
B03,Library,Library,22000,3,2025-12-11 19:00:00,19,3,12,0,22.4,55.4,5.1,Low,20.8,35.4,Cool,18.03,Low,153.26,12.8,0
B06,Research Lab,Laboratory,35000,4,2025-12-11 20:00:00,20,3,12,0,22.8,71.3,9.2,Low,16.7,47.6,Cool,23.63,Low,200.86,16.78,0
B01,Academic Block,Classroom,45000,4,2025-12-11 20:00:00,20,3,12,0,24.2,70.5,0.9,Low,29.3,34.2,Moderate,28.08,Medium,238.68,19.94,0
B02,Computer Lab,Laboratory,28000,3,2025-12-11 21:00:00,21,3,12,0,28.3,67.3,10.8,Low,44.7,48.0,Moderate,27.23,Medium,231.46,19.33,0
B03,Library,Library,22000,3,2025-12-11 21:00:00,21,3,12,0,28.1,56.0,15.0,Low,22.8,58.5,Moderate,16.73,Low,142.21,11.88,0
B01,Academic Block,Classroom,45000,4,2025-12-12 00:00:00,0,4,12,0,22.6,66.8,5.7,Low,32.4,39.3,Cool,23.53,Low,200.0,16.71,0
B06,Research Lab,Laboratory,35000,4,2025-12-12 01:00:00,1,4,12,0,24.0,67.5,0.0,Low,28.0,35.8,Cool,19.63,Low,166.86,13.94,0
B01,Academic Block,Classroom,45000,4,2025-12-12 03:00:00,3,4,12,0,19.6,73.5,9.4,Low,30.9,38.6,Cool,21.25,Low,180.62,15.09,0
B01,Academic Block,Classroom,45000,4,2025-12-12 03:00:00,3,4,12,0,18.4,74.6,10.9,Low,26.1,48.3,Cool,28.09,Medium,238.76,19.94,0
B05,Administration,Office,18000,3,2025-12-12 03:00:00,3,4,12,0,21.6,57.8,10.4,Low,27.2,43.9,Cool,17.86,Low,151.81,12.68,0
B01,Academic Block,Classroom,45000,4,2025-12-12 03:00:00,3,4,12,0,22.3,79.2,23.1,Low,30.6,46.0,Cool,25.07,Medium,213.1,17.8,0
B06,Research Lab,Laboratory,35000,4,2025-12-12 04:00:00,4,4,12,0,22.2,58.8,14.3,Low,19.4,42.2,Cool,24.64,Medium,209.44,17.49,0
B06,Research Lab,Laboratory,35000,4,2025-12-12 04:00:00,4,4,12,0,22.7,55.4,13.8,Low,25.4,55.1,Cool,24.71,Medium,210.04,17.54,0
B01,Academic Block,Classroom,45000,4,2025-12-12 07:00:00,7,4,12,0,19.6,48.8,14.3,Low,22.1,24.5,Cool,14.46,Low,122.91,10.27,0
B01,Academic Block,Classroom,45000,4,2025-12-12 07:00:00,7,4,12,0,20.2,73.7,14.3,Low,31.5,20.2,Cool,25.15,Medium,213.77,17.86,0
B04,Hostel,Dormitory,60000,6,2025-12-12 07:00:00,7,4,12,0,21.3,78.1,8.9,Low,21.5,22.6,Cool,29.55,Medium,251.18,20.98,0
B01,Academic Block,Classroom,45000,4,2025-12-12 09:00:00,9,4,12,0,21.9,63.1,60.1,Medium,44.0,57.4,Cool,30.61,Medium,260.18,21.73,0
B01,Academic Block,Classroom,45000,4,2025-12-12 09:00:00,9,4,12,0,18.8,57.6,83.9,High,42.8,77.0,Cool,30.66,Medium,260.61,21.77,0
B02,Computer Lab,Laboratory,28000,3,2025-12-12 10:00:00,10,4,12,0,20.6,74.6,57.8,Medium,51.3,61.1,Cool,36.05,High,306.42,25.6,0
B04,Hostel,Dormitory,60000,6,2025-12-12 11:00:00,11,4,12,0,21.6,58.6,51.2,Medium,39.5,55.1,Cool,32.92,High,279.82,23.37,0
B04,Hostel,Dormitory,60000,6,2025-12-12 11:00:00,11,4,12,0,20.9,72.6,51.3,Medium,29.8,53.6,Cool,30.77,Medium,261.54,21.85,0
B04,Hostel,Dormitory,60000,6,2025-12-12 14:00:00,14,4,12,0,21.1,61.6,45.7,Medium,42.1,46.2,Cool,34.23,High,290.96,24.3,0
B02,Computer Lab,Laboratory,28000,3,2025-12-12 14:00:00,14,4,12,0,22.0,64.3,60.0,Medium,42.5,51.1,Cool,31.07,High,264.1,22.06,0
B04,Hostel,Dormitory,60000,6,2025-12-12 14:00:00,14,4,12,0,22.8,69.0,42.0,Medium,40.9,56.1,Cool,35.7,High,303.45,25.35,0
B01,Academic Block,Classroom,45000,4,2025-12-12 16:00:00,16,4,12,0,21.9,69.8,71.6,High,64.0,78.0,Cool,36.14,High,307.19,25.66,0
B02,Computer Lab,Laboratory,28000,3,2025-12-12 16:00:00,16,4,12,0,21.2,68.8,57.0,Medium,46.8,57.9,Cool,33.28,High,282.88,23.63,0
B05,Administration,Office,18000,3,2025-12-12 18:00:00,18,4,12,0,26.9,73.8,70.6,High,60.1,72.1,Moderate,28.74,Medium,244.29,20.41,0
B04,Hostel,Dormitory,60000,6,2025-12-12 21:00:00,21,4,12,0,24.3,77.6,35.6,Medium,34.5,61.5,Moderate,37.76,High,320.96,26.81,0
B04,Hostel,Dormitory,60000,6,2025-12-12 21:00:00,21,4,12,0,25.4,77.2,34.8,Low,38.9,57.2,Moderate,35.09,High,298.27,24.91,0
B01,Academic Block,Classroom,45000,4,2025-12-12 22:00:00,22,4,12,0,24.1,64.5,6.4,Low,23.9,40.2,Moderate,21.91,Low,186.24,15.56,0
B04,Hostel,Dormitory,60000,6,2025-12-12 22:00:00,22,4,12,0,25.4,65.4,32.5,Low,29.6,60.1,Moderate,30.81,Medium,261.88,21.88,0
B02,Computer Lab,Laboratory,28000,3,2025-12-12 22:00:00,22,4,12,0,23.9,75.5,17.3,Low,26.9,55.4,Cool,28.29,Medium,240.46,20.09,0
B02,Computer Lab,Laboratory,28000,3,2025-12-12 23:00:00,23,4,12,0,24.3,61.0,12.8,Low,35.4,45.1,Moderate,25.61,Medium,217.68,18.18,0
B02,Computer Lab,Laboratory,28000,3,2025-12-12 23:00:00,23,4,12,0,21.8,64.6,2.5,Low,23.2,45.4,Cool,20.03,Low,170.26,14.22,0
B06,Research Lab,Laboratory,35000,4,2025-12-12 23:00:00,23,4,12,0,20.8,68.5,18.9,Low,19.6,48.4,Cool,22.96,Low,195.16,16.3,0
B03,Library,Library,22000,3,2025-12-13 02:00:00,2,5,12,1,21.3,67.8,17.3,Low,25.4,45.1,Cool,14.75,Low,125.38,10.47,0
B04,Hostel,Dormitory,60000,6,2025-12-13 02:00:00,2,5,12,1,19.9,67.1,1.5,Low,15.8,43.6,Cool,33.07,High,281.1,23.48,0
B02,Computer Lab,Laboratory,28000,3,2025-12-13 03:00:00,3,5,12,1,18.3,63.8,12.9,Low,27.3,51.6,Cool,24.54,Medium,208.59,17.42,0
B02,Computer Lab,Laboratory,28000,3,2025-12-13 04:00:00,4,5,12,1,21.5,73.8,17.7,Low,22.1,48.7,Cool,27.76,Medium,235.96,19.71,0
B04,Hostel,Dormitory,60000,6,2025-12-13 04:00:00,4,5,12,1,18.4,67.6,7.8,Low,19.4,42.6,Cool,35.37,High,300.64,25.11,0
B01,Academic Block,Classroom,45000,4,2025-12-13 04:00:00,4,5,12,1,22.5,68.1,2.7,Low,14.1,38.5,Cool,27.34,Medium,232.39,19.41,0
B02,Computer Lab,Laboratory,28000,3,2025-12-13 09:00:00,9,5,12,1,22.3,67.1,4.5,Low,32.1,19.4,Cool,19.4,Low,164.9,13.77,0
B05,Administration,Office,18000,3,2025-12-13 11:00:00,11,5,12,1,18.5,74.9,11.2,Low,23.6,21.5,Cool,25.43,Medium,216.16,18.06,0
B06,Research Lab,Laboratory,35000,4,2025-12-13 11:00:00,11,5,12,1,21.1,71.3,18.5,Low,25.8,40.9,Cool,27.35,Medium,232.48,19.42,0
B01,Academic Block,Classroom,45000,4,2025-12-13 19:00:00,19,5,12,1,26.8,61.8,4.4,Low,32.2,36.3,Moderate,19.2,Low,163.2,13.63,0
B03,Library,Library,22000,3,2025-12-13 20:00:00,20,5,12,1,23.3,63.5,4.4,Low,26.3,41.1,Cool,17.94,Low,152.49,12.74,0
B04,Hostel,Dormitory,60000,6,2025-12-13 21:00:00,21,5,12,1,24.9,64.3,29.9,Low,31.6,58.4,Moderate,32.54,High,276.59,23.1,0
B03,Library,Library,22000,3,2025-12-13 21:00:00,21,5,12,1,27.6,55.2,16.8,Low,37.4,35.0,Moderate,21.49,Low,182.66,15.26,0
B01,Academic Block,Classroom,45000,4,2025-12-13 23:00:00,23,5,12,1,20.9,62.7,24.3,Low,29.1,53.8,Cool,26.14,Medium,222.19,18.56,0
B04,Hostel,Dormitory,60000,6,2025-12-14 00:00:00,0,6,12,1,21.5,71.5,12.6,Low,30.5,43.0,Cool,31.77,High,270.04,22.56,0
B02,Computer Lab,Laboratory,28000,3,2025-12-14 02:00:00,2,6,12,1,22.9,68.8,7.3,Low,28.7,37.7,Cool,29.42,Medium,250.07,20.89,1
B02,Computer Lab,Laboratory,28000,3,2025-12-14 02:00:00,2,6,12,1,25.3,58.0,6.4,Low,28.1,34.6,Moderate,22.7,Low,192.95,16.12,0
B02,Computer Lab,Laboratory,28000,3,2025-12-14 02:00:00,2,6,12,1,21.0,67.4,21.6,Low,27.7,60.2,Cool,22.7,Low,192.95,16.12,0
B03,Library,Library,22000,3,2025-12-14 02:00:00,2,6,12,1,25.7,53.5,3.2,Low,26.5,31.8,Moderate,17.39,Low,147.82,12.35,0
B05,Administration,Office,18000,3,2025-12-14 05:00:00,5,6,12,1,20.8,69.3,13.4,Low,25.3,44.1,Cool,16.31,Low,138.64,11.58,0
B02,Computer Lab,Laboratory,28000,3,2025-12-14 10:00:00,10,6,12,1,17.3,68.8,21.2,Low,27.2,28.3,Cool,20.9,Low,177.65,14.84,0
B05,Administration,Office,18000,3,2025-12-14 11:00:00,11,6,12,1,23.0,81.3,10.9,Low,26.6,17.9,Cool,18.0,Low,153.0,12.78,0
B01,Academic Block,Classroom,45000,4,2025-12-14 11:00:00,11,6,12,1,19.9,73.2,4.4,Low,12.7,22.1,Cool,21.69,Low,184.36,15.4,0
B06,Research Lab,Laboratory,35000,4,2025-12-14 12:00:00,12,6,12,1,21.7,61.0,15.7,Low,21.7,29.0,Cool,24.85,Medium,211.23,17.64,0
B02,Computer Lab,Laboratory,28000,3,2025-12-14 14:00:00,14,6,12,1,19.5,62.6,12.7,Low,33.1,22.0,Cool,20.27,Low,172.3,14.39,0
B01,Academic Block,Classroom,45000,4,2025-12-14 18:00:00,18,6,12,1,22.6,71.4,15.3,Low,22.5,21.9,Cool,23.9,Low,203.15,16.97,0
B01,Academic Block,Classroom,45000,4,2025-12-14 19:00:00,19,6,12,1,21.7,73.8,16.1,Low,24.8,49.7,Cool,23.57,Low,200.34,16.73,0
B04,Hostel,Dormitory,60000,6,2025-12-14 20:00:00,20,6,12,1,21.6,80.7,35.6,Medium,33.7,63.9,Cool,31.67,High,269.2,22.49,0
B02,Computer Lab,Laboratory,28000,3,2025-12-14 21:00:00,21,6,12,1,24.1,73.8,14.1,Low,27.7,44.8,Moderate,26.16,Medium,222.36,18.57,0
B04,Hostel,Dormitory,60000,6,2025-12-14 22:00:00,22,6,12,1,24.6,68.7,36.7,Medium,34.1,69.7,Moderate,36.47,High,310.0,25.89,0
B06,Research Lab,Laboratory,35000,4,2025-12-15 00:00:00,0,0,12,0,22.2,77.2,21.4,Low,33.4,58.9,Cool,16.16,Low,137.36,11.47,0
B04,Hostel,Dormitory,60000,6,2025-12-15 01:00:00,1,0,12,0,20.4,69.2,6.5,Low,16.1,37.3,Cool,19.77,Low,168.04,14.04,0
B04,Hostel,Dormitory,60000,6,2025-12-15 01:00:00,1,0,12,0,20.6,68.7,10.1,Low,11.2,53.0,Cool,33.45,High,284.33,23.75,0
B06,Research Lab,Laboratory,35000,4,2025-12-15 05:00:00,5,0,12,0,21.2,59.6,17.6,Low,33.9,46.8,Cool,21.33,Low,181.3,15.14,0
B06,Research Lab,Laboratory,35000,4,2025-12-15 07:00:00,7,0,12,0,20.3,79.3,11.5,Low,16.3,22.3,Cool,17.45,Low,148.32,12.39,0
B01,Academic Block,Classroom,45000,4,2025-12-15 08:00:00,8,0,12,0,20.6,69.4,57.8,Medium,44.6,61.9,Cool,29.57,Medium,251.34,20.99,0
B02,Computer Lab,Laboratory,28000,3,2025-12-15 09:00:00,9,0,12,0,22.4,66.4,61.1,Medium,39.8,62.6,Cool,29.97,Medium,254.74,21.28,0
B02,Computer Lab,Laboratory,28000,3,2025-12-15 13:00:00,13,0,12,0,22.4,61.5,55.4,Medium,49.1,56.7,Cool,27.44,Medium,233.24,19.48,0
B02,Computer Lab,Laboratory,28000,3,2025-12-15 14:00:00,14,0,12,0,22.6,75.5,73.6,High,45.4,60.6,Cool,19.94,Low,169.49,14.16,0
B01,Academic Block,Classroom,45000,4,2025-12-15 15:00:00,15,0,12,0,26.1,71.0,73.6,High,49.9,62.2,Moderate,32.93,High,279.9,23.38,0
B01,Academic Block,Classroom,45000,4,2025-12-15 15:00:00,15,0,12,0,22.1,61.0,74.7,High,51.7,64.6,Cool,38.75,High,329.38,27.51,0
B06,Research Lab,Laboratory,35000,4,2025-12-15 16:00:00,16,0,12,0,26.6,67.3,59.1,Medium,56.4,59.4,Moderate,28.1,Medium,238.85,19.95,0
B02,Computer Lab,Laboratory,28000,3,2025-12-15 16:00:00,16,0,12,0,25.2,70.4,61.0,Medium,56.8,58.2,Moderate,36.38,High,309.23,25.83,0
B03,Library,Library,22000,3,2025-12-15 16:00:00,16,0,12,0,22.6,58.2,52.5,Medium,24.4,52.5,Cool,20.82,Low,176.97,14.78,0
B02,Computer Lab,Laboratory,28000,3,2025-12-15 17:00:00,17,0,12,0,24.6,69.8,52.9,Medium,31.3,53.2,Moderate,33.21,High,282.29,23.58,0
B01,Academic Block,Classroom,45000,4,2025-12-15 20:00:00,20,0,12,0,23.7,69.1,5.6,Low,18.5,44.1,Cool,23.96,Low,203.66,17.01,0
B02,Computer Lab,Laboratory,28000,3,2025-12-16 00:00:00,0,1,12,0,20.9,72.6,27.0,Low,22.7,59.1,Cool,22.16,Low,188.36,15.73,0
B05,Administration,Office,18000,3,2025-12-16 00:00:00,0,1,12,0,23.0,80.5,14.8,Low,24.0,44.0,Cool,19.06,Low,162.01,13.53,0
B01,Academic Block,Classroom,45000,4,2025-12-16 02:00:00,2,1,12,0,19.8,89.9,2.7,Low,21.2,35.5,Cool,25.91,Medium,220.24,18.4,0
B03,Library,Library,22000,3,2025-12-16 02:00:00,2,1,12,0,22.4,75.7,18.7,Low,28.4,44.7,Cool,13.61,Low,115.68,9.66,0
B06,Research Lab,Laboratory,35000,4,2025-12-16 02:00:00,2,1,12,0,23.2,68.3,30.4,Low,36.1,56.1,Cool,27.97,Medium,237.74,19.86,0
B01,Academic Block,Classroom,45000,4,2025-12-16 03:00:00,3,1,12,0,21.2,72.5,1.3,Low,16.3,42.5,Cool,24.71,Medium,210.04,17.54,0
B02,Computer Lab,Laboratory,28000,3,2025-12-16 04:00:00,4,1,12,0,21.4,70.9,16.2,Low,25.1,51.7,Cool,21.73,Low,184.7,15.43,0
B06,Research Lab,Laboratory,35000,4,2025-12-16 04:00:00,4,1,12,0,21.3,84.4,4.1,Low,21.1,40.0,Cool,18.22,Low,154.87,12.94,0
B03,Library,Library,22000,3,2025-12-16 06:00:00,6,1,12,0,21.5,68.8,20.1,Low,27.1,44.7,Cool,25.89,Medium,220.06,18.38,0
B05,Administration,Office,18000,3,2025-12-16 06:00:00,6,1,12,0,20.4,65.8,0.0,Low,17.0,34.7,Cool,7.99,Low,67.92,5.67,0
B03,Library,Library,22000,3,2025-12-16 06:00:00,6,1,12,0,19.8,73.0,12.6,Low,25.7,42.5,Cool,16.68,Low,141.78,11.84,0
B01,Academic Block,Classroom,45000,4,2025-12-16 06:00:00,6,1,12,0,21.5,82.4,15.1,Low,19.1,45.6,Cool,22.52,Low,191.42,15.99,0
B04,Hostel,Dormitory,60000,6,2025-12-16 07:00:00,7,1,12,0,20.3,62.0,2.3,Low,31.1,20.7,Cool,34.78,High,295.63,24.69,0
B06,Research Lab,Laboratory,35000,4,2025-12-16 08:00:00,8,1,12,0,16.8,66.9,61.9,Medium,36.4,66.8,Cool,23.25,Low,197.62,16.51,0
B04,Hostel,Dormitory,60000,6,2025-12-16 11:00:00,11,1,12,0,20.1,63.8,47.7,Medium,39.1,63.0,Cool,34.61,High,294.18,24.57,0
B04,Hostel,Dormitory,60000,6,2025-12-16 12:00:00,12,1,12,0,20.2,60.5,63.1,Medium,40.1,57.8,Cool,33.64,High,285.94,23.88,0
B03,Library,Library,22000,3,2025-12-16 13:00:00,13,1,12,0,21.7,61.0,44.9,Medium,32.8,54.8,Cool,19.82,Low,168.47,14.07,0
B06,Research Lab,Laboratory,35000,4,2025-12-16 15:00:00,15,1,12,0,22.6,73.5,65.2,Medium,34.8,63.2,Cool,36.45,High,309.83,25.88,0
B02,Computer Lab,Laboratory,28000,3,2025-12-16 19:00:00,19,1,12,0,21.0,69.7,11.3,Low,20.7,39.9,Cool,18.0,Low,153.0,12.78,0
B01,Academic Block,Classroom,45000,4,2025-12-16 20:00:00,20,1,12,0,21.8,58.5,21.1,Low,25.9,61.7,Cool,20.48,Low,174.08,14.54,0
B04,Hostel,Dormitory,60000,6,2025-12-16 20:00:00,20,1,12,0,22.6,71.7,41.2,Medium,32.0,74.7,Cool,29.9,Medium,254.15,21.23,0
B05,Administration,Office,18000,3,2025-12-17 00:00:00,0,2,12,0,23.1,68.9,10.2,Low,29.6,41.2,Cool,17.42,Low,148.07,12.37,0
B03,Library,Library,22000,3,2025-12-17 00:00:00,0,2,12,0,24.6,72.0,11.7,Low,38.8,40.2,Moderate,18.82,Low,159.97,13.36,0
B05,Administration,Office,18000,3,2025-12-17 01:00:00,1,2,12,0,20.1,64.7,18.4,Low,26.0,40.0,Cool,16.22,Low,137.87,11.52,0
B03,Library,Library,22000,3,2025-12-17 01:00:00,1,2,12,0,21.5,59.2,15.7,Low,28.6,53.0,Cool,17.06,Low,145.01,12.11,0
B01,Academic Block,Classroom,45000,4,2025-12-17 01:00:00,1,2,12,0,22.5,71.8,11.2,Low,32.3,33.2,Cool,28.04,Medium,238.34,19.91,0
B03,Library,Library,22000,3,2025-12-17 02:00:00,2,2,12,0,20.6,74.3,6.2,Low,15.8,38.9,Cool,9.12,Low,77.52,6.48,0
B04,Hostel,Dormitory,60000,6,2025-12-17 04:00:00,4,2,12,0,21.1,60.4,14.6,Low,35.7,41.5,Cool,55.83,High,474.56,39.64,1
B04,Hostel,Dormitory,60000,6,2025-12-17 05:00:00,5,2,12,0,21.6,69.4,4.2,Low,13.6,45.1,Cool,22.32,Low,189.72,15.85,0
B05,Administration,Office,18000,3,2025-12-17 05:00:00,5,2,12,0,19.5,65.1,16.5,Low,25.8,56.6,Cool,21.64,Low,183.94,15.36,0
B04,Hostel,Dormitory,60000,6,2025-12-17 06:00:00,6,2,12,0,20.8,75.2,19.8,Low,31.0,41.3,Cool,32.99,High,280.42,23.42,0
B04,Hostel,Dormitory,60000,6,2025-12-17 06:00:00,6,2,12,0,20.1,73.6,6.2,Low,31.4,40.1,Cool,31.11,High,264.44,22.09,0
B01,Academic Block,Classroom,45000,4,2025-12-17 08:00:00,8,2,12,0,18.3,78.9,63.7,Medium,42.2,64.1,Cool,30.16,Medium,256.36,21.41,0
B06,Research Lab,Laboratory,35000,4,2025-12-17 08:00:00,8,2,12,0,19.8,63.3,54.4,Medium,39.7,54.4,Cool,28.51,Medium,242.34,20.24,0
B03,Library,Library,22000,3,2025-12-17 10:00:00,10,2,12,0,21.0,63.4,62.3,Medium,51.6,58.5,Cool,26.39,Medium,224.32,18.74,0
B06,Research Lab,Laboratory,35000,4,2025-12-17 11:00:00,11,2,12,0,22.7,64.2,59.2,Medium,33.0,67.2,Cool,34.41,High,292.48,24.43,0
B06,Research Lab,Laboratory,35000,4,2025-12-17 11:00:00,11,2,12,0,23.1,62.8,56.2,Medium,35.6,54.5,Cool,28.65,Medium,243.52,20.34,0
B06,Research Lab,Laboratory,35000,4,2025-12-17 11:00:00,11,2,12,0,19.7,71.8,63.3,Medium,34.8,72.4,Cool,29.52,Medium,250.92,20.96,0
B03,Library,Library,22000,3,2025-12-17 12:00:00,12,2,12,0,20.1,61.4,51.5,Medium,31.5,50.3,Cool,22.14,Low,188.19,15.72,0
B02,Computer Lab,Laboratory,28000,3,2025-12-17 14:00:00,14,2,12,0,22.1,78.0,57.4,Medium,34.7,61.9,Cool,27.25,Medium,231.62,19.35,0
B02,Computer Lab,Laboratory,28000,3,2025-12-17 14:00:00,14,2,12,0,21.2,80.2,51.0,Medium,45.2,57.4,Cool,27.82,Medium,236.47,19.75,0
B01,Academic Block,Classroom,45000,4,2025-12-17 17:00:00,17,2,12,0,25.2,72.6,72.5,High,60.3,66.1,Moderate,39.1,High,332.35,27.76,0
B01,Academic Block,Classroom,45000,4,2025-12-17 18:00:00,18,2,12,0,23.9,69.4,59.0,Medium,46.4,50.4,Cool,27.02,Medium,229.67,19.18,0
B02,Computer Lab,Laboratory,28000,3,2025-12-17 19:00:00,19,2,12,0,24.0,64.9,22.0,Low,37.2,47.2,Cool,28.83,Medium,245.05,20.47,0
B01,Academic Block,Classroom,45000,4,2025-12-17 20:00:00,20,2,12,0,25.0,66.3,13.7,Low,35.1,39.4,Moderate,51.96,High,441.66,36.89,1
B06,Research Lab,Laboratory,35000,4,2025-12-17 20:00:00,20,2,12,0,24.2,60.3,10.9,Low,27.8,47.3,Moderate,19.47,Low,165.5,13.82,0
B01,Academic Block,Classroom,45000,4,2025-12-17 21:00:00,21,2,12,0,24.4,66.6,11.9,Low,34.0,42.0,Moderate,21.3,Low,181.05,15.12,0
B06,Research Lab,Laboratory,35000,4,2025-12-17 22:00:00,22,2,12,0,24.1,68.1,24.0,Low,36.7,59.9,Moderate,27.1,Medium,230.35,19.24,0
B04,Hostel,Dormitory,60000,6,2025-12-17 23:00:00,23,2,12,0,23.2,60.7,22.6,Low,33.9,54.8,Cool,31.23,High,265.46,22.17,0
B06,Research Lab,Laboratory,35000,4,2025-12-18 00:00:00,0,3,12,0,21.6,79.1,3.1,Low,21.6,36.4,Cool,20.73,Low,176.2,14.72,0
B05,Administration,Office,18000,3,2025-12-18 01:00:00,1,3,12,0,25.2,64.3,18.7,Low,33.4,49.4,Moderate,22.1,Low,187.85,15.69,0
B02,Computer Lab,Laboratory,28000,3,2025-12-18 04:00:00,4,3,12,0,19.6,62.1,5.6,Low,20.9,32.6,Cool,21.22,Low,180.37,15.07,0
B04,Hostel,Dormitory,60000,6,2025-12-18 06:00:00,6,3,12,0,22.8,65.3,6.8,Low,13.3,39.1,Cool,27.35,Medium,232.48,19.42,0
B02,Computer Lab,Laboratory,28000,3,2025-12-18 06:00:00,6,3,12,0,20.8,64.1,8.9,Low,22.7,42.4,Cool,26.06,Medium,221.51,18.5,0
B01,Academic Block,Classroom,45000,4,2025-12-18 07:00:00,7,3,12,0,19.2,63.8,19.9,Low,27.3,28.0,Cool,37.45,High,318.33,26.59,1
B01,Academic Block,Classroom,45000,4,2025-12-18 07:00:00,7,3,12,0,20.9,79.3,17.7,Low,20.8,25.5,Cool,20.06,Low,170.51,14.24,0
B01,Academic Block,Classroom,45000,4,2025-12-18 07:00:00,7,3,12,0,21.2,68.1,11.0,Low,21.0,28.3,Cool,20.28,Low,172.38,14.4,0
B03,Library,Library,22000,3,2025-12-18 08:00:00,8,3,12,0,22.6,74.1,57.7,Medium,45.5,53.6,Cool,19.54,Low,166.09,13.87,0
B04,Hostel,Dormitory,60000,6,2025-12-18 08:00:00,8,3,12,0,18.0,73.5,53.6,Medium,44.0,58.1,Cool,64.04,High,544.34,45.47,1
B04,Hostel,Dormitory,60000,6,2025-12-18 08:00:00,8,3,12,0,19.8,72.5,44.0,Medium,25.4,53.5,Cool,34.63,High,294.36,24.59,0
B04,Hostel,Dormitory,60000,6,2025-12-18 09:00:00,9,3,12,0,22.1,67.2,44.5,Medium,31.6,50.8,Cool,28.53,Medium,242.5,20.26,0
B04,Hostel,Dormitory,60000,6,2025-12-18 13:00:00,13,3,12,0,22.6,63.9,36.7,Medium,38.7,36.5,Cool,28.51,Medium,242.34,20.24,0
B02,Computer Lab,Laboratory,28000,3,2025-12-18 13:00:00,13,3,12,0,22.2,76.3,69.2,Medium,37.0,67.5,Cool,29.9,Medium,254.15,21.23,0
B04,Hostel,Dormitory,60000,6,2025-12-18 13:00:00,13,3,12,0,23.7,70.6,46.3,Medium,38.5,54.2,Cool,35.2,High,299.2,24.99,0
B01,Academic Block,Classroom,45000,4,2025-12-18 13:00:00,13,3,12,0,21.2,66.8,66.7,Medium,35.9,63.6,Cool,29.22,Medium,248.37,20.75,0
B02,Computer Lab,Laboratory,28000,3,2025-12-18 16:00:00,16,3,12,0,19.4,76.4,62.6,Medium,36.6,57.7,Cool,27.21,Medium,231.28,19.32,0
B06,Research Lab,Laboratory,35000,4,2025-12-18 16:00:00,16,3,12,0,22.5,77.6,52.0,Medium,41.2,49.6,Cool,34.4,High,292.4,24.42,0
B02,Computer Lab,Laboratory,28000,3,2025-12-18 17:00:00,17,3,12,0,26.4,66.4,52.9,Medium,50.2,56.3,Moderate,27.42,Medium,233.07,19.47,0
B03,Library,Library,22000,3,2025-12-18 17:00:00,17,3,12,0,23.9,76.7,48.5,Medium,46.7,49.7,Cool,28.8,Medium,244.8,20.45,0
B02,Computer Lab,Laboratory,28000,3,2025-12-18 19:00:00,19,3,12,0,22.7,63.5,0.0,Low,38.0,31.9,Cool,19.7,Low,167.45,13.99,0
B02,Computer Lab,Laboratory,28000,3,2025-12-18 20:00:00,20,3,12,0,26.0,57.9,11.5,Low,30.1,33.1,Moderate,24.12,Low,205.02,17.13,0
B02,Computer Lab,Laboratory,28000,3,2025-12-18 20:00:00,20,3,12,0,25.3,62.4,28.4,Low,35.0,65.3,Moderate,23.84,Low,202.64,16.93,0
B02,Computer Lab,Laboratory,28000,3,2025-12-18 21:00:00,21,3,12,0,24.2,65.9,8.3,Low,34.5,39.7,Moderate,21.0,Low,178.5,14.91,0
B05,Administration,Office,18000,3,2025-12-19 00:00:00,0,4,12,0,23.9,76.8,8.5,Low,33.2,45.4,Cool,15.06,Low,128.01,10.69,0
B04,Hostel,Dormitory,60000,6,2025-12-19 00:00:00,0,4,12,0,21.5,65.1,9.4,Low,26.6,48.7,Cool,31.73,High,269.7,22.53,0
B01,Academic Block,Classroom,45000,4,2025-12-19 01:00:00,1,4,12,0,22.0,70.1,14.2,Low,22.7,62.7,Cool,29.7,Medium,252.45,21.09,0
B01,Academic Block,Classroom,45000,4,2025-12-19 02:00:00,2,4,12,0,21.9,75.2,18.2,Low,30.8,52.1,Cool,24.94,Medium,211.99,17.71,0
B04,Hostel,Dormitory,60000,6,2025-12-19 04:00:00,4,4,12,0,22.6,70.2,6.2,Low,19.7,41.3,Cool,41.59,High,353.52,29.53,1
B06,Research Lab,Laboratory,35000,4,2025-12-19 05:00:00,5,4,12,0,19.8,65.7,15.2,Low,21.4,38.7,Cool,25.98,Medium,220.83,18.45,0
B05,Administration,Office,18000,3,2025-12-19 07:00:00,7,4,12,0,20.0,60.0,11.4,Low,25.7,13.4,Cool,20.2,Low,171.7,14.34,0
B01,Academic Block,Classroom,45000,4,2025-12-19 07:00:00,7,4,12,0,22.2,75.8,14.1,Low,37.7,13.6,Cool,25.84,Medium,219.64,18.35,0
B04,Hostel,Dormitory,60000,6,2025-12-19 08:00:00,8,4,12,0,23.8,58.6,54.2,Medium,40.5,54.8,Cool,30.1,Medium,255.85,21.37,0
B01,Academic Block,Classroom,45000,4,2025-12-19 08:00:00,8,4,12,0,18.7,67.4,59.8,Medium,41.3,54.9,Cool,27.4,Medium,232.9,19.45,0
B04,Hostel,Dormitory,60000,6,2025-12-19 09:00:00,9,4,12,0,20.3,69.0,47.3,Medium,27.1,48.0,Cool,29.76,Medium,252.96,21.13,0
B01,Academic Block,Classroom,45000,4,2025-12-19 13:00:00,13,4,12,0,19.2,78.5,69.8,Medium,39.0,74.5,Cool,31.49,High,267.66,22.36,0
B05,Administration,Office,18000,3,2025-12-19 14:00:00,14,4,12,0,22.0,74.4,61.7,Medium,43.8,63.9,Cool,26.16,Medium,222.36,18.57,0
B04,Hostel,Dormitory,60000,6,2025-12-19 14:00:00,14,4,12,0,21.6,68.8,56.5,Medium,42.6,57.3,Cool,39.4,High,334.9,27.97,0
B06,Research Lab,Laboratory,35000,4,2025-12-19 15:00:00,15,4,12,0,24.4,74.0,57.2,Medium,56.0,58.9,Moderate,33.55,High,285.17,23.82,0
B05,Administration,Office,18000,3,2025-12-19 15:00:00,15,4,12,0,20.8,78.4,69.8,Medium,38.1,63.9,Cool,29.61,Medium,251.68,21.02,0
B05,Administration,Office,18000,3,2025-12-19 16:00:00,16,4,12,0,21.0,64.9,49.0,Medium,38.0,49.4,Cool,28.1,Medium,238.85,19.95,0
B04,Hostel,Dormitory,60000,6,2025-12-19 16:00:00,16,4,12,0,25.3,62.0,53.3,Medium,41.9,48.1,Moderate,39.79,High,338.22,28.25,0
B04,Hostel,Dormitory,60000,6,2025-12-19 16:00:00,16,4,12,0,22.1,72.6,42.0,Medium,36.6,50.4,Cool,30.85,Medium,262.23,21.9,0
B04,Hostel,Dormitory,60000,6,2025-12-19 16:00:00,16,4,12,0,23.3,78.2,58.8,Medium,39.7,68.0,Cool,38.44,High,326.74,27.29,0
B04,Hostel,Dormitory,60000,6,2025-12-19 16:00:00,16,4,12,0,23.4,61.4,50.0,Medium,29.6,59.3,Cool,35.65,High,303.02,25.31,0
B03,Library,Library,22000,3,2025-12-19 17:00:00,17,4,12,0,22.2,54.3,52.5,Medium,42.6,54.5,Cool,30.35,Medium,257.98,21.55,0
B01,Academic Block,Classroom,45000,4,2025-12-19 19:00:00,19,4,12,0,22.8,71.3,6.2,Low,19.2,44.4,Cool,32.9,High,279.65,23.36,0
B03,Library,Library,22000,3,2025-12-19 20:00:00,20,4,12,0,25.7,74.0,16.6,Low,31.1,50.2,Moderate,18.02,Low,153.17,12.79,0
B03,Library,Library,22000,3,2025-12-19 21:00:00,21,4,12,0,24.9,66.0,16.0,Low,31.2,47.9,Moderate,19.83,Low,168.55,14.08,0
B05,Administration,Office,18000,3,2025-12-19 21:00:00,21,4,12,0,23.9,84.3,10.0,Low,26.8,44.3,Cool,17.24,Low,146.54,12.24,0
B01,Academic Block,Classroom,45000,4,2025-12-19 21:00:00,21,4,12,0,23.7,60.2,16.7,Low,11.1,40.9,Cool,26.23,Medium,222.96,18.62,0
B04,Hostel,Dormitory,60000,6,2025-12-19 23:00:00,23,4,12,0,23.9,60.7,33.5,Low,25.6,57.7,Cool,31.5,High,267.75,22.36,0
B03,Library,Library,22000,3,2025-12-19 23:00:00,23,4,12,0,24.0,60.5,12.6,Low,26.3,41.0,Cool,20.37,Low,173.14,14.46,0
B02,Computer Lab,Laboratory,28000,3,2025-12-20 00:00:00,0,5,12,1,24.9,65.7,17.5,Low,45.2,40.6,Moderate,24.85,Medium,211.23,17.64,0
B01,Academic Block,Classroom,45000,4,2025-12-20 01:00:00,1,5,12,1,22.5,67.8,24.7,Low,23.9,56.4,Cool,19.64,Low,166.94,13.94,0
B05,Administration,Office,18000,3,2025-12-20 07:00:00,7,5,12,1,20.7,63.1,14.0,Low,22.7,29.0,Cool,15.97,Low,135.74,11.34,0
B06,Research Lab,Laboratory,35000,4,2025-12-20 09:00:00,9,5,12,1,21.1,76.0,14.0,Low,33.0,12.8,Cool,24.38,Low,207.23,17.31,0
B01,Academic Block,Classroom,45000,4,2025-12-20 09:00:00,9,5,12,1,21.2,69.9,18.4,Low,30.7,28.7,Cool,24.49,Medium,208.16,17.39,0
B01,Academic Block,Classroom,45000,4,2025-12-20 10:00:00,10,5,12,1,22.4,59.8,5.3,Low,25.1,17.3,Cool,24.84,Medium,211.14,17.64,0
B06,Research Lab,Laboratory,35000,4,2025-12-20 12:00:00,12,5,12,1,21.0,72.5,10.7,Low,24.5,19.9,Cool,21.5,Low,182.75,15.26,0
B02,Computer Lab,Laboratory,28000,3,2025-12-20 12:00:00,12,5,12,1,20.2,65.9,9.3,Low,11.8,13.7,Cool,15.5,Low,131.75,11.0,0
B01,Academic Block,Classroom,45000,4,2025-12-20 14:00:00,14,5,12,1,21.5,68.5,14.1,Low,15.5,25.9,Cool,26.54,Medium,225.59,18.84,0
B03,Library,Library,22000,3,2025-12-20 18:00:00,18,5,12,1,24.7,71.5,13.5,Low,24.1,25.2,Moderate,15.51,Low,131.84,11.01,0
B06,Research Lab,Laboratory,35000,4,2025-12-20 19:00:00,19,5,12,1,23.8,73.0,24.3,Low,29.4,51.3,Cool,27.1,Medium,230.35,19.24,0
B03,Library,Library,22000,3,2025-12-20 21:00:00,21,5,12,1,27.4,69.5,22.5,Low,44.8,55.9,Moderate,22.81,Low,193.88,16.2,0
B01,Academic Block,Classroom,45000,4,2025-12-20 23:00:00,23,5,12,1,23.4,66.6,1.4,Low,23.2,39.9,Cool,16.65,Low,141.52,11.82,0
B04,Hostel,Dormitory,60000,6,2025-12-20 23:00:00,23,5,12,1,22.0,60.6,34.5,Low,28.3,51.6,Cool,37.24,High,316.54,26.44,0
B01,Academic Block,Classroom,45000,4,2025-12-20 23:00:00,23,5,12,1,23.9,63.6,17.0,Low,27.7,51.6,Cool,25.53,Medium,217.0,18.13,0
B02,Computer Lab,Laboratory,28000,3,2025-12-21 00:00:00,0,6,12,1,25.3,64.9,12.6,Low,38.6,39.7,Moderate,25.95,Medium,220.58,18.42,0
B01,Academic Block,Classroom,45000,4,2025-12-21 01:00:00,1,6,12,1,21.3,78.8,8.4,Low,23.7,39.9,Cool,27.11,Medium,230.44,19.25,0
B04,Hostel,Dormitory,60000,6,2025-12-21 02:00:00,2,6,12,1,20.7,64.8,21.7,Low,31.6,59.5,Cool,31.29,High,265.96,22.22,0
B01,Academic Block,Classroom,45000,4,2025-12-21 02:00:00,2,6,12,1,21.7,69.1,14.3,Low,22.1,45.5,Cool,25.47,Medium,216.5,18.08,0
B02,Computer Lab,Laboratory,28000,3,2025-12-21 03:00:00,3,6,12,1,20.5,60.0,4.7,Low,10.1,43.7,Cool,20.96,Low,178.16,14.88,0
B06,Research Lab,Laboratory,35000,4,2025-12-21 03:00:00,3,6,12,1,19.5,71.8,18.8,Low,30.5,47.8,Cool,28.7,Medium,243.95,20.38,0
B01,Academic Block,Classroom,45000,4,2025-12-21 04:00:00,4,6,12,1,18.7,69.7,15.3,Low,27.3,51.2,Cool,23.04,Low,195.84,16.36,0
B04,Hostel,Dormitory,60000,6,2025-12-21 06:00:00,6,6,12,1,20.6,67.6,7.5,Low,28.4,40.4,Cool,34.67,High,294.7,24.62,0
B05,Administration,Office,18000,3,2025-12-21 07:00:00,7,6,12,1,21.1,74.0,6.7,Low,22.8,18.7,Cool,11.06,Low,94.01,7.85,0
B03,Library,Library,22000,3,2025-12-21 10:00:00,10,6,12,1,19.2,64.8,6.4,Low,36.8,20.4,Cool,22.37,Low,190.14,15.88,0
B01,Academic Block,Classroom,45000,4,2025-12-21 10:00:00,10,6,12,1,20.2,78.6,20.3,Low,21.5,24.6,Cool,27.87,Medium,236.9,19.79,0
B06,Research Lab,Laboratory,35000,4,2025-12-21 11:00:00,11,6,12,1,20.9,63.0,16.1,Low,19.1,24.5,Cool,24.38,Low,207.23,17.31,0
B02,Computer Lab,Laboratory,28000,3,2025-12-21 12:00:00,12,6,12,1,19.3,79.1,18.7,Low,25.4,32.1,Cool,22.28,Low,189.38,15.82,0
B04,Hostel,Dormitory,60000,6,2025-12-21 12:00:00,12,6,12,1,22.3,56.0,13.4,Low,23.5,29.2,Cool,33.38,High,283.73,23.7,0
B04,Hostel,Dormitory,60000,6,2025-12-21 13:00:00,13,6,12,1,21.8,69.7,7.2,Low,21.3,15.8,Cool,30.36,Medium,258.06,21.56,0
B04,Hostel,Dormitory,60000,6,2025-12-21 13:00:00,13,6,12,1,22.3,71.4,6.4,Low,22.2,28.4,Cool,24.86,Medium,211.31,17.65,0
B01,Academic Block,Classroom,45000,4,2025-12-21 15:00:00,15,6,12,1,23.5,63.7,19.5,Low,27.6,38.7,Cool,25.99,Medium,220.92,18.45,0
B01,Academic Block,Classroom,45000,4,2025-12-21 16:00:00,16,6,12,1,26.6,65.7,15.1,Low,30.3,21.7,Moderate,22.67,Low,192.7,16.1,0
B04,Hostel,Dormitory,60000,6,2025-12-21 23:00:00,23,6,12,1,21.9,64.9,30.1,Low,24.6,55.3,Cool,33.12,High,281.52,23.52,0
B01,Academic Block,Classroom,45000,4,2025-12-22 00:00:00,0,0,12,0,21.7,70.8,12.1,Low,27.6,43.9,Cool,25.78,Medium,219.13,18.3,0
B03,Library,Library,22000,3,2025-12-22 00:00:00,0,0,12,0,25.5,66.4,19.0,Low,40.1,55.3,Moderate,18.28,Low,155.38,12.98,0
B04,Hostel,Dormitory,60000,6,2025-12-22 01:00:00,1,0,12,0,23.5,81.7,15.9,Low,48.0,49.8,Cool,27.45,Medium,233.32,19.49,0
B01,Academic Block,Classroom,45000,4,2025-12-22 02:00:00,2,0,12,0,22.1,57.7,11.4,Low,26.4,42.0,Cool,21.35,Low,181.48,15.16,0
B01,Academic Block,Classroom,45000,4,2025-12-22 03:00:00,3,0,12,0,20.8,69.8,11.7,Low,30.9,37.5,Cool,27.98,Medium,237.83,19.87,0
B02,Computer Lab,Laboratory,28000,3,2025-12-22 04:00:00,4,0,12,0,20.7,65.5,7.9,Low,24.1,31.1,Cool,21.8,Low,185.3,15.48,0
B01,Academic Block,Classroom,45000,4,2025-12-22 04:00:00,4,0,12,0,20.7,69.3,12.2,Low,28.5,45.6,Cool,28.32,Medium,240.72,20.11,0
B04,Hostel,Dormitory,60000,6,2025-12-22 06:00:00,6,0,12,0,18.0,69.6,10.0,Low,23.1,51.6,Cool,35.63,High,302.86,25.3,0
B06,Research Lab,Laboratory,35000,4,2025-12-22 06:00:00,6,0,12,0,21.7,65.2,11.6,Low,22.3,43.7,Cool,24.7,Medium,209.95,17.54,0
B05,Administration,Office,18000,3,2025-12-22 07:00:00,7,0,12,0,17.1,67.7,8.2,Low,21.4,23.2,Cool,16.98,Low,144.33,12.06,0
B05,Administration,Office,18000,3,2025-12-22 07:00:00,7,0,12,0,18.8,75.0,2.6,Low,32.3,18.0,Cool,18.51,Low,157.34,13.14,0
B02,Computer Lab,Laboratory,28000,3,2025-12-22 07:00:00,7,0,12,0,19.4,66.9,18.7,Low,37.2,20.8,Cool,15.95,Low,135.57,11.32,0
B06,Research Lab,Laboratory,35000,4,2025-12-22 10:00:00,10,0,12,0,23.5,66.0,62.8,Medium,39.7,70.0,Cool,29.77,Medium,253.04,21.14,0
B01,Academic Block,Classroom,45000,4,2025-12-22 10:00:00,10,0,12,0,20.1,70.2,64.7,Medium,45.6,59.6,Cool,30.92,High,262.82,21.95,0
B06,Research Lab,Laboratory,35000,4,2025-12-22 10:00:00,10,0,12,0,20.7,63.4,56.5,Medium,38.2,53.4,Cool,34.23,High,290.96,24.3,0
B05,Administration,Office,18000,3,2025-12-22 10:00:00,10,0,12,0,19.0,74.1,53.0,Medium,49.3,57.1,Cool,18.85,Low,160.23,13.38,0
B04,Hostel,Dormitory,60000,6,2025-12-22 12:00:00,12,0,12,0,22.3,60.4,58.5,Medium,33.9,55.3,Cool,37.74,High,320.79,26.8,0
B03,Library,Library,22000,3,2025-12-22 12:00:00,12,0,12,0,25.4,68.1,63.7,Medium,55.2,56.3,Moderate,24.81,Medium,210.88,17.62,0
B01,Academic Block,Classroom,45000,4,2025-12-22 13:00:00,13,0,12,0,22.2,70.1,66.0,Medium,44.1,69.3,Cool,33.47,High,284.5,23.76,0
B03,Library,Library,22000,3,2025-12-22 14:00:00,14,0,12,0,21.5,66.9,57.2,Medium,28.9,58.5,Cool,22.08,Low,187.68,15.68,0
B04,Hostel,Dormitory,60000,6,2025-12-22 14:00:00,14,0,12,0,19.0,62.1,44.1,Medium,47.0,52.9,Cool,34.06,High,289.51,24.18,0
B06,Research Lab,Laboratory,35000,4,2025-12-22 15:00:00,15,0,12,0,23.6,66.2,59.4,Medium,33.3,57.7,Cool,28.69,Medium,243.86,20.37,0
B01,Academic Block,Classroom,45000,4,2025-12-22 15:00:00,15,0,12,0,21.0,61.0,61.8,Medium,35.5,59.1,Cool,28.46,Medium,241.91,20.21,0
B02,Computer Lab,Laboratory,28000,3,2025-12-22 17:00:00,17,0,12,0,22.3,66.4,54.0,Medium,32.0,56.8,Cool,31.97,High,271.74,22.7,0
B02,Computer Lab,Laboratory,28000,3,2025-12-22 19:00:00,19,0,12,0,25.3,70.3,10.0,Low,37.2,44.3,Moderate,20.09,Low,170.76,14.26,0
B04,Hostel,Dormitory,60000,6,2025-12-22 21:00:00,21,0,12,0,23.2,66.3,29.0,Low,28.7,53.5,Cool,26.95,Medium,229.08,19.13,0
B02,Computer Lab,Laboratory,28000,3,2025-12-22 22:00:00,22,0,12,0,23.6,74.9,11.1,Low,19.8,39.5,Cool,17.51,Low,148.84,12.43,0
B04,Hostel,Dormitory,60000,6,2025-12-23 01:00:00,1,1,12,0,23.7,68.1,19.4,Low,33.5,54.1,Cool,29.62,Medium,251.77,21.03,0
B01,Academic Block,Classroom,45000,4,2025-12-23 02:00:00,2,1,12,0,20.9,73.7,0.0,Low,13.3,36.7,Cool,20.31,Low,172.64,14.42,0
B01,Academic Block,Classroom,45000,4,2025-12-23 04:00:00,4,1,12,0,19.1,74.7,8.3,Low,25.7,42.6,Cool,23.65,Low,201.02,16.79,0
B01,Academic Block,Classroom,45000,4,2025-12-23 06:00:00,6,1,12,0,21.0,78.0,16.4,Low,27.9,37.4,Cool,23.3,Low,198.05,16.54,0
B06,Research Lab,Laboratory,35000,4,2025-12-23 06:00:00,6,1,12,0,21.4,58.7,13.4,Low,26.2,46.3,Cool,22.7,Low,192.95,16.12,0
B01,Academic Block,Classroom,45000,4,2025-12-23 07:00:00,7,1,12,0,19.2,66.0,6.5,Low,10.6,21.7,Cool,27.09,Medium,230.26,19.23,0
B06,Research Lab,Laboratory,35000,4,2025-12-23 07:00:00,7,1,12,0,19.1,69.9,26.7,Low,36.3,33.4,Cool,28.52,Medium,242.42,20.25,0
B04,Hostel,Dormitory,60000,6,2025-12-23 08:00:00,8,1,12,0,18.4,75.9,69.9,Medium,53.3,70.2,Cool,36.19,High,307.62,25.69,0
B01,Academic Block,Classroom,45000,4,2025-12-23 10:00:00,10,1,12,0,21.3,69.1,66.5,Medium,49.0,61.4,Cool,31.61,High,268.68,22.44,0
B01,Academic Block,Classroom,45000,4,2025-12-23 12:00:00,12,1,12,0,23.9,65.8,59.7,Medium,48.9,61.5,Cool,34.8,High,295.8,24.71,0
B06,Research Lab,Laboratory,35000,4,2025-12-23 12:00:00,12,1,12,0,22.4,74.3,57.0,Medium,39.6,50.1,Cool,28.46,Medium,241.91,20.21,0
B04,Hostel,Dormitory,60000,6,2025-12-23 14:00:00,14,1,12,0,21.9,65.1,43.1,Medium,45.4,51.8,Cool,33.88,High,287.98,24.05,0
B02,Computer Lab,Laboratory,28000,3,2025-12-23 14:00:00,14,1,12,0,23.1,63.8,61.6,Medium,35.2,57.3,Cool,27.21,Medium,231.28,19.32,0
B05,Administration,Office,18000,3,2025-12-23 15:00:00,15,1,12,0,21.3,71.6,66.7,Medium,29.7,67.2,Cool,27.75,Medium,235.88,19.7,0
B04,Hostel,Dormitory,60000,6,2025-12-23 15:00:00,15,1,12,0,23.1,83.3,57.9,Medium,49.7,64.6,Cool,38.59,High,328.02,27.4,0
B05,Administration,Office,18000,3,2025-12-23 16:00:00,16,1,12,0,21.4,67.7,65.5,Medium,32.4,69.1,Cool,21.72,Low,184.62,15.42,0
B03,Library,Library,22000,3,2025-12-23 17:00:00,17,1,12,0,23.2,61.9,56.5,Medium,48.5,59.5,Cool,32.83,High,279.06,23.31,0
B06,Research Lab,Laboratory,35000,4,2025-12-23 17:00:00,17,1,12,0,25.0,61.0,51.7,Medium,35.0,57.9,Moderate,26.48,Medium,225.08,18.8,0
B05,Administration,Office,18000,3,2025-12-23 18:00:00,18,1,12,0,25.0,62.4,54.1,Medium,48.2,63.0,Moderate,24.25,Low,206.12,17.22,0
B06,Research Lab,Laboratory,35000,4,2025-12-23 18:00:00,18,1,12,0,24.6,74.6,44.7,Medium,35.9,49.1,Moderate,33.09,High,281.27,23.49,0
B05,Administration,Office,18000,3,2025-12-23 20:00:00,20,1,12,0,24.6,62.8,12.6,Low,31.5,49.3,Moderate,17.7,Low,150.45,12.57,0
B02,Computer Lab,Laboratory,28000,3,2025-12-23 21:00:00,21,1,12,0,22.8,68.9,18.0,Low,36.2,42.6,Cool,22.95,Low,195.08,16.29,0
B04,Hostel,Dormitory,60000,6,2025-12-23 22:00:00,22,1,12,0,24.0,65.2,40.1,Medium,32.6,61.5,Cool,35.17,High,298.94,24.97,0
B03,Library,Library,22000,3,2025-12-23 22:00:00,22,1,12,0,24.9,55.9,17.9,Low,41.4,56.0,Moderate,21.6,Low,183.6,15.34,0
B02,Computer Lab,Laboratory,28000,3,2025-12-23 23:00:00,23,1,12,0,23.1,64.2,9.4,Low,25.4,40.8,Cool,19.25,Low,163.62,13.67,0
B06,Research Lab,Laboratory,35000,4,2025-12-23 23:00:00,23,1,12,0,23.1,49.2,25.0,Low,31.4,51.1,Cool,29.22,Medium,248.37,20.75,0
B01,Academic Block,Classroom,45000,4,2025-12-24 00:00:00,0,2,12,0,22.3,68.4,5.4,Low,29.5,37.6,Cool,20.02,Low,170.17,14.21,0
B01,Academic Block,Classroom,45000,4,2025-12-24 04:00:00,4,2,12,0,20.6,71.9,5.0,Low,29.6,35.2,Cool,17.89,Low,152.06,12.7,0
B05,Administration,Office,18000,3,2025-12-24 05:00:00,5,2,12,0,19.4,63.6,17.4,Low,25.7,47.2,Cool,18.56,Low,157.76,13.18,0
B01,Academic Block,Classroom,45000,4,2025-12-24 05:00:00,5,2,12,0,20.6,64.7,21.8,Low,18.4,46.1,Cool,20.75,Low,176.38,14.73,0
B04,Hostel,Dormitory,60000,6,2025-12-24 08:00:00,8,2,12,0,19.5,60.0,63.5,Medium,42.5,59.8,Cool,36.84,High,313.14,26.16,0
B01,Academic Block,Classroom,45000,4,2025-12-24 08:00:00,8,2,12,0,17.8,55.2,73.6,High,36.7,70.6,Cool,33.01,High,280.58,23.44,0
B01,Academic Block,Classroom,45000,4,2025-12-24 12:00:00,12,2,12,0,24.9,54.5,71.7,High,49.8,76.6,Moderate,33.86,High,287.81,24.04,0
B01,Academic Block,Classroom,45000,4,2025-12-24 12:00:00,12,2,12,0,19.5,74.0,72.3,High,43.2,69.0,Cool,43.07,High,366.1,30.58,0
B05,Administration,Office,18000,3,2025-12-24 13:00:00,13,2,12,0,21.3,65.8,60.8,Medium,32.6,52.0,Cool,27.94,Medium,237.49,19.84,0
B02,Computer Lab,Laboratory,28000,3,2025-12-24 13:00:00,13,2,12,0,21.6,69.2,53.2,Medium,33.3,59.9,Cool,30.01,Medium,255.08,21.31,0
B01,Academic Block,Classroom,45000,4,2025-12-24 14:00:00,14,2,12,0,21.2,82.3,68.5,Medium,51.6,70.4,Cool,34.48,High,293.08,24.48,0
B04,Hostel,Dormitory,60000,6,2025-12-24 15:00:00,15,2,12,0,22.4,74.1,39.1,Medium,32.5,40.4,Cool,35.38,High,300.73,25.12,0
B03,Library,Library,22000,3,2025-12-24 15:00:00,15,2,12,0,21.3,71.7,52.7,Medium,35.7,58.5,Cool,23.84,Low,202.64,16.93,0
B01,Academic Block,Classroom,45000,4,2025-12-24 15:00:00,15,2,12,0,23.6,62.7,62.9,Medium,48.1,61.5,Cool,31.11,High,264.44,22.09,0
B02,Computer Lab,Laboratory,28000,3,2025-12-24 15:00:00,15,2,12,0,22.5,77.9,62.9,Medium,52.8,69.4,Cool,31.27,High,265.8,22.2,0
B03,Library,Library,22000,3,2025-12-24 16:00:00,16,2,12,0,24.1,74.4,56.4,Medium,40.0,69.2,Moderate,23.55,Low,200.18,16.72,0
B02,Computer Lab,Laboratory,28000,3,2025-12-24 16:00:00,16,2,12,0,25.2,71.1,69.2,Medium,57.0,68.9,Moderate,39.63,High,336.86,28.14,0
B04,Hostel,Dormitory,60000,6,2025-12-24 16:00:00,16,2,12,0,22.6,66.9,56.8,Medium,41.0,61.4,Cool,47.94,High,407.49,34.04,1
B04,Hostel,Dormitory,60000,6,2025-12-24 16:00:00,16,2,12,0,24.2,59.2,46.5,Medium,51.8,57.9,Moderate,39.53,High,336.0,28.07,0
B05,Administration,Office,18000,3,2025-12-24 17:00:00,17,2,12,0,25.7,75.1,67.4,Medium,56.7,70.4,Moderate,29.99,Medium,254.92,21.29,0
B03,Library,Library,22000,3,2025-12-24 17:00:00,17,2,12,0,23.2,72.5,42.8,Medium,35.0,49.4,Cool,24.85,Medium,211.23,17.64,0
B05,Administration,Office,18000,3,2025-12-24 17:00:00,17,2,12,0,24.5,64.0,67.8,Medium,49.9,65.3,Moderate,26.23,Medium,222.96,18.62,0
B04,Hostel,Dormitory,60000,6,2025-12-24 18:00:00,18,2,12,0,23.0,64.7,45.8,Medium,33.0,43.7,Cool,30.33,Medium,257.8,21.53,0
B03,Library,Library,22000,3,2025-12-24 19:00:00,19,2,12,0,25.7,55.9,7.7,Low,30.3,39.4,Moderate,20.08,Low,170.68,14.26,0
B04,Hostel,Dormitory,60000,6,2025-12-24 20:00:00,20,2,12,0,23.3,71.7,41.4,Medium,31.9,64.9,Cool,35.71,High,303.54,25.35,0
B05,Administration,Office,18000,3,2025-12-24 22:00:00,22,2,12,0,24.8,66.4,14.7,Low,26.0,46.1,Moderate,44.58,High,378.93,31.65,1
B02,Computer Lab,Laboratory,28000,3,2025-12-24 22:00:00,22,2,12,0,25.2,67.6,10.6,Low,36.5,33.8,Moderate,48.47,High,412.0,34.41,1
B03,Library,Library,22000,3,2025-12-24 23:00:00,23,2,12,0,21.7,74.2,19.1,Low,28.1,47.5,Cool,20.57,Low,174.84,14.6,0
B05,Administration,Office,18000,3,2025-12-25 00:00:00,0,3,12,0,22.0,72.5,22.3,Low,30.0,50.4,Cool,19.22,Low,163.37,13.65,0
B06,Research Lab,Laboratory,35000,4,2025-12-25 01:00:00,1,3,12,0,21.5,61.7,5.0,Low,18.8,31.8,Cool,33.54,High,285.09,23.81,1
B02,Computer Lab,Laboratory,28000,3,2025-12-25 02:00:00,2,3,12,0,23.6,66.3,7.0,Low,23.5,42.3,Cool,23.03,Low,195.76,16.35,0
B04,Hostel,Dormitory,60000,6,2025-12-25 02:00:00,2,3,12,0,20.3,71.6,17.7,Low,24.1,52.9,Cool,32.76,High,278.46,23.26,0
B02,Computer Lab,Laboratory,28000,3,2025-12-25 04:00:00,4,3,12,0,21.5,71.2,14.1,Low,21.4,45.6,Cool,20.07,Low,170.6,14.25,0
B02,Computer Lab,Laboratory,28000,3,2025-12-25 06:00:00,6,3,12,0,21.4,56.7,0.0,Low,16.2,28.8,Cool,18.35,Low,155.98,13.03,0
B03,Library,Library,22000,3,2025-12-25 06:00:00,6,3,12,0,20.5,61.6,24.5,Low,23.4,52.9,Cool,16.79,Low,142.72,11.92,0
B01,Academic Block,Classroom,45000,4,2025-12-25 07:00:00,7,3,12,0,22.0,72.0,8.6,Low,14.7,25.1,Cool,23.0,Low,195.5,16.33,0
B04,Hostel,Dormitory,60000,6,2025-12-25 08:00:00,8,3,12,0,17.1,75.8,44.0,Medium,34.9,51.5,Cool,37.88,High,321.98,26.89,0
B06,Research Lab,Laboratory,35000,4,2025-12-25 11:00:00,11,3,12,0,21.5,79.1,58.9,Medium,34.9,58.9,Cool,21.37,Low,181.64,15.17,0
B01,Academic Block,Classroom,45000,4,2025-12-25 13:00:00,13,3,12,0,21.2,57.2,72.9,High,55.5,71.7,Cool,57.36,High,487.56,40.73,1
B01,Academic Block,Classroom,45000,4,2025-12-25 15:00:00,15,3,12,0,20.3,75.0,74.5,High,38.0,67.7,Cool,38.18,High,324.53,27.11,0
B05,Administration,Office,18000,3,2025-12-25 16:00:00,16,3,12,0,21.4,70.5,63.1,Medium,39.7,66.1,Cool,27.26,Medium,231.71,19.35,0
B02,Computer Lab,Laboratory,28000,3,2025-12-25 17:00:00,17,3,12,0,25.8,57.0,76.6,High,58.1,70.4,Moderate,34.98,High,297.33,24.84,0
B02,Computer Lab,Laboratory,28000,3,2025-12-25 19:00:00,19,3,12,0,24.9,52.7,31.8,Low,23.5,55.0,Moderate,20.91,Low,177.74,14.85,0
B04,Hostel,Dormitory,60000,6,2025-12-25 19:00:00,19,3,12,0,25.2,71.4,35.1,Medium,42.7,66.1,Moderate,37.91,High,322.23,26.92,0
B02,Computer Lab,Laboratory,28000,3,2025-12-25 20:00:00,20,3,12,0,25.5,57.7,11.6,Low,25.4,44.4,Moderate,22.75,Low,193.38,16.15,0
B01,Academic Block,Classroom,45000,4,2025-12-25 22:00:00,22,3,12,0,21.7,58.4,9.6,Low,16.9,42.6,Cool,25.22,Medium,214.37,17.91,0
B01,Academic Block,Classroom,45000,4,2025-12-26 03:00:00,3,4,12,0,21.9,70.7,10.9,Low,27.3,45.8,Cool,31.76,High,269.96,22.55,0
B03,Library,Library,22000,3,2025-12-26 03:00:00,3,4,12,0,23.2,66.4,22.5,Low,34.2,51.5,Cool,16.08,Low,136.68,11.42,0
B02,Computer Lab,Laboratory,28000,3,2025-12-26 03:00:00,3,4,12,0,20.9,72.3,14.4,Low,18.4,41.1,Cool,27.24,Medium,231.54,19.34,0
B06,Research Lab,Laboratory,35000,4,2025-12-26 04:00:00,4,4,12,0,23.1,69.5,18.1,Low,26.3,47.5,Cool,24.65,Medium,209.52,17.5,0
B03,Library,Library,22000,3,2025-12-26 04:00:00,4,4,12,0,20.1,92.3,16.9,Low,33.2,40.2,Cool,23.79,Low,202.22,16.89,0
B02,Computer Lab,Laboratory,28000,3,2025-12-26 05:00:00,5,4,12,0,20.8,73.4,16.2,Low,23.0,53.0,Cool,21.36,Low,181.56,15.17,0
B01,Academic Block,Classroom,45000,4,2025-12-26 07:00:00,7,4,12,0,20.7,73.1,19.6,Low,20.8,24.2,Cool,19.37,Low,164.64,13.75,0
B03,Library,Library,22000,3,2025-12-26 09:00:00,9,4,12,0,21.2,61.9,60.7,Medium,40.5,70.2,Cool,28.38,Medium,241.23,20.15,0
B02,Computer Lab,Laboratory,28000,3,2025-12-26 09:00:00,9,4,12,0,19.7,80.2,62.1,Medium,41.2,57.6,Cool,23.81,Low,202.38,16.91,0
B01,Academic Block,Classroom,45000,4,2025-12-26 10:00:00,10,4,12,0,21.8,64.0,79.5,High,46.3,77.7,Cool,31.0,High,263.5,22.01,0
B03,Library,Library,22000,3,2025-12-26 10:00:00,10,4,12,0,20.9,61.9,45.7,Medium,38.7,58.7,Cool,20.9,Low,177.65,14.84,0
B03,Library,Library,22000,3,2025-12-26 15:00:00,15,4,12,0,20.1,67.4,56.9,Medium,36.1,59.0,Cool,21.96,Low,186.66,15.59,0
B06,Research Lab,Laboratory,35000,4,2025-12-26 15:00:00,15,4,12,0,25.3,67.8,55.1,Medium,49.0,54.7,Moderate,33.94,High,288.49,24.1,0
B02,Computer Lab,Laboratory,28000,3,2025-12-26 16:00:00,16,4,12,0,21.6,64.5,65.2,Medium,40.6,64.1,Cool,32.03,High,272.26,22.74,0
B03,Library,Library,22000,3,2025-12-26 16:00:00,16,4,12,0,25.9,58.1,43.5,Medium,33.6,43.3,Moderate,21.9,Low,186.15,15.55,0
B01,Academic Block,Classroom,45000,4,2025-12-26 16:00:00,16,4,12,0,22.8,60.5,68.2,Medium,54.8,56.0,Cool,29.59,Medium,251.52,21.01,0
B01,Academic Block,Classroom,45000,4,2025-12-26 17:00:00,17,4,12,0,22.9,68.1,70.0,Medium,36.9,70.5,Cool,30.86,Medium,262.31,21.91,0
B04,Hostel,Dormitory,60000,6,2025-12-26 17:00:00,17,4,12,0,24.0,69.7,59.6,Medium,49.4,49.6,Cool,32.1,High,272.85,22.79,0
B05,Administration,Office,18000,3,2025-12-26 19:00:00,19,4,12,0,22.9,71.2,9.0,Low,23.8,34.9,Cool,11.86,Low,100.81,8.42,0
B04,Hostel,Dormitory,60000,6,2025-12-26 20:00:00,20,4,12,0,21.2,57.2,51.5,Medium,38.1,73.9,Cool,33.49,High,284.67,23.78,0
B05,Administration,Office,18000,3,2025-12-26 21:00:00,21,4,12,0,23.8,60.1,7.9,Low,20.8,37.6,Cool,10.95,Low,93.07,7.77,0
B06,Research Lab,Laboratory,35000,4,2025-12-26 22:00:00,22,4,12,0,24.3,72.1,4.0,Low,22.6,40.5,Moderate,23.95,Low,203.58,17.0,0
B06,Research Lab,Laboratory,35000,4,2025-12-27 00:00:00,0,5,12,1,25.3,61.8,16.2,Low,36.4,55.1,Moderate,28.95,Medium,246.08,20.55,0
B01,Academic Block,Classroom,45000,4,2025-12-27 01:00:00,1,5,12,1,20.8,69.8,11.1,Low,17.2,42.0,Cool,22.52,Low,191.42,15.99,0
B02,Computer Lab,Laboratory,28000,3,2025-12-27 02:00:00,2,5,12,1,22.9,85.1,24.9,Low,27.3,50.6,Cool,20.44,Low,173.74,14.51,0
B04,Hostel,Dormitory,60000,6,2025-12-27 04:00:00,4,5,12,1,20.9,52.5,0.9,Low,26.7,44.5,Cool,27.04,Medium,229.84,19.2,0
B03,Library,Library,22000,3,2025-12-27 04:00:00,4,5,12,1,21.1,67.2,12.2,Low,20.8,47.6,Cool,21.21,Low,180.28,15.06,0
B05,Administration,Office,18000,3,2025-12-27 04:00:00,4,5,12,1,22.5,72.0,17.7,Low,27.3,52.9,Cool,22.48,Low,191.08,15.96,0
B02,Computer Lab,Laboratory,28000,3,2025-12-27 05:00:00,5,5,12,1,19.9,62.2,7.3,Low,23.2,44.7,Cool,17.77,Low,151.04,12.62,0
B01,Academic Block,Classroom,45000,4,2025-12-27 05:00:00,5,5,12,1,20.9,67.3,2.3,Low,15.6,35.5,Cool,22.72,Low,193.12,16.13,0
B03,Library,Library,22000,3,2025-12-27 09:00:00,9,5,12,1,21.7,59.2,22.1,Low,30.3,29.7,Cool,15.96,Low,135.66,11.33,0
B03,Library,Library,22000,3,2025-12-27 10:00:00,10,5,12,1,21.9,71.5,6.1,Low,21.7,14.8,Cool,19.86,Low,168.81,14.1,0
B03,Library,Library,22000,3,2025-12-27 11:00:00,11,5,12,1,18.8,65.3,19.3,Low,21.9,33.1,Cool,22.27,Low,189.3,15.81,0
B01,Academic Block,Classroom,45000,4,2025-12-27 13:00:00,13,5,12,1,20.6,65.5,5.5,Low,25.7,21.1,Cool,12.96,Low,110.16,9.2,0
B05,Administration,Office,18000,3,2025-12-27 13:00:00,13,5,12,1,21.3,74.2,9.8,Low,24.3,25.6,Cool,12.57,Low,106.84,8.92,0
B02,Computer Lab,Laboratory,28000,3,2025-12-27 14:00:00,14,5,12,1,23.3,70.3,17.3,Low,28.0,18.6,Cool,23.4,Low,198.9,16.61,0
B01,Academic Block,Classroom,45000,4,2025-12-27 14:00:00,14,5,12,1,21.7,74.5,14.5,Low,23.2,30.5,Cool,14.94,Low,126.99,10.61,0
B04,Hostel,Dormitory,60000,6,2025-12-27 15:00:00,15,5,12,1,22.7,79.1,5.5,Low,14.4,16.8,Cool,31.45,High,267.32,22.33,0
B04,Hostel,Dormitory,60000,6,2025-12-27 16:00:00,16,5,12,1,24.9,65.6,15.7,Low,29.8,16.3,Moderate,30.17,Medium,256.44,21.42,0
B02,Computer Lab,Laboratory,28000,3,2025-12-27 16:00:00,16,5,12,1,22.5,81.8,0.0,Low,7.6,8.5,Cool,12.32,Low,104.72,8.75,0
B05,Administration,Office,18000,3,2025-12-27 16:00:00,16,5,12,1,25.2,66.2,3.6,Low,31.4,15.2,Moderate,19.0,Low,161.5,13.49,0
B01,Academic Block,Classroom,45000,4,2025-12-27 17:00:00,17,5,12,1,21.0,77.4,24.2,Low,21.5,29.6,Cool,26.87,Medium,228.4,19.08,0
B04,Hostel,Dormitory,60000,6,2025-12-27 17:00:00,17,5,12,1,22.9,66.5,10.8,Low,28.6,23.2,Cool,30.53,Medium,259.5,21.68,0
B02,Computer Lab,Laboratory,28000,3,2025-12-27 20:00:00,20,5,12,1,22.0,73.3,17.0,Low,17.5,50.0,Cool,24.06,Low,204.51,17.08,0
B04,Hostel,Dormitory,60000,6,2025-12-27 21:00:00,21,5,12,1,24.1,62.7,36.8,Medium,28.9,62.0,Moderate,35.96,High,305.66,25.53,0
B02,Computer Lab,Laboratory,28000,3,2025-12-27 22:00:00,22,5,12,1,24.9,74.5,9.6,Low,24.1,39.8,Moderate,18.12,Low,154.02,12.87,0
B01,Academic Block,Classroom,45000,4,2025-12-27 22:00:00,22,5,12,1,23.5,74.3,12.8,Low,38.4,45.3,Cool,25.43,Medium,216.16,18.06,0
B06,Research Lab,Laboratory,35000,4,2025-12-28 00:00:00,0,6,12,1,22.3,65.7,3.8,Low,19.3,38.6,Cool,19.99,Low,169.92,14.19,0
B02,Computer Lab,Laboratory,28000,3,2025-12-28 00:00:00,0,6,12,1,21.0,69.3,12.9,Low,34.6,51.0,Cool,27.72,Medium,235.62,19.68,0
B03,Library,Library,22000,3,2025-12-28 03:00:00,3,6,12,1,24.1,59.1,8.6,Low,29.6,38.4,Moderate,17.71,Low,150.54,12.57,0
B04,Hostel,Dormitory,60000,6,2025-12-28 03:00:00,3,6,12,1,21.5,74.3,26.6,Low,27.8,54.4,Cool,23.46,Low,199.41,16.66,0
B03,Library,Library,22000,3,2025-12-28 04:00:00,4,6,12,1,20.4,74.6,7.1,Low,23.5,48.6,Cool,12.25,Low,104.12,8.7,0
B04,Hostel,Dormitory,60000,6,2025-12-28 05:00:00,5,6,12,1,23.0,58.0,15.6,Low,29.3,40.6,Cool,29.51,Medium,250.84,20.95,0
B04,Hostel,Dormitory,60000,6,2025-12-28 10:00:00,10,6,12,1,19.8,84.4,10.1,Low,26.2,20.7,Cool,25.77,Medium,219.04,18.3,0
B02,Computer Lab,Laboratory,28000,3,2025-12-28 11:00:00,11,6,12,1,19.3,72.3,17.7,Low,34.1,23.7,Cool,20.67,Low,175.7,14.68,0
B02,Computer Lab,Laboratory,28000,3,2025-12-28 11:00:00,11,6,12,1,19.6,67.7,2.5,Low,21.4,10.6,Cool,16.44,Low,139.74,11.67,0
B05,Administration,Office,18000,3,2025-12-28 12:00:00,12,6,12,1,19.8,77.6,11.1,Low,27.6,24.5,Cool,12.9,Low,109.65,9.16,0
B06,Research Lab,Laboratory,35000,4,2025-12-28 13:00:00,13,6,12,1,19.9,65.4,16.1,Low,37.4,33.7,Cool,26.5,Medium,225.25,18.81,0
B03,Library,Library,22000,3,2025-12-28 14:00:00,14,6,12,1,21.0,77.3,13.6,Low,15.3,35.7,Cool,19.09,Low,162.26,13.55,0
B01,Academic Block,Classroom,45000,4,2025-12-28 15:00:00,15,6,12,1,26.2,55.8,15.5,Low,32.3,26.4,Moderate,24.39,Low,207.32,17.32,0
B01,Academic Block,Classroom,45000,4,2025-12-28 16:00:00,16,6,12,1,21.3,66.4,6.2,Low,27.0,22.2,Cool,23.8,Low,202.3,16.9,0
B01,Academic Block,Classroom,45000,4,2025-12-28 16:00:00,16,6,12,1,20.8,67.7,9.6,Low,15.0,24.9,Cool,20.95,Low,178.08,14.87,0
B02,Computer Lab,Laboratory,28000,3,2025-12-28 19:00:00,19,6,12,1,24.4,61.7,11.9,Low,22.7,42.9,Moderate,16.42,Low,139.57,11.66,0
B04,Hostel,Dormitory,60000,6,2025-12-28 20:00:00,20,6,12,1,23.9,60.7,37.5,Medium,30.9,69.5,Cool,38.53,High,327.5,27.36,0
B06,Research Lab,Laboratory,35000,4,2025-12-28 21:00:00,21,6,12,1,25.0,61.6,21.8,Low,35.3,50.5,Moderate,31.51,High,267.84,22.37,0
B01,Academic Block,Classroom,45000,4,2025-12-29 01:00:00,1,0,12,0,21.7,63.9,0.0,Low,23.2,40.4,Cool,23.72,Low,201.62,16.84,0
B05,Administration,Office,18000,3,2025-12-29 01:00:00,1,0,12,0,21.3,64.7,9.8,Low,18.1,40.6,Cool,11.31,Low,96.14,8.03,0
B05,Administration,Office,18000,3,2025-12-29 03:00:00,3,0,12,0,24.1,75.8,7.4,Low,28.9,34.8,Moderate,11.01,Low,93.58,7.82,0
B01,Academic Block,Classroom,45000,4,2025-12-29 03:00:00,3,0,12,0,19.1,72.8,6.6,Low,18.4,34.5,Cool,30.55,Medium,259.68,21.69,1
B04,Hostel,Dormitory,60000,6,2025-12-29 06:00:00,6,0,12,0,20.9,67.7,13.9,Low,32.4,37.3,Cool,37.07,High,315.1,26.32,0
B01,Academic Block,Classroom,45000,4,2025-12-29 09:00:00,9,0,12,0,21.2,73.4,66.8,Medium,46.4,71.4,Cool,32.89,High,279.56,23.35,0
B05,Administration,Office,18000,3,2025-12-29 09:00:00,9,0,12,0,21.4,67.2,54.8,Medium,43.6,62.5,Cool,23.5,Low,199.75,16.68,0
B01,Academic Block,Classroom,45000,4,2025-12-29 09:00:00,9,0,12,0,19.7,63.7,58.4,Medium,50.0,55.2,Cool,30.73,Medium,261.2,21.82,0
B05,Administration,Office,18000,3,2025-12-29 10:00:00,10,0,12,0,18.5,59.0,65.9,Medium,47.2,59.1,Cool,23.24,Low,197.54,16.5,0
B02,Computer Lab,Laboratory,28000,3,2025-12-29 11:00:00,11,0,12,0,22.9,73.6,51.2,Medium,36.1,49.5,Cool,26.85,Medium,228.23,19.06,0
B04,Hostel,Dormitory,60000,6,2025-12-29 12:00:00,12,0,12,0,20.4,53.1,46.1,Medium,36.9,50.5,Cool,33.95,High,288.58,24.1,0
B01,Academic Block,Classroom,45000,4,2025-12-29 13:00:00,13,0,12,0,23.8,55.4,73.1,High,41.0,65.1,Cool,29.24,Medium,248.54,20.76,0
B05,Administration,Office,18000,3,2025-12-29 14:00:00,14,0,12,0,22.6,70.5,63.9,Medium,36.8,65.7,Cool,19.51,Low,165.84,13.85,0
B03,Library,Library,22000,3,2025-12-29 15:00:00,15,0,12,0,21.9,67.4,65.7,Medium,46.6,62.8,Cool,26.15,Medium,222.27,18.57,0
B01,Academic Block,Classroom,45000,4,2025-12-29 17:00:00,17,0,12,0,24.1,75.9,65.9,Medium,56.9,69.8,Moderate,29.77,Medium,253.04,21.14,0
B03,Library,Library,22000,3,2025-12-29 19:00:00,19,0,12,0,25.7,59.9,27.6,Low,42.8,59.1,Moderate,25.77,Medium,219.04,18.3,0
B01,Academic Block,Classroom,45000,4,2025-12-29 19:00:00,19,0,12,0,24.1,71.1,10.7,Low,29.6,37.4,Moderate,24.7,Medium,209.95,17.54,0
B01,Academic Block,Classroom,45000,4,2025-12-29 19:00:00,19,0,12,0,22.9,65.4,20.4,Low,19.7,44.0,Cool,22.86,Low,194.31,16.23,0
B06,Research Lab,Laboratory,35000,4,2025-12-29 20:00:00,20,0,12,0,21.4,71.7,6.1,Low,22.9,40.6,Cool,20.71,Low,176.04,14.7,0
B02,Computer Lab,Laboratory,28000,3,2025-12-29 20:00:00,20,0,12,0,23.4,67.5,7.4,Low,19.1,39.6,Cool,23.26,Low,197.71,16.51,0
B01,Academic Block,Classroom,45000,4,2025-12-29 21:00:00,21,0,12,0,25.2,68.4,23.8,Low,36.4,59.2,Moderate,28.68,Medium,243.78,20.36,0
B01,Academic Block,Classroom,45000,4,2025-12-29 21:00:00,21,0,12,0,22.5,68.5,7.1,Low,15.4,42.3,Cool,19.91,Low,169.24,14.14,0
B04,Hostel,Dormitory,60000,6,2025-12-29 21:00:00,21,0,12,0,25.0,67.1,30.5,Low,37.1,55.6,Moderate,33.84,High,287.64,24.03,0
B01,Academic Block,Classroom,45000,4,2025-12-29 21:00:00,21,0,12,0,24.0,58.2,7.4,Low,23.1,49.0,Cool,19.67,Low,167.2,13.97,0
B01,Academic Block,Classroom,45000,4,2025-12-29 23:00:00,23,0,12,0,24.6,65.8,19.9,Low,32.2,47.8,Moderate,25.24,Medium,214.54,17.92,0
B05,Administration,Office,18000,3,2025-12-30 00:00:00,0,1,12,0,19.6,73.5,3.5,Low,18.0,30.9,Cool,11.65,Low,99.02,8.27,0
B03,Library,Library,22000,3,2025-12-30 01:00:00,1,1,12,0,20.5,68.2,21.2,Low,18.0,49.9,Cool,16.48,Low,140.08,11.7,0
B04,Hostel,Dormitory,60000,6,2025-12-30 03:00:00,3,1,12,0,20.9,67.6,13.7,Low,30.9,41.2,Cool,32.61,High,277.18,23.15,0
B06,Research Lab,Laboratory,35000,4,2025-12-30 05:00:00,5,1,12,0,23.5,53.0,13.3,Low,25.6,49.9,Cool,28.79,Medium,244.72,20.44,0
B04,Hostel,Dormitory,60000,6,2025-12-30 06:00:00,6,1,12,0,19.2,80.4,11.6,Low,21.5,38.1,Cool,23.42,Low,199.07,16.63,0
B06,Research Lab,Laboratory,35000,4,2025-12-30 08:00:00,8,1,12,0,19.9,59.5,67.6,Medium,42.8,69.9,Cool,31.82,High,270.47,22.59,0
B05,Administration,Office,18000,3,2025-12-30 09:00:00,9,1,12,0,23.4,62.0,61.2,Medium,40.0,59.6,Cool,25.86,Medium,219.81,18.36,0
B02,Computer Lab,Laboratory,28000,3,2025-12-30 10:00:00,10,1,12,0,21.0,62.7,53.8,Medium,34.9,47.4,Cool,23.41,Low,198.98,16.62,0
B04,Hostel,Dormitory,60000,6,2025-12-30 10:00:00,10,1,12,0,21.6,69.8,54.6,Medium,47.7,58.1,Cool,34.49,High,293.17,24.49,0
B04,Hostel,Dormitory,60000,6,2025-12-30 10:00:00,10,1,12,0,19.4,71.9,50.4,Medium,38.1,58.7,Cool,36.49,High,310.17,25.91,0
B04,Hostel,Dormitory,60000,6,2025-12-30 10:00:00,10,1,12,0,22.1,71.9,64.7,Medium,40.2,64.0,Cool,34.48,High,293.08,24.48,0
B04,Hostel,Dormitory,60000,6,2025-12-30 11:00:00,11,1,12,0,22.7,71.8,57.4,Medium,31.4,57.1,Cool,29.79,Medium,253.22,21.15,0
B04,Hostel,Dormitory,60000,6,2025-12-30 12:00:00,12,1,12,0,21.8,79.6,53.4,Medium,35.6,64.3,Cool,33.73,High,286.7,23.95,0
B02,Computer Lab,Laboratory,28000,3,2025-12-30 12:00:00,12,1,12,0,20.9,66.1,68.8,Medium,38.3,72.6,Cool,29.4,Medium,249.9,20.87,0
B01,Academic Block,Classroom,45000,4,2025-12-30 15:00:00,15,1,12,0,23.4,60.5,56.4,Medium,39.7,61.2,Cool,34.86,High,296.31,24.75,0
B05,Administration,Office,18000,3,2025-12-30 15:00:00,15,1,12,0,20.2,67.2,66.6,Medium,52.4,54.9,Cool,33.19,High,282.12,23.56,0
B02,Computer Lab,Laboratory,28000,3,2025-12-30 15:00:00,15,1,12,0,24.2,57.9,59.5,Medium,53.4,56.1,Moderate,31.08,High,264.18,22.07,0
B06,Research Lab,Laboratory,35000,4,2025-12-30 16:00:00,16,1,12,0,21.8,65.1,57.4,Medium,38.5,57.0,Cool,30.63,Medium,260.36,21.75,0
B04,Hostel,Dormitory,60000,6,2025-12-30 18:00:00,18,1,12,0,23.4,55.4,49.0,Medium,35.5,54.1,Cool,30.05,Medium,255.42,21.34,0
B03,Library,Library,22000,3,2025-12-30 20:00:00,20,1,12,0,26.1,58.3,19.8,Low,37.8,54.3,Moderate,15.75,Low,133.88,11.18,0
B06,Research Lab,Laboratory,35000,4,2025-12-30 21:00:00,21,1,12,0,25.7,52.6,0.0,Low,33.4,29.8,Moderate,27.43,Medium,233.16,19.48,0
B06,Research Lab,Laboratory,35000,4,2025-12-30 22:00:00,22,1,12,0,21.4,76.3,15.3,Low,23.7,49.4,Cool,19.46,Low,165.41,13.82,0
B02,Computer Lab,Laboratory,28000,3,2025-12-30 22:00:00,22,1,12,0,22.4,67.9,2.0,Low,33.5,30.7,Cool,23.65,Low,201.02,16.79,0
B01,Academic Block,Classroom,45000,4,2025-12-31 00:00:00,0,2,12,0,24.1,78.9,10.3,Low,24.1,46.3,Moderate,31.24,High,265.54,22.18,0
B05,Administration,Office,18000,3,2025-12-31 00:00:00,0,2,12,0,20.5,76.4,11.6,Low,21.9,38.2,Cool,12.46,Low,105.91,8.85,0
B02,Computer Lab,Laboratory,28000,3,2025-12-31 01:00:00,1,2,12,0,24.7,73.7,23.3,Low,32.1,58.7,Moderate,17.99,Low,152.92,12.77,0
B06,Research Lab,Laboratory,35000,4,2025-12-31 01:00:00,1,2,12,0,22.8,65.8,8.3,Low,22.3,42.5,Cool,25.15,Medium,213.77,17.86,0
B06,Research Lab,Laboratory,35000,4,2025-12-31 01:00:00,1,2,12,0,24.7,68.7,12.4,Low,22.3,42.4,Moderate,28.37,Medium,241.14,20.14,0
B04,Hostel,Dormitory,60000,6,2025-12-31 02:00:00,2,2,12,0,21.0,61.9,3.4,Low,25.8,39.1,Cool,24.57,Medium,208.84,17.44,0
B02,Computer Lab,Laboratory,28000,3,2025-12-31 04:00:00,4,2,12,0,20.1,65.2,15.5,Low,23.7,43.4,Cool,25.63,Medium,217.86,18.2,0
B02,Computer Lab,Laboratory,28000,3,2025-12-31 05:00:00,5,2,12,0,22.2,67.3,2.7,Low,34.2,37.1,Cool,26.19,Medium,222.62,18.59,0
B02,Computer Lab,Laboratory,28000,3,2025-12-31 08:00:00,8,2,12,0,19.6,57.1,46.4,Medium,40.9,44.8,Cool,28.19,Medium,239.62,20.01,0
B01,Academic Block,Classroom,45000,4,2025-12-31 08:00:00,8,2,12,0,18.2,66.9,56.0,Medium,41.5,58.5,Cool,28.02,Medium,238.17,19.89,0
B05,Administration,Office,18000,3,2025-12-31 10:00:00,10,2,12,0,21.2,73.6,60.7,Medium,52.8,59.3,Cool,27.53,Medium,234.0,19.55,0
B01,Academic Block,Classroom,45000,4,2025-12-31 11:00:00,11,2,12,0,18.3,66.9,65.0,Medium,47.1,62.7,Cool,29.18,Medium,248.03,20.72,0
B01,Academic Block,Classroom,45000,4,2025-12-31 11:00:00,11,2,12,0,22.8,61.6,74.5,High,51.6,70.7,Cool,32.6,High,277.1,23.15,0
B04,Hostel,Dormitory,60000,6,2025-12-31 12:00:00,12,2,12,0,21.4,65.2,61.7,Medium,37.6,56.8,Cool,34.16,High,290.36,24.25,0
B06,Research Lab,Laboratory,35000,4,2025-12-31 15:00:00,15,2,12,0,21.3,73.2,69.3,Medium,42.8,77.4,Cool,33.91,High,288.23,24.08,0
B02,Computer Lab,Laboratory,28000,3,2025-12-31 16:00:00,16,2,12,0,24.8,67.7,66.9,Medium,54.4,64.2,Moderate,31.78,High,270.13,22.56,0
B03,Library,Library,22000,3,2025-12-31 16:00:00,16,2,12,0,24.8,63.6,69.4,Medium,54.2,72.5,Moderate,27.35,Medium,232.48,19.42,0
B02,Computer Lab,Laboratory,28000,3,2025-12-31 17:00:00,17,2,12,0,23.5,66.3,62.0,Medium,40.8,55.7,Cool,28.0,Medium,238.0,19.88,0
B01,Academic Block,Classroom,45000,4,2025-12-31 17:00:00,17,2,12,0,26.9,69.5,69.9,Medium,67.3,56.2,Moderate,35.87,High,304.9,25.47,0
B02,Computer Lab,Laboratory,28000,3,2025-12-31 17:00:00,17,2,12,0,26.9,72.6,71.6,High,52.7,70.0,Moderate,29.8,Medium,253.3,21.16,0
B01,Academic Block,Classroom,45000,4,2025-12-31 18:00:00,18,2,12,0,24.3,62.2,58.8,Medium,51.7,64.4,Moderate,28.17,Medium,239.45,20.0,0
B02,Computer Lab,Laboratory,28000,3,2025-12-31 20:00:00,20,2,12,0,25.7,63.9,18.6,Low,34.7,55.0,Moderate,28.5,Medium,242.25,20.24,0
B04,Hostel,Dormitory,60000,6,2025-12-31 22:00:00,22,2,12,0,25.8,73.1,31.7,Low,40.7,63.4,Moderate,36.92,High,313.82,26.21,0
B02,Computer Lab,Laboratory,28000,3,2025-12-31 22:00:00,22,2,12,0,22.1,71.0,21.3,Low,25.6,49.9,Cool,20.92,Low,177.82,14.85,0
B05,Administration,Office,18000,3,2025-12-31 23:00:00,23,2,12,0,23.9,56.1,20.3,Low,31.7,53.1,Cool,15.98,Low,135.83,11.35,0
B03,Library,Library,22000,3,2025-12-31 23:00:00,23,2,12,0,22.5,60.7,10.8,Low,15.4,39.9,Cool,14.0,Low,119.0,9.94,0
B04,Hostel,Dormitory,60000,6,2025-12-31 23:00:00,23,2,12,0,22.3,61.1,23.6,Low,35.4,49.6,Cool,24.93,Medium,211.9,17.7,0
